# {"cfg": "D:\\python1\\chapter2_LLM+RL_region_detection\\configs\\cc4_mock.yaml", "region_id": 0, "device": "cpu", "steps_per_episode": 200, "episodes": 10, "seed": 42, "deterministic": true, "wm_path": "D:\\python1\\chapter2_LLM+RL_region_detection\\checkpoints\\world_model_region0.pt", "ppo_path": "D:\\python1\\chapter2_LLM+RL_region_detection\\checkpoints\\ppo_posterior_region0.pt"}

# ===== EPISODE 0 =====
[ep=00 t=0000] choose_plan=1 action=0 reward=-0.001 info={'t': 1, 'risk': 0.06278853596915768, 'early_gain': 0.0, 'fp_risk': 0.0, 'act_cost': 0.05}
[ep=00 t=0001] choose_plan=1 action=2 reward=-0.009 info={'t': 2, 'risk': 0.051766504867122844, 'early_gain': 0.0, 'fp_risk': 0.0, 'act_cost': 0.45}
[ep=00 t=0002] choose_plan=0 action=0 reward=-0.001 info={'t': 3, 'risk': 0.051766504867122844, 'early_gain': 0.0, 'fp_risk': 0.0, 'act_cost': 0.05}
[ep=00 t=0003] choose_plan=0 action=0 reward=-0.001 info={'t': 4, 'risk': 0.051766504867122844, 'early_gain': 0.0, 'fp_risk': 0.0, 'act_cost': 0.05}
[ep=00 t=0004] choose_plan=0 action=0 reward=-0.001 info={'t': 5, 'risk': 0.051766504867122844, 'early_gain': 0.0, 'fp_risk': 0.0, 'act_cost': 0.05}
[ep=00 t=0005] choose_plan=1 action=0 reward=-0.001 info={'t': 6, 'risk': 0.051766504867122844, 'early_gain': 0.0, 'fp_risk': 0.0, 'act_cost': 0.05}
[ep=00 t=0006] choose_plan=0 action=0 reward=-0.001 info={'t': 7, 'risk': 0.051766504867122844, 'early_gain': 0.0, 'fp_risk': 0.0, 'act_cost': 0.05}
[ep=00 t=0007] choose_plan=1 action=2 reward=-0.009 info={'t': 8, 'risk': 0.010296271654473096, 'early_gain': 0.0, 'fp_risk': 0.0, 'act_cost': 0.45}
[ep=00 t=0008] choose_plan=0 action=0 reward=-0.001 info={'t': 9, 'risk': 0.010296271654473096, 'early_gain': 0.0, 'fp_risk': 0.0, 'act_cost': 0.05}
[ep=00 t=0009] choose_plan=0 action=0 reward=-0.001 info={'t': 10, 'risk': 0.010296271654473096, 'early_gain': 0.0, 'fp_risk': 0.0, 'act_cost': 0.05}
[ep=00 t=0010] choose_plan=0 action=0 reward=-0.001 info={'t': 11, 'risk': 0.010296271654473096, 'early_gain': 0.0, 'fp_risk': 0.0, 'act_cost': 0.05}
[ep=00 t=0011] choose_plan=0 action=0 reward=-0.001 info={'t': 12, 'risk': 0.010296271654473096, 'early_gain': 0.0, 'fp_risk': 0.0, 'act_cost': 0.05}
[ep=00 t=0012] choose_plan=0 action=0 reward=-0.001 info={'t': 13, 'risk': 0.010296271654473096, 'early_gain': 0.0, 'fp_risk': 0.0, 'act_cost': 0.05}
[ep=00 t=0013] choose_plan=0 action=0 reward=-0.001 info={'t': 14, 'risk': 0.010296271654473096, 'early_gain': 0.0, 'fp_risk': 0.0, 'act_cost': 0.05}
[ep=00 t=0014] choose_plan=1 action=0 reward=-0.001 info={'t': 15, 'risk': 0.010296271654473096, 'early_gain': 0.0, 'fp_risk': 0.0, 'act_cost': 0.05}
[ep=00 t=0015] choose_plan=0 action=0 reward=-0.001 info={'t': 16, 'risk': 0.010296271654473096, 'early_gain': 0.0, 'fp_risk': 0.0, 'act_cost': 0.05}
[ep=00 t=0016] choose_plan=0 action=0 reward=-0.001 info={'t': 17, 'risk': 0.010296271654473096, 'early_gain': 0.0, 'fp_risk': 0.0, 'act_cost': 0.05}
[ep=00 t=0017] choose_plan=0 action=0 reward=-0.001 info={'t': 18, 'risk': 0.010296271654473096, 'early_gain': 0.0, 'fp_risk': 0.0, 'act_cost': 0.05}
[ep=00 t=0018] choose_plan=0 action=0 reward=-0.001 info={'t': 19, 'risk': 0.010296271654473096, 'early_gain': 0.0, 'fp_risk': 0.0, 'act_cost': 0.05}
[ep=00 t=0019] choose_plan=0 action=0 reward=-0.001 info={'t': 20, 'risk': 0.010296271654473096, 'early_gain': 0.0, 'fp_risk': 0.0, 'act_cost': 0.05}
[ep=00 t=0020] choose_plan=0 action=0 reward=-0.001 info={'t': 21, 'risk': 0.010296271654473096, 'early_gain': 0.0, 'fp_risk': 0.0, 'act_cost': 0.05}
[ep=00 t=0021] choose_plan=1 action=0 reward=-0.001 info={'t': 22, 'risk': 0.010296271654473096, 'early_gain': 0.0, 'fp_risk': 0.0, 'act_cost': 0.05}
[ep=00 t=0022] choose_plan=0 action=0 reward=-0.001 info={'t': 23, 'risk': 0.010296271654473096, 'early_gain': 0.0, 'fp_risk': 0.0, 'act_cost': 0.05}
[ep=00 t=0023] choose_plan=0 action=0 reward=-0.001 info={'t': 24, 'risk': 0.010296271654473096, 'early_gain': 0.0, 'fp_risk': 0.0, 'act_cost': 0.05}
[ep=00 t=0024] choose_plan=0 action=0 reward=-0.001 info={'t': 25, 'risk': 0.010296271654473096, 'early_gain': 0.0, 'fp_risk': 0.0, 'act_cost': 0.05}
[ep=00 t=0025] choose_plan=0 action=0 reward=-0.001 info={'t': 26, 'risk': 0.010296271654473096, 'early_gain': 0.0, 'fp_risk': 0.0, 'act_cost': 0.05}
[ep=00 t=0026] choose_plan=0 action=0 reward=-0.001 info={'t': 27, 'risk': 0.010296271654473096, 'early_gain': 0.0, 'fp_risk': 0.0, 'act_cost': 0.05}
[ep=00 t=0027] choose_plan=0 action=0 reward=-0.001 info={'t': 28, 'risk': 0.010296271654473096, 'early_gain': 0.0, 'fp_risk': 0.0, 'act_cost': 0.05}
[ep=00 t=0028] choose_plan=0 action=0 reward=-0.001 info={'t': 29, 'risk': 0.010296271654473096, 'early_gain': 0.0, 'fp_risk': 0.0, 'act_cost': 0.05}
[ep=00 t=0029] choose_plan=0 action=0 reward=-0.001 info={'t': 30, 'risk': 0.010296271654473096, 'early_gain': 0.0, 'fp_risk': 0.0, 'act_cost': 0.05}
[ep=00 t=0030] choose_plan=0 action=0 reward=-0.001 info={'t': 31, 'risk': 0.010296271654473096, 'early_gain': 0.0, 'fp_risk': 0.0, 'act_cost': 0.05}
[ep=00 t=0031] choose_plan=0 action=0 reward=-0.001 info={'t': 32, 'risk': 0.010296271654473096, 'early_gain': 0.0, 'fp_risk': 0.0, 'act_cost': 0.05}
[ep=00 t=0032] choose_plan=0 action=0 reward=-0.001 info={'t': 33, 'risk': 0.010296271654473096, 'early_gain': 0.0, 'fp_risk': 0.0, 'act_cost': 0.05}
[ep=00 t=0033] choose_plan=0 action=0 reward=-0.001 info={'t': 34, 'risk': 0.010296271654473096, 'early_gain': 0.0, 'fp_risk': 0.0, 'act_cost': 0.05}
[ep=00 t=0034] choose_plan=0 action=0 reward=-0.001 info={'t': 35, 'risk': 0.010296271654473096, 'early_gain': 0.0, 'fp_risk': 0.0, 'act_cost': 0.05}
[ep=00 t=0035] choose_plan=1 action=2 reward=-0.009 info={'t': 36, 'risk': 0.010134005849386632, 'early_gain': 0.0, 'fp_risk': 0.0, 'act_cost': 0.45}
[ep=00 t=0036] choose_plan=0 action=0 reward=-0.001 info={'t': 37, 'risk': 0.010134005849386632, 'early_gain': 0.0, 'fp_risk': 0.0, 'act_cost': 0.05}
[ep=00 t=0037] choose_plan=0 action=0 reward=-0.001 info={'t': 38, 'risk': 0.010134005849386632, 'early_gain': 0.0, 'fp_risk': 0.0, 'act_cost': 0.05}
[ep=00 t=0038] choose_plan=0 action=0 reward=-0.001 info={'t': 39, 'risk': 0.010134005849386632, 'early_gain': 0.0, 'fp_risk': 0.0, 'act_cost': 0.05}
[ep=00 t=0039] choose_plan=0 action=0 reward=-0.001 info={'t': 40, 'risk': 0.010134005849386632, 'early_gain': 0.0, 'fp_risk': 0.0, 'act_cost': 0.05}
[ep=00 t=0040] choose_plan=1 action=2 reward=-0.009 info={'t': 41, 'risk': 0.00018845076114997958, 'early_gain': 0.0, 'fp_risk': 0.0, 'act_cost': 0.45}
[ep=00 t=0041] choose_plan=0 action=0 reward=-0.001 info={'t': 42, 'risk': 0.00018845076114997958, 'early_gain': 0.0, 'fp_risk': 0.0, 'act_cost': 0.05}
[ep=00 t=0042] choose_plan=0 action=0 reward=-0.001 info={'t': 43, 'risk': 0.00018845076114997958, 'early_gain': 0.0, 'fp_risk': 0.0, 'act_cost': 0.05}
[ep=00 t=0043] choose_plan=0 action=0 reward=-0.001 info={'t': 44, 'risk': 0.00018845076114997958, 'early_gain': 0.0, 'fp_risk': 0.0, 'act_cost': 0.05}
[ep=00 t=0044] choose_plan=0 action=0 reward=-0.001 info={'t': 45, 'risk': 0.00018845076114997958, 'early_gain': 0.0, 'fp_risk': 0.0, 'act_cost': 0.05}
[ep=00 t=0045] choose_plan=0 action=0 reward=-0.001 info={'t': 46, 'risk': 0.00018845076114997958, 'early_gain': 0.0, 'fp_risk': 0.0, 'act_cost': 0.05}
[ep=00 t=0046] choose_plan=0 action=0 reward=-0.001 info={'t': 47, 'risk': 0.00018845076114997958, 'early_gain': 0.0, 'fp_risk': 0.0, 'act_cost': 0.05}
[ep=00 t=0047] choose_plan=0 action=0 reward=-0.001 info={'t': 48, 'risk': 0.00018845076114997958, 'early_gain': 0.0, 'fp_risk': 0.0, 'act_cost': 0.05}
[ep=00 t=0048] choose_plan=0 action=0 reward=-0.001 info={'t': 49, 'risk': 0.00018845076114997958, 'early_gain': 0.0, 'fp_risk': 0.0, 'act_cost': 0.05}
[ep=00 t=0049] choose_plan=0 action=0 reward=-0.001 info={'t': 50, 'risk': 0.00018845076114997958, 'early_gain': 0.0, 'fp_risk': 0.0, 'act_cost': 0.05}
[ep=00 t=0050] choose_plan=0 action=0 reward=-0.001 info={'t': 51, 'risk': 0.00018845076114997958, 'early_gain': 0.0, 'fp_risk': 0.0, 'act_cost': 0.05}
[ep=00 t=0051] choose_plan=0 action=0 reward=-0.001 info={'t': 52, 'risk': 0.00018845076114997958, 'early_gain': 0.0, 'fp_risk': 0.0, 'act_cost': 0.05}
[ep=00 t=0052] choose_plan=0 action=0 reward=-0.001 info={'t': 53, 'risk': 0.00018845076114997958, 'early_gain': 0.0, 'fp_risk': 0.0, 'act_cost': 0.05}
[ep=00 t=0053] choose_plan=0 action=0 reward=-0.001 info={'t': 54, 'risk': 0.00018845076114997958, 'early_gain': 0.0, 'fp_risk': 0.0, 'act_cost': 0.05}
[ep=00 t=0054] choose_plan=0 action=0 reward=-0.001 info={'t': 55, 'risk': 0.00018845076114997958, 'early_gain': 0.0, 'fp_risk': 0.0, 'act_cost': 0.05}
[ep=00 t=0055] choose_plan=0 action=0 reward=-0.001 info={'t': 56, 'risk': 0.00018845076114997958, 'early_gain': 0.0, 'fp_risk': 0.0, 'act_cost': 0.05}
[ep=00 t=0056] choose_plan=0 action=0 reward=-0.001 info={'t': 57, 'risk': 0.00018845076114997958, 'early_gain': 0.0, 'fp_risk': 0.0, 'act_cost': 0.05}
[ep=00 t=0057] choose_plan=0 action=0 reward=-0.001 info={'t': 58, 'risk': 0.00018845076114997958, 'early_gain': 0.0, 'fp_risk': 0.0, 'act_cost': 0.05}
[ep=00 t=0058] choose_plan=0 action=0 reward=-0.001 info={'t': 59, 'risk': 0.00018845076114997958, 'early_gain': 0.0, 'fp_risk': 0.0, 'act_cost': 0.05}
[ep=00 t=0059] choose_plan=0 action=0 reward=-0.001 info={'t': 60, 'risk': 0.00018845076114997958, 'early_gain': 0.0, 'fp_risk': 0.0, 'act_cost': 0.05}
[ep=00 t=0060] choose_plan=0 action=0 reward=-0.001 info={'t': 61, 'risk': 0.00018845076114997958, 'early_gain': 0.0, 'fp_risk': 0.0, 'act_cost': 0.05}
[ep=00 t=0061] choose_plan=0 action=0 reward=-0.001 info={'t': 62, 'risk': 0.00018845076114997958, 'early_gain': 0.0, 'fp_risk': 0.0, 'act_cost': 0.05}
[ep=00 t=0062] choose_plan=0 action=0 reward=-0.001 info={'t': 63, 'risk': 0.00018845076114997958, 'early_gain': 0.0, 'fp_risk': 0.0, 'act_cost': 0.05}
[ep=00 t=0063] choose_plan=0 action=0 reward=-0.001 info={'t': 64, 'risk': 0.00018845076114997958, 'early_gain': 0.0, 'fp_risk': 0.0, 'act_cost': 0.05}
[ep=00 t=0064] choose_plan=0 action=0 reward=-0.001 info={'t': 65, 'risk': 0.00018845076114997958, 'early_gain': 0.0, 'fp_risk': 0.0, 'act_cost': 0.05}
[ep=00 t=0065] choose_plan=0 action=0 reward=-0.001 info={'t': 66, 'risk': 0.00018845076114997958, 'early_gain': 0.0, 'fp_risk': 0.0, 'act_cost': 0.05}
[ep=00 t=0066] choose_plan=0 action=0 reward=-0.001 info={'t': 67, 'risk': 0.00018845076114997958, 'early_gain': 0.0, 'fp_risk': 0.0, 'act_cost': 0.05}
[ep=00 t=0067] choose_plan=1 action=2 reward=-0.009 info={'t': 68, 'risk': 0.0, 'early_gain': 0.0, 'fp_risk': 0.0, 'act_cost': 0.45}
[ep=00 t=0068] choose_plan=0 action=0 reward=-0.001 info={'t': 69, 'risk': 0.0, 'early_gain': 0.0, 'fp_risk': 0.0, 'act_cost': 0.05}
[ep=00 t=0069] choose_plan=0 action=0 reward=-0.001 info={'t': 70, 'risk': 0.0, 'early_gain': 0.0, 'fp_risk': 0.0, 'act_cost': 0.05}
[ep=00 t=0070] choose_plan=0 action=0 reward=-0.001 info={'t': 71, 'risk': 0.0, 'early_gain': 0.0, 'fp_risk': 0.0, 'act_cost': 0.05}
[ep=00 t=0071] choose_plan=0 action=0 reward=-0.001 info={'t': 72, 'risk': 0.0, 'early_gain': 0.0, 'fp_risk': 0.0, 'act_cost': 0.05}
[ep=00 t=0072] choose_plan=1 action=0 reward=-0.001 info={'t': 73, 'risk': 0.0, 'early_gain': 0.0, 'fp_risk': 0.0, 'act_cost': 0.05}
[ep=00 t=0073] choose_plan=0 action=0 reward=-0.001 info={'t': 74, 'risk': 0.0, 'early_gain': 0.0, 'fp_risk': 0.0, 'act_cost': 0.05}
[ep=00 t=0074] choose_plan=0 action=0 reward=-0.001 info={'t': 75, 'risk': 0.0, 'early_gain': 0.0, 'fp_risk': 0.0, 'act_cost': 0.05}
[ep=00 t=0075] choose_plan=0 action=0 reward=-0.001 info={'t': 76, 'risk': 0.0, 'early_gain': 0.0, 'fp_risk': 0.0, 'act_cost': 0.05}
[ep=00 t=0076] choose_plan=0 action=0 reward=-0.001 info={'t': 77, 'risk': 0.0, 'early_gain': 0.0, 'fp_risk': 0.0, 'act_cost': 0.05}
[ep=00 t=0077] choose_plan=1 action=0 reward=-0.001 info={'t': 78, 'risk': 0.0, 'early_gain': 0.0, 'fp_risk': 0.0, 'act_cost': 0.05}
[ep=00 t=0078] choose_plan=0 action=0 reward=-0.001 info={'t': 79, 'risk': 0.0, 'early_gain': 0.0, 'fp_risk': 0.0, 'act_cost': 0.05}
[ep=00 t=0079] choose_plan=0 action=0 reward=-0.001 info={'t': 80, 'risk': 0.0, 'early_gain': 0.0, 'fp_risk': 0.0, 'act_cost': 0.05}
[ep=00 t=0080] choose_plan=0 action=0 reward=-0.001 info={'t': 81, 'risk': 0.0, 'early_gain': 0.0, 'fp_risk': 0.0, 'act_cost': 0.05}
[ep=00 t=0081] choose_plan=0 action=0 reward=-0.001 info={'t': 82, 'risk': 0.0, 'early_gain': 0.0, 'fp_risk': 0.0, 'act_cost': 0.05}
[ep=00 t=0082] choose_plan=0 action=0 reward=-0.001 info={'t': 83, 'risk': 0.0, 'early_gain': 0.0, 'fp_risk': 0.0, 'act_cost': 0.05}
[ep=00 t=0083] choose_plan=0 action=0 reward=-0.001 info={'t': 84, 'risk': 0.0, 'early_gain': 0.0, 'fp_risk': 0.0, 'act_cost': 0.05}
[ep=00 t=0084] choose_plan=1 action=2 reward=-0.009 info={'t': 85, 'risk': 0.0, 'early_gain': 0.0, 'fp_risk': 0.0, 'act_cost': 0.45}
[ep=00 t=0085] choose_plan=0 action=0 reward=-0.001 info={'t': 86, 'risk': 0.0, 'early_gain': 0.0, 'fp_risk': 0.0, 'act_cost': 0.05}
[ep=00 t=0086] choose_plan=0 action=0 reward=-0.001 info={'t': 87, 'risk': 0.0, 'early_gain': 0.0, 'fp_risk': 0.0, 'act_cost': 0.05}
[ep=00 t=0087] choose_plan=0 action=0 reward=-0.001 info={'t': 88, 'risk': 0.0, 'early_gain': 0.0, 'fp_risk': 0.0, 'act_cost': 0.05}
[ep=00 t=0088] choose_plan=0 action=0 reward=-0.001 info={'t': 89, 'risk': 0.0, 'early_gain': 0.0, 'fp_risk': 0.0, 'act_cost': 0.05}
[ep=00 t=0089] choose_plan=0 action=0 reward=-0.001 info={'t': 90, 'risk': 0.0, 'early_gain': 0.0, 'fp_risk': 0.0, 'act_cost': 0.05}
[ep=00 t=0090] choose_plan=0 action=0 reward=-0.001 info={'t': 91, 'risk': 0.0, 'early_gain': 0.0, 'fp_risk': 0.0, 'act_cost': 0.05}
[ep=00 t=0091] choose_plan=0 action=0 reward=-0.001 info={'t': 92, 'risk': 0.0, 'early_gain': 0.0, 'fp_risk': 0.0, 'act_cost': 0.05}
[ep=00 t=0092] choose_plan=0 action=0 reward=-0.001 info={'t': 93, 'risk': 0.0, 'early_gain': 0.0, 'fp_risk': 0.0, 'act_cost': 0.05}
[ep=00 t=0093] choose_plan=1 action=0 reward=-0.001 info={'t': 94, 'risk': 0.0, 'early_gain': 0.0, 'fp_risk': 0.0, 'act_cost': 0.05}
[ep=00 t=0094] choose_plan=0 action=0 reward=-0.001 info={'t': 95, 'risk': 0.0, 'early_gain': 0.0, 'fp_risk': 0.0, 'act_cost': 0.05}
[ep=00 t=0095] choose_plan=0 action=0 reward=-0.001 info={'t': 96, 'risk': 0.0, 'early_gain': 0.0, 'fp_risk': 0.0, 'act_cost': 0.05}
[ep=00 t=0096] choose_plan=0 action=0 reward=-0.001 info={'t': 97, 'risk': 0.0, 'early_gain': 0.0, 'fp_risk': 0.0, 'act_cost': 0.05}
[ep=00 t=0097] choose_plan=0 action=0 reward=-0.001 info={'t': 98, 'risk': 0.0, 'early_gain': 0.0, 'fp_risk': 0.0, 'act_cost': 0.05}
[ep=00 t=0098] choose_plan=0 action=0 reward=-0.001 info={'t': 99, 'risk': 0.0, 'early_gain': 0.0, 'fp_risk': 0.0, 'act_cost': 0.05}
[ep=00 t=0099] choose_plan=0 action=0 reward=-0.001 info={'t': 100, 'risk': 0.0, 'early_gain': 0.0, 'fp_risk': 0.0, 'act_cost': 0.05}
[ep=00 t=0100] choose_plan=0 action=0 reward=-0.001 info={'t': 101, 'risk': 0.0, 'early_gain': 0.0, 'fp_risk': 0.0, 'act_cost': 0.05}
[ep=00 t=0101] choose_plan=0 action=0 reward=-0.001 info={'t': 102, 'risk': 0.0, 'early_gain': 0.0, 'fp_risk': 0.0, 'act_cost': 0.05}
[ep=00 t=0102] choose_plan=0 action=0 reward=-0.001 info={'t': 103, 'risk': 0.0, 'early_gain': 0.0, 'fp_risk': 0.0, 'act_cost': 0.05}
[ep=00 t=0103] choose_plan=1 action=2 reward=-0.009 info={'t': 104, 'risk': 0.0, 'early_gain': 0.0, 'fp_risk': 0.0, 'act_cost': 0.45}
[ep=00 t=0104] choose_plan=0 action=0 reward=-0.001 info={'t': 105, 'risk': 0.0, 'early_gain': 0.0, 'fp_risk': 0.0, 'act_cost': 0.05}
[ep=00 t=0105] choose_plan=0 action=0 reward=-0.001 info={'t': 106, 'risk': 0.0, 'early_gain': 0.0, 'fp_risk': 0.0, 'act_cost': 0.05}
[ep=00 t=0106] choose_plan=0 action=0 reward=-0.001 info={'t': 107, 'risk': 0.0, 'early_gain': 0.0, 'fp_risk': 0.0, 'act_cost': 0.05}
[ep=00 t=0107] choose_plan=0 action=0 reward=-0.001 info={'t': 108, 'risk': 0.0, 'early_gain': 0.0, 'fp_risk': 0.0, 'act_cost': 0.05}
[ep=00 t=0108] choose_plan=0 action=0 reward=-0.001 info={'t': 109, 'risk': 0.0, 'early_gain': 0.0, 'fp_risk': 0.0, 'act_cost': 0.05}
[ep=00 t=0109] choose_plan=0 action=0 reward=-0.001 info={'t': 110, 'risk': 0.0, 'early_gain': 0.0, 'fp_risk': 0.0, 'act_cost': 0.05}
[ep=00 t=0110] choose_plan=0 action=0 reward=-0.001 info={'t': 111, 'risk': 0.0, 'early_gain': 0.0, 'fp_risk': 0.0, 'act_cost': 0.05}
[ep=00 t=0111] choose_plan=0 action=0 reward=-0.001 info={'t': 112, 'risk': 0.0, 'early_gain': 0.0, 'fp_risk': 0.0, 'act_cost': 0.05}
[ep=00 t=0112] choose_plan=1 action=0 reward=-0.001 info={'t': 113, 'risk': 0.0, 'early_gain': 0.0, 'fp_risk': 0.0, 'act_cost': 0.05}
[ep=00 t=0113] choose_plan=0 action=0 reward=-0.001 info={'t': 114, 'risk': 0.0, 'early_gain': 0.0, 'fp_risk': 0.0, 'act_cost': 0.05}
[ep=00 t=0114] choose_plan=1 action=2 reward=-0.009 info={'t': 115, 'risk': 0.0, 'early_gain': 0.0, 'fp_risk': 0.0, 'act_cost': 0.45}
[ep=00 t=0115] choose_plan=0 action=0 reward=-0.001 info={'t': 116, 'risk': 0.0, 'early_gain': 0.0, 'fp_risk': 0.0, 'act_cost': 0.05}
[ep=00 t=0116] choose_plan=0 action=0 reward=-0.001 info={'t': 117, 'risk': 0.0, 'early_gain': 0.0, 'fp_risk': 0.0, 'act_cost': 0.05}
[ep=00 t=0117] choose_plan=0 action=0 reward=-0.001 info={'t': 118, 'risk': 0.0, 'early_gain': 0.0, 'fp_risk': 0.0, 'act_cost': 0.05}
[ep=00 t=0118] choose_plan=0 action=0 reward=-0.001 info={'t': 119, 'risk': 0.0, 'early_gain': 0.0, 'fp_risk': 0.0, 'act_cost': 0.05}
[ep=00 t=0119] choose_plan=0 action=0 reward=-0.001 info={'t': 120, 'risk': 0.0, 'early_gain': 0.0, 'fp_risk': 0.0, 'act_cost': 0.05}
[ep=00 t=0120] choose_plan=0 action=0 reward=-0.001 info={'t': 121, 'risk': 0.0, 'early_gain': 0.0, 'fp_risk': 0.0, 'act_cost': 0.05}
[ep=00 t=0121] choose_plan=0 action=0 reward=-0.001 info={'t': 122, 'risk': 0.0, 'early_gain': 0.0, 'fp_risk': 0.0, 'act_cost': 0.05}
[ep=00 t=0122] choose_plan=0 action=0 reward=-0.001 info={'t': 123, 'risk': 0.0, 'early_gain': 0.0, 'fp_risk': 0.0, 'act_cost': 0.05}
[ep=00 t=0123] choose_plan=0 action=0 reward=-0.001 info={'t': 124, 'risk': 0.0, 'early_gain': 0.0, 'fp_risk': 0.0, 'act_cost': 0.05}
[ep=00 t=0124] choose_plan=0 action=0 reward=-0.001 info={'t': 125, 'risk': 0.0, 'early_gain': 0.0, 'fp_risk': 0.0, 'act_cost': 0.05}
[ep=00 t=0125] choose_plan=0 action=0 reward=-0.001 info={'t': 126, 'risk': 0.0, 'early_gain': 0.0, 'fp_risk': 0.0, 'act_cost': 0.05}
[ep=00 t=0126] choose_plan=1 action=0 reward=-0.001 info={'t': 127, 'risk': 0.0, 'early_gain': 0.0, 'fp_risk': 0.0, 'act_cost': 0.05}
[ep=00 t=0127] choose_plan=0 action=0 reward=-0.001 info={'t': 128, 'risk': 0.0, 'early_gain': 0.0, 'fp_risk': 0.0, 'act_cost': 0.05}
[ep=00 t=0128] choose_plan=1 action=2 reward=-0.009 info={'t': 129, 'risk': 0.0, 'early_gain': 0.0, 'fp_risk': 0.0, 'act_cost': 0.45}
[ep=00 t=0129] choose_plan=0 action=0 reward=-0.001 info={'t': 130, 'risk': 0.0, 'early_gain': 0.0, 'fp_risk': 0.0, 'act_cost': 0.05}
[ep=00 t=0130] choose_plan=0 action=0 reward=-0.001 info={'t': 131, 'risk': 0.0, 'early_gain': 0.0, 'fp_risk': 0.0, 'act_cost': 0.05}
[ep=00 t=0131] choose_plan=0 action=0 reward=-0.001 info={'t': 132, 'risk': 0.0, 'early_gain': 0.0, 'fp_risk': 0.0, 'act_cost': 0.05}
[ep=00 t=0132] choose_plan=0 action=0 reward=-0.001 info={'t': 133, 'risk': 0.0, 'early_gain': 0.0, 'fp_risk': 0.0, 'act_cost': 0.05}
[ep=00 t=0133] choose_plan=0 action=0 reward=-0.001 info={'t': 134, 'risk': 0.0, 'early_gain': 0.0, 'fp_risk': 0.0, 'act_cost': 0.05}
[ep=00 t=0134] choose_plan=0 action=0 reward=-0.001 info={'t': 135, 'risk': 0.0, 'early_gain': 0.0, 'fp_risk': 0.0, 'act_cost': 0.05}
[ep=00 t=0135] choose_plan=0 action=0 reward=-0.001 info={'t': 136, 'risk': 0.0, 'early_gain': 0.0, 'fp_risk': 0.0, 'act_cost': 0.05}
[ep=00 t=0136] choose_plan=0 action=0 reward=-0.001 info={'t': 137, 'risk': 0.0, 'early_gain': 0.0, 'fp_risk': 0.0, 'act_cost': 0.05}
[ep=00 t=0137] choose_plan=0 action=0 reward=-0.001 info={'t': 138, 'risk': 0.0, 'early_gain': 0.0, 'fp_risk': 0.0, 'act_cost': 0.05}
[ep=00 t=0138] choose_plan=0 action=0 reward=-0.001 info={'t': 139, 'risk': 0.0, 'early_gain': 0.0, 'fp_risk': 0.0, 'act_cost': 0.05}
[ep=00 t=0139] choose_plan=0 action=0 reward=-0.001 info={'t': 140, 'risk': 0.0, 'early_gain': 0.0, 'fp_risk': 0.0, 'act_cost': 0.05}
[ep=00 t=0140] choose_plan=0 action=0 reward=-0.001 info={'t': 141, 'risk': 0.0, 'early_gain': 0.0, 'fp_risk': 0.0, 'act_cost': 0.05}
[ep=00 t=0141] choose_plan=0 action=0 reward=-0.001 info={'t': 142, 'risk': 0.0, 'early_gain': 0.0, 'fp_risk': 0.0, 'act_cost': 0.05}
[ep=00 t=0142] choose_plan=0 action=0 reward=-0.001 info={'t': 143, 'risk': 0.0, 'early_gain': 0.0, 'fp_risk': 0.0, 'act_cost': 0.05}
[ep=00 t=0143] choose_plan=0 action=0 reward=-0.001 info={'t': 144, 'risk': 0.0, 'early_gain': 0.0, 'fp_risk': 0.0, 'act_cost': 0.05}
[ep=00 t=0144] choose_plan=0 action=0 reward=-0.001 info={'t': 145, 'risk': 0.0, 'early_gain': 0.0, 'fp_risk': 0.0, 'act_cost': 0.05}
[ep=00 t=0145] choose_plan=0 action=0 reward=-0.001 info={'t': 146, 'risk': 0.0, 'early_gain': 0.0, 'fp_risk': 0.0, 'act_cost': 0.05}
[ep=00 t=0146] choose_plan=0 action=0 reward=-0.001 info={'t': 147, 'risk': 0.0, 'early_gain': 0.0, 'fp_risk': 0.0, 'act_cost': 0.05}
[ep=00 t=0147] choose_plan=0 action=0 reward=-0.001 info={'t': 148, 'risk': 0.0, 'early_gain': 0.0, 'fp_risk': 0.0, 'act_cost': 0.05}
[ep=00 t=0148] choose_plan=0 action=0 reward=-0.001 info={'t': 149, 'risk': 0.0, 'early_gain': 0.0, 'fp_risk': 0.0, 'act_cost': 0.05}
[ep=00 t=0149] choose_plan=0 action=0 reward=-0.001 info={'t': 150, 'risk': 0.0, 'early_gain': 0.0, 'fp_risk': 0.0, 'act_cost': 0.05}
[ep=00 t=0150] choose_plan=0 action=0 reward=-0.001 info={'t': 151, 'risk': 0.0, 'early_gain': 0.0, 'fp_risk': 0.0, 'act_cost': 0.05}
[ep=00 t=0151] choose_plan=0 action=0 reward=-0.001 info={'t': 152, 'risk': 0.0, 'early_gain': 0.0, 'fp_risk': 0.0, 'act_cost': 0.05}
[ep=00 t=0152] choose_plan=0 action=0 reward=-0.001 info={'t': 153, 'risk': 0.0, 'early_gain': 0.0, 'fp_risk': 0.0, 'act_cost': 0.05}
[ep=00 t=0153] choose_plan=0 action=0 reward=-0.001 info={'t': 154, 'risk': 0.0, 'early_gain': 0.0, 'fp_risk': 0.0, 'act_cost': 0.05}
[ep=00 t=0154] choose_plan=0 action=0 reward=-0.001 info={'t': 155, 'risk': 0.0, 'early_gain': 0.0, 'fp_risk': 0.0, 'act_cost': 0.05}
[ep=00 t=0155] choose_plan=0 action=0 reward=-0.001 info={'t': 156, 'risk': 0.0, 'early_gain': 0.0, 'fp_risk': 0.0, 'act_cost': 0.05}
[ep=00 t=0156] choose_plan=0 action=0 reward=-0.001 info={'t': 157, 'risk': 0.0, 'early_gain': 0.0, 'fp_risk': 0.0, 'act_cost': 0.05}
[ep=00 t=0157] choose_plan=0 action=0 reward=-0.001 info={'t': 158, 'risk': 0.0, 'early_gain': 0.0, 'fp_risk': 0.0, 'act_cost': 0.05}
[ep=00 t=0158] choose_plan=1 action=2 reward=-0.009 info={'t': 159, 'risk': 0.0, 'early_gain': 0.0, 'fp_risk': 0.0, 'act_cost': 0.45}
[ep=00 t=0159] choose_plan=0 action=0 reward=-0.001 info={'t': 160, 'risk': 0.0, 'early_gain': 0.0, 'fp_risk': 0.0, 'act_cost': 0.05}
[ep=00 t=0160] choose_plan=0 action=0 reward=-0.001 info={'t': 161, 'risk': 0.0, 'early_gain': 0.0, 'fp_risk': 0.0, 'act_cost': 0.05}
[ep=00 t=0161] choose_plan=0 action=0 reward=-0.001 info={'t': 162, 'risk': 0.0, 'early_gain': 0.0, 'fp_risk': 0.0, 'act_cost': 0.05}
[ep=00 t=0162] choose_plan=0 action=0 reward=-0.001 info={'t': 163, 'risk': 0.0, 'early_gain': 0.0, 'fp_risk': 0.0, 'act_cost': 0.05}
[ep=00 t=0163] choose_plan=1 action=0 reward=-0.001 info={'t': 164, 'risk': 0.0, 'early_gain': 0.0, 'fp_risk': 0.0, 'act_cost': 0.05}
[ep=00 t=0164] choose_plan=0 action=0 reward=-0.001 info={'t': 165, 'risk': 0.0, 'early_gain': 0.0, 'fp_risk': 0.0, 'act_cost': 0.05}
[ep=00 t=0165] choose_plan=0 action=0 reward=-0.001 info={'t': 166, 'risk': 0.0, 'early_gain': 0.0, 'fp_risk': 0.0, 'act_cost': 0.05}
[ep=00 t=0166] choose_plan=0 action=0 reward=-0.001 info={'t': 167, 'risk': 0.0, 'early_gain': 0.0, 'fp_risk': 0.0, 'act_cost': 0.05}
[ep=00 t=0167] choose_plan=0 action=0 reward=-0.001 info={'t': 168, 'risk': 0.0, 'early_gain': 0.0, 'fp_risk': 0.0, 'act_cost': 0.05}
[ep=00 t=0168] choose_plan=0 action=0 reward=-0.001 info={'t': 169, 'risk': 0.0, 'early_gain': 0.0, 'fp_risk': 0.0, 'act_cost': 0.05}
[ep=00 t=0169] choose_plan=0 action=0 reward=-0.001 info={'t': 170, 'risk': 0.0, 'early_gain': 0.0, 'fp_risk': 0.0, 'act_cost': 0.05}
[ep=00 t=0170] choose_plan=0 action=0 reward=-0.001 info={'t': 171, 'risk': 0.0, 'early_gain': 0.0, 'fp_risk': 0.0, 'act_cost': 0.05}
[ep=00 t=0171] choose_plan=0 action=0 reward=-0.001 info={'t': 172, 'risk': 0.0, 'early_gain': 0.0, 'fp_risk': 0.0, 'act_cost': 0.05}
[ep=00 t=0172] choose_plan=0 action=0 reward=-0.001 info={'t': 173, 'risk': 0.0, 'early_gain': 0.0, 'fp_risk': 0.0, 'act_cost': 0.05}
[ep=00 t=0173] choose_plan=0 action=0 reward=-0.001 info={'t': 174, 'risk': 0.0, 'early_gain': 0.0, 'fp_risk': 0.0, 'act_cost': 0.05}
[ep=00 t=0174] choose_plan=0 action=0 reward=-0.001 info={'t': 175, 'risk': 0.0, 'early_gain': 0.0, 'fp_risk': 0.0, 'act_cost': 0.05}
[ep=00 t=0175] choose_plan=0 action=0 reward=-0.001 info={'t': 176, 'risk': 0.0, 'early_gain': 0.0, 'fp_risk': 0.0, 'act_cost': 0.05}
[ep=00 t=0176] choose_plan=0 action=0 reward=-0.001 info={'t': 177, 'risk': 0.0, 'early_gain': 0.0, 'fp_risk': 0.0, 'act_cost': 0.05}
[ep=00 t=0177] choose_plan=1 action=2 reward=-0.009 info={'t': 178, 'risk': 0.0, 'early_gain': 0.0, 'fp_risk': 0.0, 'act_cost': 0.45}
[ep=00 t=0178] choose_plan=0 action=0 reward=-0.001 info={'t': 179, 'risk': 0.0, 'early_gain': 0.0, 'fp_risk': 0.0, 'act_cost': 0.05}
[ep=00 t=0179] choose_plan=0 action=0 reward=-0.001 info={'t': 180, 'risk': 0.0, 'early_gain': 0.0, 'fp_risk': 0.0, 'act_cost': 0.05}
[ep=00 t=0180] choose_plan=0 action=0 reward=-0.001 info={'t': 181, 'risk': 0.0, 'early_gain': 0.0, 'fp_risk': 0.0, 'act_cost': 0.05}
[ep=00 t=0181] choose_plan=0 action=0 reward=-0.001 info={'t': 182, 'risk': 0.0, 'early_gain': 0.0, 'fp_risk': 0.0, 'act_cost': 0.05}
[ep=00 t=0182] choose_plan=0 action=0 reward=-0.001 info={'t': 183, 'risk': 0.0, 'early_gain': 0.0, 'fp_risk': 0.0, 'act_cost': 0.05}
[ep=00 t=0183] choose_plan=0 action=0 reward=-0.001 info={'t': 184, 'risk': 0.0, 'early_gain': 0.0, 'fp_risk': 0.0, 'act_cost': 0.05}
[ep=00 t=0184] choose_plan=0 action=0 reward=-0.001 info={'t': 185, 'risk': 0.0, 'early_gain': 0.0, 'fp_risk': 0.0, 'act_cost': 0.05}
[ep=00 t=0185] choose_plan=0 action=0 reward=-0.001 info={'t': 186, 'risk': 0.0, 'early_gain': 0.0, 'fp_risk': 0.0, 'act_cost': 0.05}
[ep=00 t=0186] choose_plan=1 action=2 reward=-0.009 info={'t': 187, 'risk': 0.0, 'early_gain': 0.0, 'fp_risk': 0.0, 'act_cost': 0.45}
[ep=00 t=0187] choose_plan=0 action=0 reward=-0.001 info={'t': 188, 'risk': 0.0, 'early_gain': 0.0, 'fp_risk': 0.0, 'act_cost': 0.05}
[ep=00 t=0188] choose_plan=0 action=0 reward=-0.001 info={'t': 189, 'risk': 0.0, 'early_gain': 0.0, 'fp_risk': 0.0, 'act_cost': 0.05}
[ep=00 t=0189] choose_plan=0 action=0 reward=-0.001 info={'t': 190, 'risk': 0.0, 'early_gain': 0.0, 'fp_risk': 0.0, 'act_cost': 0.05}
[ep=00 t=0190] choose_plan=1 action=0 reward=-0.001 info={'t': 191, 'risk': 0.0, 'early_gain': 0.0, 'fp_risk': 0.0, 'act_cost': 0.05}
[ep=00 t=0191] choose_plan=0 action=0 reward=-0.001 info={'t': 192, 'risk': 0.0, 'early_gain': 0.0, 'fp_risk': 0.0, 'act_cost': 0.05}
[ep=00 t=0192] choose_plan=0 action=0 reward=-0.001 info={'t': 193, 'risk': 0.0, 'early_gain': 0.0, 'fp_risk': 0.0, 'act_cost': 0.05}
[ep=00 t=0193] choose_plan=0 action=0 reward=-0.001 info={'t': 194, 'risk': 0.0, 'early_gain': 0.0, 'fp_risk': 0.0, 'act_cost': 0.05}
[ep=00 t=0194] choose_plan=0 action=0 reward=-0.001 info={'t': 195, 'risk': 0.0, 'early_gain': 0.0, 'fp_risk': 0.0, 'act_cost': 0.05}
[ep=00 t=0195] choose_plan=0 action=0 reward=-0.001 info={'t': 196, 'risk': 0.0, 'early_gain': 0.0, 'fp_risk': 0.0, 'act_cost': 0.05}
[ep=00 t=0196] choose_plan=0 action=0 reward=-0.001 info={'t': 197, 'risk': 0.0, 'early_gain': 0.0, 'fp_risk': 0.0, 'act_cost': 0.05}
[ep=00 t=0197] choose_plan=0 action=0 reward=-0.001 info={'t': 198, 'risk': 0.0, 'early_gain': 0.0, 'fp_risk': 0.0, 'act_cost': 0.05}
[ep=00 t=0198] choose_plan=0 action=0 reward=-0.001 info={'t': 199, 'risk': 0.0, 'early_gain': 0.0, 'fp_risk': 0.0, 'act_cost': 0.05}
[ep=00 t=0199] choose_plan=0 action=0 reward=-0.001 info={'t': 200, 'risk': 0.0, 'early_gain': 0.0, 'fp_risk': 0.0, 'act_cost': 0.05}
# episode_summary {"episode": 0, "reward_mean": -0.001480000000000001, "reward_min": -0.009000000000000001, "reward_max": -0.001, "steps": 200, "unique_actions": 2, "top5_actions": [[0, 188], [2, 12]]}

# ===== EPISODE 1 =====
[ep=01 t=0000] choose_plan=0 action=0 reward=-0.001 info={'t': 1, 'risk': 0.0507710367867476, 'early_gain': 0.0, 'fp_risk': 0.0, 'act_cost': 0.05}
[ep=01 t=0001] choose_plan=0 action=0 reward=-0.001 info={'t': 2, 'risk': 0.0507710367867476, 'early_gain': 0.0, 'fp_risk': 0.0, 'act_cost': 0.05}
[ep=01 t=0002] choose_plan=0 action=0 reward=-0.001 info={'t': 3, 'risk': 0.0507710367867476, 'early_gain': 0.0, 'fp_risk': 0.0, 'act_cost': 0.05}
[ep=01 t=0003] choose_plan=0 action=0 reward=-0.001 info={'t': 4, 'risk': 0.0507710367867476, 'early_gain': 0.0, 'fp_risk': 0.0, 'act_cost': 0.05}
[ep=01 t=0004] choose_plan=0 action=0 reward=-0.001 info={'t': 5, 'risk': 0.0507710367867476, 'early_gain': 0.0, 'fp_risk': 0.0, 'act_cost': 0.05}
[ep=01 t=0005] choose_plan=0 action=0 reward=-0.001 info={'t': 6, 'risk': 0.0507710367867476, 'early_gain': 0.0, 'fp_risk': 0.0, 'act_cost': 0.05}
[ep=01 t=0006] choose_plan=0 action=0 reward=-0.001 info={'t': 7, 'risk': 0.0507710367867476, 'early_gain': 0.0, 'fp_risk': 0.0, 'act_cost': 0.05}
[ep=01 t=0007] choose_plan=0 action=0 reward=-0.001 info={'t': 8, 'risk': 0.0507710367867476, 'early_gain': 0.0, 'fp_risk': 0.0, 'act_cost': 0.05}
[ep=01 t=0008] choose_plan=0 action=0 reward=-0.001 info={'t': 9, 'risk': 0.0507710367867476, 'early_gain': 0.0, 'fp_risk': 0.0, 'act_cost': 0.05}
[ep=01 t=0009] choose_plan=0 action=0 reward=-0.001 info={'t': 10, 'risk': 0.0507710367867476, 'early_gain': 0.0, 'fp_risk': 0.0, 'act_cost': 0.05}
[ep=01 t=0010] choose_plan=0 action=0 reward=-0.001 info={'t': 11, 'risk': 0.0507710367867476, 'early_gain': 0.0, 'fp_risk': 0.0, 'act_cost': 0.05}
[ep=01 t=0011] choose_plan=0 action=0 reward=-0.001 info={'t': 12, 'risk': 0.0507710367867476, 'early_gain': 0.0, 'fp_risk': 0.0, 'act_cost': 0.05}
[ep=01 t=0012] choose_plan=0 action=0 reward=-0.001 info={'t': 13, 'risk': 0.0507710367867476, 'early_gain': 0.0, 'fp_risk': 0.0, 'act_cost': 0.05}
[ep=01 t=0013] choose_plan=1 action=0 reward=-0.001 info={'t': 14, 'risk': 0.0507710367867476, 'early_gain': 0.0, 'fp_risk': 0.0, 'act_cost': 0.05}
[ep=01 t=0014] choose_plan=1 action=2 reward=-0.009 info={'t': 15, 'risk': 0.002312314555453547, 'early_gain': 0.0, 'fp_risk': 0.0, 'act_cost': 0.45}
[ep=01 t=0015] choose_plan=0 action=0 reward=-0.001 info={'t': 16, 'risk': 0.002312314555453547, 'early_gain': 0.0, 'fp_risk': 0.0, 'act_cost': 0.05}
[ep=01 t=0016] choose_plan=1 action=2 reward=-0.009 info={'t': 17, 'risk': 0.0, 'early_gain': 0.0, 'fp_risk': 0.0, 'act_cost': 0.45}
[ep=01 t=0017] choose_plan=0 action=0 reward=-0.001 info={'t': 18, 'risk': 0.0, 'early_gain': 0.0, 'fp_risk': 0.0, 'act_cost': 0.05}
[ep=01 t=0018] choose_plan=0 action=0 reward=-0.001 info={'t': 19, 'risk': 0.0, 'early_gain': 0.0, 'fp_risk': 0.0, 'act_cost': 0.05}
[ep=01 t=0019] choose_plan=0 action=0 reward=-0.001 info={'t': 20, 'risk': 0.0, 'early_gain': 0.0, 'fp_risk': 0.0, 'act_cost': 0.05}
[ep=01 t=0020] choose_plan=0 action=0 reward=-0.001 info={'t': 21, 'risk': 0.0, 'early_gain': 0.0, 'fp_risk': 0.0, 'act_cost': 0.05}
[ep=01 t=0021] choose_plan=0 action=0 reward=-0.001 info={'t': 22, 'risk': 0.0, 'early_gain': 0.0, 'fp_risk': 0.0, 'act_cost': 0.05}
[ep=01 t=0022] choose_plan=0 action=0 reward=-0.001 info={'t': 23, 'risk': 0.0, 'early_gain': 0.0, 'fp_risk': 0.0, 'act_cost': 0.05}
[ep=01 t=0023] choose_plan=0 action=0 reward=-0.001 info={'t': 24, 'risk': 0.0, 'early_gain': 0.0, 'fp_risk': 0.0, 'act_cost': 0.05}
[ep=01 t=0024] choose_plan=0 action=0 reward=-0.001 info={'t': 25, 'risk': 0.0, 'early_gain': 0.0, 'fp_risk': 0.0, 'act_cost': 0.05}
[ep=01 t=0025] choose_plan=0 action=0 reward=-0.001 info={'t': 26, 'risk': 0.0, 'early_gain': 0.0, 'fp_risk': 0.0, 'act_cost': 0.05}
[ep=01 t=0026] choose_plan=0 action=0 reward=-0.001 info={'t': 27, 'risk': 0.0, 'early_gain': 0.0, 'fp_risk': 0.0, 'act_cost': 0.05}
[ep=01 t=0027] choose_plan=0 action=0 reward=-0.001 info={'t': 28, 'risk': 0.0, 'early_gain': 0.0, 'fp_risk': 0.0, 'act_cost': 0.05}
[ep=01 t=0028] choose_plan=0 action=0 reward=-0.001 info={'t': 29, 'risk': 0.0, 'early_gain': 0.0, 'fp_risk': 0.0, 'act_cost': 0.05}
[ep=01 t=0029] choose_plan=0 action=0 reward=-0.001 info={'t': 30, 'risk': 0.0, 'early_gain': 0.0, 'fp_risk': 0.0, 'act_cost': 0.05}
[ep=01 t=0030] choose_plan=0 action=0 reward=-0.001 info={'t': 31, 'risk': 0.0, 'early_gain': 0.0, 'fp_risk': 0.0, 'act_cost': 0.05}
[ep=01 t=0031] choose_plan=0 action=0 reward=-0.001 info={'t': 32, 'risk': 0.0, 'early_gain': 0.0, 'fp_risk': 0.0, 'act_cost': 0.05}
[ep=01 t=0032] choose_plan=1 action=2 reward=-0.009 info={'t': 33, 'risk': 0.0, 'early_gain': 0.0, 'fp_risk': 0.0, 'act_cost': 0.45}
[ep=01 t=0033] choose_plan=0 action=0 reward=-0.001 info={'t': 34, 'risk': 0.0, 'early_gain': 0.0, 'fp_risk': 0.0, 'act_cost': 0.05}
[ep=01 t=0034] choose_plan=0 action=0 reward=-0.001 info={'t': 35, 'risk': 0.0, 'early_gain': 0.0, 'fp_risk': 0.0, 'act_cost': 0.05}
[ep=01 t=0035] choose_plan=0 action=0 reward=-0.001 info={'t': 36, 'risk': 0.0, 'early_gain': 0.0, 'fp_risk': 0.0, 'act_cost': 0.05}
[ep=01 t=0036] choose_plan=0 action=0 reward=-0.001 info={'t': 37, 'risk': 0.0, 'early_gain': 0.0, 'fp_risk': 0.0, 'act_cost': 0.05}
[ep=01 t=0037] choose_plan=0 action=0 reward=-0.001 info={'t': 38, 'risk': 0.0, 'early_gain': 0.0, 'fp_risk': 0.0, 'act_cost': 0.05}
[ep=01 t=0038] choose_plan=0 action=0 reward=-0.001 info={'t': 39, 'risk': 0.0, 'early_gain': 0.0, 'fp_risk': 0.0, 'act_cost': 0.05}
[ep=01 t=0039] choose_plan=0 action=0 reward=-0.001 info={'t': 40, 'risk': 0.0, 'early_gain': 0.0, 'fp_risk': 0.0, 'act_cost': 0.05}
[ep=01 t=0040] choose_plan=0 action=0 reward=-0.001 info={'t': 41, 'risk': 0.0, 'early_gain': 0.0, 'fp_risk': 0.0, 'act_cost': 0.05}
[ep=01 t=0041] choose_plan=0 action=0 reward=-0.001 info={'t': 42, 'risk': 0.0, 'early_gain': 0.0, 'fp_risk': 0.0, 'act_cost': 0.05}
[ep=01 t=0042] choose_plan=0 action=0 reward=-0.001 info={'t': 43, 'risk': 0.0, 'early_gain': 0.0, 'fp_risk': 0.0, 'act_cost': 0.05}
[ep=01 t=0043] choose_plan=0 action=0 reward=-0.001 info={'t': 44, 'risk': 0.0, 'early_gain': 0.0, 'fp_risk': 0.0, 'act_cost': 0.05}
[ep=01 t=0044] choose_plan=0 action=0 reward=-0.001 info={'t': 45, 'risk': 0.0, 'early_gain': 0.0, 'fp_risk': 0.0, 'act_cost': 0.05}
[ep=01 t=0045] choose_plan=1 action=0 reward=-0.001 info={'t': 46, 'risk': 0.0, 'early_gain': 0.0, 'fp_risk': 0.0, 'act_cost': 0.05}
[ep=01 t=0046] choose_plan=0 action=0 reward=-0.001 info={'t': 47, 'risk': 0.0, 'early_gain': 0.0, 'fp_risk': 0.0, 'act_cost': 0.05}
[ep=01 t=0047] choose_plan=0 action=0 reward=-0.001 info={'t': 48, 'risk': 0.0, 'early_gain': 0.0, 'fp_risk': 0.0, 'act_cost': 0.05}
[ep=01 t=0048] choose_plan=0 action=0 reward=-0.001 info={'t': 49, 'risk': 0.0, 'early_gain': 0.0, 'fp_risk': 0.0, 'act_cost': 0.05}
[ep=01 t=0049] choose_plan=0 action=0 reward=-0.001 info={'t': 50, 'risk': 0.0, 'early_gain': 0.0, 'fp_risk': 0.0, 'act_cost': 0.05}
[ep=01 t=0050] choose_plan=0 action=0 reward=-0.001 info={'t': 51, 'risk': 0.0, 'early_gain': 0.0, 'fp_risk': 0.0, 'act_cost': 0.05}
[ep=01 t=0051] choose_plan=0 action=0 reward=-0.001 info={'t': 52, 'risk': 0.0, 'early_gain': 0.0, 'fp_risk': 0.0, 'act_cost': 0.05}
[ep=01 t=0052] choose_plan=0 action=0 reward=-0.001 info={'t': 53, 'risk': 0.0, 'early_gain': 0.0, 'fp_risk': 0.0, 'act_cost': 0.05}
[ep=01 t=0053] choose_plan=0 action=0 reward=-0.001 info={'t': 54, 'risk': 0.0, 'early_gain': 0.0, 'fp_risk': 0.0, 'act_cost': 0.05}
[ep=01 t=0054] choose_plan=0 action=0 reward=-0.001 info={'t': 55, 'risk': 0.0, 'early_gain': 0.0, 'fp_risk': 0.0, 'act_cost': 0.05}
[ep=01 t=0055] choose_plan=0 action=0 reward=-0.001 info={'t': 56, 'risk': 0.0, 'early_gain': 0.0, 'fp_risk': 0.0, 'act_cost': 0.05}
[ep=01 t=0056] choose_plan=0 action=0 reward=-0.001 info={'t': 57, 'risk': 0.0, 'early_gain': 0.0, 'fp_risk': 0.0, 'act_cost': 0.05}
[ep=01 t=0057] choose_plan=1 action=2 reward=-0.009 info={'t': 58, 'risk': 0.0, 'early_gain': 0.0, 'fp_risk': 0.0, 'act_cost': 0.45}
[ep=01 t=0058] choose_plan=0 action=0 reward=-0.001 info={'t': 59, 'risk': 0.0, 'early_gain': 0.0, 'fp_risk': 0.0, 'act_cost': 0.05}
[ep=01 t=0059] choose_plan=0 action=0 reward=-0.001 info={'t': 60, 'risk': 0.0, 'early_gain': 0.0, 'fp_risk': 0.0, 'act_cost': 0.05}
[ep=01 t=0060] choose_plan=0 action=0 reward=-0.001 info={'t': 61, 'risk': 0.0, 'early_gain': 0.0, 'fp_risk': 0.0, 'act_cost': 0.05}
[ep=01 t=0061] choose_plan=0 action=0 reward=-0.001 info={'t': 62, 'risk': 0.0, 'early_gain': 0.0, 'fp_risk': 0.0, 'act_cost': 0.05}
[ep=01 t=0062] choose_plan=0 action=0 reward=-0.001 info={'t': 63, 'risk': 0.0, 'early_gain': 0.0, 'fp_risk': 0.0, 'act_cost': 0.05}
[ep=01 t=0063] choose_plan=0 action=0 reward=-0.001 info={'t': 64, 'risk': 0.0, 'early_gain': 0.0, 'fp_risk': 0.0, 'act_cost': 0.05}
[ep=01 t=0064] choose_plan=0 action=0 reward=-0.001 info={'t': 65, 'risk': 0.0, 'early_gain': 0.0, 'fp_risk': 0.0, 'act_cost': 0.05}
[ep=01 t=0065] choose_plan=0 action=0 reward=-0.001 info={'t': 66, 'risk': 0.0, 'early_gain': 0.0, 'fp_risk': 0.0, 'act_cost': 0.05}
[ep=01 t=0066] choose_plan=1 action=2 reward=-0.009 info={'t': 67, 'risk': 0.0, 'early_gain': 0.0, 'fp_risk': 0.0, 'act_cost': 0.45}
[ep=01 t=0067] choose_plan=0 action=0 reward=-0.001 info={'t': 68, 'risk': 0.0, 'early_gain': 0.0, 'fp_risk': 0.0, 'act_cost': 0.05}
[ep=01 t=0068] choose_plan=0 action=0 reward=-0.001 info={'t': 69, 'risk': 0.0, 'early_gain': 0.0, 'fp_risk': 0.0, 'act_cost': 0.05}
[ep=01 t=0069] choose_plan=0 action=0 reward=-0.001 info={'t': 70, 'risk': 0.0, 'early_gain': 0.0, 'fp_risk': 0.0, 'act_cost': 0.05}
[ep=01 t=0070] choose_plan=0 action=0 reward=-0.001 info={'t': 71, 'risk': 0.0, 'early_gain': 0.0, 'fp_risk': 0.0, 'act_cost': 0.05}
[ep=01 t=0071] choose_plan=0 action=0 reward=-0.001 info={'t': 72, 'risk': 0.0, 'early_gain': 0.0, 'fp_risk': 0.0, 'act_cost': 0.05}
[ep=01 t=0072] choose_plan=0 action=0 reward=-0.001 info={'t': 73, 'risk': 0.0, 'early_gain': 0.0, 'fp_risk': 0.0, 'act_cost': 0.05}
[ep=01 t=0073] choose_plan=1 action=2 reward=-0.009 info={'t': 74, 'risk': 0.0, 'early_gain': 0.0, 'fp_risk': 0.0, 'act_cost': 0.45}
[ep=01 t=0074] choose_plan=0 action=0 reward=-0.001 info={'t': 75, 'risk': 0.0, 'early_gain': 0.0, 'fp_risk': 0.0, 'act_cost': 0.05}
[ep=01 t=0075] choose_plan=0 action=0 reward=-0.001 info={'t': 76, 'risk': 0.0, 'early_gain': 0.0, 'fp_risk': 0.0, 'act_cost': 0.05}
[ep=01 t=0076] choose_plan=0 action=0 reward=-0.001 info={'t': 77, 'risk': 0.0, 'early_gain': 0.0, 'fp_risk': 0.0, 'act_cost': 0.05}
[ep=01 t=0077] choose_plan=0 action=0 reward=-0.001 info={'t': 78, 'risk': 0.0, 'early_gain': 0.0, 'fp_risk': 0.0, 'act_cost': 0.05}
[ep=01 t=0078] choose_plan=0 action=0 reward=-0.001 info={'t': 79, 'risk': 0.0, 'early_gain': 0.0, 'fp_risk': 0.0, 'act_cost': 0.05}
[ep=01 t=0079] choose_plan=0 action=0 reward=-0.001 info={'t': 80, 'risk': 0.0, 'early_gain': 0.0, 'fp_risk': 0.0, 'act_cost': 0.05}
[ep=01 t=0080] choose_plan=0 action=0 reward=-0.001 info={'t': 81, 'risk': 0.0, 'early_gain': 0.0, 'fp_risk': 0.0, 'act_cost': 0.05}
[ep=01 t=0081] choose_plan=1 action=0 reward=-0.001 info={'t': 82, 'risk': 0.0, 'early_gain': 0.0, 'fp_risk': 0.0, 'act_cost': 0.05}
[ep=01 t=0082] choose_plan=1 action=2 reward=-0.009 info={'t': 83, 'risk': 0.0, 'early_gain': 0.0, 'fp_risk': 0.0, 'act_cost': 0.45}
[ep=01 t=0083] choose_plan=0 action=0 reward=-0.001 info={'t': 84, 'risk': 0.0, 'early_gain': 0.0, 'fp_risk': 0.0, 'act_cost': 0.05}
[ep=01 t=0084] choose_plan=0 action=0 reward=-0.001 info={'t': 85, 'risk': 0.0, 'early_gain': 0.0, 'fp_risk': 0.0, 'act_cost': 0.05}
[ep=01 t=0085] choose_plan=0 action=0 reward=-0.001 info={'t': 86, 'risk': 0.0, 'early_gain': 0.0, 'fp_risk': 0.0, 'act_cost': 0.05}
[ep=01 t=0086] choose_plan=0 action=0 reward=-0.001 info={'t': 87, 'risk': 0.0, 'early_gain': 0.0, 'fp_risk': 0.0, 'act_cost': 0.05}
[ep=01 t=0087] choose_plan=0 action=0 reward=-0.001 info={'t': 88, 'risk': 0.0, 'early_gain': 0.0, 'fp_risk': 0.0, 'act_cost': 0.05}
[ep=01 t=0088] choose_plan=0 action=0 reward=-0.001 info={'t': 89, 'risk': 0.0, 'early_gain': 0.0, 'fp_risk': 0.0, 'act_cost': 0.05}
[ep=01 t=0089] choose_plan=0 action=0 reward=-0.001 info={'t': 90, 'risk': 0.0, 'early_gain': 0.0, 'fp_risk': 0.0, 'act_cost': 0.05}
[ep=01 t=0090] choose_plan=0 action=0 reward=-0.001 info={'t': 91, 'risk': 0.0, 'early_gain': 0.0, 'fp_risk': 0.0, 'act_cost': 0.05}
[ep=01 t=0091] choose_plan=0 action=0 reward=-0.001 info={'t': 92, 'risk': 0.0, 'early_gain': 0.0, 'fp_risk': 0.0, 'act_cost': 0.05}
[ep=01 t=0092] choose_plan=0 action=0 reward=-0.001 info={'t': 93, 'risk': 0.0, 'early_gain': 0.0, 'fp_risk': 0.0, 'act_cost': 0.05}
[ep=01 t=0093] choose_plan=0 action=0 reward=-0.001 info={'t': 94, 'risk': 0.0, 'early_gain': 0.0, 'fp_risk': 0.0, 'act_cost': 0.05}
[ep=01 t=0094] choose_plan=0 action=0 reward=-0.001 info={'t': 95, 'risk': 0.0, 'early_gain': 0.0, 'fp_risk': 0.0, 'act_cost': 0.05}
[ep=01 t=0095] choose_plan=0 action=0 reward=-0.001 info={'t': 96, 'risk': 0.0, 'early_gain': 0.0, 'fp_risk': 0.0, 'act_cost': 0.05}
[ep=01 t=0096] choose_plan=0 action=0 reward=-0.001 info={'t': 97, 'risk': 0.0, 'early_gain': 0.0, 'fp_risk': 0.0, 'act_cost': 0.05}
[ep=01 t=0097] choose_plan=0 action=0 reward=-0.001 info={'t': 98, 'risk': 0.0, 'early_gain': 0.0, 'fp_risk': 0.0, 'act_cost': 0.05}
[ep=01 t=0098] choose_plan=0 action=0 reward=-0.001 info={'t': 99, 'risk': 0.0, 'early_gain': 0.0, 'fp_risk': 0.0, 'act_cost': 0.05}
[ep=01 t=0099] choose_plan=0 action=0 reward=-0.001 info={'t': 100, 'risk': 0.0, 'early_gain': 0.0, 'fp_risk': 0.0, 'act_cost': 0.05}
[ep=01 t=0100] choose_plan=0 action=0 reward=-0.001 info={'t': 101, 'risk': 0.0, 'early_gain': 0.0, 'fp_risk': 0.0, 'act_cost': 0.05}
[ep=01 t=0101] choose_plan=1 action=2 reward=-0.009 info={'t': 102, 'risk': 0.0, 'early_gain': 0.0, 'fp_risk': 0.0, 'act_cost': 0.45}
[ep=01 t=0102] choose_plan=0 action=0 reward=-0.001 info={'t': 103, 'risk': 0.0, 'early_gain': 0.0, 'fp_risk': 0.0, 'act_cost': 0.05}
[ep=01 t=0103] choose_plan=0 action=0 reward=-0.001 info={'t': 104, 'risk': 0.0, 'early_gain': 0.0, 'fp_risk': 0.0, 'act_cost': 0.05}
[ep=01 t=0104] choose_plan=1 action=0 reward=-0.001 info={'t': 105, 'risk': 0.0, 'early_gain': 0.0, 'fp_risk': 0.0, 'act_cost': 0.05}
[ep=01 t=0105] choose_plan=0 action=0 reward=-0.001 info={'t': 106, 'risk': 0.0, 'early_gain': 0.0, 'fp_risk': 0.0, 'act_cost': 0.05}
[ep=01 t=0106] choose_plan=0 action=0 reward=-0.001 info={'t': 107, 'risk': 0.0, 'early_gain': 0.0, 'fp_risk': 0.0, 'act_cost': 0.05}
[ep=01 t=0107] choose_plan=0 action=0 reward=-0.001 info={'t': 108, 'risk': 0.0, 'early_gain': 0.0, 'fp_risk': 0.0, 'act_cost': 0.05}
[ep=01 t=0108] choose_plan=0 action=0 reward=-0.001 info={'t': 109, 'risk': 0.0, 'early_gain': 0.0, 'fp_risk': 0.0, 'act_cost': 0.05}
[ep=01 t=0109] choose_plan=0 action=0 reward=-0.001 info={'t': 110, 'risk': 0.0, 'early_gain': 0.0, 'fp_risk': 0.0, 'act_cost': 0.05}
[ep=01 t=0110] choose_plan=0 action=0 reward=-0.001 info={'t': 111, 'risk': 0.0, 'early_gain': 0.0, 'fp_risk': 0.0, 'act_cost': 0.05}
[ep=01 t=0111] choose_plan=0 action=0 reward=-0.001 info={'t': 112, 'risk': 0.0, 'early_gain': 0.0, 'fp_risk': 0.0, 'act_cost': 0.05}
[ep=01 t=0112] choose_plan=0 action=0 reward=-0.001 info={'t': 113, 'risk': 0.0, 'early_gain': 0.0, 'fp_risk': 0.0, 'act_cost': 0.05}
[ep=01 t=0113] choose_plan=0 action=0 reward=-0.001 info={'t': 114, 'risk': 0.0, 'early_gain': 0.0, 'fp_risk': 0.0, 'act_cost': 0.05}
[ep=01 t=0114] choose_plan=0 action=0 reward=-0.001 info={'t': 115, 'risk': 0.0, 'early_gain': 0.0, 'fp_risk': 0.0, 'act_cost': 0.05}
[ep=01 t=0115] choose_plan=0 action=0 reward=-0.001 info={'t': 116, 'risk': 0.0, 'early_gain': 0.0, 'fp_risk': 0.0, 'act_cost': 0.05}
[ep=01 t=0116] choose_plan=0 action=0 reward=-0.001 info={'t': 117, 'risk': 0.0, 'early_gain': 0.0, 'fp_risk': 0.0, 'act_cost': 0.05}
[ep=01 t=0117] choose_plan=1 action=0 reward=-0.001 info={'t': 118, 'risk': 0.0, 'early_gain': 0.0, 'fp_risk': 0.0, 'act_cost': 0.05}
[ep=01 t=0118] choose_plan=0 action=0 reward=-0.001 info={'t': 119, 'risk': 0.0, 'early_gain': 0.0, 'fp_risk': 0.0, 'act_cost': 0.05}
[ep=01 t=0119] choose_plan=0 action=0 reward=-0.001 info={'t': 120, 'risk': 0.0, 'early_gain': 0.0, 'fp_risk': 0.0, 'act_cost': 0.05}
[ep=01 t=0120] choose_plan=1 action=2 reward=-0.009 info={'t': 121, 'risk': 0.0, 'early_gain': 0.0, 'fp_risk': 0.0, 'act_cost': 0.45}
[ep=01 t=0121] choose_plan=0 action=0 reward=-0.001 info={'t': 122, 'risk': 0.0, 'early_gain': 0.0, 'fp_risk': 0.0, 'act_cost': 0.05}
[ep=01 t=0122] choose_plan=0 action=0 reward=-0.001 info={'t': 123, 'risk': 0.0, 'early_gain': 0.0, 'fp_risk': 0.0, 'act_cost': 0.05}
[ep=01 t=0123] choose_plan=0 action=0 reward=-0.001 info={'t': 124, 'risk': 0.0, 'early_gain': 0.0, 'fp_risk': 0.0, 'act_cost': 0.05}
[ep=01 t=0124] choose_plan=0 action=0 reward=-0.001 info={'t': 125, 'risk': 0.0, 'early_gain': 0.0, 'fp_risk': 0.0, 'act_cost': 0.05}
[ep=01 t=0125] choose_plan=0 action=0 reward=-0.001 info={'t': 126, 'risk': 0.0, 'early_gain': 0.0, 'fp_risk': 0.0, 'act_cost': 0.05}
[ep=01 t=0126] choose_plan=0 action=0 reward=-0.001 info={'t': 127, 'risk': 0.0, 'early_gain': 0.0, 'fp_risk': 0.0, 'act_cost': 0.05}
[ep=01 t=0127] choose_plan=0 action=0 reward=-0.001 info={'t': 128, 'risk': 0.0, 'early_gain': 0.0, 'fp_risk': 0.0, 'act_cost': 0.05}
[ep=01 t=0128] choose_plan=0 action=0 reward=-0.001 info={'t': 129, 'risk': 0.0, 'early_gain': 0.0, 'fp_risk': 0.0, 'act_cost': 0.05}
[ep=01 t=0129] choose_plan=0 action=0 reward=-0.001 info={'t': 130, 'risk': 0.0, 'early_gain': 0.0, 'fp_risk': 0.0, 'act_cost': 0.05}
[ep=01 t=0130] choose_plan=0 action=0 reward=-0.001 info={'t': 131, 'risk': 0.0, 'early_gain': 0.0, 'fp_risk': 0.0, 'act_cost': 0.05}
[ep=01 t=0131] choose_plan=0 action=0 reward=-0.001 info={'t': 132, 'risk': 0.0, 'early_gain': 0.0, 'fp_risk': 0.0, 'act_cost': 0.05}
[ep=01 t=0132] choose_plan=1 action=0 reward=-0.001 info={'t': 133, 'risk': 0.0, 'early_gain': 0.0, 'fp_risk': 0.0, 'act_cost': 0.05}
[ep=01 t=0133] choose_plan=0 action=0 reward=-0.001 info={'t': 134, 'risk': 0.0, 'early_gain': 0.0, 'fp_risk': 0.0, 'act_cost': 0.05}
[ep=01 t=0134] choose_plan=0 action=0 reward=-0.001 info={'t': 135, 'risk': 0.0, 'early_gain': 0.0, 'fp_risk': 0.0, 'act_cost': 0.05}
[ep=01 t=0135] choose_plan=1 action=0 reward=-0.001 info={'t': 136, 'risk': 0.0, 'early_gain': 0.0, 'fp_risk': 0.0, 'act_cost': 0.05}
[ep=01 t=0136] choose_plan=0 action=0 reward=-0.001 info={'t': 137, 'risk': 0.0, 'early_gain': 0.0, 'fp_risk': 0.0, 'act_cost': 0.05}
[ep=01 t=0137] choose_plan=0 action=0 reward=-0.001 info={'t': 138, 'risk': 0.0, 'early_gain': 0.0, 'fp_risk': 0.0, 'act_cost': 0.05}
[ep=01 t=0138] choose_plan=0 action=0 reward=-0.001 info={'t': 139, 'risk': 0.0, 'early_gain': 0.0, 'fp_risk': 0.0, 'act_cost': 0.05}
[ep=01 t=0139] choose_plan=0 action=0 reward=-0.001 info={'t': 140, 'risk': 0.0, 'early_gain': 0.0, 'fp_risk': 0.0, 'act_cost': 0.05}
[ep=01 t=0140] choose_plan=0 action=0 reward=-0.001 info={'t': 141, 'risk': 0.0, 'early_gain': 0.0, 'fp_risk': 0.0, 'act_cost': 0.05}
[ep=01 t=0141] choose_plan=0 action=0 reward=-0.001 info={'t': 142, 'risk': 0.0, 'early_gain': 0.0, 'fp_risk': 0.0, 'act_cost': 0.05}
[ep=01 t=0142] choose_plan=0 action=0 reward=-0.001 info={'t': 143, 'risk': 0.0, 'early_gain': 0.0, 'fp_risk': 0.0, 'act_cost': 0.05}
[ep=01 t=0143] choose_plan=1 action=2 reward=-0.009 info={'t': 144, 'risk': 0.0, 'early_gain': 0.0, 'fp_risk': 0.0, 'act_cost': 0.45}
[ep=01 t=0144] choose_plan=0 action=0 reward=-0.001 info={'t': 145, 'risk': 0.0, 'early_gain': 0.0, 'fp_risk': 0.0, 'act_cost': 0.05}
[ep=01 t=0145] choose_plan=0 action=0 reward=-0.001 info={'t': 146, 'risk': 0.0, 'early_gain': 0.0, 'fp_risk': 0.0, 'act_cost': 0.05}
[ep=01 t=0146] choose_plan=1 action=0 reward=-0.001 info={'t': 147, 'risk': 0.0, 'early_gain': 0.0, 'fp_risk': 0.0, 'act_cost': 0.05}
[ep=01 t=0147] choose_plan=0 action=0 reward=-0.001 info={'t': 148, 'risk': 0.0, 'early_gain': 0.0, 'fp_risk': 0.0, 'act_cost': 0.05}
[ep=01 t=0148] choose_plan=0 action=0 reward=-0.001 info={'t': 149, 'risk': 0.0, 'early_gain': 0.0, 'fp_risk': 0.0, 'act_cost': 0.05}
[ep=01 t=0149] choose_plan=0 action=0 reward=-0.001 info={'t': 150, 'risk': 0.0, 'early_gain': 0.0, 'fp_risk': 0.0, 'act_cost': 0.05}
[ep=01 t=0150] choose_plan=0 action=0 reward=-0.001 info={'t': 151, 'risk': 0.0, 'early_gain': 0.0, 'fp_risk': 0.0, 'act_cost': 0.05}
[ep=01 t=0151] choose_plan=0 action=0 reward=-0.001 info={'t': 152, 'risk': 0.0, 'early_gain': 0.0, 'fp_risk': 0.0, 'act_cost': 0.05}
[ep=01 t=0152] choose_plan=1 action=2 reward=-0.009 info={'t': 153, 'risk': 0.0, 'early_gain': 0.0, 'fp_risk': 0.0, 'act_cost': 0.45}
[ep=01 t=0153] choose_plan=0 action=0 reward=-0.001 info={'t': 154, 'risk': 0.0, 'early_gain': 0.0, 'fp_risk': 0.0, 'act_cost': 0.05}
[ep=01 t=0154] choose_plan=0 action=0 reward=-0.001 info={'t': 155, 'risk': 0.0, 'early_gain': 0.0, 'fp_risk': 0.0, 'act_cost': 0.05}
[ep=01 t=0155] choose_plan=0 action=0 reward=-0.001 info={'t': 156, 'risk': 0.0, 'early_gain': 0.0, 'fp_risk': 0.0, 'act_cost': 0.05}
[ep=01 t=0156] choose_plan=0 action=0 reward=-0.001 info={'t': 157, 'risk': 0.0, 'early_gain': 0.0, 'fp_risk': 0.0, 'act_cost': 0.05}
[ep=01 t=0157] choose_plan=0 action=0 reward=-0.001 info={'t': 158, 'risk': 0.0, 'early_gain': 0.0, 'fp_risk': 0.0, 'act_cost': 0.05}
[ep=01 t=0158] choose_plan=0 action=0 reward=-0.001 info={'t': 159, 'risk': 0.0, 'early_gain': 0.0, 'fp_risk': 0.0, 'act_cost': 0.05}
[ep=01 t=0159] choose_plan=0 action=0 reward=-0.001 info={'t': 160, 'risk': 0.0, 'early_gain': 0.0, 'fp_risk': 0.0, 'act_cost': 0.05}
[ep=01 t=0160] choose_plan=0 action=0 reward=-0.001 info={'t': 161, 'risk': 0.0, 'early_gain': 0.0, 'fp_risk': 0.0, 'act_cost': 0.05}
[ep=01 t=0161] choose_plan=0 action=0 reward=-0.001 info={'t': 162, 'risk': 0.0, 'early_gain': 0.0, 'fp_risk': 0.0, 'act_cost': 0.05}
[ep=01 t=0162] choose_plan=0 action=0 reward=-0.001 info={'t': 163, 'risk': 0.0, 'early_gain': 0.0, 'fp_risk': 0.0, 'act_cost': 0.05}
[ep=01 t=0163] choose_plan=0 action=0 reward=-0.001 info={'t': 164, 'risk': 0.0, 'early_gain': 0.0, 'fp_risk': 0.0, 'act_cost': 0.05}
[ep=01 t=0164] choose_plan=0 action=0 reward=-0.001 info={'t': 165, 'risk': 0.0, 'early_gain': 0.0, 'fp_risk': 0.0, 'act_cost': 0.05}
[ep=01 t=0165] choose_plan=0 action=0 reward=-0.001 info={'t': 166, 'risk': 0.0, 'early_gain': 0.0, 'fp_risk': 0.0, 'act_cost': 0.05}
[ep=01 t=0166] choose_plan=0 action=0 reward=-0.001 info={'t': 167, 'risk': 0.0, 'early_gain': 0.0, 'fp_risk': 0.0, 'act_cost': 0.05}
[ep=01 t=0167] choose_plan=0 action=0 reward=-0.001 info={'t': 168, 'risk': 0.0, 'early_gain': 0.0, 'fp_risk': 0.0, 'act_cost': 0.05}
[ep=01 t=0168] choose_plan=0 action=0 reward=-0.001 info={'t': 169, 'risk': 0.0, 'early_gain': 0.0, 'fp_risk': 0.0, 'act_cost': 0.05}
[ep=01 t=0169] choose_plan=0 action=0 reward=-0.001 info={'t': 170, 'risk': 0.0, 'early_gain': 0.0, 'fp_risk': 0.0, 'act_cost': 0.05}
[ep=01 t=0170] choose_plan=0 action=0 reward=-0.001 info={'t': 171, 'risk': 0.0, 'early_gain': 0.0, 'fp_risk': 0.0, 'act_cost': 0.05}
[ep=01 t=0171] choose_plan=0 action=0 reward=-0.001 info={'t': 172, 'risk': 0.0, 'early_gain': 0.0, 'fp_risk': 0.0, 'act_cost': 0.05}
[ep=01 t=0172] choose_plan=0 action=0 reward=-0.001 info={'t': 173, 'risk': 0.0, 'early_gain': 0.0, 'fp_risk': 0.0, 'act_cost': 0.05}
[ep=01 t=0173] choose_plan=0 action=0 reward=-0.001 info={'t': 174, 'risk': 0.0, 'early_gain': 0.0, 'fp_risk': 0.0, 'act_cost': 0.05}
[ep=01 t=0174] choose_plan=0 action=0 reward=-0.001 info={'t': 175, 'risk': 0.0, 'early_gain': 0.0, 'fp_risk': 0.0, 'act_cost': 0.05}
[ep=01 t=0175] choose_plan=0 action=0 reward=-0.001 info={'t': 176, 'risk': 0.0, 'early_gain': 0.0, 'fp_risk': 0.0, 'act_cost': 0.05}
[ep=01 t=0176] choose_plan=0 action=0 reward=-0.001 info={'t': 177, 'risk': 0.0, 'early_gain': 0.0, 'fp_risk': 0.0, 'act_cost': 0.05}
[ep=01 t=0177] choose_plan=0 action=0 reward=-0.001 info={'t': 178, 'risk': 0.0, 'early_gain': 0.0, 'fp_risk': 0.0, 'act_cost': 0.05}
[ep=01 t=0178] choose_plan=0 action=0 reward=-0.001 info={'t': 179, 'risk': 0.0, 'early_gain': 0.0, 'fp_risk': 0.0, 'act_cost': 0.05}
[ep=01 t=0179] choose_plan=0 action=0 reward=-0.001 info={'t': 180, 'risk': 0.0, 'early_gain': 0.0, 'fp_risk': 0.0, 'act_cost': 0.05}
[ep=01 t=0180] choose_plan=0 action=0 reward=-0.001 info={'t': 181, 'risk': 0.0, 'early_gain': 0.0, 'fp_risk': 0.0, 'act_cost': 0.05}
[ep=01 t=0181] choose_plan=0 action=0 reward=-0.001 info={'t': 182, 'risk': 0.0, 'early_gain': 0.0, 'fp_risk': 0.0, 'act_cost': 0.05}
[ep=01 t=0182] choose_plan=0 action=0 reward=-0.001 info={'t': 183, 'risk': 0.0, 'early_gain': 0.0, 'fp_risk': 0.0, 'act_cost': 0.05}
[ep=01 t=0183] choose_plan=0 action=0 reward=-0.001 info={'t': 184, 'risk': 0.0, 'early_gain': 0.0, 'fp_risk': 0.0, 'act_cost': 0.05}
[ep=01 t=0184] choose_plan=0 action=0 reward=-0.001 info={'t': 185, 'risk': 0.0, 'early_gain': 0.0, 'fp_risk': 0.0, 'act_cost': 0.05}
[ep=01 t=0185] choose_plan=0 action=0 reward=-0.001 info={'t': 186, 'risk': 0.0, 'early_gain': 0.0, 'fp_risk': 0.0, 'act_cost': 0.05}
[ep=01 t=0186] choose_plan=0 action=0 reward=-0.001 info={'t': 187, 'risk': 0.0, 'early_gain': 0.0, 'fp_risk': 0.0, 'act_cost': 0.05}
[ep=01 t=0187] choose_plan=0 action=0 reward=-0.001 info={'t': 188, 'risk': 0.0, 'early_gain': 0.0, 'fp_risk': 0.0, 'act_cost': 0.05}
[ep=01 t=0188] choose_plan=0 action=0 reward=-0.001 info={'t': 189, 'risk': 0.0, 'early_gain': 0.0, 'fp_risk': 0.0, 'act_cost': 0.05}
[ep=01 t=0189] choose_plan=0 action=0 reward=-0.001 info={'t': 190, 'risk': 0.0, 'early_gain': 0.0, 'fp_risk': 0.0, 'act_cost': 0.05}
[ep=01 t=0190] choose_plan=0 action=0 reward=-0.001 info={'t': 191, 'risk': 0.0, 'early_gain': 0.0, 'fp_risk': 0.0, 'act_cost': 0.05}
[ep=01 t=0191] choose_plan=0 action=0 reward=-0.001 info={'t': 192, 'risk': 0.0, 'early_gain': 0.0, 'fp_risk': 0.0, 'act_cost': 0.05}
[ep=01 t=0192] choose_plan=0 action=0 reward=-0.001 info={'t': 193, 'risk': 0.0, 'early_gain': 0.0, 'fp_risk': 0.0, 'act_cost': 0.05}
[ep=01 t=0193] choose_plan=0 action=0 reward=-0.001 info={'t': 194, 'risk': 0.0, 'early_gain': 0.0, 'fp_risk': 0.0, 'act_cost': 0.05}
[ep=01 t=0194] choose_plan=0 action=0 reward=-0.001 info={'t': 195, 'risk': 0.0, 'early_gain': 0.0, 'fp_risk': 0.0, 'act_cost': 0.05}
[ep=01 t=0195] choose_plan=0 action=0 reward=-0.001 info={'t': 196, 'risk': 0.0, 'early_gain': 0.0, 'fp_risk': 0.0, 'act_cost': 0.05}
[ep=01 t=0196] choose_plan=0 action=0 reward=-0.001 info={'t': 197, 'risk': 0.0, 'early_gain': 0.0, 'fp_risk': 0.0, 'act_cost': 0.05}
[ep=01 t=0197] choose_plan=0 action=0 reward=-0.001 info={'t': 198, 'risk': 0.0, 'early_gain': 0.0, 'fp_risk': 0.0, 'act_cost': 0.05}
[ep=01 t=0198] choose_plan=0 action=0 reward=-0.001 info={'t': 199, 'risk': 0.0, 'early_gain': 0.0, 'fp_risk': 0.0, 'act_cost': 0.05}
[ep=01 t=0199] choose_plan=0 action=0 reward=-0.001 info={'t': 200, 'risk': 0.0, 'early_gain': 0.0, 'fp_risk': 0.0, 'act_cost': 0.05}
# episode_summary {"episode": 1, "reward_mean": -0.001440000000000001, "reward_min": -0.009000000000000001, "reward_max": -0.001, "steps": 200, "unique_actions": 2, "top5_actions": [[0, 189], [2, 11]]}

# ===== EPISODE 2 =====
[ep=02 t=0000] choose_plan=0 action=0 reward=-0.001 info={'t': 1, 'risk': 0.058170717585089876, 'early_gain': 0.0, 'fp_risk': 0.0, 'act_cost': 0.05}
[ep=02 t=0001] choose_plan=0 action=0 reward=-0.001 info={'t': 2, 'risk': 0.058170717585089876, 'early_gain': 0.0, 'fp_risk': 0.0, 'act_cost': 0.05}
[ep=02 t=0002] choose_plan=0 action=0 reward=-0.001 info={'t': 3, 'risk': 0.058170717585089876, 'early_gain': 0.0, 'fp_risk': 0.0, 'act_cost': 0.05}
[ep=02 t=0003] choose_plan=0 action=0 reward=-0.001 info={'t': 4, 'risk': 0.058170717585089876, 'early_gain': 0.0, 'fp_risk': 0.0, 'act_cost': 0.05}
[ep=02 t=0004] choose_plan=0 action=0 reward=-0.001 info={'t': 5, 'risk': 0.058170717585089876, 'early_gain': 0.0, 'fp_risk': 0.0, 'act_cost': 0.05}
[ep=02 t=0005] choose_plan=0 action=0 reward=-0.001 info={'t': 6, 'risk': 0.058170717585089876, 'early_gain': 0.0, 'fp_risk': 0.0, 'act_cost': 0.05}
[ep=02 t=0006] choose_plan=0 action=0 reward=-0.001 info={'t': 7, 'risk': 0.058170717585089876, 'early_gain': 0.0, 'fp_risk': 0.0, 'act_cost': 0.05}
[ep=02 t=0007] choose_plan=0 action=0 reward=-0.001 info={'t': 8, 'risk': 0.058170717585089876, 'early_gain': 0.0, 'fp_risk': 0.0, 'act_cost': 0.05}
[ep=02 t=0008] choose_plan=0 action=0 reward=-0.001 info={'t': 9, 'risk': 0.058170717585089876, 'early_gain': 0.0, 'fp_risk': 0.0, 'act_cost': 0.05}
[ep=02 t=0009] choose_plan=0 action=0 reward=-0.001 info={'t': 10, 'risk': 0.058170717585089876, 'early_gain': 0.0, 'fp_risk': 0.0, 'act_cost': 0.05}
[ep=02 t=0010] choose_plan=0 action=0 reward=-0.001 info={'t': 11, 'risk': 0.058170717585089876, 'early_gain': 0.0, 'fp_risk': 0.0, 'act_cost': 0.05}
[ep=02 t=0011] choose_plan=0 action=0 reward=-0.001 info={'t': 12, 'risk': 0.058170717585089876, 'early_gain': 0.0, 'fp_risk': 0.0, 'act_cost': 0.05}
[ep=02 t=0012] choose_plan=0 action=0 reward=-0.001 info={'t': 13, 'risk': 0.058170717585089876, 'early_gain': 0.0, 'fp_risk': 0.0, 'act_cost': 0.05}
[ep=02 t=0013] choose_plan=0 action=0 reward=-0.001 info={'t': 14, 'risk': 0.058170717585089876, 'early_gain': 0.0, 'fp_risk': 0.0, 'act_cost': 0.05}
[ep=02 t=0014] choose_plan=0 action=0 reward=-0.001 info={'t': 15, 'risk': 0.058170717585089876, 'early_gain': 0.0, 'fp_risk': 0.0, 'act_cost': 0.05}
[ep=02 t=0015] choose_plan=0 action=0 reward=-0.001 info={'t': 16, 'risk': 0.058170717585089876, 'early_gain': 0.0, 'fp_risk': 0.0, 'act_cost': 0.05}
[ep=02 t=0016] choose_plan=0 action=0 reward=-0.001 info={'t': 17, 'risk': 0.058170717585089876, 'early_gain': 0.0, 'fp_risk': 0.0, 'act_cost': 0.05}
[ep=02 t=0017] choose_plan=0 action=0 reward=-0.001 info={'t': 18, 'risk': 0.058170717585089876, 'early_gain': 0.0, 'fp_risk': 0.0, 'act_cost': 0.05}
[ep=02 t=0018] choose_plan=0 action=0 reward=-0.001 info={'t': 19, 'risk': 0.058170717585089876, 'early_gain': 0.0, 'fp_risk': 0.0, 'act_cost': 0.05}
[ep=02 t=0019] choose_plan=0 action=0 reward=-0.001 info={'t': 20, 'risk': 0.058170717585089876, 'early_gain': 0.0, 'fp_risk': 0.0, 'act_cost': 0.05}
[ep=02 t=0020] choose_plan=0 action=0 reward=-0.001 info={'t': 21, 'risk': 0.058170717585089876, 'early_gain': 0.0, 'fp_risk': 0.0, 'act_cost': 0.05}
[ep=02 t=0021] choose_plan=0 action=0 reward=-0.001 info={'t': 22, 'risk': 0.058170717585089876, 'early_gain': 0.0, 'fp_risk': 0.0, 'act_cost': 0.05}
[ep=02 t=0022] choose_plan=0 action=0 reward=-0.001 info={'t': 23, 'risk': 0.058170717585089876, 'early_gain': 0.0, 'fp_risk': 0.0, 'act_cost': 0.05}
[ep=02 t=0023] choose_plan=0 action=0 reward=-0.001 info={'t': 24, 'risk': 0.058170717585089876, 'early_gain': 0.0, 'fp_risk': 0.0, 'act_cost': 0.05}
[ep=02 t=0024] choose_plan=0 action=0 reward=-0.001 info={'t': 25, 'risk': 0.058170717585089876, 'early_gain': 0.0, 'fp_risk': 0.0, 'act_cost': 0.05}
[ep=02 t=0025] choose_plan=0 action=0 reward=-0.001 info={'t': 26, 'risk': 0.058170717585089876, 'early_gain': 0.0, 'fp_risk': 0.0, 'act_cost': 0.05}
[ep=02 t=0026] choose_plan=0 action=0 reward=-0.001 info={'t': 27, 'risk': 0.058170717585089876, 'early_gain': 0.0, 'fp_risk': 0.0, 'act_cost': 0.05}
[ep=02 t=0027] choose_plan=1 action=0 reward=-0.001 info={'t': 28, 'risk': 0.058170717585089876, 'early_gain': 0.0, 'fp_risk': 0.0, 'act_cost': 0.05}
[ep=02 t=0028] choose_plan=0 action=0 reward=-0.001 info={'t': 29, 'risk': 0.058170717585089876, 'early_gain': 0.0, 'fp_risk': 0.0, 'act_cost': 0.05}
[ep=02 t=0029] choose_plan=0 action=0 reward=-0.001 info={'t': 30, 'risk': 0.058170717585089876, 'early_gain': 0.0, 'fp_risk': 0.0, 'act_cost': 0.05}
[ep=02 t=0030] choose_plan=0 action=0 reward=-0.001 info={'t': 31, 'risk': 0.058170717585089876, 'early_gain': 0.0, 'fp_risk': 0.0, 'act_cost': 0.05}
[ep=02 t=0031] choose_plan=0 action=0 reward=-0.001 info={'t': 32, 'risk': 0.058170717585089876, 'early_gain': 0.0, 'fp_risk': 0.0, 'act_cost': 0.05}
[ep=02 t=0032] choose_plan=0 action=0 reward=-0.001 info={'t': 33, 'risk': 0.058170717585089876, 'early_gain': 0.0, 'fp_risk': 0.0, 'act_cost': 0.05}
[ep=02 t=0033] choose_plan=0 action=0 reward=-0.001 info={'t': 34, 'risk': 0.058170717585089876, 'early_gain': 0.0, 'fp_risk': 0.0, 'act_cost': 0.05}
[ep=02 t=0034] choose_plan=0 action=0 reward=-0.001 info={'t': 35, 'risk': 0.058170717585089876, 'early_gain': 0.0, 'fp_risk': 0.0, 'act_cost': 0.05}
[ep=02 t=0035] choose_plan=0 action=0 reward=-0.001 info={'t': 36, 'risk': 0.058170717585089876, 'early_gain': 0.0, 'fp_risk': 0.0, 'act_cost': 0.05}
[ep=02 t=0036] choose_plan=1 action=2 reward=-0.009 info={'t': 37, 'risk': 0.04091070484222663, 'early_gain': 0.0, 'fp_risk': 0.0, 'act_cost': 0.45}
[ep=02 t=0037] choose_plan=0 action=0 reward=-0.001 info={'t': 38, 'risk': 0.04091070484222663, 'early_gain': 0.0, 'fp_risk': 0.0, 'act_cost': 0.05}
[ep=02 t=0038] choose_plan=0 action=0 reward=-0.001 info={'t': 39, 'risk': 0.04091070484222663, 'early_gain': 0.0, 'fp_risk': 0.0, 'act_cost': 0.05}
[ep=02 t=0039] choose_plan=0 action=0 reward=-0.001 info={'t': 40, 'risk': 0.04091070484222663, 'early_gain': 0.0, 'fp_risk': 0.0, 'act_cost': 0.05}
[ep=02 t=0040] choose_plan=1 action=0 reward=-0.001 info={'t': 41, 'risk': 0.04091070484222663, 'early_gain': 0.0, 'fp_risk': 0.0, 'act_cost': 0.05}
[ep=02 t=0041] choose_plan=0 action=0 reward=-0.001 info={'t': 42, 'risk': 0.04091070484222663, 'early_gain': 0.0, 'fp_risk': 0.0, 'act_cost': 0.05}
[ep=02 t=0042] choose_plan=1 action=0 reward=-0.001 info={'t': 43, 'risk': 0.04091070484222663, 'early_gain': 0.0, 'fp_risk': 0.0, 'act_cost': 0.05}
[ep=02 t=0043] choose_plan=0 action=0 reward=-0.001 info={'t': 44, 'risk': 0.04091070484222663, 'early_gain': 0.0, 'fp_risk': 0.0, 'act_cost': 0.05}
[ep=02 t=0044] choose_plan=0 action=0 reward=-0.001 info={'t': 45, 'risk': 0.04091070484222663, 'early_gain': 0.0, 'fp_risk': 0.0, 'act_cost': 0.05}
[ep=02 t=0045] choose_plan=0 action=0 reward=-0.001 info={'t': 46, 'risk': 0.04091070484222663, 'early_gain': 0.0, 'fp_risk': 0.0, 'act_cost': 0.05}
[ep=02 t=0046] choose_plan=0 action=0 reward=-0.001 info={'t': 47, 'risk': 0.04091070484222663, 'early_gain': 0.0, 'fp_risk': 0.0, 'act_cost': 0.05}
[ep=02 t=0047] choose_plan=0 action=0 reward=-0.001 info={'t': 48, 'risk': 0.04091070484222663, 'early_gain': 0.0, 'fp_risk': 0.0, 'act_cost': 0.05}
[ep=02 t=0048] choose_plan=0 action=0 reward=-0.001 info={'t': 49, 'risk': 0.04091070484222663, 'early_gain': 0.0, 'fp_risk': 0.0, 'act_cost': 0.05}
[ep=02 t=0049] choose_plan=0 action=0 reward=-0.001 info={'t': 50, 'risk': 0.04091070484222663, 'early_gain': 0.0, 'fp_risk': 0.0, 'act_cost': 0.05}
[ep=02 t=0050] choose_plan=0 action=0 reward=-0.001 info={'t': 51, 'risk': 0.04091070484222663, 'early_gain': 0.0, 'fp_risk': 0.0, 'act_cost': 0.05}
[ep=02 t=0051] choose_plan=0 action=0 reward=-0.001 info={'t': 52, 'risk': 0.04091070484222663, 'early_gain': 0.0, 'fp_risk': 0.0, 'act_cost': 0.05}
[ep=02 t=0052] choose_plan=0 action=0 reward=-0.001 info={'t': 53, 'risk': 0.04091070484222663, 'early_gain': 0.0, 'fp_risk': 0.0, 'act_cost': 0.05}
[ep=02 t=0053] choose_plan=0 action=0 reward=-0.001 info={'t': 54, 'risk': 0.04091070484222663, 'early_gain': 0.0, 'fp_risk': 0.0, 'act_cost': 0.05}
[ep=02 t=0054] choose_plan=0 action=0 reward=-0.001 info={'t': 55, 'risk': 0.04091070484222663, 'early_gain': 0.0, 'fp_risk': 0.0, 'act_cost': 0.05}
[ep=02 t=0055] choose_plan=0 action=0 reward=-0.001 info={'t': 56, 'risk': 0.04091070484222663, 'early_gain': 0.0, 'fp_risk': 0.0, 'act_cost': 0.05}
[ep=02 t=0056] choose_plan=0 action=0 reward=-0.001 info={'t': 57, 'risk': 0.04091070484222663, 'early_gain': 0.0, 'fp_risk': 0.0, 'act_cost': 0.05}
[ep=02 t=0057] choose_plan=0 action=0 reward=-0.001 info={'t': 58, 'risk': 0.04091070484222663, 'early_gain': 0.0, 'fp_risk': 0.0, 'act_cost': 0.05}
[ep=02 t=0058] choose_plan=0 action=0 reward=-0.001 info={'t': 59, 'risk': 0.04091070484222663, 'early_gain': 0.0, 'fp_risk': 0.0, 'act_cost': 0.05}
[ep=02 t=0059] choose_plan=0 action=0 reward=-0.001 info={'t': 60, 'risk': 0.04091070484222663, 'early_gain': 0.0, 'fp_risk': 0.0, 'act_cost': 0.05}
[ep=02 t=0060] choose_plan=0 action=0 reward=-0.001 info={'t': 61, 'risk': 0.04091070484222663, 'early_gain': 0.0, 'fp_risk': 0.0, 'act_cost': 0.05}
[ep=02 t=0061] choose_plan=0 action=0 reward=-0.001 info={'t': 62, 'risk': 0.04091070484222663, 'early_gain': 0.0, 'fp_risk': 0.0, 'act_cost': 0.05}
[ep=02 t=0062] choose_plan=0 action=0 reward=-0.001 info={'t': 63, 'risk': 0.04091070484222663, 'early_gain': 0.0, 'fp_risk': 0.0, 'act_cost': 0.05}
[ep=02 t=0063] choose_plan=0 action=0 reward=-0.001 info={'t': 64, 'risk': 0.04091070484222663, 'early_gain': 0.0, 'fp_risk': 0.0, 'act_cost': 0.05}
[ep=02 t=0064] choose_plan=0 action=0 reward=-0.001 info={'t': 65, 'risk': 0.04091070484222663, 'early_gain': 0.0, 'fp_risk': 0.0, 'act_cost': 0.05}
[ep=02 t=0065] choose_plan=0 action=0 reward=-0.001 info={'t': 66, 'risk': 0.04091070484222663, 'early_gain': 0.0, 'fp_risk': 0.0, 'act_cost': 0.05}
[ep=02 t=0066] choose_plan=1 action=2 reward=-0.009 info={'t': 67, 'risk': 0.0, 'early_gain': 0.0, 'fp_risk': 0.0, 'act_cost': 0.45}
[ep=02 t=0067] choose_plan=0 action=0 reward=-0.001 info={'t': 68, 'risk': 0.0, 'early_gain': 0.0, 'fp_risk': 0.0, 'act_cost': 0.05}
[ep=02 t=0068] choose_plan=0 action=0 reward=-0.001 info={'t': 69, 'risk': 0.0, 'early_gain': 0.0, 'fp_risk': 0.0, 'act_cost': 0.05}
[ep=02 t=0069] choose_plan=0 action=0 reward=-0.001 info={'t': 70, 'risk': 0.0, 'early_gain': 0.0, 'fp_risk': 0.0, 'act_cost': 0.05}
[ep=02 t=0070] choose_plan=0 action=0 reward=-0.001 info={'t': 71, 'risk': 0.0, 'early_gain': 0.0, 'fp_risk': 0.0, 'act_cost': 0.05}
[ep=02 t=0071] choose_plan=0 action=0 reward=-0.001 info={'t': 72, 'risk': 0.0, 'early_gain': 0.0, 'fp_risk': 0.0, 'act_cost': 0.05}
[ep=02 t=0072] choose_plan=1 action=2 reward=-0.009 info={'t': 73, 'risk': 0.0, 'early_gain': 0.0, 'fp_risk': 0.0, 'act_cost': 0.45}
[ep=02 t=0073] choose_plan=0 action=0 reward=-0.001 info={'t': 74, 'risk': 0.0, 'early_gain': 0.0, 'fp_risk': 0.0, 'act_cost': 0.05}
[ep=02 t=0074] choose_plan=0 action=0 reward=-0.001 info={'t': 75, 'risk': 0.0, 'early_gain': 0.0, 'fp_risk': 0.0, 'act_cost': 0.05}
[ep=02 t=0075] choose_plan=0 action=0 reward=-0.001 info={'t': 76, 'risk': 0.0, 'early_gain': 0.0, 'fp_risk': 0.0, 'act_cost': 0.05}
[ep=02 t=0076] choose_plan=0 action=0 reward=-0.001 info={'t': 77, 'risk': 0.0, 'early_gain': 0.0, 'fp_risk': 0.0, 'act_cost': 0.05}
[ep=02 t=0077] choose_plan=0 action=0 reward=-0.001 info={'t': 78, 'risk': 0.0, 'early_gain': 0.0, 'fp_risk': 0.0, 'act_cost': 0.05}
[ep=02 t=0078] choose_plan=0 action=0 reward=-0.001 info={'t': 79, 'risk': 0.0, 'early_gain': 0.0, 'fp_risk': 0.0, 'act_cost': 0.05}
[ep=02 t=0079] choose_plan=0 action=0 reward=-0.001 info={'t': 80, 'risk': 0.0, 'early_gain': 0.0, 'fp_risk': 0.0, 'act_cost': 0.05}
[ep=02 t=0080] choose_plan=0 action=0 reward=-0.001 info={'t': 81, 'risk': 0.0, 'early_gain': 0.0, 'fp_risk': 0.0, 'act_cost': 0.05}
[ep=02 t=0081] choose_plan=0 action=0 reward=-0.001 info={'t': 82, 'risk': 0.0, 'early_gain': 0.0, 'fp_risk': 0.0, 'act_cost': 0.05}
[ep=02 t=0082] choose_plan=0 action=0 reward=-0.001 info={'t': 83, 'risk': 0.0, 'early_gain': 0.0, 'fp_risk': 0.0, 'act_cost': 0.05}
[ep=02 t=0083] choose_plan=1 action=0 reward=-0.001 info={'t': 84, 'risk': 0.0, 'early_gain': 0.0, 'fp_risk': 0.0, 'act_cost': 0.05}
[ep=02 t=0084] choose_plan=0 action=0 reward=-0.001 info={'t': 85, 'risk': 0.0, 'early_gain': 0.0, 'fp_risk': 0.0, 'act_cost': 0.05}
[ep=02 t=0085] choose_plan=0 action=0 reward=-0.001 info={'t': 86, 'risk': 0.0, 'early_gain': 0.0, 'fp_risk': 0.0, 'act_cost': 0.05}
[ep=02 t=0086] choose_plan=0 action=0 reward=-0.001 info={'t': 87, 'risk': 0.0, 'early_gain': 0.0, 'fp_risk': 0.0, 'act_cost': 0.05}
[ep=02 t=0087] choose_plan=0 action=0 reward=-0.001 info={'t': 88, 'risk': 0.0, 'early_gain': 0.0, 'fp_risk': 0.0, 'act_cost': 0.05}
[ep=02 t=0088] choose_plan=0 action=0 reward=-0.001 info={'t': 89, 'risk': 0.0, 'early_gain': 0.0, 'fp_risk': 0.0, 'act_cost': 0.05}
[ep=02 t=0089] choose_plan=0 action=0 reward=-0.001 info={'t': 90, 'risk': 0.0, 'early_gain': 0.0, 'fp_risk': 0.0, 'act_cost': 0.05}
[ep=02 t=0090] choose_plan=0 action=0 reward=-0.001 info={'t': 91, 'risk': 0.0, 'early_gain': 0.0, 'fp_risk': 0.0, 'act_cost': 0.05}
[ep=02 t=0091] choose_plan=0 action=0 reward=-0.001 info={'t': 92, 'risk': 0.0, 'early_gain': 0.0, 'fp_risk': 0.0, 'act_cost': 0.05}
[ep=02 t=0092] choose_plan=0 action=0 reward=-0.001 info={'t': 93, 'risk': 0.0, 'early_gain': 0.0, 'fp_risk': 0.0, 'act_cost': 0.05}
[ep=02 t=0093] choose_plan=0 action=0 reward=-0.001 info={'t': 94, 'risk': 0.0, 'early_gain': 0.0, 'fp_risk': 0.0, 'act_cost': 0.05}
[ep=02 t=0094] choose_plan=0 action=0 reward=-0.001 info={'t': 95, 'risk': 0.0, 'early_gain': 0.0, 'fp_risk': 0.0, 'act_cost': 0.05}
[ep=02 t=0095] choose_plan=0 action=0 reward=-0.001 info={'t': 96, 'risk': 0.0, 'early_gain': 0.0, 'fp_risk': 0.0, 'act_cost': 0.05}
[ep=02 t=0096] choose_plan=0 action=0 reward=-0.001 info={'t': 97, 'risk': 0.0, 'early_gain': 0.0, 'fp_risk': 0.0, 'act_cost': 0.05}
[ep=02 t=0097] choose_plan=0 action=0 reward=-0.001 info={'t': 98, 'risk': 0.0, 'early_gain': 0.0, 'fp_risk': 0.0, 'act_cost': 0.05}
[ep=02 t=0098] choose_plan=0 action=0 reward=-0.001 info={'t': 99, 'risk': 0.0, 'early_gain': 0.0, 'fp_risk': 0.0, 'act_cost': 0.05}
[ep=02 t=0099] choose_plan=0 action=0 reward=-0.001 info={'t': 100, 'risk': 0.0, 'early_gain': 0.0, 'fp_risk': 0.0, 'act_cost': 0.05}
[ep=02 t=0100] choose_plan=0 action=0 reward=-0.001 info={'t': 101, 'risk': 0.0, 'early_gain': 0.0, 'fp_risk': 0.0, 'act_cost': 0.05}
[ep=02 t=0101] choose_plan=0 action=0 reward=-0.001 info={'t': 102, 'risk': 0.0, 'early_gain': 0.0, 'fp_risk': 0.0, 'act_cost': 0.05}
[ep=02 t=0102] choose_plan=0 action=0 reward=-0.001 info={'t': 103, 'risk': 0.0, 'early_gain': 0.0, 'fp_risk': 0.0, 'act_cost': 0.05}
[ep=02 t=0103] choose_plan=0 action=0 reward=-0.001 info={'t': 104, 'risk': 0.0, 'early_gain': 0.0, 'fp_risk': 0.0, 'act_cost': 0.05}
[ep=02 t=0104] choose_plan=0 action=0 reward=-0.001 info={'t': 105, 'risk': 0.0, 'early_gain': 0.0, 'fp_risk': 0.0, 'act_cost': 0.05}
[ep=02 t=0105] choose_plan=0 action=0 reward=-0.001 info={'t': 106, 'risk': 0.0, 'early_gain': 0.0, 'fp_risk': 0.0, 'act_cost': 0.05}
[ep=02 t=0106] choose_plan=0 action=0 reward=-0.001 info={'t': 107, 'risk': 0.0, 'early_gain': 0.0, 'fp_risk': 0.0, 'act_cost': 0.05}
[ep=02 t=0107] choose_plan=0 action=0 reward=-0.001 info={'t': 108, 'risk': 0.0, 'early_gain': 0.0, 'fp_risk': 0.0, 'act_cost': 0.05}
[ep=02 t=0108] choose_plan=0 action=0 reward=-0.001 info={'t': 109, 'risk': 0.0, 'early_gain': 0.0, 'fp_risk': 0.0, 'act_cost': 0.05}
[ep=02 t=0109] choose_plan=1 action=0 reward=-0.001 info={'t': 110, 'risk': 0.0, 'early_gain': 0.0, 'fp_risk': 0.0, 'act_cost': 0.05}
[ep=02 t=0110] choose_plan=0 action=0 reward=-0.001 info={'t': 111, 'risk': 0.0, 'early_gain': 0.0, 'fp_risk': 0.0, 'act_cost': 0.05}
[ep=02 t=0111] choose_plan=0 action=0 reward=-0.001 info={'t': 112, 'risk': 0.0, 'early_gain': 0.0, 'fp_risk': 0.0, 'act_cost': 0.05}
[ep=02 t=0112] choose_plan=0 action=0 reward=-0.001 info={'t': 113, 'risk': 0.0, 'early_gain': 0.0, 'fp_risk': 0.0, 'act_cost': 0.05}
[ep=02 t=0113] choose_plan=0 action=0 reward=-0.001 info={'t': 114, 'risk': 0.0, 'early_gain': 0.0, 'fp_risk': 0.0, 'act_cost': 0.05}
[ep=02 t=0114] choose_plan=0 action=0 reward=-0.001 info={'t': 115, 'risk': 0.0, 'early_gain': 0.0, 'fp_risk': 0.0, 'act_cost': 0.05}
[ep=02 t=0115] choose_plan=0 action=0 reward=-0.001 info={'t': 116, 'risk': 0.0, 'early_gain': 0.0, 'fp_risk': 0.0, 'act_cost': 0.05}
[ep=02 t=0116] choose_plan=0 action=0 reward=-0.001 info={'t': 117, 'risk': 0.0, 'early_gain': 0.0, 'fp_risk': 0.0, 'act_cost': 0.05}
[ep=02 t=0117] choose_plan=0 action=0 reward=-0.001 info={'t': 118, 'risk': 0.0, 'early_gain': 0.0, 'fp_risk': 0.0, 'act_cost': 0.05}
[ep=02 t=0118] choose_plan=0 action=0 reward=-0.001 info={'t': 119, 'risk': 0.0, 'early_gain': 0.0, 'fp_risk': 0.0, 'act_cost': 0.05}
[ep=02 t=0119] choose_plan=0 action=0 reward=-0.001 info={'t': 120, 'risk': 0.0, 'early_gain': 0.0, 'fp_risk': 0.0, 'act_cost': 0.05}
[ep=02 t=0120] choose_plan=0 action=0 reward=-0.001 info={'t': 121, 'risk': 0.0, 'early_gain': 0.0, 'fp_risk': 0.0, 'act_cost': 0.05}
[ep=02 t=0121] choose_plan=0 action=0 reward=-0.001 info={'t': 122, 'risk': 0.0, 'early_gain': 0.0, 'fp_risk': 0.0, 'act_cost': 0.05}
[ep=02 t=0122] choose_plan=1 action=2 reward=-0.009 info={'t': 123, 'risk': 0.0, 'early_gain': 0.0, 'fp_risk': 0.0, 'act_cost': 0.45}
[ep=02 t=0123] choose_plan=0 action=0 reward=-0.001 info={'t': 124, 'risk': 0.0, 'early_gain': 0.0, 'fp_risk': 0.0, 'act_cost': 0.05}
[ep=02 t=0124] choose_plan=0 action=0 reward=-0.001 info={'t': 125, 'risk': 0.0, 'early_gain': 0.0, 'fp_risk': 0.0, 'act_cost': 0.05}
[ep=02 t=0125] choose_plan=0 action=0 reward=-0.001 info={'t': 126, 'risk': 0.0, 'early_gain': 0.0, 'fp_risk': 0.0, 'act_cost': 0.05}
[ep=02 t=0126] choose_plan=0 action=0 reward=-0.001 info={'t': 127, 'risk': 0.0, 'early_gain': 0.0, 'fp_risk': 0.0, 'act_cost': 0.05}
[ep=02 t=0127] choose_plan=0 action=0 reward=-0.001 info={'t': 128, 'risk': 0.0, 'early_gain': 0.0, 'fp_risk': 0.0, 'act_cost': 0.05}
[ep=02 t=0128] choose_plan=0 action=0 reward=-0.001 info={'t': 129, 'risk': 0.0, 'early_gain': 0.0, 'fp_risk': 0.0, 'act_cost': 0.05}
[ep=02 t=0129] choose_plan=1 action=2 reward=-0.009 info={'t': 130, 'risk': 0.0, 'early_gain': 0.0, 'fp_risk': 0.0, 'act_cost': 0.45}
[ep=02 t=0130] choose_plan=0 action=0 reward=-0.001 info={'t': 131, 'risk': 0.0, 'early_gain': 0.0, 'fp_risk': 0.0, 'act_cost': 0.05}
[ep=02 t=0131] choose_plan=0 action=0 reward=-0.001 info={'t': 132, 'risk': 0.0, 'early_gain': 0.0, 'fp_risk': 0.0, 'act_cost': 0.05}
[ep=02 t=0132] choose_plan=0 action=0 reward=-0.001 info={'t': 133, 'risk': 0.0, 'early_gain': 0.0, 'fp_risk': 0.0, 'act_cost': 0.05}
[ep=02 t=0133] choose_plan=0 action=0 reward=-0.001 info={'t': 134, 'risk': 0.0, 'early_gain': 0.0, 'fp_risk': 0.0, 'act_cost': 0.05}
[ep=02 t=0134] choose_plan=0 action=0 reward=-0.001 info={'t': 135, 'risk': 0.0, 'early_gain': 0.0, 'fp_risk': 0.0, 'act_cost': 0.05}
[ep=02 t=0135] choose_plan=0 action=0 reward=-0.001 info={'t': 136, 'risk': 0.0, 'early_gain': 0.0, 'fp_risk': 0.0, 'act_cost': 0.05}
[ep=02 t=0136] choose_plan=0 action=0 reward=-0.001 info={'t': 137, 'risk': 0.0, 'early_gain': 0.0, 'fp_risk': 0.0, 'act_cost': 0.05}
[ep=02 t=0137] choose_plan=0 action=0 reward=-0.001 info={'t': 138, 'risk': 0.0, 'early_gain': 0.0, 'fp_risk': 0.0, 'act_cost': 0.05}
[ep=02 t=0138] choose_plan=0 action=0 reward=-0.001 info={'t': 139, 'risk': 0.0, 'early_gain': 0.0, 'fp_risk': 0.0, 'act_cost': 0.05}
[ep=02 t=0139] choose_plan=1 action=0 reward=-0.001 info={'t': 140, 'risk': 0.0, 'early_gain': 0.0, 'fp_risk': 0.0, 'act_cost': 0.05}
[ep=02 t=0140] choose_plan=0 action=0 reward=-0.001 info={'t': 141, 'risk': 0.0, 'early_gain': 0.0, 'fp_risk': 0.0, 'act_cost': 0.05}
[ep=02 t=0141] choose_plan=0 action=0 reward=-0.001 info={'t': 142, 'risk': 0.0, 'early_gain': 0.0, 'fp_risk': 0.0, 'act_cost': 0.05}
[ep=02 t=0142] choose_plan=0 action=0 reward=-0.001 info={'t': 143, 'risk': 0.0, 'early_gain': 0.0, 'fp_risk': 0.0, 'act_cost': 0.05}
[ep=02 t=0143] choose_plan=0 action=0 reward=-0.001 info={'t': 144, 'risk': 0.0, 'early_gain': 0.0, 'fp_risk': 0.0, 'act_cost': 0.05}
[ep=02 t=0144] choose_plan=0 action=0 reward=-0.001 info={'t': 145, 'risk': 0.0, 'early_gain': 0.0, 'fp_risk': 0.0, 'act_cost': 0.05}
[ep=02 t=0145] choose_plan=0 action=0 reward=-0.001 info={'t': 146, 'risk': 0.0, 'early_gain': 0.0, 'fp_risk': 0.0, 'act_cost': 0.05}
[ep=02 t=0146] choose_plan=0 action=0 reward=-0.001 info={'t': 147, 'risk': 0.0, 'early_gain': 0.0, 'fp_risk': 0.0, 'act_cost': 0.05}
[ep=02 t=0147] choose_plan=0 action=0 reward=-0.001 info={'t': 148, 'risk': 0.0, 'early_gain': 0.0, 'fp_risk': 0.0, 'act_cost': 0.05}
[ep=02 t=0148] choose_plan=0 action=0 reward=-0.001 info={'t': 149, 'risk': 0.0, 'early_gain': 0.0, 'fp_risk': 0.0, 'act_cost': 0.05}
[ep=02 t=0149] choose_plan=1 action=2 reward=-0.009 info={'t': 150, 'risk': 0.0, 'early_gain': 0.0, 'fp_risk': 0.0, 'act_cost': 0.45}
[ep=02 t=0150] choose_plan=0 action=0 reward=-0.001 info={'t': 151, 'risk': 0.0, 'early_gain': 0.0, 'fp_risk': 0.0, 'act_cost': 0.05}
[ep=02 t=0151] choose_plan=0 action=0 reward=-0.001 info={'t': 152, 'risk': 0.0, 'early_gain': 0.0, 'fp_risk': 0.0, 'act_cost': 0.05}
[ep=02 t=0152] choose_plan=0 action=0 reward=-0.001 info={'t': 153, 'risk': 0.0, 'early_gain': 0.0, 'fp_risk': 0.0, 'act_cost': 0.05}
[ep=02 t=0153] choose_plan=1 action=0 reward=-0.001 info={'t': 154, 'risk': 0.0, 'early_gain': 0.0, 'fp_risk': 0.0, 'act_cost': 0.05}
[ep=02 t=0154] choose_plan=0 action=0 reward=-0.001 info={'t': 155, 'risk': 0.0, 'early_gain': 0.0, 'fp_risk': 0.0, 'act_cost': 0.05}
[ep=02 t=0155] choose_plan=0 action=0 reward=-0.001 info={'t': 156, 'risk': 0.0, 'early_gain': 0.0, 'fp_risk': 0.0, 'act_cost': 0.05}
[ep=02 t=0156] choose_plan=0 action=0 reward=-0.001 info={'t': 157, 'risk': 0.0, 'early_gain': 0.0, 'fp_risk': 0.0, 'act_cost': 0.05}
[ep=02 t=0157] choose_plan=0 action=0 reward=-0.001 info={'t': 158, 'risk': 0.0, 'early_gain': 0.0, 'fp_risk': 0.0, 'act_cost': 0.05}
[ep=02 t=0158] choose_plan=0 action=0 reward=-0.001 info={'t': 159, 'risk': 0.0, 'early_gain': 0.0, 'fp_risk': 0.0, 'act_cost': 0.05}
[ep=02 t=0159] choose_plan=0 action=0 reward=-0.001 info={'t': 160, 'risk': 0.0, 'early_gain': 0.0, 'fp_risk': 0.0, 'act_cost': 0.05}
[ep=02 t=0160] choose_plan=0 action=0 reward=-0.001 info={'t': 161, 'risk': 0.0, 'early_gain': 0.0, 'fp_risk': 0.0, 'act_cost': 0.05}
[ep=02 t=0161] choose_plan=0 action=0 reward=-0.001 info={'t': 162, 'risk': 0.0, 'early_gain': 0.0, 'fp_risk': 0.0, 'act_cost': 0.05}
[ep=02 t=0162] choose_plan=0 action=0 reward=-0.001 info={'t': 163, 'risk': 0.0, 'early_gain': 0.0, 'fp_risk': 0.0, 'act_cost': 0.05}
[ep=02 t=0163] choose_plan=0 action=0 reward=-0.001 info={'t': 164, 'risk': 0.0, 'early_gain': 0.0, 'fp_risk': 0.0, 'act_cost': 0.05}
[ep=02 t=0164] choose_plan=0 action=0 reward=-0.001 info={'t': 165, 'risk': 0.0, 'early_gain': 0.0, 'fp_risk': 0.0, 'act_cost': 0.05}
[ep=02 t=0165] choose_plan=0 action=0 reward=-0.001 info={'t': 166, 'risk': 0.0, 'early_gain': 0.0, 'fp_risk': 0.0, 'act_cost': 0.05}
[ep=02 t=0166] choose_plan=0 action=0 reward=-0.001 info={'t': 167, 'risk': 0.0, 'early_gain': 0.0, 'fp_risk': 0.0, 'act_cost': 0.05}
[ep=02 t=0167] choose_plan=0 action=0 reward=-0.001 info={'t': 168, 'risk': 0.0, 'early_gain': 0.0, 'fp_risk': 0.0, 'act_cost': 0.05}
[ep=02 t=0168] choose_plan=1 action=2 reward=-0.009 info={'t': 169, 'risk': 0.0, 'early_gain': 0.0, 'fp_risk': 0.0, 'act_cost': 0.45}
[ep=02 t=0169] choose_plan=0 action=0 reward=-0.001 info={'t': 170, 'risk': 0.0, 'early_gain': 0.0, 'fp_risk': 0.0, 'act_cost': 0.05}
[ep=02 t=0170] choose_plan=0 action=0 reward=-0.001 info={'t': 171, 'risk': 0.0, 'early_gain': 0.0, 'fp_risk': 0.0, 'act_cost': 0.05}
[ep=02 t=0171] choose_plan=0 action=0 reward=-0.001 info={'t': 172, 'risk': 0.0, 'early_gain': 0.0, 'fp_risk': 0.0, 'act_cost': 0.05}
[ep=02 t=0172] choose_plan=0 action=0 reward=-0.001 info={'t': 173, 'risk': 0.0, 'early_gain': 0.0, 'fp_risk': 0.0, 'act_cost': 0.05}
[ep=02 t=0173] choose_plan=0 action=0 reward=-0.001 info={'t': 174, 'risk': 0.0, 'early_gain': 0.0, 'fp_risk': 0.0, 'act_cost': 0.05}
[ep=02 t=0174] choose_plan=0 action=0 reward=-0.001 info={'t': 175, 'risk': 0.0, 'early_gain': 0.0, 'fp_risk': 0.0, 'act_cost': 0.05}
[ep=02 t=0175] choose_plan=0 action=0 reward=-0.001 info={'t': 176, 'risk': 0.0, 'early_gain': 0.0, 'fp_risk': 0.0, 'act_cost': 0.05}
[ep=02 t=0176] choose_plan=0 action=0 reward=-0.001 info={'t': 177, 'risk': 0.0, 'early_gain': 0.0, 'fp_risk': 0.0, 'act_cost': 0.05}
[ep=02 t=0177] choose_plan=0 action=0 reward=-0.001 info={'t': 178, 'risk': 0.0, 'early_gain': 0.0, 'fp_risk': 0.0, 'act_cost': 0.05}
[ep=02 t=0178] choose_plan=0 action=0 reward=-0.001 info={'t': 179, 'risk': 0.0, 'early_gain': 0.0, 'fp_risk': 0.0, 'act_cost': 0.05}
[ep=02 t=0179] choose_plan=0 action=0 reward=-0.001 info={'t': 180, 'risk': 0.0, 'early_gain': 0.0, 'fp_risk': 0.0, 'act_cost': 0.05}
[ep=02 t=0180] choose_plan=0 action=0 reward=-0.001 info={'t': 181, 'risk': 0.0, 'early_gain': 0.0, 'fp_risk': 0.0, 'act_cost': 0.05}
[ep=02 t=0181] choose_plan=0 action=0 reward=-0.001 info={'t': 182, 'risk': 0.0, 'early_gain': 0.0, 'fp_risk': 0.0, 'act_cost': 0.05}
[ep=02 t=0182] choose_plan=0 action=0 reward=-0.001 info={'t': 183, 'risk': 0.0, 'early_gain': 0.0, 'fp_risk': 0.0, 'act_cost': 0.05}
[ep=02 t=0183] choose_plan=0 action=0 reward=-0.001 info={'t': 184, 'risk': 0.0, 'early_gain': 0.0, 'fp_risk': 0.0, 'act_cost': 0.05}
[ep=02 t=0184] choose_plan=0 action=0 reward=-0.001 info={'t': 185, 'risk': 0.0, 'early_gain': 0.0, 'fp_risk': 0.0, 'act_cost': 0.05}
[ep=02 t=0185] choose_plan=0 action=0 reward=-0.001 info={'t': 186, 'risk': 0.0, 'early_gain': 0.0, 'fp_risk': 0.0, 'act_cost': 0.05}
[ep=02 t=0186] choose_plan=0 action=0 reward=-0.001 info={'t': 187, 'risk': 0.0, 'early_gain': 0.0, 'fp_risk': 0.0, 'act_cost': 0.05}
[ep=02 t=0187] choose_plan=0 action=0 reward=-0.001 info={'t': 188, 'risk': 0.0, 'early_gain': 0.0, 'fp_risk': 0.0, 'act_cost': 0.05}
[ep=02 t=0188] choose_plan=1 action=2 reward=-0.009 info={'t': 189, 'risk': 0.0, 'early_gain': 0.0, 'fp_risk': 0.0, 'act_cost': 0.45}
[ep=02 t=0189] choose_plan=0 action=0 reward=-0.001 info={'t': 190, 'risk': 0.0, 'early_gain': 0.0, 'fp_risk': 0.0, 'act_cost': 0.05}
[ep=02 t=0190] choose_plan=0 action=0 reward=-0.001 info={'t': 191, 'risk': 0.0, 'early_gain': 0.0, 'fp_risk': 0.0, 'act_cost': 0.05}
[ep=02 t=0191] choose_plan=1 action=0 reward=-0.001 info={'t': 192, 'risk': 0.0, 'early_gain': 0.0, 'fp_risk': 0.0, 'act_cost': 0.05}
[ep=02 t=0192] choose_plan=1 action=0 reward=-0.001 info={'t': 193, 'risk': 0.0, 'early_gain': 0.0, 'fp_risk': 0.0, 'act_cost': 0.05}
[ep=02 t=0193] choose_plan=0 action=0 reward=-0.001 info={'t': 194, 'risk': 0.0, 'early_gain': 0.0, 'fp_risk': 0.0, 'act_cost': 0.05}
[ep=02 t=0194] choose_plan=1 action=0 reward=-0.001 info={'t': 195, 'risk': 0.0, 'early_gain': 0.0, 'fp_risk': 0.0, 'act_cost': 0.05}
[ep=02 t=0195] choose_plan=1 action=0 reward=-0.001 info={'t': 196, 'risk': 0.0, 'early_gain': 0.0, 'fp_risk': 0.0, 'act_cost': 0.05}
[ep=02 t=0196] choose_plan=0 action=0 reward=-0.001 info={'t': 197, 'risk': 0.0, 'early_gain': 0.0, 'fp_risk': 0.0, 'act_cost': 0.05}
[ep=02 t=0197] choose_plan=1 action=0 reward=-0.001 info={'t': 198, 'risk': 0.0, 'early_gain': 0.0, 'fp_risk': 0.0, 'act_cost': 0.05}
[ep=02 t=0198] choose_plan=0 action=0 reward=-0.001 info={'t': 199, 'risk': 0.0, 'early_gain': 0.0, 'fp_risk': 0.0, 'act_cost': 0.05}
[ep=02 t=0199] choose_plan=0 action=0 reward=-0.001 info={'t': 200, 'risk': 0.0, 'early_gain': 0.0, 'fp_risk': 0.0, 'act_cost': 0.05}
# episode_summary {"episode": 2, "reward_mean": -0.0013200000000000009, "reward_min": -0.009000000000000001, "reward_max": -0.001, "steps": 200, "unique_actions": 2, "top5_actions": [[0, 192], [2, 8]]}

# ===== EPISODE 3 =====
[ep=03 t=0000] choose_plan=0 action=0 reward=-0.001 info={'t': 1, 'risk': 0.05543750828768182, 'early_gain': 0.0, 'fp_risk': 0.0, 'act_cost': 0.05}
[ep=03 t=0001] choose_plan=0 action=0 reward=-0.001 info={'t': 2, 'risk': 0.05543750828768182, 'early_gain': 0.0, 'fp_risk': 0.0, 'act_cost': 0.05}
[ep=03 t=0002] choose_plan=0 action=0 reward=-0.001 info={'t': 3, 'risk': 0.05543750828768182, 'early_gain': 0.0, 'fp_risk': 0.0, 'act_cost': 0.05}
[ep=03 t=0003] choose_plan=0 action=0 reward=-0.001 info={'t': 4, 'risk': 0.05543750828768182, 'early_gain': 0.0, 'fp_risk': 0.0, 'act_cost': 0.05}
[ep=03 t=0004] choose_plan=0 action=0 reward=-0.001 info={'t': 5, 'risk': 0.05543750828768182, 'early_gain': 0.0, 'fp_risk': 0.0, 'act_cost': 0.05}
[ep=03 t=0005] choose_plan=0 action=0 reward=-0.001 info={'t': 6, 'risk': 0.05543750828768182, 'early_gain': 0.0, 'fp_risk': 0.0, 'act_cost': 0.05}
[ep=03 t=0006] choose_plan=0 action=0 reward=-0.001 info={'t': 7, 'risk': 0.05543750828768182, 'early_gain': 0.0, 'fp_risk': 0.0, 'act_cost': 0.05}
[ep=03 t=0007] choose_plan=0 action=0 reward=-0.001 info={'t': 8, 'risk': 0.05543750828768182, 'early_gain': 0.0, 'fp_risk': 0.0, 'act_cost': 0.05}
[ep=03 t=0008] choose_plan=0 action=0 reward=-0.001 info={'t': 9, 'risk': 0.05543750828768182, 'early_gain': 0.0, 'fp_risk': 0.0, 'act_cost': 0.05}
[ep=03 t=0009] choose_plan=0 action=0 reward=-0.001 info={'t': 10, 'risk': 0.05543750828768182, 'early_gain': 0.0, 'fp_risk': 0.0, 'act_cost': 0.05}
[ep=03 t=0010] choose_plan=0 action=0 reward=-0.001 info={'t': 11, 'risk': 0.05543750828768182, 'early_gain': 0.0, 'fp_risk': 0.0, 'act_cost': 0.05}
[ep=03 t=0011] choose_plan=0 action=0 reward=-0.001 info={'t': 12, 'risk': 0.05543750828768182, 'early_gain': 0.0, 'fp_risk': 0.0, 'act_cost': 0.05}
[ep=03 t=0012] choose_plan=0 action=0 reward=-0.001 info={'t': 13, 'risk': 0.05543750828768182, 'early_gain': 0.0, 'fp_risk': 0.0, 'act_cost': 0.05}
[ep=03 t=0013] choose_plan=0 action=0 reward=-0.001 info={'t': 14, 'risk': 0.05543750828768182, 'early_gain': 0.0, 'fp_risk': 0.0, 'act_cost': 0.05}
[ep=03 t=0014] choose_plan=0 action=0 reward=-0.001 info={'t': 15, 'risk': 0.05543750828768182, 'early_gain': 0.0, 'fp_risk': 0.0, 'act_cost': 0.05}
[ep=03 t=0015] choose_plan=0 action=0 reward=-0.001 info={'t': 16, 'risk': 0.05543750828768182, 'early_gain': 0.0, 'fp_risk': 0.0, 'act_cost': 0.05}
[ep=03 t=0016] choose_plan=0 action=0 reward=-0.001 info={'t': 17, 'risk': 0.05543750828768182, 'early_gain': 0.0, 'fp_risk': 0.0, 'act_cost': 0.05}
[ep=03 t=0017] choose_plan=0 action=0 reward=-0.001 info={'t': 18, 'risk': 0.05543750828768182, 'early_gain': 0.0, 'fp_risk': 0.0, 'act_cost': 0.05}
[ep=03 t=0018] choose_plan=0 action=0 reward=-0.001 info={'t': 19, 'risk': 0.05543750828768182, 'early_gain': 0.0, 'fp_risk': 0.0, 'act_cost': 0.05}
[ep=03 t=0019] choose_plan=0 action=0 reward=-0.001 info={'t': 20, 'risk': 0.05543750828768182, 'early_gain': 0.0, 'fp_risk': 0.0, 'act_cost': 0.05}
[ep=03 t=0020] choose_plan=0 action=0 reward=-0.001 info={'t': 21, 'risk': 0.05543750828768182, 'early_gain': 0.0, 'fp_risk': 0.0, 'act_cost': 0.05}
[ep=03 t=0021] choose_plan=0 action=0 reward=-0.001 info={'t': 22, 'risk': 0.05543750828768182, 'early_gain': 0.0, 'fp_risk': 0.0, 'act_cost': 0.05}
[ep=03 t=0022] choose_plan=0 action=0 reward=-0.001 info={'t': 23, 'risk': 0.05543750828768182, 'early_gain': 0.0, 'fp_risk': 0.0, 'act_cost': 0.05}
[ep=03 t=0023] choose_plan=1 action=2 reward=-0.009 info={'t': 24, 'risk': 0.03074810845383309, 'early_gain': 0.0, 'fp_risk': 0.0, 'act_cost': 0.45}
[ep=03 t=0024] choose_plan=0 action=0 reward=-0.001 info={'t': 25, 'risk': 0.03074810845383309, 'early_gain': 0.0, 'fp_risk': 0.0, 'act_cost': 0.05}
[ep=03 t=0025] choose_plan=1 action=0 reward=-0.001 info={'t': 26, 'risk': 0.03074810845383309, 'early_gain': 0.0, 'fp_risk': 0.0, 'act_cost': 0.05}
[ep=03 t=0026] choose_plan=1 action=2 reward=-0.009 info={'t': 27, 'risk': 0.0, 'early_gain': 0.0, 'fp_risk': 0.0, 'act_cost': 0.45}
[ep=03 t=0027] choose_plan=0 action=0 reward=-0.001 info={'t': 28, 'risk': 0.0, 'early_gain': 0.0, 'fp_risk': 0.0, 'act_cost': 0.05}
[ep=03 t=0028] choose_plan=0 action=0 reward=-0.001 info={'t': 29, 'risk': 0.0, 'early_gain': 0.0, 'fp_risk': 0.0, 'act_cost': 0.05}
[ep=03 t=0029] choose_plan=0 action=0 reward=-0.001 info={'t': 30, 'risk': 0.0, 'early_gain': 0.0, 'fp_risk': 0.0, 'act_cost': 0.05}
[ep=03 t=0030] choose_plan=0 action=0 reward=-0.001 info={'t': 31, 'risk': 0.0, 'early_gain': 0.0, 'fp_risk': 0.0, 'act_cost': 0.05}
[ep=03 t=0031] choose_plan=1 action=2 reward=-0.009 info={'t': 32, 'risk': 0.0, 'early_gain': 0.0, 'fp_risk': 0.0, 'act_cost': 0.45}
[ep=03 t=0032] choose_plan=0 action=0 reward=-0.001 info={'t': 33, 'risk': 0.0, 'early_gain': 0.0, 'fp_risk': 0.0, 'act_cost': 0.05}
[ep=03 t=0033] choose_plan=0 action=0 reward=-0.001 info={'t': 34, 'risk': 0.0, 'early_gain': 0.0, 'fp_risk': 0.0, 'act_cost': 0.05}
[ep=03 t=0034] choose_plan=0 action=0 reward=-0.001 info={'t': 35, 'risk': 0.0, 'early_gain': 0.0, 'fp_risk': 0.0, 'act_cost': 0.05}
[ep=03 t=0035] choose_plan=0 action=0 reward=-0.001 info={'t': 36, 'risk': 0.0, 'early_gain': 0.0, 'fp_risk': 0.0, 'act_cost': 0.05}
[ep=03 t=0036] choose_plan=0 action=0 reward=-0.001 info={'t': 37, 'risk': 0.0, 'early_gain': 0.0, 'fp_risk': 0.0, 'act_cost': 0.05}
[ep=03 t=0037] choose_plan=0 action=0 reward=-0.001 info={'t': 38, 'risk': 0.0, 'early_gain': 0.0, 'fp_risk': 0.0, 'act_cost': 0.05}
[ep=03 t=0038] choose_plan=0 action=0 reward=-0.001 info={'t': 39, 'risk': 0.0, 'early_gain': 0.0, 'fp_risk': 0.0, 'act_cost': 0.05}
[ep=03 t=0039] choose_plan=0 action=0 reward=-0.001 info={'t': 40, 'risk': 0.0, 'early_gain': 0.0, 'fp_risk': 0.0, 'act_cost': 0.05}
[ep=03 t=0040] choose_plan=0 action=0 reward=-0.001 info={'t': 41, 'risk': 0.0, 'early_gain': 0.0, 'fp_risk': 0.0, 'act_cost': 0.05}
[ep=03 t=0041] choose_plan=0 action=0 reward=-0.001 info={'t': 42, 'risk': 0.0, 'early_gain': 0.0, 'fp_risk': 0.0, 'act_cost': 0.05}
[ep=03 t=0042] choose_plan=0 action=0 reward=-0.001 info={'t': 43, 'risk': 0.0, 'early_gain': 0.0, 'fp_risk': 0.0, 'act_cost': 0.05}
[ep=03 t=0043] choose_plan=0 action=0 reward=-0.001 info={'t': 44, 'risk': 0.0, 'early_gain': 0.0, 'fp_risk': 0.0, 'act_cost': 0.05}
[ep=03 t=0044] choose_plan=0 action=0 reward=-0.001 info={'t': 45, 'risk': 0.0, 'early_gain': 0.0, 'fp_risk': 0.0, 'act_cost': 0.05}
[ep=03 t=0045] choose_plan=0 action=0 reward=-0.001 info={'t': 46, 'risk': 0.0, 'early_gain': 0.0, 'fp_risk': 0.0, 'act_cost': 0.05}
[ep=03 t=0046] choose_plan=0 action=0 reward=-0.001 info={'t': 47, 'risk': 0.0, 'early_gain': 0.0, 'fp_risk': 0.0, 'act_cost': 0.05}
[ep=03 t=0047] choose_plan=0 action=0 reward=-0.001 info={'t': 48, 'risk': 0.0, 'early_gain': 0.0, 'fp_risk': 0.0, 'act_cost': 0.05}
[ep=03 t=0048] choose_plan=0 action=0 reward=-0.001 info={'t': 49, 'risk': 0.0, 'early_gain': 0.0, 'fp_risk': 0.0, 'act_cost': 0.05}
[ep=03 t=0049] choose_plan=0 action=0 reward=-0.001 info={'t': 50, 'risk': 0.0, 'early_gain': 0.0, 'fp_risk': 0.0, 'act_cost': 0.05}
[ep=03 t=0050] choose_plan=0 action=0 reward=-0.001 info={'t': 51, 'risk': 0.0, 'early_gain': 0.0, 'fp_risk': 0.0, 'act_cost': 0.05}
[ep=03 t=0051] choose_plan=0 action=0 reward=-0.001 info={'t': 52, 'risk': 0.0, 'early_gain': 0.0, 'fp_risk': 0.0, 'act_cost': 0.05}
[ep=03 t=0052] choose_plan=0 action=0 reward=-0.001 info={'t': 53, 'risk': 0.0, 'early_gain': 0.0, 'fp_risk': 0.0, 'act_cost': 0.05}
[ep=03 t=0053] choose_plan=0 action=0 reward=-0.001 info={'t': 54, 'risk': 0.0, 'early_gain': 0.0, 'fp_risk': 0.0, 'act_cost': 0.05}
[ep=03 t=0054] choose_plan=0 action=0 reward=-0.001 info={'t': 55, 'risk': 0.0, 'early_gain': 0.0, 'fp_risk': 0.0, 'act_cost': 0.05}
[ep=03 t=0055] choose_plan=0 action=0 reward=-0.001 info={'t': 56, 'risk': 0.0, 'early_gain': 0.0, 'fp_risk': 0.0, 'act_cost': 0.05}
[ep=03 t=0056] choose_plan=0 action=0 reward=-0.001 info={'t': 57, 'risk': 0.0, 'early_gain': 0.0, 'fp_risk': 0.0, 'act_cost': 0.05}
[ep=03 t=0057] choose_plan=0 action=0 reward=-0.001 info={'t': 58, 'risk': 0.0, 'early_gain': 0.0, 'fp_risk': 0.0, 'act_cost': 0.05}
[ep=03 t=0058] choose_plan=1 action=0 reward=-0.001 info={'t': 59, 'risk': 0.0, 'early_gain': 0.0, 'fp_risk': 0.0, 'act_cost': 0.05}
[ep=03 t=0059] choose_plan=0 action=0 reward=-0.001 info={'t': 60, 'risk': 0.0, 'early_gain': 0.0, 'fp_risk': 0.0, 'act_cost': 0.05}
[ep=03 t=0060] choose_plan=0 action=0 reward=-0.001 info={'t': 61, 'risk': 0.0, 'early_gain': 0.0, 'fp_risk': 0.0, 'act_cost': 0.05}
[ep=03 t=0061] choose_plan=0 action=0 reward=-0.001 info={'t': 62, 'risk': 0.0, 'early_gain': 0.0, 'fp_risk': 0.0, 'act_cost': 0.05}
[ep=03 t=0062] choose_plan=0 action=0 reward=-0.001 info={'t': 63, 'risk': 0.0, 'early_gain': 0.0, 'fp_risk': 0.0, 'act_cost': 0.05}
[ep=03 t=0063] choose_plan=0 action=0 reward=-0.001 info={'t': 64, 'risk': 0.0, 'early_gain': 0.0, 'fp_risk': 0.0, 'act_cost': 0.05}
[ep=03 t=0064] choose_plan=0 action=0 reward=-0.001 info={'t': 65, 'risk': 0.0, 'early_gain': 0.0, 'fp_risk': 0.0, 'act_cost': 0.05}
[ep=03 t=0065] choose_plan=0 action=0 reward=-0.001 info={'t': 66, 'risk': 0.0, 'early_gain': 0.0, 'fp_risk': 0.0, 'act_cost': 0.05}
[ep=03 t=0066] choose_plan=0 action=0 reward=-0.001 info={'t': 67, 'risk': 0.0, 'early_gain': 0.0, 'fp_risk': 0.0, 'act_cost': 0.05}
[ep=03 t=0067] choose_plan=0 action=0 reward=-0.001 info={'t': 68, 'risk': 0.0, 'early_gain': 0.0, 'fp_risk': 0.0, 'act_cost': 0.05}
[ep=03 t=0068] choose_plan=0 action=0 reward=-0.001 info={'t': 69, 'risk': 0.0, 'early_gain': 0.0, 'fp_risk': 0.0, 'act_cost': 0.05}
[ep=03 t=0069] choose_plan=0 action=0 reward=-0.001 info={'t': 70, 'risk': 0.0, 'early_gain': 0.0, 'fp_risk': 0.0, 'act_cost': 0.05}
[ep=03 t=0070] choose_plan=0 action=0 reward=-0.001 info={'t': 71, 'risk': 0.0, 'early_gain': 0.0, 'fp_risk': 0.0, 'act_cost': 0.05}
[ep=03 t=0071] choose_plan=0 action=0 reward=-0.001 info={'t': 72, 'risk': 0.0, 'early_gain': 0.0, 'fp_risk': 0.0, 'act_cost': 0.05}
[ep=03 t=0072] choose_plan=0 action=0 reward=-0.001 info={'t': 73, 'risk': 0.0, 'early_gain': 0.0, 'fp_risk': 0.0, 'act_cost': 0.05}
[ep=03 t=0073] choose_plan=0 action=0 reward=-0.001 info={'t': 74, 'risk': 0.0, 'early_gain': 0.0, 'fp_risk': 0.0, 'act_cost': 0.05}
[ep=03 t=0074] choose_plan=0 action=0 reward=-0.001 info={'t': 75, 'risk': 0.0, 'early_gain': 0.0, 'fp_risk': 0.0, 'act_cost': 0.05}
[ep=03 t=0075] choose_plan=0 action=0 reward=-0.001 info={'t': 76, 'risk': 0.0, 'early_gain': 0.0, 'fp_risk': 0.0, 'act_cost': 0.05}
[ep=03 t=0076] choose_plan=0 action=0 reward=-0.001 info={'t': 77, 'risk': 0.0, 'early_gain': 0.0, 'fp_risk': 0.0, 'act_cost': 0.05}
[ep=03 t=0077] choose_plan=0 action=0 reward=-0.001 info={'t': 78, 'risk': 0.0, 'early_gain': 0.0, 'fp_risk': 0.0, 'act_cost': 0.05}
[ep=03 t=0078] choose_plan=0 action=0 reward=-0.001 info={'t': 79, 'risk': 0.0, 'early_gain': 0.0, 'fp_risk': 0.0, 'act_cost': 0.05}
[ep=03 t=0079] choose_plan=0 action=0 reward=-0.001 info={'t': 80, 'risk': 0.0, 'early_gain': 0.0, 'fp_risk': 0.0, 'act_cost': 0.05}
[ep=03 t=0080] choose_plan=1 action=2 reward=-0.009 info={'t': 81, 'risk': 0.0, 'early_gain': 0.0, 'fp_risk': 0.0, 'act_cost': 0.45}
[ep=03 t=0081] choose_plan=0 action=0 reward=-0.001 info={'t': 82, 'risk': 0.0, 'early_gain': 0.0, 'fp_risk': 0.0, 'act_cost': 0.05}
[ep=03 t=0082] choose_plan=0 action=0 reward=-0.001 info={'t': 83, 'risk': 0.0, 'early_gain': 0.0, 'fp_risk': 0.0, 'act_cost': 0.05}
[ep=03 t=0083] choose_plan=0 action=0 reward=-0.001 info={'t': 84, 'risk': 0.0, 'early_gain': 0.0, 'fp_risk': 0.0, 'act_cost': 0.05}
[ep=03 t=0084] choose_plan=0 action=0 reward=-0.001 info={'t': 85, 'risk': 0.0, 'early_gain': 0.0, 'fp_risk': 0.0, 'act_cost': 0.05}
[ep=03 t=0085] choose_plan=0 action=0 reward=-0.001 info={'t': 86, 'risk': 0.0, 'early_gain': 0.0, 'fp_risk': 0.0, 'act_cost': 0.05}
[ep=03 t=0086] choose_plan=1 action=2 reward=-0.009 info={'t': 87, 'risk': 0.0, 'early_gain': 0.0, 'fp_risk': 0.0, 'act_cost': 0.45}
[ep=03 t=0087] choose_plan=0 action=0 reward=-0.001 info={'t': 88, 'risk': 0.0, 'early_gain': 0.0, 'fp_risk': 0.0, 'act_cost': 0.05}
[ep=03 t=0088] choose_plan=0 action=0 reward=-0.001 info={'t': 89, 'risk': 0.0, 'early_gain': 0.0, 'fp_risk': 0.0, 'act_cost': 0.05}
[ep=03 t=0089] choose_plan=0 action=0 reward=-0.001 info={'t': 90, 'risk': 0.0, 'early_gain': 0.0, 'fp_risk': 0.0, 'act_cost': 0.05}
[ep=03 t=0090] choose_plan=1 action=0 reward=-0.001 info={'t': 91, 'risk': 0.0, 'early_gain': 0.0, 'fp_risk': 0.0, 'act_cost': 0.05}
[ep=03 t=0091] choose_plan=0 action=0 reward=-0.001 info={'t': 92, 'risk': 0.0, 'early_gain': 0.0, 'fp_risk': 0.0, 'act_cost': 0.05}
[ep=03 t=0092] choose_plan=0 action=0 reward=-0.001 info={'t': 93, 'risk': 0.0, 'early_gain': 0.0, 'fp_risk': 0.0, 'act_cost': 0.05}
[ep=03 t=0093] choose_plan=0 action=0 reward=-0.001 info={'t': 94, 'risk': 0.0, 'early_gain': 0.0, 'fp_risk': 0.0, 'act_cost': 0.05}
[ep=03 t=0094] choose_plan=0 action=0 reward=-0.001 info={'t': 95, 'risk': 0.0, 'early_gain': 0.0, 'fp_risk': 0.0, 'act_cost': 0.05}
[ep=03 t=0095] choose_plan=1 action=2 reward=-0.009 info={'t': 96, 'risk': 0.0, 'early_gain': 0.0, 'fp_risk': 0.0, 'act_cost': 0.45}
[ep=03 t=0096] choose_plan=1 action=2 reward=-0.009 info={'t': 97, 'risk': 0.0, 'early_gain': 0.0, 'fp_risk': 0.0, 'act_cost': 0.45}
[ep=03 t=0097] choose_plan=0 action=0 reward=-0.001 info={'t': 98, 'risk': 0.0, 'early_gain': 0.0, 'fp_risk': 0.0, 'act_cost': 0.05}
[ep=03 t=0098] choose_plan=0 action=0 reward=-0.001 info={'t': 99, 'risk': 0.0, 'early_gain': 0.0, 'fp_risk': 0.0, 'act_cost': 0.05}
[ep=03 t=0099] choose_plan=0 action=0 reward=-0.001 info={'t': 100, 'risk': 0.0, 'early_gain': 0.0, 'fp_risk': 0.0, 'act_cost': 0.05}
[ep=03 t=0100] choose_plan=0 action=0 reward=-0.001 info={'t': 101, 'risk': 0.0, 'early_gain': 0.0, 'fp_risk': 0.0, 'act_cost': 0.05}
[ep=03 t=0101] choose_plan=1 action=0 reward=-0.001 info={'t': 102, 'risk': 0.0, 'early_gain': 0.0, 'fp_risk': 0.0, 'act_cost': 0.05}
[ep=03 t=0102] choose_plan=0 action=0 reward=-0.001 info={'t': 103, 'risk': 0.0, 'early_gain': 0.0, 'fp_risk': 0.0, 'act_cost': 0.05}
[ep=03 t=0103] choose_plan=0 action=0 reward=-0.001 info={'t': 104, 'risk': 0.0, 'early_gain': 0.0, 'fp_risk': 0.0, 'act_cost': 0.05}
[ep=03 t=0104] choose_plan=0 action=0 reward=-0.001 info={'t': 105, 'risk': 0.0, 'early_gain': 0.0, 'fp_risk': 0.0, 'act_cost': 0.05}
[ep=03 t=0105] choose_plan=0 action=0 reward=-0.001 info={'t': 106, 'risk': 0.0, 'early_gain': 0.0, 'fp_risk': 0.0, 'act_cost': 0.05}
[ep=03 t=0106] choose_plan=0 action=0 reward=-0.001 info={'t': 107, 'risk': 0.0, 'early_gain': 0.0, 'fp_risk': 0.0, 'act_cost': 0.05}
[ep=03 t=0107] choose_plan=0 action=0 reward=-0.001 info={'t': 108, 'risk': 0.0, 'early_gain': 0.0, 'fp_risk': 0.0, 'act_cost': 0.05}
[ep=03 t=0108] choose_plan=1 action=0 reward=-0.001 info={'t': 109, 'risk': 0.0, 'early_gain': 0.0, 'fp_risk': 0.0, 'act_cost': 0.05}
[ep=03 t=0109] choose_plan=0 action=0 reward=-0.001 info={'t': 110, 'risk': 0.0, 'early_gain': 0.0, 'fp_risk': 0.0, 'act_cost': 0.05}
[ep=03 t=0110] choose_plan=0 action=0 reward=-0.001 info={'t': 111, 'risk': 0.0, 'early_gain': 0.0, 'fp_risk': 0.0, 'act_cost': 0.05}
[ep=03 t=0111] choose_plan=0 action=0 reward=-0.001 info={'t': 112, 'risk': 0.0, 'early_gain': 0.0, 'fp_risk': 0.0, 'act_cost': 0.05}
[ep=03 t=0112] choose_plan=0 action=0 reward=-0.001 info={'t': 113, 'risk': 0.0, 'early_gain': 0.0, 'fp_risk': 0.0, 'act_cost': 0.05}
[ep=03 t=0113] choose_plan=0 action=0 reward=-0.001 info={'t': 114, 'risk': 0.0, 'early_gain': 0.0, 'fp_risk': 0.0, 'act_cost': 0.05}
[ep=03 t=0114] choose_plan=0 action=0 reward=-0.001 info={'t': 115, 'risk': 0.0, 'early_gain': 0.0, 'fp_risk': 0.0, 'act_cost': 0.05}
[ep=03 t=0115] choose_plan=0 action=0 reward=-0.001 info={'t': 116, 'risk': 0.0, 'early_gain': 0.0, 'fp_risk': 0.0, 'act_cost': 0.05}
[ep=03 t=0116] choose_plan=0 action=0 reward=-0.001 info={'t': 117, 'risk': 0.0, 'early_gain': 0.0, 'fp_risk': 0.0, 'act_cost': 0.05}
[ep=03 t=0117] choose_plan=0 action=0 reward=-0.001 info={'t': 118, 'risk': 0.0, 'early_gain': 0.0, 'fp_risk': 0.0, 'act_cost': 0.05}
[ep=03 t=0118] choose_plan=0 action=0 reward=-0.001 info={'t': 119, 'risk': 0.0, 'early_gain': 0.0, 'fp_risk': 0.0, 'act_cost': 0.05}
[ep=03 t=0119] choose_plan=0 action=0 reward=-0.001 info={'t': 120, 'risk': 0.0, 'early_gain': 0.0, 'fp_risk': 0.0, 'act_cost': 0.05}
[ep=03 t=0120] choose_plan=0 action=0 reward=-0.001 info={'t': 121, 'risk': 0.0, 'early_gain': 0.0, 'fp_risk': 0.0, 'act_cost': 0.05}
[ep=03 t=0121] choose_plan=0 action=0 reward=-0.001 info={'t': 122, 'risk': 0.0, 'early_gain': 0.0, 'fp_risk': 0.0, 'act_cost': 0.05}
[ep=03 t=0122] choose_plan=0 action=0 reward=-0.001 info={'t': 123, 'risk': 0.0, 'early_gain': 0.0, 'fp_risk': 0.0, 'act_cost': 0.05}
[ep=03 t=0123] choose_plan=0 action=0 reward=-0.001 info={'t': 124, 'risk': 0.0, 'early_gain': 0.0, 'fp_risk': 0.0, 'act_cost': 0.05}
[ep=03 t=0124] choose_plan=0 action=0 reward=-0.001 info={'t': 125, 'risk': 0.0, 'early_gain': 0.0, 'fp_risk': 0.0, 'act_cost': 0.05}
[ep=03 t=0125] choose_plan=0 action=0 reward=-0.001 info={'t': 126, 'risk': 0.0, 'early_gain': 0.0, 'fp_risk': 0.0, 'act_cost': 0.05}
[ep=03 t=0126] choose_plan=0 action=0 reward=-0.001 info={'t': 127, 'risk': 0.0, 'early_gain': 0.0, 'fp_risk': 0.0, 'act_cost': 0.05}
[ep=03 t=0127] choose_plan=0 action=0 reward=-0.001 info={'t': 128, 'risk': 0.0, 'early_gain': 0.0, 'fp_risk': 0.0, 'act_cost': 0.05}
[ep=03 t=0128] choose_plan=0 action=0 reward=-0.001 info={'t': 129, 'risk': 0.0, 'early_gain': 0.0, 'fp_risk': 0.0, 'act_cost': 0.05}
[ep=03 t=0129] choose_plan=0 action=0 reward=-0.001 info={'t': 130, 'risk': 0.0, 'early_gain': 0.0, 'fp_risk': 0.0, 'act_cost': 0.05}
[ep=03 t=0130] choose_plan=0 action=0 reward=-0.001 info={'t': 131, 'risk': 0.0, 'early_gain': 0.0, 'fp_risk': 0.0, 'act_cost': 0.05}
[ep=03 t=0131] choose_plan=1 action=0 reward=-0.001 info={'t': 132, 'risk': 0.0, 'early_gain': 0.0, 'fp_risk': 0.0, 'act_cost': 0.05}
[ep=03 t=0132] choose_plan=0 action=0 reward=-0.001 info={'t': 133, 'risk': 0.0, 'early_gain': 0.0, 'fp_risk': 0.0, 'act_cost': 0.05}
[ep=03 t=0133] choose_plan=0 action=0 reward=-0.001 info={'t': 134, 'risk': 0.0, 'early_gain': 0.0, 'fp_risk': 0.0, 'act_cost': 0.05}
[ep=03 t=0134] choose_plan=0 action=0 reward=-0.001 info={'t': 135, 'risk': 0.0, 'early_gain': 0.0, 'fp_risk': 0.0, 'act_cost': 0.05}
[ep=03 t=0135] choose_plan=0 action=0 reward=-0.001 info={'t': 136, 'risk': 0.0, 'early_gain': 0.0, 'fp_risk': 0.0, 'act_cost': 0.05}
[ep=03 t=0136] choose_plan=1 action=0 reward=-0.001 info={'t': 137, 'risk': 0.0, 'early_gain': 0.0, 'fp_risk': 0.0, 'act_cost': 0.05}
[ep=03 t=0137] choose_plan=0 action=0 reward=-0.001 info={'t': 138, 'risk': 0.0, 'early_gain': 0.0, 'fp_risk': 0.0, 'act_cost': 0.05}
[ep=03 t=0138] choose_plan=0 action=0 reward=-0.001 info={'t': 139, 'risk': 0.0, 'early_gain': 0.0, 'fp_risk': 0.0, 'act_cost': 0.05}
[ep=03 t=0139] choose_plan=1 action=2 reward=-0.009 info={'t': 140, 'risk': 0.0, 'early_gain': 0.0, 'fp_risk': 0.0, 'act_cost': 0.45}
[ep=03 t=0140] choose_plan=0 action=0 reward=-0.001 info={'t': 141, 'risk': 0.0, 'early_gain': 0.0, 'fp_risk': 0.0, 'act_cost': 0.05}
[ep=03 t=0141] choose_plan=0 action=0 reward=-0.001 info={'t': 142, 'risk': 0.0, 'early_gain': 0.0, 'fp_risk': 0.0, 'act_cost': 0.05}
[ep=03 t=0142] choose_plan=0 action=0 reward=-0.001 info={'t': 143, 'risk': 0.0, 'early_gain': 0.0, 'fp_risk': 0.0, 'act_cost': 0.05}
[ep=03 t=0143] choose_plan=0 action=0 reward=-0.001 info={'t': 144, 'risk': 0.0, 'early_gain': 0.0, 'fp_risk': 0.0, 'act_cost': 0.05}
[ep=03 t=0144] choose_plan=1 action=0 reward=-0.001 info={'t': 145, 'risk': 0.0, 'early_gain': 0.0, 'fp_risk': 0.0, 'act_cost': 0.05}
[ep=03 t=0145] choose_plan=0 action=0 reward=-0.001 info={'t': 146, 'risk': 0.0, 'early_gain': 0.0, 'fp_risk': 0.0, 'act_cost': 0.05}
[ep=03 t=0146] choose_plan=0 action=0 reward=-0.001 info={'t': 147, 'risk': 0.0, 'early_gain': 0.0, 'fp_risk': 0.0, 'act_cost': 0.05}
[ep=03 t=0147] choose_plan=0 action=0 reward=-0.001 info={'t': 148, 'risk': 0.0, 'early_gain': 0.0, 'fp_risk': 0.0, 'act_cost': 0.05}
[ep=03 t=0148] choose_plan=0 action=0 reward=-0.001 info={'t': 149, 'risk': 0.0, 'early_gain': 0.0, 'fp_risk': 0.0, 'act_cost': 0.05}
[ep=03 t=0149] choose_plan=0 action=0 reward=-0.001 info={'t': 150, 'risk': 0.0, 'early_gain': 0.0, 'fp_risk': 0.0, 'act_cost': 0.05}
[ep=03 t=0150] choose_plan=0 action=0 reward=-0.001 info={'t': 151, 'risk': 0.0, 'early_gain': 0.0, 'fp_risk': 0.0, 'act_cost': 0.05}
[ep=03 t=0151] choose_plan=0 action=0 reward=-0.001 info={'t': 152, 'risk': 0.0, 'early_gain': 0.0, 'fp_risk': 0.0, 'act_cost': 0.05}
[ep=03 t=0152] choose_plan=0 action=0 reward=-0.001 info={'t': 153, 'risk': 0.0, 'early_gain': 0.0, 'fp_risk': 0.0, 'act_cost': 0.05}
[ep=03 t=0153] choose_plan=0 action=0 reward=-0.001 info={'t': 154, 'risk': 0.0, 'early_gain': 0.0, 'fp_risk': 0.0, 'act_cost': 0.05}
[ep=03 t=0154] choose_plan=0 action=0 reward=-0.001 info={'t': 155, 'risk': 0.0, 'early_gain': 0.0, 'fp_risk': 0.0, 'act_cost': 0.05}
[ep=03 t=0155] choose_plan=0 action=0 reward=-0.001 info={'t': 156, 'risk': 0.0, 'early_gain': 0.0, 'fp_risk': 0.0, 'act_cost': 0.05}
[ep=03 t=0156] choose_plan=0 action=0 reward=-0.001 info={'t': 157, 'risk': 0.0, 'early_gain': 0.0, 'fp_risk': 0.0, 'act_cost': 0.05}
[ep=03 t=0157] choose_plan=0 action=0 reward=-0.001 info={'t': 158, 'risk': 0.0, 'early_gain': 0.0, 'fp_risk': 0.0, 'act_cost': 0.05}
[ep=03 t=0158] choose_plan=0 action=0 reward=-0.001 info={'t': 159, 'risk': 0.0, 'early_gain': 0.0, 'fp_risk': 0.0, 'act_cost': 0.05}
[ep=03 t=0159] choose_plan=0 action=0 reward=-0.001 info={'t': 160, 'risk': 0.0, 'early_gain': 0.0, 'fp_risk': 0.0, 'act_cost': 0.05}
[ep=03 t=0160] choose_plan=0 action=0 reward=-0.001 info={'t': 161, 'risk': 0.0, 'early_gain': 0.0, 'fp_risk': 0.0, 'act_cost': 0.05}
[ep=03 t=0161] choose_plan=1 action=0 reward=-0.001 info={'t': 162, 'risk': 0.0, 'early_gain': 0.0, 'fp_risk': 0.0, 'act_cost': 0.05}
[ep=03 t=0162] choose_plan=1 action=0 reward=-0.001 info={'t': 163, 'risk': 0.0, 'early_gain': 0.0, 'fp_risk': 0.0, 'act_cost': 0.05}
[ep=03 t=0163] choose_plan=0 action=0 reward=-0.001 info={'t': 164, 'risk': 0.0, 'early_gain': 0.0, 'fp_risk': 0.0, 'act_cost': 0.05}
[ep=03 t=0164] choose_plan=0 action=0 reward=-0.001 info={'t': 165, 'risk': 0.0, 'early_gain': 0.0, 'fp_risk': 0.0, 'act_cost': 0.05}
[ep=03 t=0165] choose_plan=0 action=0 reward=-0.001 info={'t': 166, 'risk': 0.0, 'early_gain': 0.0, 'fp_risk': 0.0, 'act_cost': 0.05}
[ep=03 t=0166] choose_plan=0 action=0 reward=-0.001 info={'t': 167, 'risk': 0.0, 'early_gain': 0.0, 'fp_risk': 0.0, 'act_cost': 0.05}
[ep=03 t=0167] choose_plan=0 action=0 reward=-0.001 info={'t': 168, 'risk': 0.0, 'early_gain': 0.0, 'fp_risk': 0.0, 'act_cost': 0.05}
[ep=03 t=0168] choose_plan=0 action=0 reward=-0.001 info={'t': 169, 'risk': 0.0, 'early_gain': 0.0, 'fp_risk': 0.0, 'act_cost': 0.05}
[ep=03 t=0169] choose_plan=0 action=0 reward=-0.001 info={'t': 170, 'risk': 0.0, 'early_gain': 0.0, 'fp_risk': 0.0, 'act_cost': 0.05}
[ep=03 t=0170] choose_plan=0 action=0 reward=-0.001 info={'t': 171, 'risk': 0.0, 'early_gain': 0.0, 'fp_risk': 0.0, 'act_cost': 0.05}
[ep=03 t=0171] choose_plan=0 action=0 reward=-0.001 info={'t': 172, 'risk': 0.0, 'early_gain': 0.0, 'fp_risk': 0.0, 'act_cost': 0.05}
[ep=03 t=0172] choose_plan=1 action=0 reward=-0.001 info={'t': 173, 'risk': 0.0, 'early_gain': 0.0, 'fp_risk': 0.0, 'act_cost': 0.05}
[ep=03 t=0173] choose_plan=0 action=0 reward=-0.001 info={'t': 174, 'risk': 0.0, 'early_gain': 0.0, 'fp_risk': 0.0, 'act_cost': 0.05}
[ep=03 t=0174] choose_plan=0 action=0 reward=-0.001 info={'t': 175, 'risk': 0.0, 'early_gain': 0.0, 'fp_risk': 0.0, 'act_cost': 0.05}
[ep=03 t=0175] choose_plan=0 action=0 reward=-0.001 info={'t': 176, 'risk': 0.0, 'early_gain': 0.0, 'fp_risk': 0.0, 'act_cost': 0.05}
[ep=03 t=0176] choose_plan=0 action=0 reward=-0.001 info={'t': 177, 'risk': 0.0, 'early_gain': 0.0, 'fp_risk': 0.0, 'act_cost': 0.05}
[ep=03 t=0177] choose_plan=0 action=0 reward=-0.001 info={'t': 178, 'risk': 0.0, 'early_gain': 0.0, 'fp_risk': 0.0, 'act_cost': 0.05}
[ep=03 t=0178] choose_plan=0 action=0 reward=-0.001 info={'t': 179, 'risk': 0.0, 'early_gain': 0.0, 'fp_risk': 0.0, 'act_cost': 0.05}
[ep=03 t=0179] choose_plan=0 action=0 reward=-0.001 info={'t': 180, 'risk': 0.0, 'early_gain': 0.0, 'fp_risk': 0.0, 'act_cost': 0.05}
[ep=03 t=0180] choose_plan=0 action=0 reward=-0.001 info={'t': 181, 'risk': 0.0, 'early_gain': 0.0, 'fp_risk': 0.0, 'act_cost': 0.05}
[ep=03 t=0181] choose_plan=0 action=0 reward=-0.001 info={'t': 182, 'risk': 0.0, 'early_gain': 0.0, 'fp_risk': 0.0, 'act_cost': 0.05}
[ep=03 t=0182] choose_plan=0 action=0 reward=-0.001 info={'t': 183, 'risk': 0.0, 'early_gain': 0.0, 'fp_risk': 0.0, 'act_cost': 0.05}
[ep=03 t=0183] choose_plan=0 action=0 reward=-0.001 info={'t': 184, 'risk': 0.0, 'early_gain': 0.0, 'fp_risk': 0.0, 'act_cost': 0.05}
[ep=03 t=0184] choose_plan=0 action=0 reward=-0.001 info={'t': 185, 'risk': 0.0, 'early_gain': 0.0, 'fp_risk': 0.0, 'act_cost': 0.05}
[ep=03 t=0185] choose_plan=0 action=0 reward=-0.001 info={'t': 186, 'risk': 0.0, 'early_gain': 0.0, 'fp_risk': 0.0, 'act_cost': 0.05}
[ep=03 t=0186] choose_plan=0 action=0 reward=-0.001 info={'t': 187, 'risk': 0.0, 'early_gain': 0.0, 'fp_risk': 0.0, 'act_cost': 0.05}
[ep=03 t=0187] choose_plan=0 action=0 reward=-0.001 info={'t': 188, 'risk': 0.0, 'early_gain': 0.0, 'fp_risk': 0.0, 'act_cost': 0.05}
[ep=03 t=0188] choose_plan=0 action=0 reward=-0.001 info={'t': 189, 'risk': 0.0, 'early_gain': 0.0, 'fp_risk': 0.0, 'act_cost': 0.05}
[ep=03 t=0189] choose_plan=1 action=0 reward=-0.001 info={'t': 190, 'risk': 0.0, 'early_gain': 0.0, 'fp_risk': 0.0, 'act_cost': 0.05}
[ep=03 t=0190] choose_plan=0 action=0 reward=-0.001 info={'t': 191, 'risk': 0.0, 'early_gain': 0.0, 'fp_risk': 0.0, 'act_cost': 0.05}
[ep=03 t=0191] choose_plan=0 action=0 reward=-0.001 info={'t': 192, 'risk': 0.0, 'early_gain': 0.0, 'fp_risk': 0.0, 'act_cost': 0.05}
[ep=03 t=0192] choose_plan=1 action=0 reward=-0.001 info={'t': 193, 'risk': 0.0, 'early_gain': 0.0, 'fp_risk': 0.0, 'act_cost': 0.05}
[ep=03 t=0193] choose_plan=0 action=0 reward=-0.001 info={'t': 194, 'risk': 0.0, 'early_gain': 0.0, 'fp_risk': 0.0, 'act_cost': 0.05}
[ep=03 t=0194] choose_plan=0 action=0 reward=-0.001 info={'t': 195, 'risk': 0.0, 'early_gain': 0.0, 'fp_risk': 0.0, 'act_cost': 0.05}
[ep=03 t=0195] choose_plan=0 action=0 reward=-0.001 info={'t': 196, 'risk': 0.0, 'early_gain': 0.0, 'fp_risk': 0.0, 'act_cost': 0.05}
[ep=03 t=0196] choose_plan=1 action=0 reward=-0.001 info={'t': 197, 'risk': 0.0, 'early_gain': 0.0, 'fp_risk': 0.0, 'act_cost': 0.05}
[ep=03 t=0197] choose_plan=0 action=0 reward=-0.001 info={'t': 198, 'risk': 0.0, 'early_gain': 0.0, 'fp_risk': 0.0, 'act_cost': 0.05}
[ep=03 t=0198] choose_plan=0 action=0 reward=-0.001 info={'t': 199, 'risk': 0.0, 'early_gain': 0.0, 'fp_risk': 0.0, 'act_cost': 0.05}
[ep=03 t=0199] choose_plan=0 action=0 reward=-0.001 info={'t': 200, 'risk': 0.0, 'early_gain': 0.0, 'fp_risk': 0.0, 'act_cost': 0.05}
# episode_summary {"episode": 3, "reward_mean": -0.0013200000000000009, "reward_min": -0.009000000000000001, "reward_max": -0.001, "steps": 200, "unique_actions": 2, "top5_actions": [[0, 192], [2, 8]]}

# ===== EPISODE 4 =====
[ep=04 t=0000] choose_plan=0 action=0 reward=-0.001 info={'t': 1, 'risk': 0.06776536152904977, 'early_gain': 0.0, 'fp_risk': 0.0, 'act_cost': 0.05}
[ep=04 t=0001] choose_plan=0 action=0 reward=-0.001 info={'t': 2, 'risk': 0.06776536152904977, 'early_gain': 0.0, 'fp_risk': 0.0, 'act_cost': 0.05}
[ep=04 t=0002] choose_plan=0 action=0 reward=-0.001 info={'t': 3, 'risk': 0.06776536152904977, 'early_gain': 0.0, 'fp_risk': 0.0, 'act_cost': 0.05}
[ep=04 t=0003] choose_plan=0 action=0 reward=-0.001 info={'t': 4, 'risk': 0.06776536152904977, 'early_gain': 0.0, 'fp_risk': 0.0, 'act_cost': 0.05}
[ep=04 t=0004] choose_plan=0 action=0 reward=-0.001 info={'t': 5, 'risk': 0.06776536152904977, 'early_gain': 0.0, 'fp_risk': 0.0, 'act_cost': 0.05}
[ep=04 t=0005] choose_plan=0 action=0 reward=-0.001 info={'t': 6, 'risk': 0.06776536152904977, 'early_gain': 0.0, 'fp_risk': 0.0, 'act_cost': 0.05}
[ep=04 t=0006] choose_plan=0 action=0 reward=-0.001 info={'t': 7, 'risk': 0.06776536152904977, 'early_gain': 0.0, 'fp_risk': 0.0, 'act_cost': 0.05}
[ep=04 t=0007] choose_plan=0 action=0 reward=-0.001 info={'t': 8, 'risk': 0.06776536152904977, 'early_gain': 0.0, 'fp_risk': 0.0, 'act_cost': 0.05}
[ep=04 t=0008] choose_plan=0 action=0 reward=-0.001 info={'t': 9, 'risk': 0.06776536152904977, 'early_gain': 0.0, 'fp_risk': 0.0, 'act_cost': 0.05}
[ep=04 t=0009] choose_plan=0 action=0 reward=-0.001 info={'t': 10, 'risk': 0.06776536152904977, 'early_gain': 0.0, 'fp_risk': 0.0, 'act_cost': 0.05}
[ep=04 t=0010] choose_plan=0 action=0 reward=-0.001 info={'t': 11, 'risk': 0.06776536152904977, 'early_gain': 0.0, 'fp_risk': 0.0, 'act_cost': 0.05}
[ep=04 t=0011] choose_plan=1 action=2 reward=-0.009 info={'t': 12, 'risk': 0.050933971525721655, 'early_gain': 0.0, 'fp_risk': 0.0, 'act_cost': 0.45}
[ep=04 t=0012] choose_plan=0 action=0 reward=-0.001 info={'t': 13, 'risk': 0.050933971525721655, 'early_gain': 0.0, 'fp_risk': 0.0, 'act_cost': 0.05}
[ep=04 t=0013] choose_plan=0 action=0 reward=-0.001 info={'t': 14, 'risk': 0.050933971525721655, 'early_gain': 0.0, 'fp_risk': 0.0, 'act_cost': 0.05}
[ep=04 t=0014] choose_plan=0 action=0 reward=-0.001 info={'t': 15, 'risk': 0.050933971525721655, 'early_gain': 0.0, 'fp_risk': 0.0, 'act_cost': 0.05}
[ep=04 t=0015] choose_plan=0 action=0 reward=-0.001 info={'t': 16, 'risk': 0.050933971525721655, 'early_gain': 0.0, 'fp_risk': 0.0, 'act_cost': 0.05}
[ep=04 t=0016] choose_plan=0 action=0 reward=-0.001 info={'t': 17, 'risk': 0.050933971525721655, 'early_gain': 0.0, 'fp_risk': 0.0, 'act_cost': 0.05}
[ep=04 t=0017] choose_plan=0 action=0 reward=-0.001 info={'t': 18, 'risk': 0.050933971525721655, 'early_gain': 0.0, 'fp_risk': 0.0, 'act_cost': 0.05}
[ep=04 t=0018] choose_plan=0 action=0 reward=-0.001 info={'t': 19, 'risk': 0.050933971525721655, 'early_gain': 0.0, 'fp_risk': 0.0, 'act_cost': 0.05}
[ep=04 t=0019] choose_plan=0 action=0 reward=-0.001 info={'t': 20, 'risk': 0.050933971525721655, 'early_gain': 0.0, 'fp_risk': 0.0, 'act_cost': 0.05}
[ep=04 t=0020] choose_plan=0 action=0 reward=-0.001 info={'t': 21, 'risk': 0.050933971525721655, 'early_gain': 0.0, 'fp_risk': 0.0, 'act_cost': 0.05}
[ep=04 t=0021] choose_plan=0 action=0 reward=-0.001 info={'t': 22, 'risk': 0.050933971525721655, 'early_gain': 0.0, 'fp_risk': 0.0, 'act_cost': 0.05}
[ep=04 t=0022] choose_plan=0 action=0 reward=-0.001 info={'t': 23, 'risk': 0.050933971525721655, 'early_gain': 0.0, 'fp_risk': 0.0, 'act_cost': 0.05}
[ep=04 t=0023] choose_plan=0 action=0 reward=-0.001 info={'t': 24, 'risk': 0.050933971525721655, 'early_gain': 0.0, 'fp_risk': 0.0, 'act_cost': 0.05}
[ep=04 t=0024] choose_plan=0 action=0 reward=-0.001 info={'t': 25, 'risk': 0.050933971525721655, 'early_gain': 0.0, 'fp_risk': 0.0, 'act_cost': 0.05}
[ep=04 t=0025] choose_plan=1 action=2 reward=-0.009 info={'t': 26, 'risk': 0.030725706051788565, 'early_gain': 0.0, 'fp_risk': 0.0, 'act_cost': 0.45}
[ep=04 t=0026] choose_plan=0 action=0 reward=-0.001 info={'t': 27, 'risk': 0.030725706051788565, 'early_gain': 0.0, 'fp_risk': 0.0, 'act_cost': 0.05}
[ep=04 t=0027] choose_plan=0 action=0 reward=-0.001 info={'t': 28, 'risk': 0.030725706051788565, 'early_gain': 0.0, 'fp_risk': 0.0, 'act_cost': 0.05}
[ep=04 t=0028] choose_plan=0 action=0 reward=-0.001 info={'t': 29, 'risk': 0.030725706051788565, 'early_gain': 0.0, 'fp_risk': 0.0, 'act_cost': 0.05}
[ep=04 t=0029] choose_plan=1 action=0 reward=-0.001 info={'t': 30, 'risk': 0.030725706051788565, 'early_gain': 0.0, 'fp_risk': 0.0, 'act_cost': 0.05}
[ep=04 t=0030] choose_plan=0 action=0 reward=-0.001 info={'t': 31, 'risk': 0.030725706051788565, 'early_gain': 0.0, 'fp_risk': 0.0, 'act_cost': 0.05}
[ep=04 t=0031] choose_plan=0 action=0 reward=-0.001 info={'t': 32, 'risk': 0.030725706051788565, 'early_gain': 0.0, 'fp_risk': 0.0, 'act_cost': 0.05}
[ep=04 t=0032] choose_plan=0 action=0 reward=-0.001 info={'t': 33, 'risk': 0.030725706051788565, 'early_gain': 0.0, 'fp_risk': 0.0, 'act_cost': 0.05}
[ep=04 t=0033] choose_plan=0 action=0 reward=-0.001 info={'t': 34, 'risk': 0.030725706051788565, 'early_gain': 0.0, 'fp_risk': 0.0, 'act_cost': 0.05}
[ep=04 t=0034] choose_plan=0 action=0 reward=-0.001 info={'t': 35, 'risk': 0.030725706051788565, 'early_gain': 0.0, 'fp_risk': 0.0, 'act_cost': 0.05}
[ep=04 t=0035] choose_plan=1 action=0 reward=-0.001 info={'t': 36, 'risk': 0.030725706051788565, 'early_gain': 0.0, 'fp_risk': 0.0, 'act_cost': 0.05}
[ep=04 t=0036] choose_plan=0 action=0 reward=-0.001 info={'t': 37, 'risk': 0.030725706051788565, 'early_gain': 0.0, 'fp_risk': 0.0, 'act_cost': 0.05}
[ep=04 t=0037] choose_plan=0 action=0 reward=-0.001 info={'t': 38, 'risk': 0.030725706051788565, 'early_gain': 0.0, 'fp_risk': 0.0, 'act_cost': 0.05}
[ep=04 t=0038] choose_plan=0 action=0 reward=-0.001 info={'t': 39, 'risk': 0.030725706051788565, 'early_gain': 0.0, 'fp_risk': 0.0, 'act_cost': 0.05}
[ep=04 t=0039] choose_plan=0 action=0 reward=-0.001 info={'t': 40, 'risk': 0.030725706051788565, 'early_gain': 0.0, 'fp_risk': 0.0, 'act_cost': 0.05}
[ep=04 t=0040] choose_plan=0 action=0 reward=-0.001 info={'t': 41, 'risk': 0.030725706051788565, 'early_gain': 0.0, 'fp_risk': 0.0, 'act_cost': 0.05}
[ep=04 t=0041] choose_plan=0 action=0 reward=-0.001 info={'t': 42, 'risk': 0.030725706051788565, 'early_gain': 0.0, 'fp_risk': 0.0, 'act_cost': 0.05}
[ep=04 t=0042] choose_plan=0 action=0 reward=-0.001 info={'t': 43, 'risk': 0.030725706051788565, 'early_gain': 0.0, 'fp_risk': 0.0, 'act_cost': 0.05}
[ep=04 t=0043] choose_plan=1 action=2 reward=-0.009 info={'t': 44, 'risk': 0.0, 'early_gain': 0.0, 'fp_risk': 0.0, 'act_cost': 0.45}
[ep=04 t=0044] choose_plan=0 action=0 reward=-0.001 info={'t': 45, 'risk': 0.0, 'early_gain': 0.0, 'fp_risk': 0.0, 'act_cost': 0.05}
[ep=04 t=0045] choose_plan=0 action=0 reward=-0.001 info={'t': 46, 'risk': 0.0, 'early_gain': 0.0, 'fp_risk': 0.0, 'act_cost': 0.05}
[ep=04 t=0046] choose_plan=0 action=0 reward=-0.001 info={'t': 47, 'risk': 0.0, 'early_gain': 0.0, 'fp_risk': 0.0, 'act_cost': 0.05}
[ep=04 t=0047] choose_plan=0 action=0 reward=-0.001 info={'t': 48, 'risk': 0.0, 'early_gain': 0.0, 'fp_risk': 0.0, 'act_cost': 0.05}
[ep=04 t=0048] choose_plan=0 action=0 reward=-0.001 info={'t': 49, 'risk': 0.0, 'early_gain': 0.0, 'fp_risk': 0.0, 'act_cost': 0.05}
[ep=04 t=0049] choose_plan=0 action=0 reward=-0.001 info={'t': 50, 'risk': 0.0, 'early_gain': 0.0, 'fp_risk': 0.0, 'act_cost': 0.05}
[ep=04 t=0050] choose_plan=0 action=0 reward=-0.001 info={'t': 51, 'risk': 0.0, 'early_gain': 0.0, 'fp_risk': 0.0, 'act_cost': 0.05}
[ep=04 t=0051] choose_plan=0 action=0 reward=-0.001 info={'t': 52, 'risk': 0.0, 'early_gain': 0.0, 'fp_risk': 0.0, 'act_cost': 0.05}
[ep=04 t=0052] choose_plan=1 action=0 reward=-0.001 info={'t': 53, 'risk': 0.0, 'early_gain': 0.0, 'fp_risk': 0.0, 'act_cost': 0.05}
[ep=04 t=0053] choose_plan=1 action=0 reward=-0.001 info={'t': 54, 'risk': 0.0, 'early_gain': 0.0, 'fp_risk': 0.0, 'act_cost': 0.05}
[ep=04 t=0054] choose_plan=1 action=0 reward=-0.001 info={'t': 55, 'risk': 0.0, 'early_gain': 0.0, 'fp_risk': 0.0, 'act_cost': 0.05}
[ep=04 t=0055] choose_plan=0 action=0 reward=-0.001 info={'t': 56, 'risk': 0.0, 'early_gain': 0.0, 'fp_risk': 0.0, 'act_cost': 0.05}
[ep=04 t=0056] choose_plan=1 action=2 reward=-0.009 info={'t': 57, 'risk': 0.0, 'early_gain': 0.0, 'fp_risk': 0.0, 'act_cost': 0.45}
[ep=04 t=0057] choose_plan=0 action=0 reward=-0.001 info={'t': 58, 'risk': 0.0, 'early_gain': 0.0, 'fp_risk': 0.0, 'act_cost': 0.05}
[ep=04 t=0058] choose_plan=0 action=0 reward=-0.001 info={'t': 59, 'risk': 0.0, 'early_gain': 0.0, 'fp_risk': 0.0, 'act_cost': 0.05}
[ep=04 t=0059] choose_plan=0 action=0 reward=-0.001 info={'t': 60, 'risk': 0.0, 'early_gain': 0.0, 'fp_risk': 0.0, 'act_cost': 0.05}
[ep=04 t=0060] choose_plan=0 action=0 reward=-0.001 info={'t': 61, 'risk': 0.0, 'early_gain': 0.0, 'fp_risk': 0.0, 'act_cost': 0.05}
[ep=04 t=0061] choose_plan=0 action=0 reward=-0.001 info={'t': 62, 'risk': 0.0, 'early_gain': 0.0, 'fp_risk': 0.0, 'act_cost': 0.05}
[ep=04 t=0062] choose_plan=0 action=0 reward=-0.001 info={'t': 63, 'risk': 0.0, 'early_gain': 0.0, 'fp_risk': 0.0, 'act_cost': 0.05}
[ep=04 t=0063] choose_plan=0 action=0 reward=-0.001 info={'t': 64, 'risk': 0.0, 'early_gain': 0.0, 'fp_risk': 0.0, 'act_cost': 0.05}
[ep=04 t=0064] choose_plan=0 action=0 reward=-0.001 info={'t': 65, 'risk': 0.0, 'early_gain': 0.0, 'fp_risk': 0.0, 'act_cost': 0.05}
[ep=04 t=0065] choose_plan=0 action=0 reward=-0.001 info={'t': 66, 'risk': 0.0, 'early_gain': 0.0, 'fp_risk': 0.0, 'act_cost': 0.05}
[ep=04 t=0066] choose_plan=0 action=0 reward=-0.001 info={'t': 67, 'risk': 0.0, 'early_gain': 0.0, 'fp_risk': 0.0, 'act_cost': 0.05}
[ep=04 t=0067] choose_plan=0 action=0 reward=-0.001 info={'t': 68, 'risk': 0.0, 'early_gain': 0.0, 'fp_risk': 0.0, 'act_cost': 0.05}
[ep=04 t=0068] choose_plan=0 action=0 reward=-0.001 info={'t': 69, 'risk': 0.0, 'early_gain': 0.0, 'fp_risk': 0.0, 'act_cost': 0.05}
[ep=04 t=0069] choose_plan=0 action=0 reward=-0.001 info={'t': 70, 'risk': 0.0, 'early_gain': 0.0, 'fp_risk': 0.0, 'act_cost': 0.05}
[ep=04 t=0070] choose_plan=0 action=0 reward=-0.001 info={'t': 71, 'risk': 0.0, 'early_gain': 0.0, 'fp_risk': 0.0, 'act_cost': 0.05}
[ep=04 t=0071] choose_plan=0 action=0 reward=-0.001 info={'t': 72, 'risk': 0.0, 'early_gain': 0.0, 'fp_risk': 0.0, 'act_cost': 0.05}
[ep=04 t=0072] choose_plan=0 action=0 reward=-0.001 info={'t': 73, 'risk': 0.0, 'early_gain': 0.0, 'fp_risk': 0.0, 'act_cost': 0.05}
[ep=04 t=0073] choose_plan=0 action=0 reward=-0.001 info={'t': 74, 'risk': 0.0, 'early_gain': 0.0, 'fp_risk': 0.0, 'act_cost': 0.05}
[ep=04 t=0074] choose_plan=0 action=0 reward=-0.001 info={'t': 75, 'risk': 0.0, 'early_gain': 0.0, 'fp_risk': 0.0, 'act_cost': 0.05}
[ep=04 t=0075] choose_plan=0 action=0 reward=-0.001 info={'t': 76, 'risk': 0.0, 'early_gain': 0.0, 'fp_risk': 0.0, 'act_cost': 0.05}
[ep=04 t=0076] choose_plan=0 action=0 reward=-0.001 info={'t': 77, 'risk': 0.0, 'early_gain': 0.0, 'fp_risk': 0.0, 'act_cost': 0.05}
[ep=04 t=0077] choose_plan=0 action=0 reward=-0.001 info={'t': 78, 'risk': 0.0, 'early_gain': 0.0, 'fp_risk': 0.0, 'act_cost': 0.05}
[ep=04 t=0078] choose_plan=0 action=0 reward=-0.001 info={'t': 79, 'risk': 0.0, 'early_gain': 0.0, 'fp_risk': 0.0, 'act_cost': 0.05}
[ep=04 t=0079] choose_plan=0 action=0 reward=-0.001 info={'t': 80, 'risk': 0.0, 'early_gain': 0.0, 'fp_risk': 0.0, 'act_cost': 0.05}
[ep=04 t=0080] choose_plan=0 action=0 reward=-0.001 info={'t': 81, 'risk': 0.0, 'early_gain': 0.0, 'fp_risk': 0.0, 'act_cost': 0.05}
[ep=04 t=0081] choose_plan=0 action=0 reward=-0.001 info={'t': 82, 'risk': 0.0, 'early_gain': 0.0, 'fp_risk': 0.0, 'act_cost': 0.05}
[ep=04 t=0082] choose_plan=0 action=0 reward=-0.001 info={'t': 83, 'risk': 0.0, 'early_gain': 0.0, 'fp_risk': 0.0, 'act_cost': 0.05}
[ep=04 t=0083] choose_plan=0 action=0 reward=-0.001 info={'t': 84, 'risk': 0.0, 'early_gain': 0.0, 'fp_risk': 0.0, 'act_cost': 0.05}
[ep=04 t=0084] choose_plan=0 action=0 reward=-0.001 info={'t': 85, 'risk': 0.0, 'early_gain': 0.0, 'fp_risk': 0.0, 'act_cost': 0.05}
[ep=04 t=0085] choose_plan=0 action=0 reward=-0.001 info={'t': 86, 'risk': 0.0, 'early_gain': 0.0, 'fp_risk': 0.0, 'act_cost': 0.05}
[ep=04 t=0086] choose_plan=0 action=0 reward=-0.001 info={'t': 87, 'risk': 0.0, 'early_gain': 0.0, 'fp_risk': 0.0, 'act_cost': 0.05}
[ep=04 t=0087] choose_plan=0 action=0 reward=-0.001 info={'t': 88, 'risk': 0.0, 'early_gain': 0.0, 'fp_risk': 0.0, 'act_cost': 0.05}
[ep=04 t=0088] choose_plan=0 action=0 reward=-0.001 info={'t': 89, 'risk': 0.0, 'early_gain': 0.0, 'fp_risk': 0.0, 'act_cost': 0.05}
[ep=04 t=0089] choose_plan=0 action=0 reward=-0.001 info={'t': 90, 'risk': 0.0, 'early_gain': 0.0, 'fp_risk': 0.0, 'act_cost': 0.05}
[ep=04 t=0090] choose_plan=0 action=0 reward=-0.001 info={'t': 91, 'risk': 0.0, 'early_gain': 0.0, 'fp_risk': 0.0, 'act_cost': 0.05}
[ep=04 t=0091] choose_plan=0 action=0 reward=-0.001 info={'t': 92, 'risk': 0.0, 'early_gain': 0.0, 'fp_risk': 0.0, 'act_cost': 0.05}
[ep=04 t=0092] choose_plan=0 action=0 reward=-0.001 info={'t': 93, 'risk': 0.0, 'early_gain': 0.0, 'fp_risk': 0.0, 'act_cost': 0.05}
[ep=04 t=0093] choose_plan=0 action=0 reward=-0.001 info={'t': 94, 'risk': 0.0, 'early_gain': 0.0, 'fp_risk': 0.0, 'act_cost': 0.05}
[ep=04 t=0094] choose_plan=0 action=0 reward=-0.001 info={'t': 95, 'risk': 0.0, 'early_gain': 0.0, 'fp_risk': 0.0, 'act_cost': 0.05}
[ep=04 t=0095] choose_plan=0 action=0 reward=-0.001 info={'t': 96, 'risk': 0.0, 'early_gain': 0.0, 'fp_risk': 0.0, 'act_cost': 0.05}
[ep=04 t=0096] choose_plan=0 action=0 reward=-0.001 info={'t': 97, 'risk': 0.0, 'early_gain': 0.0, 'fp_risk': 0.0, 'act_cost': 0.05}
[ep=04 t=0097] choose_plan=0 action=0 reward=-0.001 info={'t': 98, 'risk': 0.0, 'early_gain': 0.0, 'fp_risk': 0.0, 'act_cost': 0.05}
[ep=04 t=0098] choose_plan=1 action=0 reward=-0.001 info={'t': 99, 'risk': 0.0, 'early_gain': 0.0, 'fp_risk': 0.0, 'act_cost': 0.05}
[ep=04 t=0099] choose_plan=0 action=0 reward=-0.001 info={'t': 100, 'risk': 0.0, 'early_gain': 0.0, 'fp_risk': 0.0, 'act_cost': 0.05}
[ep=04 t=0100] choose_plan=0 action=0 reward=-0.001 info={'t': 101, 'risk': 0.0, 'early_gain': 0.0, 'fp_risk': 0.0, 'act_cost': 0.05}
[ep=04 t=0101] choose_plan=0 action=0 reward=-0.001 info={'t': 102, 'risk': 0.0, 'early_gain': 0.0, 'fp_risk': 0.0, 'act_cost': 0.05}
[ep=04 t=0102] choose_plan=0 action=0 reward=-0.001 info={'t': 103, 'risk': 0.0, 'early_gain': 0.0, 'fp_risk': 0.0, 'act_cost': 0.05}
[ep=04 t=0103] choose_plan=0 action=0 reward=-0.001 info={'t': 104, 'risk': 0.0, 'early_gain': 0.0, 'fp_risk': 0.0, 'act_cost': 0.05}
[ep=04 t=0104] choose_plan=1 action=0 reward=-0.001 info={'t': 105, 'risk': 0.0, 'early_gain': 0.0, 'fp_risk': 0.0, 'act_cost': 0.05}
[ep=04 t=0105] choose_plan=0 action=0 reward=-0.001 info={'t': 106, 'risk': 0.0, 'early_gain': 0.0, 'fp_risk': 0.0, 'act_cost': 0.05}
[ep=04 t=0106] choose_plan=0 action=0 reward=-0.001 info={'t': 107, 'risk': 0.0, 'early_gain': 0.0, 'fp_risk': 0.0, 'act_cost': 0.05}
[ep=04 t=0107] choose_plan=0 action=0 reward=-0.001 info={'t': 108, 'risk': 0.0, 'early_gain': 0.0, 'fp_risk': 0.0, 'act_cost': 0.05}
[ep=04 t=0108] choose_plan=0 action=0 reward=-0.001 info={'t': 109, 'risk': 0.0, 'early_gain': 0.0, 'fp_risk': 0.0, 'act_cost': 0.05}
[ep=04 t=0109] choose_plan=0 action=0 reward=-0.001 info={'t': 110, 'risk': 0.0, 'early_gain': 0.0, 'fp_risk': 0.0, 'act_cost': 0.05}
[ep=04 t=0110] choose_plan=0 action=0 reward=-0.001 info={'t': 111, 'risk': 0.0, 'early_gain': 0.0, 'fp_risk': 0.0, 'act_cost': 0.05}
[ep=04 t=0111] choose_plan=0 action=0 reward=-0.001 info={'t': 112, 'risk': 0.0, 'early_gain': 0.0, 'fp_risk': 0.0, 'act_cost': 0.05}
[ep=04 t=0112] choose_plan=0 action=0 reward=-0.001 info={'t': 113, 'risk': 0.0, 'early_gain': 0.0, 'fp_risk': 0.0, 'act_cost': 0.05}
[ep=04 t=0113] choose_plan=1 action=2 reward=-0.009 info={'t': 114, 'risk': 0.0, 'early_gain': 0.0, 'fp_risk': 0.0, 'act_cost': 0.45}
[ep=04 t=0114] choose_plan=0 action=0 reward=-0.001 info={'t': 115, 'risk': 0.0, 'early_gain': 0.0, 'fp_risk': 0.0, 'act_cost': 0.05}
[ep=04 t=0115] choose_plan=0 action=0 reward=-0.001 info={'t': 116, 'risk': 0.0, 'early_gain': 0.0, 'fp_risk': 0.0, 'act_cost': 0.05}
[ep=04 t=0116] choose_plan=0 action=0 reward=-0.001 info={'t': 117, 'risk': 0.0, 'early_gain': 0.0, 'fp_risk': 0.0, 'act_cost': 0.05}
[ep=04 t=0117] choose_plan=0 action=0 reward=-0.001 info={'t': 118, 'risk': 0.0, 'early_gain': 0.0, 'fp_risk': 0.0, 'act_cost': 0.05}
[ep=04 t=0118] choose_plan=0 action=0 reward=-0.001 info={'t': 119, 'risk': 0.0, 'early_gain': 0.0, 'fp_risk': 0.0, 'act_cost': 0.05}
[ep=04 t=0119] choose_plan=0 action=0 reward=-0.001 info={'t': 120, 'risk': 0.0, 'early_gain': 0.0, 'fp_risk': 0.0, 'act_cost': 0.05}
[ep=04 t=0120] choose_plan=0 action=0 reward=-0.001 info={'t': 121, 'risk': 0.0, 'early_gain': 0.0, 'fp_risk': 0.0, 'act_cost': 0.05}
[ep=04 t=0121] choose_plan=0 action=0 reward=-0.001 info={'t': 122, 'risk': 0.0, 'early_gain': 0.0, 'fp_risk': 0.0, 'act_cost': 0.05}
[ep=04 t=0122] choose_plan=0 action=0 reward=-0.001 info={'t': 123, 'risk': 0.0, 'early_gain': 0.0, 'fp_risk': 0.0, 'act_cost': 0.05}
[ep=04 t=0123] choose_plan=0 action=0 reward=-0.001 info={'t': 124, 'risk': 0.0, 'early_gain': 0.0, 'fp_risk': 0.0, 'act_cost': 0.05}
[ep=04 t=0124] choose_plan=0 action=0 reward=-0.001 info={'t': 125, 'risk': 0.0, 'early_gain': 0.0, 'fp_risk': 0.0, 'act_cost': 0.05}
[ep=04 t=0125] choose_plan=0 action=0 reward=-0.001 info={'t': 126, 'risk': 0.0, 'early_gain': 0.0, 'fp_risk': 0.0, 'act_cost': 0.05}
[ep=04 t=0126] choose_plan=0 action=0 reward=-0.001 info={'t': 127, 'risk': 0.0, 'early_gain': 0.0, 'fp_risk': 0.0, 'act_cost': 0.05}
[ep=04 t=0127] choose_plan=0 action=0 reward=-0.001 info={'t': 128, 'risk': 0.0, 'early_gain': 0.0, 'fp_risk': 0.0, 'act_cost': 0.05}
[ep=04 t=0128] choose_plan=0 action=0 reward=-0.001 info={'t': 129, 'risk': 0.0, 'early_gain': 0.0, 'fp_risk': 0.0, 'act_cost': 0.05}
[ep=04 t=0129] choose_plan=0 action=0 reward=-0.001 info={'t': 130, 'risk': 0.0, 'early_gain': 0.0, 'fp_risk': 0.0, 'act_cost': 0.05}
[ep=04 t=0130] choose_plan=0 action=0 reward=-0.001 info={'t': 131, 'risk': 0.0, 'early_gain': 0.0, 'fp_risk': 0.0, 'act_cost': 0.05}
[ep=04 t=0131] choose_plan=0 action=0 reward=-0.001 info={'t': 132, 'risk': 0.0, 'early_gain': 0.0, 'fp_risk': 0.0, 'act_cost': 0.05}
[ep=04 t=0132] choose_plan=0 action=0 reward=-0.001 info={'t': 133, 'risk': 0.0, 'early_gain': 0.0, 'fp_risk': 0.0, 'act_cost': 0.05}
[ep=04 t=0133] choose_plan=0 action=0 reward=-0.001 info={'t': 134, 'risk': 0.0, 'early_gain': 0.0, 'fp_risk': 0.0, 'act_cost': 0.05}
[ep=04 t=0134] choose_plan=0 action=0 reward=-0.001 info={'t': 135, 'risk': 0.0, 'early_gain': 0.0, 'fp_risk': 0.0, 'act_cost': 0.05}
[ep=04 t=0135] choose_plan=0 action=0 reward=-0.001 info={'t': 136, 'risk': 0.0, 'early_gain': 0.0, 'fp_risk': 0.0, 'act_cost': 0.05}
[ep=04 t=0136] choose_plan=0 action=0 reward=-0.001 info={'t': 137, 'risk': 0.0, 'early_gain': 0.0, 'fp_risk': 0.0, 'act_cost': 0.05}
[ep=04 t=0137] choose_plan=0 action=0 reward=-0.001 info={'t': 138, 'risk': 0.0, 'early_gain': 0.0, 'fp_risk': 0.0, 'act_cost': 0.05}
[ep=04 t=0138] choose_plan=0 action=0 reward=-0.001 info={'t': 139, 'risk': 0.0, 'early_gain': 0.0, 'fp_risk': 0.0, 'act_cost': 0.05}
[ep=04 t=0139] choose_plan=0 action=0 reward=-0.001 info={'t': 140, 'risk': 0.0, 'early_gain': 0.0, 'fp_risk': 0.0, 'act_cost': 0.05}
[ep=04 t=0140] choose_plan=0 action=0 reward=-0.001 info={'t': 141, 'risk': 0.0, 'early_gain': 0.0, 'fp_risk': 0.0, 'act_cost': 0.05}
[ep=04 t=0141] choose_plan=0 action=0 reward=-0.001 info={'t': 142, 'risk': 0.0, 'early_gain': 0.0, 'fp_risk': 0.0, 'act_cost': 0.05}
[ep=04 t=0142] choose_plan=1 action=0 reward=-0.001 info={'t': 143, 'risk': 0.0, 'early_gain': 0.0, 'fp_risk': 0.0, 'act_cost': 0.05}
[ep=04 t=0143] choose_plan=1 action=2 reward=-0.009 info={'t': 144, 'risk': 0.0, 'early_gain': 0.0, 'fp_risk': 0.0, 'act_cost': 0.45}
[ep=04 t=0144] choose_plan=0 action=0 reward=-0.001 info={'t': 145, 'risk': 0.0, 'early_gain': 0.0, 'fp_risk': 0.0, 'act_cost': 0.05}
[ep=04 t=0145] choose_plan=0 action=0 reward=-0.001 info={'t': 146, 'risk': 0.0, 'early_gain': 0.0, 'fp_risk': 0.0, 'act_cost': 0.05}
[ep=04 t=0146] choose_plan=0 action=0 reward=-0.001 info={'t': 147, 'risk': 0.0, 'early_gain': 0.0, 'fp_risk': 0.0, 'act_cost': 0.05}
[ep=04 t=0147] choose_plan=0 action=0 reward=-0.001 info={'t': 148, 'risk': 0.0, 'early_gain': 0.0, 'fp_risk': 0.0, 'act_cost': 0.05}
[ep=04 t=0148] choose_plan=0 action=0 reward=-0.001 info={'t': 149, 'risk': 0.0, 'early_gain': 0.0, 'fp_risk': 0.0, 'act_cost': 0.05}
[ep=04 t=0149] choose_plan=0 action=0 reward=-0.001 info={'t': 150, 'risk': 0.0, 'early_gain': 0.0, 'fp_risk': 0.0, 'act_cost': 0.05}
[ep=04 t=0150] choose_plan=0 action=0 reward=-0.001 info={'t': 151, 'risk': 0.0, 'early_gain': 0.0, 'fp_risk': 0.0, 'act_cost': 0.05}
[ep=04 t=0151] choose_plan=0 action=0 reward=-0.001 info={'t': 152, 'risk': 0.0, 'early_gain': 0.0, 'fp_risk': 0.0, 'act_cost': 0.05}
[ep=04 t=0152] choose_plan=0 action=0 reward=-0.001 info={'t': 153, 'risk': 0.0, 'early_gain': 0.0, 'fp_risk': 0.0, 'act_cost': 0.05}
[ep=04 t=0153] choose_plan=0 action=0 reward=-0.001 info={'t': 154, 'risk': 0.0, 'early_gain': 0.0, 'fp_risk': 0.0, 'act_cost': 0.05}
[ep=04 t=0154] choose_plan=0 action=0 reward=-0.001 info={'t': 155, 'risk': 0.0, 'early_gain': 0.0, 'fp_risk': 0.0, 'act_cost': 0.05}
[ep=04 t=0155] choose_plan=0 action=0 reward=-0.001 info={'t': 156, 'risk': 0.0, 'early_gain': 0.0, 'fp_risk': 0.0, 'act_cost': 0.05}
[ep=04 t=0156] choose_plan=0 action=0 reward=-0.001 info={'t': 157, 'risk': 0.0, 'early_gain': 0.0, 'fp_risk': 0.0, 'act_cost': 0.05}
[ep=04 t=0157] choose_plan=0 action=0 reward=-0.001 info={'t': 158, 'risk': 0.0, 'early_gain': 0.0, 'fp_risk': 0.0, 'act_cost': 0.05}
[ep=04 t=0158] choose_plan=0 action=0 reward=-0.001 info={'t': 159, 'risk': 0.0, 'early_gain': 0.0, 'fp_risk': 0.0, 'act_cost': 0.05}
[ep=04 t=0159] choose_plan=0 action=0 reward=-0.001 info={'t': 160, 'risk': 0.0, 'early_gain': 0.0, 'fp_risk': 0.0, 'act_cost': 0.05}
[ep=04 t=0160] choose_plan=0 action=0 reward=-0.001 info={'t': 161, 'risk': 0.0, 'early_gain': 0.0, 'fp_risk': 0.0, 'act_cost': 0.05}
[ep=04 t=0161] choose_plan=0 action=0 reward=-0.001 info={'t': 162, 'risk': 0.0, 'early_gain': 0.0, 'fp_risk': 0.0, 'act_cost': 0.05}
[ep=04 t=0162] choose_plan=1 action=0 reward=-0.001 info={'t': 163, 'risk': 0.0, 'early_gain': 0.0, 'fp_risk': 0.0, 'act_cost': 0.05}
[ep=04 t=0163] choose_plan=0 action=0 reward=-0.001 info={'t': 164, 'risk': 0.0, 'early_gain': 0.0, 'fp_risk': 0.0, 'act_cost': 0.05}
[ep=04 t=0164] choose_plan=1 action=2 reward=-0.009 info={'t': 165, 'risk': 0.0, 'early_gain': 0.0, 'fp_risk': 0.0, 'act_cost': 0.45}
[ep=04 t=0165] choose_plan=0 action=0 reward=-0.001 info={'t': 166, 'risk': 0.0, 'early_gain': 0.0, 'fp_risk': 0.0, 'act_cost': 0.05}
[ep=04 t=0166] choose_plan=0 action=0 reward=-0.001 info={'t': 167, 'risk': 0.0, 'early_gain': 0.0, 'fp_risk': 0.0, 'act_cost': 0.05}
[ep=04 t=0167] choose_plan=0 action=0 reward=-0.001 info={'t': 168, 'risk': 0.0, 'early_gain': 0.0, 'fp_risk': 0.0, 'act_cost': 0.05}
[ep=04 t=0168] choose_plan=0 action=0 reward=-0.001 info={'t': 169, 'risk': 0.0, 'early_gain': 0.0, 'fp_risk': 0.0, 'act_cost': 0.05}
[ep=04 t=0169] choose_plan=0 action=0 reward=-0.001 info={'t': 170, 'risk': 0.0, 'early_gain': 0.0, 'fp_risk': 0.0, 'act_cost': 0.05}
[ep=04 t=0170] choose_plan=0 action=0 reward=-0.001 info={'t': 171, 'risk': 0.0, 'early_gain': 0.0, 'fp_risk': 0.0, 'act_cost': 0.05}
[ep=04 t=0171] choose_plan=0 action=0 reward=-0.001 info={'t': 172, 'risk': 0.0, 'early_gain': 0.0, 'fp_risk': 0.0, 'act_cost': 0.05}
[ep=04 t=0172] choose_plan=0 action=0 reward=-0.001 info={'t': 173, 'risk': 0.0, 'early_gain': 0.0, 'fp_risk': 0.0, 'act_cost': 0.05}
[ep=04 t=0173] choose_plan=0 action=0 reward=-0.001 info={'t': 174, 'risk': 0.0, 'early_gain': 0.0, 'fp_risk': 0.0, 'act_cost': 0.05}
[ep=04 t=0174] choose_plan=0 action=0 reward=-0.001 info={'t': 175, 'risk': 0.0, 'early_gain': 0.0, 'fp_risk': 0.0, 'act_cost': 0.05}
[ep=04 t=0175] choose_plan=0 action=0 reward=-0.001 info={'t': 176, 'risk': 0.0, 'early_gain': 0.0, 'fp_risk': 0.0, 'act_cost': 0.05}
[ep=04 t=0176] choose_plan=0 action=0 reward=-0.001 info={'t': 177, 'risk': 0.0, 'early_gain': 0.0, 'fp_risk': 0.0, 'act_cost': 0.05}
[ep=04 t=0177] choose_plan=1 action=2 reward=-0.009 info={'t': 178, 'risk': 0.0, 'early_gain': 0.0, 'fp_risk': 0.0, 'act_cost': 0.45}
[ep=04 t=0178] choose_plan=0 action=0 reward=-0.001 info={'t': 179, 'risk': 0.0, 'early_gain': 0.0, 'fp_risk': 0.0, 'act_cost': 0.05}
[ep=04 t=0179] choose_plan=1 action=2 reward=-0.009 info={'t': 180, 'risk': 0.0, 'early_gain': 0.0, 'fp_risk': 0.0, 'act_cost': 0.45}
[ep=04 t=0180] choose_plan=0 action=0 reward=-0.001 info={'t': 181, 'risk': 0.0, 'early_gain': 0.0, 'fp_risk': 0.0, 'act_cost': 0.05}
[ep=04 t=0181] choose_plan=0 action=0 reward=-0.001 info={'t': 182, 'risk': 0.0, 'early_gain': 0.0, 'fp_risk': 0.0, 'act_cost': 0.05}
[ep=04 t=0182] choose_plan=0 action=0 reward=-0.001 info={'t': 183, 'risk': 0.0, 'early_gain': 0.0, 'fp_risk': 0.0, 'act_cost': 0.05}
[ep=04 t=0183] choose_plan=0 action=0 reward=-0.001 info={'t': 184, 'risk': 0.0, 'early_gain': 0.0, 'fp_risk': 0.0, 'act_cost': 0.05}
[ep=04 t=0184] choose_plan=0 action=0 reward=-0.001 info={'t': 185, 'risk': 0.0, 'early_gain': 0.0, 'fp_risk': 0.0, 'act_cost': 0.05}
[ep=04 t=0185] choose_plan=1 action=2 reward=-0.009 info={'t': 186, 'risk': 0.0, 'early_gain': 0.0, 'fp_risk': 0.0, 'act_cost': 0.45}
[ep=04 t=0186] choose_plan=0 action=0 reward=-0.001 info={'t': 187, 'risk': 0.0, 'early_gain': 0.0, 'fp_risk': 0.0, 'act_cost': 0.05}
[ep=04 t=0187] choose_plan=0 action=0 reward=-0.001 info={'t': 188, 'risk': 0.0, 'early_gain': 0.0, 'fp_risk': 0.0, 'act_cost': 0.05}
[ep=04 t=0188] choose_plan=0 action=0 reward=-0.001 info={'t': 189, 'risk': 0.0, 'early_gain': 0.0, 'fp_risk': 0.0, 'act_cost': 0.05}
[ep=04 t=0189] choose_plan=0 action=0 reward=-0.001 info={'t': 190, 'risk': 0.0, 'early_gain': 0.0, 'fp_risk': 0.0, 'act_cost': 0.05}
[ep=04 t=0190] choose_plan=1 action=2 reward=-0.009 info={'t': 191, 'risk': 0.0, 'early_gain': 0.0, 'fp_risk': 0.0, 'act_cost': 0.45}
[ep=04 t=0191] choose_plan=0 action=0 reward=-0.001 info={'t': 192, 'risk': 0.0, 'early_gain': 0.0, 'fp_risk': 0.0, 'act_cost': 0.05}
[ep=04 t=0192] choose_plan=0 action=0 reward=-0.001 info={'t': 193, 'risk': 0.0, 'early_gain': 0.0, 'fp_risk': 0.0, 'act_cost': 0.05}
[ep=04 t=0193] choose_plan=0 action=0 reward=-0.001 info={'t': 194, 'risk': 0.0, 'early_gain': 0.0, 'fp_risk': 0.0, 'act_cost': 0.05}
[ep=04 t=0194] choose_plan=0 action=0 reward=-0.001 info={'t': 195, 'risk': 0.0, 'early_gain': 0.0, 'fp_risk': 0.0, 'act_cost': 0.05}
[ep=04 t=0195] choose_plan=0 action=0 reward=-0.001 info={'t': 196, 'risk': 0.0, 'early_gain': 0.0, 'fp_risk': 0.0, 'act_cost': 0.05}
[ep=04 t=0196] choose_plan=0 action=0 reward=-0.001 info={'t': 197, 'risk': 0.0, 'early_gain': 0.0, 'fp_risk': 0.0, 'act_cost': 0.05}
[ep=04 t=0197] choose_plan=0 action=0 reward=-0.001 info={'t': 198, 'risk': 0.0, 'early_gain': 0.0, 'fp_risk': 0.0, 'act_cost': 0.05}
[ep=04 t=0198] choose_plan=0 action=0 reward=-0.001 info={'t': 199, 'risk': 0.0, 'early_gain': 0.0, 'fp_risk': 0.0, 'act_cost': 0.05}
[ep=04 t=0199] choose_plan=0 action=0 reward=-0.001 info={'t': 200, 'risk': 0.0, 'early_gain': 0.0, 'fp_risk': 0.0, 'act_cost': 0.05}
# episode_summary {"episode": 4, "reward_mean": -0.001440000000000001, "reward_min": -0.009000000000000001, "reward_max": -0.001, "steps": 200, "unique_actions": 2, "top5_actions": [[0, 189], [2, 11]]}

# ===== EPISODE 5 =====
[ep=05 t=0000] choose_plan=0 action=0 reward=-0.001 info={'t': 1, 'risk': 0.057036925116557655, 'early_gain': 0.0, 'fp_risk': 0.0, 'act_cost': 0.05}
[ep=05 t=0001] choose_plan=0 action=0 reward=-0.001 info={'t': 2, 'risk': 0.057036925116557655, 'early_gain': 0.0, 'fp_risk': 0.0, 'act_cost': 0.05}
[ep=05 t=0002] choose_plan=1 action=2 reward=-0.009 info={'t': 3, 'risk': 0.032959286235702226, 'early_gain': 0.0, 'fp_risk': 0.0, 'act_cost': 0.45}
[ep=05 t=0003] choose_plan=0 action=0 reward=-0.001 info={'t': 4, 'risk': 0.032959286235702226, 'early_gain': 0.0, 'fp_risk': 0.0, 'act_cost': 0.05}
[ep=05 t=0004] choose_plan=0 action=0 reward=-0.001 info={'t': 5, 'risk': 0.032959286235702226, 'early_gain': 0.0, 'fp_risk': 0.0, 'act_cost': 0.05}
[ep=05 t=0005] choose_plan=0 action=0 reward=-0.001 info={'t': 6, 'risk': 0.032959286235702226, 'early_gain': 0.0, 'fp_risk': 0.0, 'act_cost': 0.05}
[ep=05 t=0006] choose_plan=0 action=0 reward=-0.001 info={'t': 7, 'risk': 0.032959286235702226, 'early_gain': 0.0, 'fp_risk': 0.0, 'act_cost': 0.05}
[ep=05 t=0007] choose_plan=0 action=0 reward=-0.001 info={'t': 8, 'risk': 0.032959286235702226, 'early_gain': 0.0, 'fp_risk': 0.0, 'act_cost': 0.05}
[ep=05 t=0008] choose_plan=0 action=0 reward=-0.001 info={'t': 9, 'risk': 0.032959286235702226, 'early_gain': 0.0, 'fp_risk': 0.0, 'act_cost': 0.05}
[ep=05 t=0009] choose_plan=0 action=0 reward=-0.001 info={'t': 10, 'risk': 0.032959286235702226, 'early_gain': 0.0, 'fp_risk': 0.0, 'act_cost': 0.05}
[ep=05 t=0010] choose_plan=0 action=0 reward=-0.001 info={'t': 11, 'risk': 0.032959286235702226, 'early_gain': 0.0, 'fp_risk': 0.0, 'act_cost': 0.05}
[ep=05 t=0011] choose_plan=0 action=0 reward=-0.001 info={'t': 12, 'risk': 0.032959286235702226, 'early_gain': 0.0, 'fp_risk': 0.0, 'act_cost': 0.05}
[ep=05 t=0012] choose_plan=0 action=0 reward=-0.001 info={'t': 13, 'risk': 0.032959286235702226, 'early_gain': 0.0, 'fp_risk': 0.0, 'act_cost': 0.05}
[ep=05 t=0013] choose_plan=0 action=0 reward=-0.001 info={'t': 14, 'risk': 0.032959286235702226, 'early_gain': 0.0, 'fp_risk': 0.0, 'act_cost': 0.05}
[ep=05 t=0014] choose_plan=0 action=0 reward=-0.001 info={'t': 15, 'risk': 0.032959286235702226, 'early_gain': 0.0, 'fp_risk': 0.0, 'act_cost': 0.05}
[ep=05 t=0015] choose_plan=1 action=2 reward=-0.009 info={'t': 16, 'risk': 0.021010138277724046, 'early_gain': 0.0, 'fp_risk': 0.0, 'act_cost': 0.45}
[ep=05 t=0016] choose_plan=0 action=0 reward=-0.001 info={'t': 17, 'risk': 0.021010138277724046, 'early_gain': 0.0, 'fp_risk': 0.0, 'act_cost': 0.05}
[ep=05 t=0017] choose_plan=1 action=0 reward=-0.001 info={'t': 18, 'risk': 0.021010138277724046, 'early_gain': 0.0, 'fp_risk': 0.0, 'act_cost': 0.05}
[ep=05 t=0018] choose_plan=0 action=0 reward=-0.001 info={'t': 19, 'risk': 0.021010138277724046, 'early_gain': 0.0, 'fp_risk': 0.0, 'act_cost': 0.05}
[ep=05 t=0019] choose_plan=0 action=0 reward=-0.001 info={'t': 20, 'risk': 0.021010138277724046, 'early_gain': 0.0, 'fp_risk': 0.0, 'act_cost': 0.05}
[ep=05 t=0020] choose_plan=0 action=0 reward=-0.001 info={'t': 21, 'risk': 0.021010138277724046, 'early_gain': 0.0, 'fp_risk': 0.0, 'act_cost': 0.05}
[ep=05 t=0021] choose_plan=0 action=0 reward=-0.001 info={'t': 22, 'risk': 0.021010138277724046, 'early_gain': 0.0, 'fp_risk': 0.0, 'act_cost': 0.05}
[ep=05 t=0022] choose_plan=0 action=0 reward=-0.001 info={'t': 23, 'risk': 0.021010138277724046, 'early_gain': 0.0, 'fp_risk': 0.0, 'act_cost': 0.05}
[ep=05 t=0023] choose_plan=0 action=0 reward=-0.001 info={'t': 24, 'risk': 0.021010138277724046, 'early_gain': 0.0, 'fp_risk': 0.0, 'act_cost': 0.05}
[ep=05 t=0024] choose_plan=0 action=0 reward=-0.001 info={'t': 25, 'risk': 0.021010138277724046, 'early_gain': 0.0, 'fp_risk': 0.0, 'act_cost': 0.05}
[ep=05 t=0025] choose_plan=0 action=0 reward=-0.001 info={'t': 26, 'risk': 0.021010138277724046, 'early_gain': 0.0, 'fp_risk': 0.0, 'act_cost': 0.05}
[ep=05 t=0026] choose_plan=1 action=0 reward=-0.001 info={'t': 27, 'risk': 0.021010138277724046, 'early_gain': 0.0, 'fp_risk': 0.0, 'act_cost': 0.05}
[ep=05 t=0027] choose_plan=0 action=0 reward=-0.001 info={'t': 28, 'risk': 0.021010138277724046, 'early_gain': 0.0, 'fp_risk': 0.0, 'act_cost': 0.05}
[ep=05 t=0028] choose_plan=0 action=0 reward=-0.001 info={'t': 29, 'risk': 0.021010138277724046, 'early_gain': 0.0, 'fp_risk': 0.0, 'act_cost': 0.05}
[ep=05 t=0029] choose_plan=0 action=0 reward=-0.001 info={'t': 30, 'risk': 0.021010138277724046, 'early_gain': 0.0, 'fp_risk': 0.0, 'act_cost': 0.05}
[ep=05 t=0030] choose_plan=0 action=0 reward=-0.001 info={'t': 31, 'risk': 0.021010138277724046, 'early_gain': 0.0, 'fp_risk': 0.0, 'act_cost': 0.05}
[ep=05 t=0031] choose_plan=0 action=0 reward=-0.001 info={'t': 32, 'risk': 0.021010138277724046, 'early_gain': 0.0, 'fp_risk': 0.0, 'act_cost': 0.05}
[ep=05 t=0032] choose_plan=0 action=0 reward=-0.001 info={'t': 33, 'risk': 0.021010138277724046, 'early_gain': 0.0, 'fp_risk': 0.0, 'act_cost': 0.05}
[ep=05 t=0033] choose_plan=0 action=0 reward=-0.001 info={'t': 34, 'risk': 0.021010138277724046, 'early_gain': 0.0, 'fp_risk': 0.0, 'act_cost': 0.05}
[ep=05 t=0034] choose_plan=0 action=0 reward=-0.001 info={'t': 35, 'risk': 0.021010138277724046, 'early_gain': 0.0, 'fp_risk': 0.0, 'act_cost': 0.05}
[ep=05 t=0035] choose_plan=0 action=0 reward=-0.001 info={'t': 36, 'risk': 0.021010138277724046, 'early_gain': 0.0, 'fp_risk': 0.0, 'act_cost': 0.05}
[ep=05 t=0036] choose_plan=0 action=0 reward=-0.001 info={'t': 37, 'risk': 0.021010138277724046, 'early_gain': 0.0, 'fp_risk': 0.0, 'act_cost': 0.05}
[ep=05 t=0037] choose_plan=0 action=0 reward=-0.001 info={'t': 38, 'risk': 0.021010138277724046, 'early_gain': 0.0, 'fp_risk': 0.0, 'act_cost': 0.05}
[ep=05 t=0038] choose_plan=0 action=0 reward=-0.001 info={'t': 39, 'risk': 0.021010138277724046, 'early_gain': 0.0, 'fp_risk': 0.0, 'act_cost': 0.05}
[ep=05 t=0039] choose_plan=1 action=2 reward=-0.009 info={'t': 40, 'risk': 0.0, 'early_gain': 0.0, 'fp_risk': 0.0, 'act_cost': 0.45}
[ep=05 t=0040] choose_plan=0 action=0 reward=-0.001 info={'t': 41, 'risk': 0.0, 'early_gain': 0.0, 'fp_risk': 0.0, 'act_cost': 0.05}
[ep=05 t=0041] choose_plan=0 action=0 reward=-0.001 info={'t': 42, 'risk': 0.0, 'early_gain': 0.0, 'fp_risk': 0.0, 'act_cost': 0.05}
[ep=05 t=0042] choose_plan=0 action=0 reward=-0.001 info={'t': 43, 'risk': 0.0, 'early_gain': 0.0, 'fp_risk': 0.0, 'act_cost': 0.05}
[ep=05 t=0043] choose_plan=0 action=0 reward=-0.001 info={'t': 44, 'risk': 0.0, 'early_gain': 0.0, 'fp_risk': 0.0, 'act_cost': 0.05}
[ep=05 t=0044] choose_plan=1 action=0 reward=-0.001 info={'t': 45, 'risk': 0.0, 'early_gain': 0.0, 'fp_risk': 0.0, 'act_cost': 0.05}
[ep=05 t=0045] choose_plan=0 action=0 reward=-0.001 info={'t': 46, 'risk': 0.0, 'early_gain': 0.0, 'fp_risk': 0.0, 'act_cost': 0.05}
[ep=05 t=0046] choose_plan=0 action=0 reward=-0.001 info={'t': 47, 'risk': 0.0, 'early_gain': 0.0, 'fp_risk': 0.0, 'act_cost': 0.05}
[ep=05 t=0047] choose_plan=0 action=0 reward=-0.001 info={'t': 48, 'risk': 0.0, 'early_gain': 0.0, 'fp_risk': 0.0, 'act_cost': 0.05}
[ep=05 t=0048] choose_plan=0 action=0 reward=-0.001 info={'t': 49, 'risk': 0.0, 'early_gain': 0.0, 'fp_risk': 0.0, 'act_cost': 0.05}
[ep=05 t=0049] choose_plan=0 action=0 reward=-0.001 info={'t': 50, 'risk': 0.0, 'early_gain': 0.0, 'fp_risk': 0.0, 'act_cost': 0.05}
[ep=05 t=0050] choose_plan=1 action=0 reward=-0.001 info={'t': 51, 'risk': 0.0, 'early_gain': 0.0, 'fp_risk': 0.0, 'act_cost': 0.05}
[ep=05 t=0051] choose_plan=0 action=0 reward=-0.001 info={'t': 52, 'risk': 0.0, 'early_gain': 0.0, 'fp_risk': 0.0, 'act_cost': 0.05}
[ep=05 t=0052] choose_plan=0 action=0 reward=-0.001 info={'t': 53, 'risk': 0.0, 'early_gain': 0.0, 'fp_risk': 0.0, 'act_cost': 0.05}
[ep=05 t=0053] choose_plan=0 action=0 reward=-0.001 info={'t': 54, 'risk': 0.0, 'early_gain': 0.0, 'fp_risk': 0.0, 'act_cost': 0.05}
[ep=05 t=0054] choose_plan=0 action=0 reward=-0.001 info={'t': 55, 'risk': 0.0, 'early_gain': 0.0, 'fp_risk': 0.0, 'act_cost': 0.05}
[ep=05 t=0055] choose_plan=0 action=0 reward=-0.001 info={'t': 56, 'risk': 0.0, 'early_gain': 0.0, 'fp_risk': 0.0, 'act_cost': 0.05}
[ep=05 t=0056] choose_plan=1 action=2 reward=-0.009 info={'t': 57, 'risk': 0.0, 'early_gain': 0.0, 'fp_risk': 0.0, 'act_cost': 0.45}
[ep=05 t=0057] choose_plan=0 action=0 reward=-0.001 info={'t': 58, 'risk': 0.0, 'early_gain': 0.0, 'fp_risk': 0.0, 'act_cost': 0.05}
[ep=05 t=0058] choose_plan=0 action=0 reward=-0.001 info={'t': 59, 'risk': 0.0, 'early_gain': 0.0, 'fp_risk': 0.0, 'act_cost': 0.05}
[ep=05 t=0059] choose_plan=0 action=0 reward=-0.001 info={'t': 60, 'risk': 0.0, 'early_gain': 0.0, 'fp_risk': 0.0, 'act_cost': 0.05}
[ep=05 t=0060] choose_plan=0 action=0 reward=-0.001 info={'t': 61, 'risk': 0.0, 'early_gain': 0.0, 'fp_risk': 0.0, 'act_cost': 0.05}
[ep=05 t=0061] choose_plan=0 action=0 reward=-0.001 info={'t': 62, 'risk': 0.0, 'early_gain': 0.0, 'fp_risk': 0.0, 'act_cost': 0.05}
[ep=05 t=0062] choose_plan=0 action=0 reward=-0.001 info={'t': 63, 'risk': 0.0, 'early_gain': 0.0, 'fp_risk': 0.0, 'act_cost': 0.05}
[ep=05 t=0063] choose_plan=0 action=0 reward=-0.001 info={'t': 64, 'risk': 0.0, 'early_gain': 0.0, 'fp_risk': 0.0, 'act_cost': 0.05}
[ep=05 t=0064] choose_plan=0 action=0 reward=-0.001 info={'t': 65, 'risk': 0.0, 'early_gain': 0.0, 'fp_risk': 0.0, 'act_cost': 0.05}
[ep=05 t=0065] choose_plan=0 action=0 reward=-0.001 info={'t': 66, 'risk': 0.0, 'early_gain': 0.0, 'fp_risk': 0.0, 'act_cost': 0.05}
[ep=05 t=0066] choose_plan=0 action=0 reward=-0.001 info={'t': 67, 'risk': 0.0, 'early_gain': 0.0, 'fp_risk': 0.0, 'act_cost': 0.05}
[ep=05 t=0067] choose_plan=0 action=0 reward=-0.001 info={'t': 68, 'risk': 0.0, 'early_gain': 0.0, 'fp_risk': 0.0, 'act_cost': 0.05}
[ep=05 t=0068] choose_plan=0 action=0 reward=-0.001 info={'t': 69, 'risk': 0.0, 'early_gain': 0.0, 'fp_risk': 0.0, 'act_cost': 0.05}
[ep=05 t=0069] choose_plan=0 action=0 reward=-0.001 info={'t': 70, 'risk': 0.0, 'early_gain': 0.0, 'fp_risk': 0.0, 'act_cost': 0.05}
[ep=05 t=0070] choose_plan=0 action=0 reward=-0.001 info={'t': 71, 'risk': 0.0, 'early_gain': 0.0, 'fp_risk': 0.0, 'act_cost': 0.05}
[ep=05 t=0071] choose_plan=0 action=0 reward=-0.001 info={'t': 72, 'risk': 0.0, 'early_gain': 0.0, 'fp_risk': 0.0, 'act_cost': 0.05}
[ep=05 t=0072] choose_plan=0 action=0 reward=-0.001 info={'t': 73, 'risk': 0.0, 'early_gain': 0.0, 'fp_risk': 0.0, 'act_cost': 0.05}
[ep=05 t=0073] choose_plan=0 action=0 reward=-0.001 info={'t': 74, 'risk': 0.0, 'early_gain': 0.0, 'fp_risk': 0.0, 'act_cost': 0.05}
[ep=05 t=0074] choose_plan=0 action=0 reward=-0.001 info={'t': 75, 'risk': 0.0, 'early_gain': 0.0, 'fp_risk': 0.0, 'act_cost': 0.05}
[ep=05 t=0075] choose_plan=0 action=0 reward=-0.001 info={'t': 76, 'risk': 0.0, 'early_gain': 0.0, 'fp_risk': 0.0, 'act_cost': 0.05}
[ep=05 t=0076] choose_plan=0 action=0 reward=-0.001 info={'t': 77, 'risk': 0.0, 'early_gain': 0.0, 'fp_risk': 0.0, 'act_cost': 0.05}
[ep=05 t=0077] choose_plan=0 action=0 reward=-0.001 info={'t': 78, 'risk': 0.0, 'early_gain': 0.0, 'fp_risk': 0.0, 'act_cost': 0.05}
[ep=05 t=0078] choose_plan=0 action=0 reward=-0.001 info={'t': 79, 'risk': 0.0, 'early_gain': 0.0, 'fp_risk': 0.0, 'act_cost': 0.05}
[ep=05 t=0079] choose_plan=0 action=0 reward=-0.001 info={'t': 80, 'risk': 0.0, 'early_gain': 0.0, 'fp_risk': 0.0, 'act_cost': 0.05}
[ep=05 t=0080] choose_plan=0 action=0 reward=-0.001 info={'t': 81, 'risk': 0.0, 'early_gain': 0.0, 'fp_risk': 0.0, 'act_cost': 0.05}
[ep=05 t=0081] choose_plan=0 action=0 reward=-0.001 info={'t': 82, 'risk': 0.0, 'early_gain': 0.0, 'fp_risk': 0.0, 'act_cost': 0.05}
[ep=05 t=0082] choose_plan=0 action=0 reward=-0.001 info={'t': 83, 'risk': 0.0, 'early_gain': 0.0, 'fp_risk': 0.0, 'act_cost': 0.05}
[ep=05 t=0083] choose_plan=0 action=0 reward=-0.001 info={'t': 84, 'risk': 0.0, 'early_gain': 0.0, 'fp_risk': 0.0, 'act_cost': 0.05}
[ep=05 t=0084] choose_plan=0 action=0 reward=-0.001 info={'t': 85, 'risk': 0.0, 'early_gain': 0.0, 'fp_risk': 0.0, 'act_cost': 0.05}
[ep=05 t=0085] choose_plan=1 action=2 reward=-0.009 info={'t': 86, 'risk': 0.0, 'early_gain': 0.0, 'fp_risk': 0.0, 'act_cost': 0.45}
[ep=05 t=0086] choose_plan=0 action=0 reward=-0.001 info={'t': 87, 'risk': 0.0, 'early_gain': 0.0, 'fp_risk': 0.0, 'act_cost': 0.05}
[ep=05 t=0087] choose_plan=0 action=0 reward=-0.001 info={'t': 88, 'risk': 0.0, 'early_gain': 0.0, 'fp_risk': 0.0, 'act_cost': 0.05}
[ep=05 t=0088] choose_plan=0 action=0 reward=-0.001 info={'t': 89, 'risk': 0.0, 'early_gain': 0.0, 'fp_risk': 0.0, 'act_cost': 0.05}
[ep=05 t=0089] choose_plan=0 action=0 reward=-0.001 info={'t': 90, 'risk': 0.0, 'early_gain': 0.0, 'fp_risk': 0.0, 'act_cost': 0.05}
[ep=05 t=0090] choose_plan=0 action=0 reward=-0.001 info={'t': 91, 'risk': 0.0, 'early_gain': 0.0, 'fp_risk': 0.0, 'act_cost': 0.05}
[ep=05 t=0091] choose_plan=0 action=0 reward=-0.001 info={'t': 92, 'risk': 0.0, 'early_gain': 0.0, 'fp_risk': 0.0, 'act_cost': 0.05}
[ep=05 t=0092] choose_plan=0 action=0 reward=-0.001 info={'t': 93, 'risk': 0.0, 'early_gain': 0.0, 'fp_risk': 0.0, 'act_cost': 0.05}
[ep=05 t=0093] choose_plan=0 action=0 reward=-0.001 info={'t': 94, 'risk': 0.0, 'early_gain': 0.0, 'fp_risk': 0.0, 'act_cost': 0.05}
[ep=05 t=0094] choose_plan=0 action=0 reward=-0.001 info={'t': 95, 'risk': 0.0, 'early_gain': 0.0, 'fp_risk': 0.0, 'act_cost': 0.05}
[ep=05 t=0095] choose_plan=0 action=0 reward=-0.001 info={'t': 96, 'risk': 0.0, 'early_gain': 0.0, 'fp_risk': 0.0, 'act_cost': 0.05}
[ep=05 t=0096] choose_plan=0 action=0 reward=-0.001 info={'t': 97, 'risk': 0.0, 'early_gain': 0.0, 'fp_risk': 0.0, 'act_cost': 0.05}
[ep=05 t=0097] choose_plan=0 action=0 reward=-0.001 info={'t': 98, 'risk': 0.0, 'early_gain': 0.0, 'fp_risk': 0.0, 'act_cost': 0.05}
[ep=05 t=0098] choose_plan=0 action=0 reward=-0.001 info={'t': 99, 'risk': 0.0, 'early_gain': 0.0, 'fp_risk': 0.0, 'act_cost': 0.05}
[ep=05 t=0099] choose_plan=0 action=0 reward=-0.001 info={'t': 100, 'risk': 0.0, 'early_gain': 0.0, 'fp_risk': 0.0, 'act_cost': 0.05}
[ep=05 t=0100] choose_plan=0 action=0 reward=-0.001 info={'t': 101, 'risk': 0.0, 'early_gain': 0.0, 'fp_risk': 0.0, 'act_cost': 0.05}
[ep=05 t=0101] choose_plan=0 action=0 reward=-0.001 info={'t': 102, 'risk': 0.0, 'early_gain': 0.0, 'fp_risk': 0.0, 'act_cost': 0.05}
[ep=05 t=0102] choose_plan=0 action=0 reward=-0.001 info={'t': 103, 'risk': 0.0, 'early_gain': 0.0, 'fp_risk': 0.0, 'act_cost': 0.05}
[ep=05 t=0103] choose_plan=0 action=0 reward=-0.001 info={'t': 104, 'risk': 0.0, 'early_gain': 0.0, 'fp_risk': 0.0, 'act_cost': 0.05}
[ep=05 t=0104] choose_plan=0 action=0 reward=-0.001 info={'t': 105, 'risk': 0.0, 'early_gain': 0.0, 'fp_risk': 0.0, 'act_cost': 0.05}
[ep=05 t=0105] choose_plan=0 action=0 reward=-0.001 info={'t': 106, 'risk': 0.0, 'early_gain': 0.0, 'fp_risk': 0.0, 'act_cost': 0.05}
[ep=05 t=0106] choose_plan=0 action=0 reward=-0.001 info={'t': 107, 'risk': 0.0, 'early_gain': 0.0, 'fp_risk': 0.0, 'act_cost': 0.05}
[ep=05 t=0107] choose_plan=0 action=0 reward=-0.001 info={'t': 108, 'risk': 0.0, 'early_gain': 0.0, 'fp_risk': 0.0, 'act_cost': 0.05}
[ep=05 t=0108] choose_plan=0 action=0 reward=-0.001 info={'t': 109, 'risk': 0.0, 'early_gain': 0.0, 'fp_risk': 0.0, 'act_cost': 0.05}
[ep=05 t=0109] choose_plan=0 action=0 reward=-0.001 info={'t': 110, 'risk': 0.0, 'early_gain': 0.0, 'fp_risk': 0.0, 'act_cost': 0.05}
[ep=05 t=0110] choose_plan=0 action=0 reward=-0.001 info={'t': 111, 'risk': 0.0, 'early_gain': 0.0, 'fp_risk': 0.0, 'act_cost': 0.05}
[ep=05 t=0111] choose_plan=0 action=0 reward=-0.001 info={'t': 112, 'risk': 0.0, 'early_gain': 0.0, 'fp_risk': 0.0, 'act_cost': 0.05}
[ep=05 t=0112] choose_plan=0 action=0 reward=-0.001 info={'t': 113, 'risk': 0.0, 'early_gain': 0.0, 'fp_risk': 0.0, 'act_cost': 0.05}
[ep=05 t=0113] choose_plan=0 action=0 reward=-0.001 info={'t': 114, 'risk': 0.0, 'early_gain': 0.0, 'fp_risk': 0.0, 'act_cost': 0.05}
[ep=05 t=0114] choose_plan=0 action=0 reward=-0.001 info={'t': 115, 'risk': 0.0, 'early_gain': 0.0, 'fp_risk': 0.0, 'act_cost': 0.05}
[ep=05 t=0115] choose_plan=0 action=0 reward=-0.001 info={'t': 116, 'risk': 0.0, 'early_gain': 0.0, 'fp_risk': 0.0, 'act_cost': 0.05}
[ep=05 t=0116] choose_plan=0 action=0 reward=-0.001 info={'t': 117, 'risk': 0.0, 'early_gain': 0.0, 'fp_risk': 0.0, 'act_cost': 0.05}
[ep=05 t=0117] choose_plan=0 action=0 reward=-0.001 info={'t': 118, 'risk': 0.0, 'early_gain': 0.0, 'fp_risk': 0.0, 'act_cost': 0.05}
[ep=05 t=0118] choose_plan=0 action=0 reward=-0.001 info={'t': 119, 'risk': 0.0, 'early_gain': 0.0, 'fp_risk': 0.0, 'act_cost': 0.05}
[ep=05 t=0119] choose_plan=0 action=0 reward=-0.001 info={'t': 120, 'risk': 0.0, 'early_gain': 0.0, 'fp_risk': 0.0, 'act_cost': 0.05}
[ep=05 t=0120] choose_plan=0 action=0 reward=-0.001 info={'t': 121, 'risk': 0.0, 'early_gain': 0.0, 'fp_risk': 0.0, 'act_cost': 0.05}
[ep=05 t=0121] choose_plan=0 action=0 reward=-0.001 info={'t': 122, 'risk': 0.0, 'early_gain': 0.0, 'fp_risk': 0.0, 'act_cost': 0.05}
[ep=05 t=0122] choose_plan=0 action=0 reward=-0.001 info={'t': 123, 'risk': 0.0, 'early_gain': 0.0, 'fp_risk': 0.0, 'act_cost': 0.05}
[ep=05 t=0123] choose_plan=0 action=0 reward=-0.001 info={'t': 124, 'risk': 0.0, 'early_gain': 0.0, 'fp_risk': 0.0, 'act_cost': 0.05}
[ep=05 t=0124] choose_plan=1 action=2 reward=-0.009 info={'t': 125, 'risk': 0.0, 'early_gain': 0.0, 'fp_risk': 0.0, 'act_cost': 0.45}
[ep=05 t=0125] choose_plan=0 action=0 reward=-0.001 info={'t': 126, 'risk': 0.0, 'early_gain': 0.0, 'fp_risk': 0.0, 'act_cost': 0.05}
[ep=05 t=0126] choose_plan=0 action=0 reward=-0.001 info={'t': 127, 'risk': 0.0, 'early_gain': 0.0, 'fp_risk': 0.0, 'act_cost': 0.05}
[ep=05 t=0127] choose_plan=0 action=0 reward=-0.001 info={'t': 128, 'risk': 0.0, 'early_gain': 0.0, 'fp_risk': 0.0, 'act_cost': 0.05}
[ep=05 t=0128] choose_plan=0 action=0 reward=-0.001 info={'t': 129, 'risk': 0.0, 'early_gain': 0.0, 'fp_risk': 0.0, 'act_cost': 0.05}
[ep=05 t=0129] choose_plan=0 action=0 reward=-0.001 info={'t': 130, 'risk': 0.0, 'early_gain': 0.0, 'fp_risk': 0.0, 'act_cost': 0.05}
[ep=05 t=0130] choose_plan=0 action=0 reward=-0.001 info={'t': 131, 'risk': 0.0, 'early_gain': 0.0, 'fp_risk': 0.0, 'act_cost': 0.05}
[ep=05 t=0131] choose_plan=0 action=0 reward=-0.001 info={'t': 132, 'risk': 0.0, 'early_gain': 0.0, 'fp_risk': 0.0, 'act_cost': 0.05}
[ep=05 t=0132] choose_plan=0 action=0 reward=-0.001 info={'t': 133, 'risk': 0.0, 'early_gain': 0.0, 'fp_risk': 0.0, 'act_cost': 0.05}
[ep=05 t=0133] choose_plan=0 action=0 reward=-0.001 info={'t': 134, 'risk': 0.0, 'early_gain': 0.0, 'fp_risk': 0.0, 'act_cost': 0.05}
[ep=05 t=0134] choose_plan=0 action=0 reward=-0.001 info={'t': 135, 'risk': 0.0, 'early_gain': 0.0, 'fp_risk': 0.0, 'act_cost': 0.05}
[ep=05 t=0135] choose_plan=0 action=0 reward=-0.001 info={'t': 136, 'risk': 0.0, 'early_gain': 0.0, 'fp_risk': 0.0, 'act_cost': 0.05}
[ep=05 t=0136] choose_plan=0 action=0 reward=-0.001 info={'t': 137, 'risk': 0.0, 'early_gain': 0.0, 'fp_risk': 0.0, 'act_cost': 0.05}
[ep=05 t=0137] choose_plan=0 action=0 reward=-0.001 info={'t': 138, 'risk': 0.0, 'early_gain': 0.0, 'fp_risk': 0.0, 'act_cost': 0.05}
[ep=05 t=0138] choose_plan=0 action=0 reward=-0.001 info={'t': 139, 'risk': 0.0, 'early_gain': 0.0, 'fp_risk': 0.0, 'act_cost': 0.05}
[ep=05 t=0139] choose_plan=1 action=2 reward=-0.009 info={'t': 140, 'risk': 0.0, 'early_gain': 0.0, 'fp_risk': 0.0, 'act_cost': 0.45}
[ep=05 t=0140] choose_plan=0 action=0 reward=-0.001 info={'t': 141, 'risk': 0.0, 'early_gain': 0.0, 'fp_risk': 0.0, 'act_cost': 0.05}
[ep=05 t=0141] choose_plan=0 action=0 reward=-0.001 info={'t': 142, 'risk': 0.0, 'early_gain': 0.0, 'fp_risk': 0.0, 'act_cost': 0.05}
[ep=05 t=0142] choose_plan=0 action=0 reward=-0.001 info={'t': 143, 'risk': 0.0, 'early_gain': 0.0, 'fp_risk': 0.0, 'act_cost': 0.05}
[ep=05 t=0143] choose_plan=0 action=0 reward=-0.001 info={'t': 144, 'risk': 0.0, 'early_gain': 0.0, 'fp_risk': 0.0, 'act_cost': 0.05}
[ep=05 t=0144] choose_plan=1 action=2 reward=-0.009 info={'t': 145, 'risk': 0.0, 'early_gain': 0.0, 'fp_risk': 0.0, 'act_cost': 0.45}
[ep=05 t=0145] choose_plan=0 action=0 reward=-0.001 info={'t': 146, 'risk': 0.0, 'early_gain': 0.0, 'fp_risk': 0.0, 'act_cost': 0.05}
[ep=05 t=0146] choose_plan=0 action=0 reward=-0.001 info={'t': 147, 'risk': 0.0, 'early_gain': 0.0, 'fp_risk': 0.0, 'act_cost': 0.05}
[ep=05 t=0147] choose_plan=0 action=0 reward=-0.001 info={'t': 148, 'risk': 0.0, 'early_gain': 0.0, 'fp_risk': 0.0, 'act_cost': 0.05}
[ep=05 t=0148] choose_plan=0 action=0 reward=-0.001 info={'t': 149, 'risk': 0.0, 'early_gain': 0.0, 'fp_risk': 0.0, 'act_cost': 0.05}
[ep=05 t=0149] choose_plan=0 action=0 reward=-0.001 info={'t': 150, 'risk': 0.0, 'early_gain': 0.0, 'fp_risk': 0.0, 'act_cost': 0.05}
[ep=05 t=0150] choose_plan=0 action=0 reward=-0.001 info={'t': 151, 'risk': 0.0, 'early_gain': 0.0, 'fp_risk': 0.0, 'act_cost': 0.05}
[ep=05 t=0151] choose_plan=0 action=0 reward=-0.001 info={'t': 152, 'risk': 0.0, 'early_gain': 0.0, 'fp_risk': 0.0, 'act_cost': 0.05}
[ep=05 t=0152] choose_plan=0 action=0 reward=-0.001 info={'t': 153, 'risk': 0.0, 'early_gain': 0.0, 'fp_risk': 0.0, 'act_cost': 0.05}
[ep=05 t=0153] choose_plan=0 action=0 reward=-0.001 info={'t': 154, 'risk': 0.0, 'early_gain': 0.0, 'fp_risk': 0.0, 'act_cost': 0.05}
[ep=05 t=0154] choose_plan=0 action=0 reward=-0.001 info={'t': 155, 'risk': 0.0, 'early_gain': 0.0, 'fp_risk': 0.0, 'act_cost': 0.05}
[ep=05 t=0155] choose_plan=0 action=0 reward=-0.001 info={'t': 156, 'risk': 0.0, 'early_gain': 0.0, 'fp_risk': 0.0, 'act_cost': 0.05}
[ep=05 t=0156] choose_plan=0 action=0 reward=-0.001 info={'t': 157, 'risk': 0.0, 'early_gain': 0.0, 'fp_risk': 0.0, 'act_cost': 0.05}
[ep=05 t=0157] choose_plan=0 action=0 reward=-0.001 info={'t': 158, 'risk': 0.0, 'early_gain': 0.0, 'fp_risk': 0.0, 'act_cost': 0.05}
[ep=05 t=0158] choose_plan=0 action=0 reward=-0.001 info={'t': 159, 'risk': 0.0, 'early_gain': 0.0, 'fp_risk': 0.0, 'act_cost': 0.05}
[ep=05 t=0159] choose_plan=1 action=0 reward=-0.001 info={'t': 160, 'risk': 0.0, 'early_gain': 0.0, 'fp_risk': 0.0, 'act_cost': 0.05}
[ep=05 t=0160] choose_plan=0 action=0 reward=-0.001 info={'t': 161, 'risk': 0.0, 'early_gain': 0.0, 'fp_risk': 0.0, 'act_cost': 0.05}
[ep=05 t=0161] choose_plan=0 action=0 reward=-0.001 info={'t': 162, 'risk': 0.0, 'early_gain': 0.0, 'fp_risk': 0.0, 'act_cost': 0.05}
[ep=05 t=0162] choose_plan=0 action=0 reward=-0.001 info={'t': 163, 'risk': 0.0, 'early_gain': 0.0, 'fp_risk': 0.0, 'act_cost': 0.05}
[ep=05 t=0163] choose_plan=1 action=0 reward=-0.001 info={'t': 164, 'risk': 0.0, 'early_gain': 0.0, 'fp_risk': 0.0, 'act_cost': 0.05}
[ep=05 t=0164] choose_plan=0 action=0 reward=-0.001 info={'t': 165, 'risk': 0.0, 'early_gain': 0.0, 'fp_risk': 0.0, 'act_cost': 0.05}
[ep=05 t=0165] choose_plan=1 action=0 reward=-0.001 info={'t': 166, 'risk': 0.0, 'early_gain': 0.0, 'fp_risk': 0.0, 'act_cost': 0.05}
[ep=05 t=0166] choose_plan=0 action=0 reward=-0.001 info={'t': 167, 'risk': 0.0, 'early_gain': 0.0, 'fp_risk': 0.0, 'act_cost': 0.05}
[ep=05 t=0167] choose_plan=0 action=0 reward=-0.001 info={'t': 168, 'risk': 0.0, 'early_gain': 0.0, 'fp_risk': 0.0, 'act_cost': 0.05}
[ep=05 t=0168] choose_plan=0 action=0 reward=-0.001 info={'t': 169, 'risk': 0.0, 'early_gain': 0.0, 'fp_risk': 0.0, 'act_cost': 0.05}
[ep=05 t=0169] choose_plan=0 action=0 reward=-0.001 info={'t': 170, 'risk': 0.0, 'early_gain': 0.0, 'fp_risk': 0.0, 'act_cost': 0.05}
[ep=05 t=0170] choose_plan=0 action=0 reward=-0.001 info={'t': 171, 'risk': 0.0, 'early_gain': 0.0, 'fp_risk': 0.0, 'act_cost': 0.05}
[ep=05 t=0171] choose_plan=0 action=0 reward=-0.001 info={'t': 172, 'risk': 0.0, 'early_gain': 0.0, 'fp_risk': 0.0, 'act_cost': 0.05}
[ep=05 t=0172] choose_plan=0 action=0 reward=-0.001 info={'t': 173, 'risk': 0.0, 'early_gain': 0.0, 'fp_risk': 0.0, 'act_cost': 0.05}
[ep=05 t=0173] choose_plan=0 action=0 reward=-0.001 info={'t': 174, 'risk': 0.0, 'early_gain': 0.0, 'fp_risk': 0.0, 'act_cost': 0.05}
[ep=05 t=0174] choose_plan=0 action=0 reward=-0.001 info={'t': 175, 'risk': 0.0, 'early_gain': 0.0, 'fp_risk': 0.0, 'act_cost': 0.05}
[ep=05 t=0175] choose_plan=0 action=0 reward=-0.001 info={'t': 176, 'risk': 0.0, 'early_gain': 0.0, 'fp_risk': 0.0, 'act_cost': 0.05}
[ep=05 t=0176] choose_plan=0 action=0 reward=-0.001 info={'t': 177, 'risk': 0.0, 'early_gain': 0.0, 'fp_risk': 0.0, 'act_cost': 0.05}
[ep=05 t=0177] choose_plan=0 action=0 reward=-0.001 info={'t': 178, 'risk': 0.0, 'early_gain': 0.0, 'fp_risk': 0.0, 'act_cost': 0.05}
[ep=05 t=0178] choose_plan=0 action=0 reward=-0.001 info={'t': 179, 'risk': 0.0, 'early_gain': 0.0, 'fp_risk': 0.0, 'act_cost': 0.05}
[ep=05 t=0179] choose_plan=0 action=0 reward=-0.001 info={'t': 180, 'risk': 0.0, 'early_gain': 0.0, 'fp_risk': 0.0, 'act_cost': 0.05}
[ep=05 t=0180] choose_plan=0 action=0 reward=-0.001 info={'t': 181, 'risk': 0.0, 'early_gain': 0.0, 'fp_risk': 0.0, 'act_cost': 0.05}
[ep=05 t=0181] choose_plan=0 action=0 reward=-0.001 info={'t': 182, 'risk': 0.0, 'early_gain': 0.0, 'fp_risk': 0.0, 'act_cost': 0.05}
[ep=05 t=0182] choose_plan=0 action=0 reward=-0.001 info={'t': 183, 'risk': 0.0, 'early_gain': 0.0, 'fp_risk': 0.0, 'act_cost': 0.05}
[ep=05 t=0183] choose_plan=1 action=2 reward=-0.009 info={'t': 184, 'risk': 0.0, 'early_gain': 0.0, 'fp_risk': 0.0, 'act_cost': 0.45}
[ep=05 t=0184] choose_plan=0 action=0 reward=-0.001 info={'t': 185, 'risk': 0.0, 'early_gain': 0.0, 'fp_risk': 0.0, 'act_cost': 0.05}
[ep=05 t=0185] choose_plan=0 action=0 reward=-0.001 info={'t': 186, 'risk': 0.0, 'early_gain': 0.0, 'fp_risk': 0.0, 'act_cost': 0.05}
[ep=05 t=0186] choose_plan=0 action=0 reward=-0.001 info={'t': 187, 'risk': 0.0, 'early_gain': 0.0, 'fp_risk': 0.0, 'act_cost': 0.05}
[ep=05 t=0187] choose_plan=0 action=0 reward=-0.001 info={'t': 188, 'risk': 0.0, 'early_gain': 0.0, 'fp_risk': 0.0, 'act_cost': 0.05}
[ep=05 t=0188] choose_plan=0 action=0 reward=-0.001 info={'t': 189, 'risk': 0.0, 'early_gain': 0.0, 'fp_risk': 0.0, 'act_cost': 0.05}
[ep=05 t=0189] choose_plan=1 action=2 reward=-0.009 info={'t': 190, 'risk': 0.0, 'early_gain': 0.0, 'fp_risk': 0.0, 'act_cost': 0.45}
[ep=05 t=0190] choose_plan=0 action=0 reward=-0.001 info={'t': 191, 'risk': 0.0, 'early_gain': 0.0, 'fp_risk': 0.0, 'act_cost': 0.05}
[ep=05 t=0191] choose_plan=0 action=0 reward=-0.001 info={'t': 192, 'risk': 0.0, 'early_gain': 0.0, 'fp_risk': 0.0, 'act_cost': 0.05}
[ep=05 t=0192] choose_plan=0 action=0 reward=-0.001 info={'t': 193, 'risk': 0.0, 'early_gain': 0.0, 'fp_risk': 0.0, 'act_cost': 0.05}
[ep=05 t=0193] choose_plan=0 action=0 reward=-0.001 info={'t': 194, 'risk': 0.0, 'early_gain': 0.0, 'fp_risk': 0.0, 'act_cost': 0.05}
[ep=05 t=0194] choose_plan=0 action=0 reward=-0.001 info={'t': 195, 'risk': 0.0, 'early_gain': 0.0, 'fp_risk': 0.0, 'act_cost': 0.05}
[ep=05 t=0195] choose_plan=0 action=0 reward=-0.001 info={'t': 196, 'risk': 0.0, 'early_gain': 0.0, 'fp_risk': 0.0, 'act_cost': 0.05}
[ep=05 t=0196] choose_plan=0 action=0 reward=-0.001 info={'t': 197, 'risk': 0.0, 'early_gain': 0.0, 'fp_risk': 0.0, 'act_cost': 0.05}
[ep=05 t=0197] choose_plan=0 action=0 reward=-0.001 info={'t': 198, 'risk': 0.0, 'early_gain': 0.0, 'fp_risk': 0.0, 'act_cost': 0.05}
[ep=05 t=0198] choose_plan=0 action=0 reward=-0.001 info={'t': 199, 'risk': 0.0, 'early_gain': 0.0, 'fp_risk': 0.0, 'act_cost': 0.05}
[ep=05 t=0199] choose_plan=0 action=0 reward=-0.001 info={'t': 200, 'risk': 0.0, 'early_gain': 0.0, 'fp_risk': 0.0, 'act_cost': 0.05}
# episode_summary {"episode": 5, "reward_mean": -0.001400000000000001, "reward_min": -0.009000000000000001, "reward_max": -0.001, "steps": 200, "unique_actions": 2, "top5_actions": [[0, 190], [2, 10]]}

# ===== EPISODE 6 =====
[ep=06 t=0000] choose_plan=0 action=0 reward=-0.001 info={'t': 1, 'risk': 0.0609631565683266, 'early_gain': 0.0, 'fp_risk': 0.0, 'act_cost': 0.05}
[ep=06 t=0001] choose_plan=0 action=0 reward=-0.001 info={'t': 2, 'risk': 0.0609631565683266, 'early_gain': 0.0, 'fp_risk': 0.0, 'act_cost': 0.05}
[ep=06 t=0002] choose_plan=0 action=0 reward=-0.001 info={'t': 3, 'risk': 0.0609631565683266, 'early_gain': 0.0, 'fp_risk': 0.0, 'act_cost': 0.05}
[ep=06 t=0003] choose_plan=0 action=0 reward=-0.001 info={'t': 4, 'risk': 0.0609631565683266, 'early_gain': 0.0, 'fp_risk': 0.0, 'act_cost': 0.05}
[ep=06 t=0004] choose_plan=0 action=0 reward=-0.001 info={'t': 5, 'risk': 0.0609631565683266, 'early_gain': 0.0, 'fp_risk': 0.0, 'act_cost': 0.05}
[ep=06 t=0005] choose_plan=0 action=0 reward=-0.001 info={'t': 6, 'risk': 0.0609631565683266, 'early_gain': 0.0, 'fp_risk': 0.0, 'act_cost': 0.05}
[ep=06 t=0006] choose_plan=0 action=0 reward=-0.001 info={'t': 7, 'risk': 0.0609631565683266, 'early_gain': 0.0, 'fp_risk': 0.0, 'act_cost': 0.05}
[ep=06 t=0007] choose_plan=0 action=0 reward=-0.001 info={'t': 8, 'risk': 0.0609631565683266, 'early_gain': 0.0, 'fp_risk': 0.0, 'act_cost': 0.05}
[ep=06 t=0008] choose_plan=0 action=0 reward=-0.001 info={'t': 9, 'risk': 0.0609631565683266, 'early_gain': 0.0, 'fp_risk': 0.0, 'act_cost': 0.05}
[ep=06 t=0009] choose_plan=0 action=0 reward=-0.001 info={'t': 10, 'risk': 0.0609631565683266, 'early_gain': 0.0, 'fp_risk': 0.0, 'act_cost': 0.05}
[ep=06 t=0010] choose_plan=0 action=0 reward=-0.001 info={'t': 11, 'risk': 0.0609631565683266, 'early_gain': 0.0, 'fp_risk': 0.0, 'act_cost': 0.05}
[ep=06 t=0011] choose_plan=0 action=0 reward=-0.001 info={'t': 12, 'risk': 0.0609631565683266, 'early_gain': 0.0, 'fp_risk': 0.0, 'act_cost': 0.05}
[ep=06 t=0012] choose_plan=0 action=0 reward=-0.001 info={'t': 13, 'risk': 0.0609631565683266, 'early_gain': 0.0, 'fp_risk': 0.0, 'act_cost': 0.05}
[ep=06 t=0013] choose_plan=0 action=0 reward=-0.001 info={'t': 14, 'risk': 0.0609631565683266, 'early_gain': 0.0, 'fp_risk': 0.0, 'act_cost': 0.05}
[ep=06 t=0014] choose_plan=1 action=2 reward=-0.009 info={'t': 15, 'risk': 0.042645744692027504, 'early_gain': 0.0, 'fp_risk': 0.0, 'act_cost': 0.45}
[ep=06 t=0015] choose_plan=0 action=0 reward=-0.001 info={'t': 16, 'risk': 0.042645744692027504, 'early_gain': 0.0, 'fp_risk': 0.0, 'act_cost': 0.05}
[ep=06 t=0016] choose_plan=0 action=0 reward=-0.001 info={'t': 17, 'risk': 0.042645744692027504, 'early_gain': 0.0, 'fp_risk': 0.0, 'act_cost': 0.05}
[ep=06 t=0017] choose_plan=0 action=0 reward=-0.001 info={'t': 18, 'risk': 0.042645744692027504, 'early_gain': 0.0, 'fp_risk': 0.0, 'act_cost': 0.05}
[ep=06 t=0018] choose_plan=0 action=0 reward=-0.001 info={'t': 19, 'risk': 0.042645744692027504, 'early_gain': 0.0, 'fp_risk': 0.0, 'act_cost': 0.05}
[ep=06 t=0019] choose_plan=0 action=0 reward=-0.001 info={'t': 20, 'risk': 0.042645744692027504, 'early_gain': 0.0, 'fp_risk': 0.0, 'act_cost': 0.05}
[ep=06 t=0020] choose_plan=0 action=0 reward=-0.001 info={'t': 21, 'risk': 0.042645744692027504, 'early_gain': 0.0, 'fp_risk': 0.0, 'act_cost': 0.05}
[ep=06 t=0021] choose_plan=0 action=0 reward=-0.001 info={'t': 22, 'risk': 0.042645744692027504, 'early_gain': 0.0, 'fp_risk': 0.0, 'act_cost': 0.05}
[ep=06 t=0022] choose_plan=0 action=0 reward=-0.001 info={'t': 23, 'risk': 0.042645744692027504, 'early_gain': 0.0, 'fp_risk': 0.0, 'act_cost': 0.05}
[ep=06 t=0023] choose_plan=0 action=0 reward=-0.001 info={'t': 24, 'risk': 0.042645744692027504, 'early_gain': 0.0, 'fp_risk': 0.0, 'act_cost': 0.05}
[ep=06 t=0024] choose_plan=0 action=0 reward=-0.001 info={'t': 25, 'risk': 0.042645744692027504, 'early_gain': 0.0, 'fp_risk': 0.0, 'act_cost': 0.05}
[ep=06 t=0025] choose_plan=1 action=0 reward=-0.001 info={'t': 26, 'risk': 0.042645744692027504, 'early_gain': 0.0, 'fp_risk': 0.0, 'act_cost': 0.05}
[ep=06 t=0026] choose_plan=0 action=0 reward=-0.001 info={'t': 27, 'risk': 0.042645744692027504, 'early_gain': 0.0, 'fp_risk': 0.0, 'act_cost': 0.05}
[ep=06 t=0027] choose_plan=1 action=0 reward=-0.001 info={'t': 28, 'risk': 0.042645744692027504, 'early_gain': 0.0, 'fp_risk': 0.0, 'act_cost': 0.05}
[ep=06 t=0028] choose_plan=0 action=0 reward=-0.001 info={'t': 29, 'risk': 0.042645744692027504, 'early_gain': 0.0, 'fp_risk': 0.0, 'act_cost': 0.05}
[ep=06 t=0029] choose_plan=1 action=2 reward=-0.009 info={'t': 30, 'risk': 0.0, 'early_gain': 0.0, 'fp_risk': 0.0, 'act_cost': 0.45}
[ep=06 t=0030] choose_plan=0 action=0 reward=-0.001 info={'t': 31, 'risk': 0.0, 'early_gain': 0.0, 'fp_risk': 0.0, 'act_cost': 0.05}
[ep=06 t=0031] choose_plan=0 action=0 reward=-0.001 info={'t': 32, 'risk': 0.0, 'early_gain': 0.0, 'fp_risk': 0.0, 'act_cost': 0.05}
[ep=06 t=0032] choose_plan=0 action=0 reward=-0.001 info={'t': 33, 'risk': 0.0, 'early_gain': 0.0, 'fp_risk': 0.0, 'act_cost': 0.05}
[ep=06 t=0033] choose_plan=0 action=0 reward=-0.001 info={'t': 34, 'risk': 0.0, 'early_gain': 0.0, 'fp_risk': 0.0, 'act_cost': 0.05}
[ep=06 t=0034] choose_plan=0 action=0 reward=-0.001 info={'t': 35, 'risk': 0.0, 'early_gain': 0.0, 'fp_risk': 0.0, 'act_cost': 0.05}
[ep=06 t=0035] choose_plan=0 action=0 reward=-0.001 info={'t': 36, 'risk': 0.0, 'early_gain': 0.0, 'fp_risk': 0.0, 'act_cost': 0.05}
[ep=06 t=0036] choose_plan=1 action=2 reward=-0.009 info={'t': 37, 'risk': 0.0, 'early_gain': 0.0, 'fp_risk': 0.0, 'act_cost': 0.45}
[ep=06 t=0037] choose_plan=0 action=0 reward=-0.001 info={'t': 38, 'risk': 0.0, 'early_gain': 0.0, 'fp_risk': 0.0, 'act_cost': 0.05}
[ep=06 t=0038] choose_plan=0 action=0 reward=-0.001 info={'t': 39, 'risk': 0.0, 'early_gain': 0.0, 'fp_risk': 0.0, 'act_cost': 0.05}
[ep=06 t=0039] choose_plan=0 action=0 reward=-0.001 info={'t': 40, 'risk': 0.0, 'early_gain': 0.0, 'fp_risk': 0.0, 'act_cost': 0.05}
[ep=06 t=0040] choose_plan=0 action=0 reward=-0.001 info={'t': 41, 'risk': 0.0, 'early_gain': 0.0, 'fp_risk': 0.0, 'act_cost': 0.05}
[ep=06 t=0041] choose_plan=1 action=2 reward=-0.009 info={'t': 42, 'risk': 0.0, 'early_gain': 0.0, 'fp_risk': 0.0, 'act_cost': 0.45}
[ep=06 t=0042] choose_plan=0 action=0 reward=-0.001 info={'t': 43, 'risk': 0.0, 'early_gain': 0.0, 'fp_risk': 0.0, 'act_cost': 0.05}
[ep=06 t=0043] choose_plan=0 action=0 reward=-0.001 info={'t': 44, 'risk': 0.0, 'early_gain': 0.0, 'fp_risk': 0.0, 'act_cost': 0.05}
[ep=06 t=0044] choose_plan=0 action=0 reward=-0.001 info={'t': 45, 'risk': 0.0, 'early_gain': 0.0, 'fp_risk': 0.0, 'act_cost': 0.05}
[ep=06 t=0045] choose_plan=0 action=0 reward=-0.001 info={'t': 46, 'risk': 0.0, 'early_gain': 0.0, 'fp_risk': 0.0, 'act_cost': 0.05}
[ep=06 t=0046] choose_plan=0 action=0 reward=-0.001 info={'t': 47, 'risk': 0.0, 'early_gain': 0.0, 'fp_risk': 0.0, 'act_cost': 0.05}
[ep=06 t=0047] choose_plan=1 action=0 reward=-0.001 info={'t': 48, 'risk': 0.0, 'early_gain': 0.0, 'fp_risk': 0.0, 'act_cost': 0.05}
[ep=06 t=0048] choose_plan=0 action=0 reward=-0.001 info={'t': 49, 'risk': 0.0, 'early_gain': 0.0, 'fp_risk': 0.0, 'act_cost': 0.05}
[ep=06 t=0049] choose_plan=0 action=0 reward=-0.001 info={'t': 50, 'risk': 0.0, 'early_gain': 0.0, 'fp_risk': 0.0, 'act_cost': 0.05}
[ep=06 t=0050] choose_plan=1 action=0 reward=-0.001 info={'t': 51, 'risk': 0.0, 'early_gain': 0.0, 'fp_risk': 0.0, 'act_cost': 0.05}
[ep=06 t=0051] choose_plan=1 action=2 reward=-0.009 info={'t': 52, 'risk': 0.0, 'early_gain': 0.0, 'fp_risk': 0.0, 'act_cost': 0.45}
[ep=06 t=0052] choose_plan=0 action=0 reward=-0.001 info={'t': 53, 'risk': 0.0, 'early_gain': 0.0, 'fp_risk': 0.0, 'act_cost': 0.05}
[ep=06 t=0053] choose_plan=0 action=0 reward=-0.001 info={'t': 54, 'risk': 0.0, 'early_gain': 0.0, 'fp_risk': 0.0, 'act_cost': 0.05}
[ep=06 t=0054] choose_plan=0 action=0 reward=-0.001 info={'t': 55, 'risk': 0.0, 'early_gain': 0.0, 'fp_risk': 0.0, 'act_cost': 0.05}
[ep=06 t=0055] choose_plan=0 action=0 reward=-0.001 info={'t': 56, 'risk': 0.0, 'early_gain': 0.0, 'fp_risk': 0.0, 'act_cost': 0.05}
[ep=06 t=0056] choose_plan=0 action=0 reward=-0.001 info={'t': 57, 'risk': 0.0, 'early_gain': 0.0, 'fp_risk': 0.0, 'act_cost': 0.05}
[ep=06 t=0057] choose_plan=0 action=0 reward=-0.001 info={'t': 58, 'risk': 0.0, 'early_gain': 0.0, 'fp_risk': 0.0, 'act_cost': 0.05}
[ep=06 t=0058] choose_plan=0 action=0 reward=-0.001 info={'t': 59, 'risk': 0.0, 'early_gain': 0.0, 'fp_risk': 0.0, 'act_cost': 0.05}
[ep=06 t=0059] choose_plan=0 action=0 reward=-0.001 info={'t': 60, 'risk': 0.0, 'early_gain': 0.0, 'fp_risk': 0.0, 'act_cost': 0.05}
[ep=06 t=0060] choose_plan=0 action=0 reward=-0.001 info={'t': 61, 'risk': 0.0, 'early_gain': 0.0, 'fp_risk': 0.0, 'act_cost': 0.05}
[ep=06 t=0061] choose_plan=0 action=0 reward=-0.001 info={'t': 62, 'risk': 0.0, 'early_gain': 0.0, 'fp_risk': 0.0, 'act_cost': 0.05}
[ep=06 t=0062] choose_plan=0 action=0 reward=-0.001 info={'t': 63, 'risk': 0.0, 'early_gain': 0.0, 'fp_risk': 0.0, 'act_cost': 0.05}
[ep=06 t=0063] choose_plan=0 action=0 reward=-0.001 info={'t': 64, 'risk': 0.0, 'early_gain': 0.0, 'fp_risk': 0.0, 'act_cost': 0.05}
[ep=06 t=0064] choose_plan=0 action=0 reward=-0.001 info={'t': 65, 'risk': 0.0, 'early_gain': 0.0, 'fp_risk': 0.0, 'act_cost': 0.05}
[ep=06 t=0065] choose_plan=0 action=0 reward=-0.001 info={'t': 66, 'risk': 0.0, 'early_gain': 0.0, 'fp_risk': 0.0, 'act_cost': 0.05}
[ep=06 t=0066] choose_plan=0 action=0 reward=-0.001 info={'t': 67, 'risk': 0.0, 'early_gain': 0.0, 'fp_risk': 0.0, 'act_cost': 0.05}
[ep=06 t=0067] choose_plan=0 action=0 reward=-0.001 info={'t': 68, 'risk': 0.0, 'early_gain': 0.0, 'fp_risk': 0.0, 'act_cost': 0.05}
[ep=06 t=0068] choose_plan=1 action=0 reward=-0.001 info={'t': 69, 'risk': 0.0, 'early_gain': 0.0, 'fp_risk': 0.0, 'act_cost': 0.05}
[ep=06 t=0069] choose_plan=1 action=0 reward=-0.001 info={'t': 70, 'risk': 0.0, 'early_gain': 0.0, 'fp_risk': 0.0, 'act_cost': 0.05}
[ep=06 t=0070] choose_plan=0 action=0 reward=-0.001 info={'t': 71, 'risk': 0.0, 'early_gain': 0.0, 'fp_risk': 0.0, 'act_cost': 0.05}
[ep=06 t=0071] choose_plan=0 action=0 reward=-0.001 info={'t': 72, 'risk': 0.0, 'early_gain': 0.0, 'fp_risk': 0.0, 'act_cost': 0.05}
[ep=06 t=0072] choose_plan=0 action=0 reward=-0.001 info={'t': 73, 'risk': 0.0, 'early_gain': 0.0, 'fp_risk': 0.0, 'act_cost': 0.05}
[ep=06 t=0073] choose_plan=0 action=0 reward=-0.001 info={'t': 74, 'risk': 0.0, 'early_gain': 0.0, 'fp_risk': 0.0, 'act_cost': 0.05}
[ep=06 t=0074] choose_plan=0 action=0 reward=-0.001 info={'t': 75, 'risk': 0.0, 'early_gain': 0.0, 'fp_risk': 0.0, 'act_cost': 0.05}
[ep=06 t=0075] choose_plan=0 action=0 reward=-0.001 info={'t': 76, 'risk': 0.0, 'early_gain': 0.0, 'fp_risk': 0.0, 'act_cost': 0.05}
[ep=06 t=0076] choose_plan=0 action=0 reward=-0.001 info={'t': 77, 'risk': 0.0, 'early_gain': 0.0, 'fp_risk': 0.0, 'act_cost': 0.05}
[ep=06 t=0077] choose_plan=0 action=0 reward=-0.001 info={'t': 78, 'risk': 0.0, 'early_gain': 0.0, 'fp_risk': 0.0, 'act_cost': 0.05}
[ep=06 t=0078] choose_plan=0 action=0 reward=-0.001 info={'t': 79, 'risk': 0.0, 'early_gain': 0.0, 'fp_risk': 0.0, 'act_cost': 0.05}
[ep=06 t=0079] choose_plan=0 action=0 reward=-0.001 info={'t': 80, 'risk': 0.0, 'early_gain': 0.0, 'fp_risk': 0.0, 'act_cost': 0.05}
[ep=06 t=0080] choose_plan=0 action=0 reward=-0.001 info={'t': 81, 'risk': 0.0, 'early_gain': 0.0, 'fp_risk': 0.0, 'act_cost': 0.05}
[ep=06 t=0081] choose_plan=0 action=0 reward=-0.001 info={'t': 82, 'risk': 0.0, 'early_gain': 0.0, 'fp_risk': 0.0, 'act_cost': 0.05}
[ep=06 t=0082] choose_plan=0 action=0 reward=-0.001 info={'t': 83, 'risk': 0.0, 'early_gain': 0.0, 'fp_risk': 0.0, 'act_cost': 0.05}
[ep=06 t=0083] choose_plan=0 action=0 reward=-0.001 info={'t': 84, 'risk': 0.0, 'early_gain': 0.0, 'fp_risk': 0.0, 'act_cost': 0.05}
[ep=06 t=0084] choose_plan=0 action=0 reward=-0.001 info={'t': 85, 'risk': 0.0, 'early_gain': 0.0, 'fp_risk': 0.0, 'act_cost': 0.05}
[ep=06 t=0085] choose_plan=0 action=0 reward=-0.001 info={'t': 86, 'risk': 0.0, 'early_gain': 0.0, 'fp_risk': 0.0, 'act_cost': 0.05}
[ep=06 t=0086] choose_plan=0 action=0 reward=-0.001 info={'t': 87, 'risk': 0.0, 'early_gain': 0.0, 'fp_risk': 0.0, 'act_cost': 0.05}
[ep=06 t=0087] choose_plan=0 action=0 reward=-0.001 info={'t': 88, 'risk': 0.0, 'early_gain': 0.0, 'fp_risk': 0.0, 'act_cost': 0.05}
[ep=06 t=0088] choose_plan=0 action=0 reward=-0.001 info={'t': 89, 'risk': 0.0, 'early_gain': 0.0, 'fp_risk': 0.0, 'act_cost': 0.05}
[ep=06 t=0089] choose_plan=0 action=0 reward=-0.001 info={'t': 90, 'risk': 0.0, 'early_gain': 0.0, 'fp_risk': 0.0, 'act_cost': 0.05}
[ep=06 t=0090] choose_plan=1 action=0 reward=-0.001 info={'t': 91, 'risk': 0.0, 'early_gain': 0.0, 'fp_risk': 0.0, 'act_cost': 0.05}
[ep=06 t=0091] choose_plan=0 action=0 reward=-0.001 info={'t': 92, 'risk': 0.0, 'early_gain': 0.0, 'fp_risk': 0.0, 'act_cost': 0.05}
[ep=06 t=0092] choose_plan=0 action=0 reward=-0.001 info={'t': 93, 'risk': 0.0, 'early_gain': 0.0, 'fp_risk': 0.0, 'act_cost': 0.05}
[ep=06 t=0093] choose_plan=0 action=0 reward=-0.001 info={'t': 94, 'risk': 0.0, 'early_gain': 0.0, 'fp_risk': 0.0, 'act_cost': 0.05}
[ep=06 t=0094] choose_plan=0 action=0 reward=-0.001 info={'t': 95, 'risk': 0.0, 'early_gain': 0.0, 'fp_risk': 0.0, 'act_cost': 0.05}
[ep=06 t=0095] choose_plan=0 action=0 reward=-0.001 info={'t': 96, 'risk': 0.0, 'early_gain': 0.0, 'fp_risk': 0.0, 'act_cost': 0.05}
[ep=06 t=0096] choose_plan=0 action=0 reward=-0.001 info={'t': 97, 'risk': 0.0, 'early_gain': 0.0, 'fp_risk': 0.0, 'act_cost': 0.05}
[ep=06 t=0097] choose_plan=1 action=0 reward=-0.001 info={'t': 98, 'risk': 0.0, 'early_gain': 0.0, 'fp_risk': 0.0, 'act_cost': 0.05}
[ep=06 t=0098] choose_plan=0 action=0 reward=-0.001 info={'t': 99, 'risk': 0.0, 'early_gain': 0.0, 'fp_risk': 0.0, 'act_cost': 0.05}
[ep=06 t=0099] choose_plan=0 action=0 reward=-0.001 info={'t': 100, 'risk': 0.0, 'early_gain': 0.0, 'fp_risk': 0.0, 'act_cost': 0.05}
[ep=06 t=0100] choose_plan=0 action=0 reward=-0.001 info={'t': 101, 'risk': 0.0, 'early_gain': 0.0, 'fp_risk': 0.0, 'act_cost': 0.05}
[ep=06 t=0101] choose_plan=0 action=0 reward=-0.001 info={'t': 102, 'risk': 0.0, 'early_gain': 0.0, 'fp_risk': 0.0, 'act_cost': 0.05}
[ep=06 t=0102] choose_plan=0 action=0 reward=-0.001 info={'t': 103, 'risk': 0.0, 'early_gain': 0.0, 'fp_risk': 0.0, 'act_cost': 0.05}
[ep=06 t=0103] choose_plan=0 action=0 reward=-0.001 info={'t': 104, 'risk': 0.0, 'early_gain': 0.0, 'fp_risk': 0.0, 'act_cost': 0.05}
[ep=06 t=0104] choose_plan=0 action=0 reward=-0.001 info={'t': 105, 'risk': 0.0, 'early_gain': 0.0, 'fp_risk': 0.0, 'act_cost': 0.05}
[ep=06 t=0105] choose_plan=0 action=0 reward=-0.001 info={'t': 106, 'risk': 0.0, 'early_gain': 0.0, 'fp_risk': 0.0, 'act_cost': 0.05}
[ep=06 t=0106] choose_plan=0 action=0 reward=-0.001 info={'t': 107, 'risk': 0.0, 'early_gain': 0.0, 'fp_risk': 0.0, 'act_cost': 0.05}
[ep=06 t=0107] choose_plan=0 action=0 reward=-0.001 info={'t': 108, 'risk': 0.0, 'early_gain': 0.0, 'fp_risk': 0.0, 'act_cost': 0.05}
[ep=06 t=0108] choose_plan=0 action=0 reward=-0.001 info={'t': 109, 'risk': 0.0, 'early_gain': 0.0, 'fp_risk': 0.0, 'act_cost': 0.05}
[ep=06 t=0109] choose_plan=0 action=0 reward=-0.001 info={'t': 110, 'risk': 0.0, 'early_gain': 0.0, 'fp_risk': 0.0, 'act_cost': 0.05}
[ep=06 t=0110] choose_plan=0 action=0 reward=-0.001 info={'t': 111, 'risk': 0.0, 'early_gain': 0.0, 'fp_risk': 0.0, 'act_cost': 0.05}
[ep=06 t=0111] choose_plan=0 action=0 reward=-0.001 info={'t': 112, 'risk': 0.0, 'early_gain': 0.0, 'fp_risk': 0.0, 'act_cost': 0.05}
[ep=06 t=0112] choose_plan=0 action=0 reward=-0.001 info={'t': 113, 'risk': 0.0, 'early_gain': 0.0, 'fp_risk': 0.0, 'act_cost': 0.05}
[ep=06 t=0113] choose_plan=0 action=0 reward=-0.001 info={'t': 114, 'risk': 0.0, 'early_gain': 0.0, 'fp_risk': 0.0, 'act_cost': 0.05}
[ep=06 t=0114] choose_plan=0 action=0 reward=-0.001 info={'t': 115, 'risk': 0.0, 'early_gain': 0.0, 'fp_risk': 0.0, 'act_cost': 0.05}
[ep=06 t=0115] choose_plan=0 action=0 reward=-0.001 info={'t': 116, 'risk': 0.0, 'early_gain': 0.0, 'fp_risk': 0.0, 'act_cost': 0.05}
[ep=06 t=0116] choose_plan=0 action=0 reward=-0.001 info={'t': 117, 'risk': 0.0, 'early_gain': 0.0, 'fp_risk': 0.0, 'act_cost': 0.05}
[ep=06 t=0117] choose_plan=1 action=2 reward=-0.009 info={'t': 118, 'risk': 0.0, 'early_gain': 0.0, 'fp_risk': 0.0, 'act_cost': 0.45}
[ep=06 t=0118] choose_plan=0 action=0 reward=-0.001 info={'t': 119, 'risk': 0.0, 'early_gain': 0.0, 'fp_risk': 0.0, 'act_cost': 0.05}
[ep=06 t=0119] choose_plan=0 action=0 reward=-0.001 info={'t': 120, 'risk': 0.0, 'early_gain': 0.0, 'fp_risk': 0.0, 'act_cost': 0.05}
[ep=06 t=0120] choose_plan=0 action=0 reward=-0.001 info={'t': 121, 'risk': 0.0, 'early_gain': 0.0, 'fp_risk': 0.0, 'act_cost': 0.05}
[ep=06 t=0121] choose_plan=1 action=0 reward=-0.001 info={'t': 122, 'risk': 0.0, 'early_gain': 0.0, 'fp_risk': 0.0, 'act_cost': 0.05}
[ep=06 t=0122] choose_plan=0 action=0 reward=-0.001 info={'t': 123, 'risk': 0.0, 'early_gain': 0.0, 'fp_risk': 0.0, 'act_cost': 0.05}
[ep=06 t=0123] choose_plan=0 action=0 reward=-0.001 info={'t': 124, 'risk': 0.0, 'early_gain': 0.0, 'fp_risk': 0.0, 'act_cost': 0.05}
[ep=06 t=0124] choose_plan=0 action=0 reward=-0.001 info={'t': 125, 'risk': 0.0, 'early_gain': 0.0, 'fp_risk': 0.0, 'act_cost': 0.05}
[ep=06 t=0125] choose_plan=0 action=0 reward=-0.001 info={'t': 126, 'risk': 0.0, 'early_gain': 0.0, 'fp_risk': 0.0, 'act_cost': 0.05}
[ep=06 t=0126] choose_plan=0 action=0 reward=-0.001 info={'t': 127, 'risk': 0.0, 'early_gain': 0.0, 'fp_risk': 0.0, 'act_cost': 0.05}
[ep=06 t=0127] choose_plan=0 action=0 reward=-0.001 info={'t': 128, 'risk': 0.0, 'early_gain': 0.0, 'fp_risk': 0.0, 'act_cost': 0.05}
[ep=06 t=0128] choose_plan=0 action=0 reward=-0.001 info={'t': 129, 'risk': 0.0, 'early_gain': 0.0, 'fp_risk': 0.0, 'act_cost': 0.05}
[ep=06 t=0129] choose_plan=0 action=0 reward=-0.001 info={'t': 130, 'risk': 0.0, 'early_gain': 0.0, 'fp_risk': 0.0, 'act_cost': 0.05}
[ep=06 t=0130] choose_plan=0 action=0 reward=-0.001 info={'t': 131, 'risk': 0.0, 'early_gain': 0.0, 'fp_risk': 0.0, 'act_cost': 0.05}
[ep=06 t=0131] choose_plan=0 action=0 reward=-0.001 info={'t': 132, 'risk': 0.0, 'early_gain': 0.0, 'fp_risk': 0.0, 'act_cost': 0.05}
[ep=06 t=0132] choose_plan=0 action=0 reward=-0.001 info={'t': 133, 'risk': 0.0, 'early_gain': 0.0, 'fp_risk': 0.0, 'act_cost': 0.05}
[ep=06 t=0133] choose_plan=0 action=0 reward=-0.001 info={'t': 134, 'risk': 0.0, 'early_gain': 0.0, 'fp_risk': 0.0, 'act_cost': 0.05}
[ep=06 t=0134] choose_plan=0 action=0 reward=-0.001 info={'t': 135, 'risk': 0.0, 'early_gain': 0.0, 'fp_risk': 0.0, 'act_cost': 0.05}
[ep=06 t=0135] choose_plan=0 action=0 reward=-0.001 info={'t': 136, 'risk': 0.0, 'early_gain': 0.0, 'fp_risk': 0.0, 'act_cost': 0.05}
[ep=06 t=0136] choose_plan=1 action=2 reward=-0.009 info={'t': 137, 'risk': 0.0, 'early_gain': 0.0, 'fp_risk': 0.0, 'act_cost': 0.45}
[ep=06 t=0137] choose_plan=1 action=2 reward=-0.009 info={'t': 138, 'risk': 0.0, 'early_gain': 0.0, 'fp_risk': 0.0, 'act_cost': 0.45}
[ep=06 t=0138] choose_plan=1 action=2 reward=-0.009 info={'t': 139, 'risk': 0.0, 'early_gain': 0.0, 'fp_risk': 0.0, 'act_cost': 0.45}
[ep=06 t=0139] choose_plan=0 action=0 reward=-0.001 info={'t': 140, 'risk': 0.0, 'early_gain': 0.0, 'fp_risk': 0.0, 'act_cost': 0.05}
[ep=06 t=0140] choose_plan=0 action=0 reward=-0.001 info={'t': 141, 'risk': 0.0, 'early_gain': 0.0, 'fp_risk': 0.0, 'act_cost': 0.05}
[ep=06 t=0141] choose_plan=0 action=0 reward=-0.001 info={'t': 142, 'risk': 0.0, 'early_gain': 0.0, 'fp_risk': 0.0, 'act_cost': 0.05}
[ep=06 t=0142] choose_plan=0 action=0 reward=-0.001 info={'t': 143, 'risk': 0.0, 'early_gain': 0.0, 'fp_risk': 0.0, 'act_cost': 0.05}
[ep=06 t=0143] choose_plan=0 action=0 reward=-0.001 info={'t': 144, 'risk': 0.0, 'early_gain': 0.0, 'fp_risk': 0.0, 'act_cost': 0.05}
[ep=06 t=0144] choose_plan=0 action=0 reward=-0.001 info={'t': 145, 'risk': 0.0, 'early_gain': 0.0, 'fp_risk': 0.0, 'act_cost': 0.05}
[ep=06 t=0145] choose_plan=0 action=0 reward=-0.001 info={'t': 146, 'risk': 0.0, 'early_gain': 0.0, 'fp_risk': 0.0, 'act_cost': 0.05}
[ep=06 t=0146] choose_plan=1 action=2 reward=-0.009 info={'t': 147, 'risk': 0.0, 'early_gain': 0.0, 'fp_risk': 0.0, 'act_cost': 0.45}
[ep=06 t=0147] choose_plan=0 action=0 reward=-0.001 info={'t': 148, 'risk': 0.0, 'early_gain': 0.0, 'fp_risk': 0.0, 'act_cost': 0.05}
[ep=06 t=0148] choose_plan=1 action=0 reward=-0.001 info={'t': 149, 'risk': 0.0, 'early_gain': 0.0, 'fp_risk': 0.0, 'act_cost': 0.05}
[ep=06 t=0149] choose_plan=0 action=0 reward=-0.001 info={'t': 150, 'risk': 0.0, 'early_gain': 0.0, 'fp_risk': 0.0, 'act_cost': 0.05}
[ep=06 t=0150] choose_plan=0 action=0 reward=-0.001 info={'t': 151, 'risk': 0.0, 'early_gain': 0.0, 'fp_risk': 0.0, 'act_cost': 0.05}
[ep=06 t=0151] choose_plan=0 action=0 reward=-0.001 info={'t': 152, 'risk': 0.0, 'early_gain': 0.0, 'fp_risk': 0.0, 'act_cost': 0.05}
[ep=06 t=0152] choose_plan=0 action=0 reward=-0.001 info={'t': 153, 'risk': 0.0, 'early_gain': 0.0, 'fp_risk': 0.0, 'act_cost': 0.05}
[ep=06 t=0153] choose_plan=0 action=0 reward=-0.001 info={'t': 154, 'risk': 0.0, 'early_gain': 0.0, 'fp_risk': 0.0, 'act_cost': 0.05}
[ep=06 t=0154] choose_plan=0 action=0 reward=-0.001 info={'t': 155, 'risk': 0.0, 'early_gain': 0.0, 'fp_risk': 0.0, 'act_cost': 0.05}
[ep=06 t=0155] choose_plan=0 action=0 reward=-0.001 info={'t': 156, 'risk': 0.0, 'early_gain': 0.0, 'fp_risk': 0.0, 'act_cost': 0.05}
[ep=06 t=0156] choose_plan=0 action=0 reward=-0.001 info={'t': 157, 'risk': 0.0, 'early_gain': 0.0, 'fp_risk': 0.0, 'act_cost': 0.05}
[ep=06 t=0157] choose_plan=0 action=0 reward=-0.001 info={'t': 158, 'risk': 0.0, 'early_gain': 0.0, 'fp_risk': 0.0, 'act_cost': 0.05}
[ep=06 t=0158] choose_plan=0 action=0 reward=-0.001 info={'t': 159, 'risk': 0.0, 'early_gain': 0.0, 'fp_risk': 0.0, 'act_cost': 0.05}
[ep=06 t=0159] choose_plan=0 action=0 reward=-0.001 info={'t': 160, 'risk': 0.0, 'early_gain': 0.0, 'fp_risk': 0.0, 'act_cost': 0.05}
[ep=06 t=0160] choose_plan=1 action=0 reward=-0.001 info={'t': 161, 'risk': 0.0, 'early_gain': 0.0, 'fp_risk': 0.0, 'act_cost': 0.05}
[ep=06 t=0161] choose_plan=0 action=0 reward=-0.001 info={'t': 162, 'risk': 0.0, 'early_gain': 0.0, 'fp_risk': 0.0, 'act_cost': 0.05}
[ep=06 t=0162] choose_plan=0 action=0 reward=-0.001 info={'t': 163, 'risk': 0.0, 'early_gain': 0.0, 'fp_risk': 0.0, 'act_cost': 0.05}
[ep=06 t=0163] choose_plan=0 action=0 reward=-0.001 info={'t': 164, 'risk': 0.0, 'early_gain': 0.0, 'fp_risk': 0.0, 'act_cost': 0.05}
[ep=06 t=0164] choose_plan=0 action=0 reward=-0.001 info={'t': 165, 'risk': 0.0, 'early_gain': 0.0, 'fp_risk': 0.0, 'act_cost': 0.05}
[ep=06 t=0165] choose_plan=0 action=0 reward=-0.001 info={'t': 166, 'risk': 0.0, 'early_gain': 0.0, 'fp_risk': 0.0, 'act_cost': 0.05}
[ep=06 t=0166] choose_plan=0 action=0 reward=-0.001 info={'t': 167, 'risk': 0.0, 'early_gain': 0.0, 'fp_risk': 0.0, 'act_cost': 0.05}
[ep=06 t=0167] choose_plan=0 action=0 reward=-0.001 info={'t': 168, 'risk': 0.0, 'early_gain': 0.0, 'fp_risk': 0.0, 'act_cost': 0.05}
[ep=06 t=0168] choose_plan=0 action=0 reward=-0.001 info={'t': 169, 'risk': 0.0, 'early_gain': 0.0, 'fp_risk': 0.0, 'act_cost': 0.05}
[ep=06 t=0169] choose_plan=0 action=0 reward=-0.001 info={'t': 170, 'risk': 0.0, 'early_gain': 0.0, 'fp_risk': 0.0, 'act_cost': 0.05}
[ep=06 t=0170] choose_plan=0 action=0 reward=-0.001 info={'t': 171, 'risk': 0.0, 'early_gain': 0.0, 'fp_risk': 0.0, 'act_cost': 0.05}
[ep=06 t=0171] choose_plan=0 action=0 reward=-0.001 info={'t': 172, 'risk': 0.0, 'early_gain': 0.0, 'fp_risk': 0.0, 'act_cost': 0.05}
[ep=06 t=0172] choose_plan=0 action=0 reward=-0.001 info={'t': 173, 'risk': 0.0, 'early_gain': 0.0, 'fp_risk': 0.0, 'act_cost': 0.05}
[ep=06 t=0173] choose_plan=0 action=0 reward=-0.001 info={'t': 174, 'risk': 0.0, 'early_gain': 0.0, 'fp_risk': 0.0, 'act_cost': 0.05}
[ep=06 t=0174] choose_plan=0 action=0 reward=-0.001 info={'t': 175, 'risk': 0.0, 'early_gain': 0.0, 'fp_risk': 0.0, 'act_cost': 0.05}
[ep=06 t=0175] choose_plan=0 action=0 reward=-0.001 info={'t': 176, 'risk': 0.0, 'early_gain': 0.0, 'fp_risk': 0.0, 'act_cost': 0.05}
[ep=06 t=0176] choose_plan=0 action=0 reward=-0.001 info={'t': 177, 'risk': 0.0, 'early_gain': 0.0, 'fp_risk': 0.0, 'act_cost': 0.05}
[ep=06 t=0177] choose_plan=0 action=0 reward=-0.001 info={'t': 178, 'risk': 0.0, 'early_gain': 0.0, 'fp_risk': 0.0, 'act_cost': 0.05}
[ep=06 t=0178] choose_plan=0 action=0 reward=-0.001 info={'t': 179, 'risk': 0.0, 'early_gain': 0.0, 'fp_risk': 0.0, 'act_cost': 0.05}
[ep=06 t=0179] choose_plan=0 action=0 reward=-0.001 info={'t': 180, 'risk': 0.0, 'early_gain': 0.0, 'fp_risk': 0.0, 'act_cost': 0.05}
[ep=06 t=0180] choose_plan=0 action=0 reward=-0.001 info={'t': 181, 'risk': 0.0, 'early_gain': 0.0, 'fp_risk': 0.0, 'act_cost': 0.05}
[ep=06 t=0181] choose_plan=0 action=0 reward=-0.001 info={'t': 182, 'risk': 0.0, 'early_gain': 0.0, 'fp_risk': 0.0, 'act_cost': 0.05}
[ep=06 t=0182] choose_plan=0 action=0 reward=-0.001 info={'t': 183, 'risk': 0.0, 'early_gain': 0.0, 'fp_risk': 0.0, 'act_cost': 0.05}
[ep=06 t=0183] choose_plan=0 action=0 reward=-0.001 info={'t': 184, 'risk': 0.0, 'early_gain': 0.0, 'fp_risk': 0.0, 'act_cost': 0.05}
[ep=06 t=0184] choose_plan=0 action=0 reward=-0.001 info={'t': 185, 'risk': 0.0, 'early_gain': 0.0, 'fp_risk': 0.0, 'act_cost': 0.05}
[ep=06 t=0185] choose_plan=0 action=0 reward=-0.001 info={'t': 186, 'risk': 0.0, 'early_gain': 0.0, 'fp_risk': 0.0, 'act_cost': 0.05}
[ep=06 t=0186] choose_plan=0 action=0 reward=-0.001 info={'t': 187, 'risk': 0.0, 'early_gain': 0.0, 'fp_risk': 0.0, 'act_cost': 0.05}
[ep=06 t=0187] choose_plan=0 action=0 reward=-0.001 info={'t': 188, 'risk': 0.0, 'early_gain': 0.0, 'fp_risk': 0.0, 'act_cost': 0.05}
[ep=06 t=0188] choose_plan=0 action=0 reward=-0.001 info={'t': 189, 'risk': 0.0, 'early_gain': 0.0, 'fp_risk': 0.0, 'act_cost': 0.05}
[ep=06 t=0189] choose_plan=0 action=0 reward=-0.001 info={'t': 190, 'risk': 0.0, 'early_gain': 0.0, 'fp_risk': 0.0, 'act_cost': 0.05}
[ep=06 t=0190] choose_plan=1 action=2 reward=-0.009 info={'t': 191, 'risk': 0.0, 'early_gain': 0.0, 'fp_risk': 0.0, 'act_cost': 0.45}
[ep=06 t=0191] choose_plan=0 action=0 reward=-0.001 info={'t': 192, 'risk': 0.0, 'early_gain': 0.0, 'fp_risk': 0.0, 'act_cost': 0.05}
[ep=06 t=0192] choose_plan=0 action=0 reward=-0.001 info={'t': 193, 'risk': 0.0, 'early_gain': 0.0, 'fp_risk': 0.0, 'act_cost': 0.05}
[ep=06 t=0193] choose_plan=0 action=0 reward=-0.001 info={'t': 194, 'risk': 0.0, 'early_gain': 0.0, 'fp_risk': 0.0, 'act_cost': 0.05}
[ep=06 t=0194] choose_plan=0 action=0 reward=-0.001 info={'t': 195, 'risk': 0.0, 'early_gain': 0.0, 'fp_risk': 0.0, 'act_cost': 0.05}
[ep=06 t=0195] choose_plan=0 action=0 reward=-0.001 info={'t': 196, 'risk': 0.0, 'early_gain': 0.0, 'fp_risk': 0.0, 'act_cost': 0.05}
[ep=06 t=0196] choose_plan=0 action=0 reward=-0.001 info={'t': 197, 'risk': 0.0, 'early_gain': 0.0, 'fp_risk': 0.0, 'act_cost': 0.05}
[ep=06 t=0197] choose_plan=0 action=0 reward=-0.001 info={'t': 198, 'risk': 0.0, 'early_gain': 0.0, 'fp_risk': 0.0, 'act_cost': 0.05}
[ep=06 t=0198] choose_plan=0 action=0 reward=-0.001 info={'t': 199, 'risk': 0.0, 'early_gain': 0.0, 'fp_risk': 0.0, 'act_cost': 0.05}
[ep=06 t=0199] choose_plan=0 action=0 reward=-0.001 info={'t': 200, 'risk': 0.0, 'early_gain': 0.0, 'fp_risk': 0.0, 'act_cost': 0.05}
# episode_summary {"episode": 6, "reward_mean": -0.001440000000000001, "reward_min": -0.009000000000000001, "reward_max": -0.001, "steps": 200, "unique_actions": 2, "top5_actions": [[0, 189], [2, 11]]}

# ===== EPISODE 7 =====
[ep=07 t=0000] choose_plan=0 action=0 reward=-0.001 info={'t': 1, 'risk': 0.051337679526855036, 'early_gain': 0.0, 'fp_risk': 0.0, 'act_cost': 0.05}
[ep=07 t=0001] choose_plan=0 action=0 reward=-0.001 info={'t': 2, 'risk': 0.051337679526855036, 'early_gain': 0.0, 'fp_risk': 0.0, 'act_cost': 0.05}
[ep=07 t=0002] choose_plan=0 action=0 reward=-0.001 info={'t': 3, 'risk': 0.051337679526855036, 'early_gain': 0.0, 'fp_risk': 0.0, 'act_cost': 0.05}
[ep=07 t=0003] choose_plan=1 action=0 reward=-0.001 info={'t': 4, 'risk': 0.051337679526855036, 'early_gain': 0.0, 'fp_risk': 0.0, 'act_cost': 0.05}
[ep=07 t=0004] choose_plan=0 action=0 reward=-0.001 info={'t': 5, 'risk': 0.051337679526855036, 'early_gain': 0.0, 'fp_risk': 0.0, 'act_cost': 0.05}
[ep=07 t=0005] choose_plan=0 action=0 reward=-0.001 info={'t': 6, 'risk': 0.051337679526855036, 'early_gain': 0.0, 'fp_risk': 0.0, 'act_cost': 0.05}
[ep=07 t=0006] choose_plan=0 action=0 reward=-0.001 info={'t': 7, 'risk': 0.051337679526855036, 'early_gain': 0.0, 'fp_risk': 0.0, 'act_cost': 0.05}
[ep=07 t=0007] choose_plan=0 action=0 reward=-0.001 info={'t': 8, 'risk': 0.051337679526855036, 'early_gain': 0.0, 'fp_risk': 0.0, 'act_cost': 0.05}
[ep=07 t=0008] choose_plan=0 action=0 reward=-0.001 info={'t': 9, 'risk': 0.051337679526855036, 'early_gain': 0.0, 'fp_risk': 0.0, 'act_cost': 0.05}
[ep=07 t=0009] choose_plan=0 action=0 reward=-0.001 info={'t': 10, 'risk': 0.051337679526855036, 'early_gain': 0.0, 'fp_risk': 0.0, 'act_cost': 0.05}
[ep=07 t=0010] choose_plan=1 action=2 reward=-0.009 info={'t': 11, 'risk': 0.035028541044352296, 'early_gain': 0.0, 'fp_risk': 0.0, 'act_cost': 0.45}
[ep=07 t=0011] choose_plan=0 action=0 reward=-0.001 info={'t': 12, 'risk': 0.035028541044352296, 'early_gain': 0.0, 'fp_risk': 0.0, 'act_cost': 0.05}
[ep=07 t=0012] choose_plan=0 action=0 reward=-0.001 info={'t': 13, 'risk': 0.035028541044352296, 'early_gain': 0.0, 'fp_risk': 0.0, 'act_cost': 0.05}
[ep=07 t=0013] choose_plan=0 action=0 reward=-0.001 info={'t': 14, 'risk': 0.035028541044352296, 'early_gain': 0.0, 'fp_risk': 0.0, 'act_cost': 0.05}
[ep=07 t=0014] choose_plan=0 action=0 reward=-0.001 info={'t': 15, 'risk': 0.035028541044352296, 'early_gain': 0.0, 'fp_risk': 0.0, 'act_cost': 0.05}
[ep=07 t=0015] choose_plan=0 action=0 reward=-0.001 info={'t': 16, 'risk': 0.035028541044352296, 'early_gain': 0.0, 'fp_risk': 0.0, 'act_cost': 0.05}
[ep=07 t=0016] choose_plan=0 action=0 reward=-0.001 info={'t': 17, 'risk': 0.035028541044352296, 'early_gain': 0.0, 'fp_risk': 0.0, 'act_cost': 0.05}
[ep=07 t=0017] choose_plan=1 action=2 reward=-0.009 info={'t': 18, 'risk': 0.010948217557426646, 'early_gain': 0.0, 'fp_risk': 0.0, 'act_cost': 0.45}
[ep=07 t=0018] choose_plan=0 action=0 reward=-0.001 info={'t': 19, 'risk': 0.010948217557426646, 'early_gain': 0.0, 'fp_risk': 0.0, 'act_cost': 0.05}
[ep=07 t=0019] choose_plan=0 action=0 reward=-0.001 info={'t': 20, 'risk': 0.010948217557426646, 'early_gain': 0.0, 'fp_risk': 0.0, 'act_cost': 0.05}
[ep=07 t=0020] choose_plan=0 action=0 reward=-0.001 info={'t': 21, 'risk': 0.010948217557426646, 'early_gain': 0.0, 'fp_risk': 0.0, 'act_cost': 0.05}
[ep=07 t=0021] choose_plan=0 action=0 reward=-0.001 info={'t': 22, 'risk': 0.010948217557426646, 'early_gain': 0.0, 'fp_risk': 0.0, 'act_cost': 0.05}
[ep=07 t=0022] choose_plan=0 action=0 reward=-0.001 info={'t': 23, 'risk': 0.010948217557426646, 'early_gain': 0.0, 'fp_risk': 0.0, 'act_cost': 0.05}
[ep=07 t=0023] choose_plan=1 action=2 reward=-0.009 info={'t': 24, 'risk': 0.0, 'early_gain': 0.0, 'fp_risk': 0.0, 'act_cost': 0.45}
[ep=07 t=0024] choose_plan=1 action=2 reward=-0.009 info={'t': 25, 'risk': 0.0, 'early_gain': 0.0, 'fp_risk': 0.0, 'act_cost': 0.45}
[ep=07 t=0025] choose_plan=1 action=2 reward=-0.009 info={'t': 26, 'risk': 0.0, 'early_gain': 0.0, 'fp_risk': 0.0, 'act_cost': 0.45}
[ep=07 t=0026] choose_plan=0 action=0 reward=-0.001 info={'t': 27, 'risk': 0.0, 'early_gain': 0.0, 'fp_risk': 0.0, 'act_cost': 0.05}
[ep=07 t=0027] choose_plan=0 action=0 reward=-0.001 info={'t': 28, 'risk': 0.0, 'early_gain': 0.0, 'fp_risk': 0.0, 'act_cost': 0.05}
[ep=07 t=0028] choose_plan=0 action=0 reward=-0.001 info={'t': 29, 'risk': 0.0, 'early_gain': 0.0, 'fp_risk': 0.0, 'act_cost': 0.05}
[ep=07 t=0029] choose_plan=1 action=0 reward=-0.001 info={'t': 30, 'risk': 0.0, 'early_gain': 0.0, 'fp_risk': 0.0, 'act_cost': 0.05}
[ep=07 t=0030] choose_plan=0 action=0 reward=-0.001 info={'t': 31, 'risk': 0.0, 'early_gain': 0.0, 'fp_risk': 0.0, 'act_cost': 0.05}
[ep=07 t=0031] choose_plan=0 action=0 reward=-0.001 info={'t': 32, 'risk': 0.0, 'early_gain': 0.0, 'fp_risk': 0.0, 'act_cost': 0.05}
[ep=07 t=0032] choose_plan=0 action=0 reward=-0.001 info={'t': 33, 'risk': 0.0, 'early_gain': 0.0, 'fp_risk': 0.0, 'act_cost': 0.05}
[ep=07 t=0033] choose_plan=0 action=0 reward=-0.001 info={'t': 34, 'risk': 0.0, 'early_gain': 0.0, 'fp_risk': 0.0, 'act_cost': 0.05}
[ep=07 t=0034] choose_plan=0 action=0 reward=-0.001 info={'t': 35, 'risk': 0.0, 'early_gain': 0.0, 'fp_risk': 0.0, 'act_cost': 0.05}
[ep=07 t=0035] choose_plan=0 action=0 reward=-0.001 info={'t': 36, 'risk': 0.0, 'early_gain': 0.0, 'fp_risk': 0.0, 'act_cost': 0.05}
[ep=07 t=0036] choose_plan=1 action=2 reward=-0.009 info={'t': 37, 'risk': 0.0, 'early_gain': 0.0, 'fp_risk': 0.0, 'act_cost': 0.45}
[ep=07 t=0037] choose_plan=0 action=0 reward=-0.001 info={'t': 38, 'risk': 0.0, 'early_gain': 0.0, 'fp_risk': 0.0, 'act_cost': 0.05}
[ep=07 t=0038] choose_plan=0 action=0 reward=-0.001 info={'t': 39, 'risk': 0.0, 'early_gain': 0.0, 'fp_risk': 0.0, 'act_cost': 0.05}
[ep=07 t=0039] choose_plan=0 action=0 reward=-0.001 info={'t': 40, 'risk': 0.0, 'early_gain': 0.0, 'fp_risk': 0.0, 'act_cost': 0.05}
[ep=07 t=0040] choose_plan=0 action=0 reward=-0.001 info={'t': 41, 'risk': 0.0, 'early_gain': 0.0, 'fp_risk': 0.0, 'act_cost': 0.05}
[ep=07 t=0041] choose_plan=0 action=0 reward=-0.001 info={'t': 42, 'risk': 0.0, 'early_gain': 0.0, 'fp_risk': 0.0, 'act_cost': 0.05}
[ep=07 t=0042] choose_plan=0 action=0 reward=-0.001 info={'t': 43, 'risk': 0.0, 'early_gain': 0.0, 'fp_risk': 0.0, 'act_cost': 0.05}
[ep=07 t=0043] choose_plan=0 action=0 reward=-0.001 info={'t': 44, 'risk': 0.0, 'early_gain': 0.0, 'fp_risk': 0.0, 'act_cost': 0.05}
[ep=07 t=0044] choose_plan=0 action=0 reward=-0.001 info={'t': 45, 'risk': 0.0, 'early_gain': 0.0, 'fp_risk': 0.0, 'act_cost': 0.05}
[ep=07 t=0045] choose_plan=0 action=0 reward=-0.001 info={'t': 46, 'risk': 0.0, 'early_gain': 0.0, 'fp_risk': 0.0, 'act_cost': 0.05}
[ep=07 t=0046] choose_plan=0 action=0 reward=-0.001 info={'t': 47, 'risk': 0.0, 'early_gain': 0.0, 'fp_risk': 0.0, 'act_cost': 0.05}
[ep=07 t=0047] choose_plan=0 action=0 reward=-0.001 info={'t': 48, 'risk': 0.0, 'early_gain': 0.0, 'fp_risk': 0.0, 'act_cost': 0.05}
[ep=07 t=0048] choose_plan=0 action=0 reward=-0.001 info={'t': 49, 'risk': 0.0, 'early_gain': 0.0, 'fp_risk': 0.0, 'act_cost': 0.05}
[ep=07 t=0049] choose_plan=1 action=2 reward=-0.009 info={'t': 50, 'risk': 0.0, 'early_gain': 0.0, 'fp_risk': 0.0, 'act_cost': 0.45}
[ep=07 t=0050] choose_plan=0 action=0 reward=-0.001 info={'t': 51, 'risk': 0.0, 'early_gain': 0.0, 'fp_risk': 0.0, 'act_cost': 0.05}
[ep=07 t=0051] choose_plan=0 action=0 reward=-0.001 info={'t': 52, 'risk': 0.0, 'early_gain': 0.0, 'fp_risk': 0.0, 'act_cost': 0.05}
[ep=07 t=0052] choose_plan=0 action=0 reward=-0.001 info={'t': 53, 'risk': 0.0, 'early_gain': 0.0, 'fp_risk': 0.0, 'act_cost': 0.05}
[ep=07 t=0053] choose_plan=0 action=0 reward=-0.001 info={'t': 54, 'risk': 0.0, 'early_gain': 0.0, 'fp_risk': 0.0, 'act_cost': 0.05}
[ep=07 t=0054] choose_plan=0 action=0 reward=-0.001 info={'t': 55, 'risk': 0.0, 'early_gain': 0.0, 'fp_risk': 0.0, 'act_cost': 0.05}
[ep=07 t=0055] choose_plan=0 action=0 reward=-0.001 info={'t': 56, 'risk': 0.0, 'early_gain': 0.0, 'fp_risk': 0.0, 'act_cost': 0.05}
[ep=07 t=0056] choose_plan=0 action=0 reward=-0.001 info={'t': 57, 'risk': 0.0, 'early_gain': 0.0, 'fp_risk': 0.0, 'act_cost': 0.05}
[ep=07 t=0057] choose_plan=0 action=0 reward=-0.001 info={'t': 58, 'risk': 0.0, 'early_gain': 0.0, 'fp_risk': 0.0, 'act_cost': 0.05}
[ep=07 t=0058] choose_plan=0 action=0 reward=-0.001 info={'t': 59, 'risk': 0.0, 'early_gain': 0.0, 'fp_risk': 0.0, 'act_cost': 0.05}
[ep=07 t=0059] choose_plan=0 action=0 reward=-0.001 info={'t': 60, 'risk': 0.0, 'early_gain': 0.0, 'fp_risk': 0.0, 'act_cost': 0.05}
[ep=07 t=0060] choose_plan=0 action=0 reward=-0.001 info={'t': 61, 'risk': 0.0, 'early_gain': 0.0, 'fp_risk': 0.0, 'act_cost': 0.05}
[ep=07 t=0061] choose_plan=1 action=2 reward=-0.009 info={'t': 62, 'risk': 0.0, 'early_gain': 0.0, 'fp_risk': 0.0, 'act_cost': 0.45}
[ep=07 t=0062] choose_plan=0 action=0 reward=-0.001 info={'t': 63, 'risk': 0.0, 'early_gain': 0.0, 'fp_risk': 0.0, 'act_cost': 0.05}
[ep=07 t=0063] choose_plan=0 action=0 reward=-0.001 info={'t': 64, 'risk': 0.0, 'early_gain': 0.0, 'fp_risk': 0.0, 'act_cost': 0.05}
[ep=07 t=0064] choose_plan=0 action=0 reward=-0.001 info={'t': 65, 'risk': 0.0, 'early_gain': 0.0, 'fp_risk': 0.0, 'act_cost': 0.05}
[ep=07 t=0065] choose_plan=0 action=0 reward=-0.001 info={'t': 66, 'risk': 0.0, 'early_gain': 0.0, 'fp_risk': 0.0, 'act_cost': 0.05}
[ep=07 t=0066] choose_plan=0 action=0 reward=-0.001 info={'t': 67, 'risk': 0.0, 'early_gain': 0.0, 'fp_risk': 0.0, 'act_cost': 0.05}
[ep=07 t=0067] choose_plan=0 action=0 reward=-0.001 info={'t': 68, 'risk': 0.0, 'early_gain': 0.0, 'fp_risk': 0.0, 'act_cost': 0.05}
[ep=07 t=0068] choose_plan=0 action=0 reward=-0.001 info={'t': 69, 'risk': 0.0, 'early_gain': 0.0, 'fp_risk': 0.0, 'act_cost': 0.05}
[ep=07 t=0069] choose_plan=0 action=0 reward=-0.001 info={'t': 70, 'risk': 0.0, 'early_gain': 0.0, 'fp_risk': 0.0, 'act_cost': 0.05}
[ep=07 t=0070] choose_plan=0 action=0 reward=-0.001 info={'t': 71, 'risk': 0.0, 'early_gain': 0.0, 'fp_risk': 0.0, 'act_cost': 0.05}
[ep=07 t=0071] choose_plan=0 action=0 reward=-0.001 info={'t': 72, 'risk': 0.0, 'early_gain': 0.0, 'fp_risk': 0.0, 'act_cost': 0.05}
[ep=07 t=0072] choose_plan=0 action=0 reward=-0.001 info={'t': 73, 'risk': 0.0, 'early_gain': 0.0, 'fp_risk': 0.0, 'act_cost': 0.05}
[ep=07 t=0073] choose_plan=0 action=0 reward=-0.001 info={'t': 74, 'risk': 0.0, 'early_gain': 0.0, 'fp_risk': 0.0, 'act_cost': 0.05}
[ep=07 t=0074] choose_plan=0 action=0 reward=-0.001 info={'t': 75, 'risk': 0.0, 'early_gain': 0.0, 'fp_risk': 0.0, 'act_cost': 0.05}
[ep=07 t=0075] choose_plan=0 action=0 reward=-0.001 info={'t': 76, 'risk': 0.0, 'early_gain': 0.0, 'fp_risk': 0.0, 'act_cost': 0.05}
[ep=07 t=0076] choose_plan=0 action=0 reward=-0.001 info={'t': 77, 'risk': 0.0, 'early_gain': 0.0, 'fp_risk': 0.0, 'act_cost': 0.05}
[ep=07 t=0077] choose_plan=0 action=0 reward=-0.001 info={'t': 78, 'risk': 0.0, 'early_gain': 0.0, 'fp_risk': 0.0, 'act_cost': 0.05}
[ep=07 t=0078] choose_plan=0 action=0 reward=-0.001 info={'t': 79, 'risk': 0.0, 'early_gain': 0.0, 'fp_risk': 0.0, 'act_cost': 0.05}
[ep=07 t=0079] choose_plan=1 action=2 reward=-0.009 info={'t': 80, 'risk': 0.0, 'early_gain': 0.0, 'fp_risk': 0.0, 'act_cost': 0.45}
[ep=07 t=0080] choose_plan=0 action=0 reward=-0.001 info={'t': 81, 'risk': 0.0, 'early_gain': 0.0, 'fp_risk': 0.0, 'act_cost': 0.05}
[ep=07 t=0081] choose_plan=0 action=0 reward=-0.001 info={'t': 82, 'risk': 0.0, 'early_gain': 0.0, 'fp_risk': 0.0, 'act_cost': 0.05}
[ep=07 t=0082] choose_plan=0 action=0 reward=-0.001 info={'t': 83, 'risk': 0.0, 'early_gain': 0.0, 'fp_risk': 0.0, 'act_cost': 0.05}
[ep=07 t=0083] choose_plan=0 action=0 reward=-0.001 info={'t': 84, 'risk': 0.0, 'early_gain': 0.0, 'fp_risk': 0.0, 'act_cost': 0.05}
[ep=07 t=0084] choose_plan=0 action=0 reward=-0.001 info={'t': 85, 'risk': 0.0, 'early_gain': 0.0, 'fp_risk': 0.0, 'act_cost': 0.05}
[ep=07 t=0085] choose_plan=0 action=0 reward=-0.001 info={'t': 86, 'risk': 0.0, 'early_gain': 0.0, 'fp_risk': 0.0, 'act_cost': 0.05}
[ep=07 t=0086] choose_plan=0 action=0 reward=-0.001 info={'t': 87, 'risk': 0.0, 'early_gain': 0.0, 'fp_risk': 0.0, 'act_cost': 0.05}
[ep=07 t=0087] choose_plan=0 action=0 reward=-0.001 info={'t': 88, 'risk': 0.0, 'early_gain': 0.0, 'fp_risk': 0.0, 'act_cost': 0.05}
[ep=07 t=0088] choose_plan=1 action=0 reward=-0.001 info={'t': 89, 'risk': 0.0, 'early_gain': 0.0, 'fp_risk': 0.0, 'act_cost': 0.05}
[ep=07 t=0089] choose_plan=0 action=0 reward=-0.001 info={'t': 90, 'risk': 0.0, 'early_gain': 0.0, 'fp_risk': 0.0, 'act_cost': 0.05}
[ep=07 t=0090] choose_plan=0 action=0 reward=-0.001 info={'t': 91, 'risk': 0.0, 'early_gain': 0.0, 'fp_risk': 0.0, 'act_cost': 0.05}
[ep=07 t=0091] choose_plan=0 action=0 reward=-0.001 info={'t': 92, 'risk': 0.0, 'early_gain': 0.0, 'fp_risk': 0.0, 'act_cost': 0.05}
[ep=07 t=0092] choose_plan=0 action=0 reward=-0.001 info={'t': 93, 'risk': 0.0, 'early_gain': 0.0, 'fp_risk': 0.0, 'act_cost': 0.05}
[ep=07 t=0093] choose_plan=0 action=0 reward=-0.001 info={'t': 94, 'risk': 0.0, 'early_gain': 0.0, 'fp_risk': 0.0, 'act_cost': 0.05}
[ep=07 t=0094] choose_plan=0 action=0 reward=-0.001 info={'t': 95, 'risk': 0.0, 'early_gain': 0.0, 'fp_risk': 0.0, 'act_cost': 0.05}
[ep=07 t=0095] choose_plan=1 action=2 reward=-0.009 info={'t': 96, 'risk': 0.0, 'early_gain': 0.0, 'fp_risk': 0.0, 'act_cost': 0.45}
[ep=07 t=0096] choose_plan=0 action=0 reward=-0.001 info={'t': 97, 'risk': 0.0, 'early_gain': 0.0, 'fp_risk': 0.0, 'act_cost': 0.05}
[ep=07 t=0097] choose_plan=1 action=2 reward=-0.009 info={'t': 98, 'risk': 0.0, 'early_gain': 0.0, 'fp_risk': 0.0, 'act_cost': 0.45}
[ep=07 t=0098] choose_plan=0 action=0 reward=-0.001 info={'t': 99, 'risk': 0.0, 'early_gain': 0.0, 'fp_risk': 0.0, 'act_cost': 0.05}
[ep=07 t=0099] choose_plan=0 action=0 reward=-0.001 info={'t': 100, 'risk': 0.0, 'early_gain': 0.0, 'fp_risk': 0.0, 'act_cost': 0.05}
[ep=07 t=0100] choose_plan=0 action=0 reward=-0.001 info={'t': 101, 'risk': 0.0, 'early_gain': 0.0, 'fp_risk': 0.0, 'act_cost': 0.05}
[ep=07 t=0101] choose_plan=0 action=0 reward=-0.001 info={'t': 102, 'risk': 0.0, 'early_gain': 0.0, 'fp_risk': 0.0, 'act_cost': 0.05}
[ep=07 t=0102] choose_plan=0 action=0 reward=-0.001 info={'t': 103, 'risk': 0.0, 'early_gain': 0.0, 'fp_risk': 0.0, 'act_cost': 0.05}
[ep=07 t=0103] choose_plan=0 action=0 reward=-0.001 info={'t': 104, 'risk': 0.0, 'early_gain': 0.0, 'fp_risk': 0.0, 'act_cost': 0.05}
[ep=07 t=0104] choose_plan=0 action=0 reward=-0.001 info={'t': 105, 'risk': 0.0, 'early_gain': 0.0, 'fp_risk': 0.0, 'act_cost': 0.05}
[ep=07 t=0105] choose_plan=0 action=0 reward=-0.001 info={'t': 106, 'risk': 0.0, 'early_gain': 0.0, 'fp_risk': 0.0, 'act_cost': 0.05}
[ep=07 t=0106] choose_plan=0 action=0 reward=-0.001 info={'t': 107, 'risk': 0.0, 'early_gain': 0.0, 'fp_risk': 0.0, 'act_cost': 0.05}
[ep=07 t=0107] choose_plan=0 action=0 reward=-0.001 info={'t': 108, 'risk': 0.0, 'early_gain': 0.0, 'fp_risk': 0.0, 'act_cost': 0.05}
[ep=07 t=0108] choose_plan=0 action=0 reward=-0.001 info={'t': 109, 'risk': 0.0, 'early_gain': 0.0, 'fp_risk': 0.0, 'act_cost': 0.05}
[ep=07 t=0109] choose_plan=0 action=0 reward=-0.001 info={'t': 110, 'risk': 0.0, 'early_gain': 0.0, 'fp_risk': 0.0, 'act_cost': 0.05}
[ep=07 t=0110] choose_plan=0 action=0 reward=-0.001 info={'t': 111, 'risk': 0.0, 'early_gain': 0.0, 'fp_risk': 0.0, 'act_cost': 0.05}
[ep=07 t=0111] choose_plan=0 action=0 reward=-0.001 info={'t': 112, 'risk': 0.0, 'early_gain': 0.0, 'fp_risk': 0.0, 'act_cost': 0.05}
[ep=07 t=0112] choose_plan=0 action=0 reward=-0.001 info={'t': 113, 'risk': 0.0, 'early_gain': 0.0, 'fp_risk': 0.0, 'act_cost': 0.05}
[ep=07 t=0113] choose_plan=0 action=0 reward=-0.001 info={'t': 114, 'risk': 0.0, 'early_gain': 0.0, 'fp_risk': 0.0, 'act_cost': 0.05}
[ep=07 t=0114] choose_plan=0 action=0 reward=-0.001 info={'t': 115, 'risk': 0.0, 'early_gain': 0.0, 'fp_risk': 0.0, 'act_cost': 0.05}
[ep=07 t=0115] choose_plan=1 action=0 reward=-0.001 info={'t': 116, 'risk': 0.0, 'early_gain': 0.0, 'fp_risk': 0.0, 'act_cost': 0.05}
[ep=07 t=0116] choose_plan=0 action=0 reward=-0.001 info={'t': 117, 'risk': 0.0, 'early_gain': 0.0, 'fp_risk': 0.0, 'act_cost': 0.05}
[ep=07 t=0117] choose_plan=0 action=0 reward=-0.001 info={'t': 118, 'risk': 0.0, 'early_gain': 0.0, 'fp_risk': 0.0, 'act_cost': 0.05}
[ep=07 t=0118] choose_plan=0 action=0 reward=-0.001 info={'t': 119, 'risk': 0.0, 'early_gain': 0.0, 'fp_risk': 0.0, 'act_cost': 0.05}
[ep=07 t=0119] choose_plan=1 action=0 reward=-0.001 info={'t': 120, 'risk': 0.0, 'early_gain': 0.0, 'fp_risk': 0.0, 'act_cost': 0.05}
[ep=07 t=0120] choose_plan=0 action=0 reward=-0.001 info={'t': 121, 'risk': 0.0, 'early_gain': 0.0, 'fp_risk': 0.0, 'act_cost': 0.05}
[ep=07 t=0121] choose_plan=0 action=0 reward=-0.001 info={'t': 122, 'risk': 0.0, 'early_gain': 0.0, 'fp_risk': 0.0, 'act_cost': 0.05}
[ep=07 t=0122] choose_plan=1 action=2 reward=-0.009 info={'t': 123, 'risk': 0.0, 'early_gain': 0.0, 'fp_risk': 0.0, 'act_cost': 0.45}
[ep=07 t=0123] choose_plan=0 action=0 reward=-0.001 info={'t': 124, 'risk': 0.0, 'early_gain': 0.0, 'fp_risk': 0.0, 'act_cost': 0.05}
[ep=07 t=0124] choose_plan=0 action=0 reward=-0.001 info={'t': 125, 'risk': 0.0, 'early_gain': 0.0, 'fp_risk': 0.0, 'act_cost': 0.05}
[ep=07 t=0125] choose_plan=1 action=0 reward=-0.001 info={'t': 126, 'risk': 0.0, 'early_gain': 0.0, 'fp_risk': 0.0, 'act_cost': 0.05}
[ep=07 t=0126] choose_plan=0 action=0 reward=-0.001 info={'t': 127, 'risk': 0.0, 'early_gain': 0.0, 'fp_risk': 0.0, 'act_cost': 0.05}
[ep=07 t=0127] choose_plan=0 action=0 reward=-0.001 info={'t': 128, 'risk': 0.0, 'early_gain': 0.0, 'fp_risk': 0.0, 'act_cost': 0.05}
[ep=07 t=0128] choose_plan=0 action=0 reward=-0.001 info={'t': 129, 'risk': 0.0, 'early_gain': 0.0, 'fp_risk': 0.0, 'act_cost': 0.05}
[ep=07 t=0129] choose_plan=1 action=2 reward=-0.009 info={'t': 130, 'risk': 0.0, 'early_gain': 0.0, 'fp_risk': 0.0, 'act_cost': 0.45}
[ep=07 t=0130] choose_plan=0 action=0 reward=-0.001 info={'t': 131, 'risk': 0.0, 'early_gain': 0.0, 'fp_risk': 0.0, 'act_cost': 0.05}
[ep=07 t=0131] choose_plan=0 action=0 reward=-0.001 info={'t': 132, 'risk': 0.0, 'early_gain': 0.0, 'fp_risk': 0.0, 'act_cost': 0.05}
[ep=07 t=0132] choose_plan=0 action=0 reward=-0.001 info={'t': 133, 'risk': 0.0, 'early_gain': 0.0, 'fp_risk': 0.0, 'act_cost': 0.05}
[ep=07 t=0133] choose_plan=1 action=0 reward=-0.001 info={'t': 134, 'risk': 0.0, 'early_gain': 0.0, 'fp_risk': 0.0, 'act_cost': 0.05}
[ep=07 t=0134] choose_plan=0 action=0 reward=-0.001 info={'t': 135, 'risk': 0.0, 'early_gain': 0.0, 'fp_risk': 0.0, 'act_cost': 0.05}
[ep=07 t=0135] choose_plan=0 action=0 reward=-0.001 info={'t': 136, 'risk': 0.0, 'early_gain': 0.0, 'fp_risk': 0.0, 'act_cost': 0.05}
[ep=07 t=0136] choose_plan=0 action=0 reward=-0.001 info={'t': 137, 'risk': 0.0, 'early_gain': 0.0, 'fp_risk': 0.0, 'act_cost': 0.05}
[ep=07 t=0137] choose_plan=0 action=0 reward=-0.001 info={'t': 138, 'risk': 0.0, 'early_gain': 0.0, 'fp_risk': 0.0, 'act_cost': 0.05}
[ep=07 t=0138] choose_plan=0 action=0 reward=-0.001 info={'t': 139, 'risk': 0.0, 'early_gain': 0.0, 'fp_risk': 0.0, 'act_cost': 0.05}
[ep=07 t=0139] choose_plan=0 action=0 reward=-0.001 info={'t': 140, 'risk': 0.0, 'early_gain': 0.0, 'fp_risk': 0.0, 'act_cost': 0.05}
[ep=07 t=0140] choose_plan=1 action=0 reward=-0.001 info={'t': 141, 'risk': 0.0, 'early_gain': 0.0, 'fp_risk': 0.0, 'act_cost': 0.05}
[ep=07 t=0141] choose_plan=0 action=0 reward=-0.001 info={'t': 142, 'risk': 0.0, 'early_gain': 0.0, 'fp_risk': 0.0, 'act_cost': 0.05}
[ep=07 t=0142] choose_plan=0 action=0 reward=-0.001 info={'t': 143, 'risk': 0.0, 'early_gain': 0.0, 'fp_risk': 0.0, 'act_cost': 0.05}
[ep=07 t=0143] choose_plan=0 action=0 reward=-0.001 info={'t': 144, 'risk': 0.0, 'early_gain': 0.0, 'fp_risk': 0.0, 'act_cost': 0.05}
[ep=07 t=0144] choose_plan=1 action=2 reward=-0.009 info={'t': 145, 'risk': 0.0, 'early_gain': 0.0, 'fp_risk': 0.0, 'act_cost': 0.45}
[ep=07 t=0145] choose_plan=1 action=2 reward=-0.009 info={'t': 146, 'risk': 0.0, 'early_gain': 0.0, 'fp_risk': 0.0, 'act_cost': 0.45}
[ep=07 t=0146] choose_plan=0 action=0 reward=-0.001 info={'t': 147, 'risk': 0.0, 'early_gain': 0.0, 'fp_risk': 0.0, 'act_cost': 0.05}
[ep=07 t=0147] choose_plan=0 action=0 reward=-0.001 info={'t': 148, 'risk': 0.0, 'early_gain': 0.0, 'fp_risk': 0.0, 'act_cost': 0.05}
[ep=07 t=0148] choose_plan=1 action=2 reward=-0.009 info={'t': 149, 'risk': 0.0, 'early_gain': 0.0, 'fp_risk': 0.0, 'act_cost': 0.45}
[ep=07 t=0149] choose_plan=0 action=0 reward=-0.001 info={'t': 150, 'risk': 0.0, 'early_gain': 0.0, 'fp_risk': 0.0, 'act_cost': 0.05}
[ep=07 t=0150] choose_plan=0 action=0 reward=-0.001 info={'t': 151, 'risk': 0.0, 'early_gain': 0.0, 'fp_risk': 0.0, 'act_cost': 0.05}
[ep=07 t=0151] choose_plan=0 action=0 reward=-0.001 info={'t': 152, 'risk': 0.0, 'early_gain': 0.0, 'fp_risk': 0.0, 'act_cost': 0.05}
[ep=07 t=0152] choose_plan=1 action=0 reward=-0.001 info={'t': 153, 'risk': 0.0, 'early_gain': 0.0, 'fp_risk': 0.0, 'act_cost': 0.05}
[ep=07 t=0153] choose_plan=0 action=0 reward=-0.001 info={'t': 154, 'risk': 0.0, 'early_gain': 0.0, 'fp_risk': 0.0, 'act_cost': 0.05}
[ep=07 t=0154] choose_plan=0 action=0 reward=-0.001 info={'t': 155, 'risk': 0.0, 'early_gain': 0.0, 'fp_risk': 0.0, 'act_cost': 0.05}
[ep=07 t=0155] choose_plan=0 action=0 reward=-0.001 info={'t': 156, 'risk': 0.0, 'early_gain': 0.0, 'fp_risk': 0.0, 'act_cost': 0.05}
[ep=07 t=0156] choose_plan=0 action=0 reward=-0.001 info={'t': 157, 'risk': 0.0, 'early_gain': 0.0, 'fp_risk': 0.0, 'act_cost': 0.05}
[ep=07 t=0157] choose_plan=0 action=0 reward=-0.001 info={'t': 158, 'risk': 0.0, 'early_gain': 0.0, 'fp_risk': 0.0, 'act_cost': 0.05}
[ep=07 t=0158] choose_plan=0 action=0 reward=-0.001 info={'t': 159, 'risk': 0.0, 'early_gain': 0.0, 'fp_risk': 0.0, 'act_cost': 0.05}
[ep=07 t=0159] choose_plan=0 action=0 reward=-0.001 info={'t': 160, 'risk': 0.0, 'early_gain': 0.0, 'fp_risk': 0.0, 'act_cost': 0.05}
[ep=07 t=0160] choose_plan=0 action=0 reward=-0.001 info={'t': 161, 'risk': 0.0, 'early_gain': 0.0, 'fp_risk': 0.0, 'act_cost': 0.05}
[ep=07 t=0161] choose_plan=0 action=0 reward=-0.001 info={'t': 162, 'risk': 0.0, 'early_gain': 0.0, 'fp_risk': 0.0, 'act_cost': 0.05}
[ep=07 t=0162] choose_plan=0 action=0 reward=-0.001 info={'t': 163, 'risk': 0.0, 'early_gain': 0.0, 'fp_risk': 0.0, 'act_cost': 0.05}
[ep=07 t=0163] choose_plan=0 action=0 reward=-0.001 info={'t': 164, 'risk': 0.0, 'early_gain': 0.0, 'fp_risk': 0.0, 'act_cost': 0.05}
[ep=07 t=0164] choose_plan=0 action=0 reward=-0.001 info={'t': 165, 'risk': 0.0, 'early_gain': 0.0, 'fp_risk': 0.0, 'act_cost': 0.05}
[ep=07 t=0165] choose_plan=0 action=0 reward=-0.001 info={'t': 166, 'risk': 0.0, 'early_gain': 0.0, 'fp_risk': 0.0, 'act_cost': 0.05}
[ep=07 t=0166] choose_plan=0 action=0 reward=-0.001 info={'t': 167, 'risk': 0.0, 'early_gain': 0.0, 'fp_risk': 0.0, 'act_cost': 0.05}
[ep=07 t=0167] choose_plan=0 action=0 reward=-0.001 info={'t': 168, 'risk': 0.0, 'early_gain': 0.0, 'fp_risk': 0.0, 'act_cost': 0.05}
[ep=07 t=0168] choose_plan=0 action=0 reward=-0.001 info={'t': 169, 'risk': 0.0, 'early_gain': 0.0, 'fp_risk': 0.0, 'act_cost': 0.05}
[ep=07 t=0169] choose_plan=0 action=0 reward=-0.001 info={'t': 170, 'risk': 0.0, 'early_gain': 0.0, 'fp_risk': 0.0, 'act_cost': 0.05}
[ep=07 t=0170] choose_plan=0 action=0 reward=-0.001 info={'t': 171, 'risk': 0.0, 'early_gain': 0.0, 'fp_risk': 0.0, 'act_cost': 0.05}
[ep=07 t=0171] choose_plan=0 action=0 reward=-0.001 info={'t': 172, 'risk': 0.0, 'early_gain': 0.0, 'fp_risk': 0.0, 'act_cost': 0.05}
[ep=07 t=0172] choose_plan=0 action=0 reward=-0.001 info={'t': 173, 'risk': 0.0, 'early_gain': 0.0, 'fp_risk': 0.0, 'act_cost': 0.05}
[ep=07 t=0173] choose_plan=0 action=0 reward=-0.001 info={'t': 174, 'risk': 0.0, 'early_gain': 0.0, 'fp_risk': 0.0, 'act_cost': 0.05}
[ep=07 t=0174] choose_plan=0 action=0 reward=-0.001 info={'t': 175, 'risk': 0.0, 'early_gain': 0.0, 'fp_risk': 0.0, 'act_cost': 0.05}
[ep=07 t=0175] choose_plan=0 action=0 reward=-0.001 info={'t': 176, 'risk': 0.0, 'early_gain': 0.0, 'fp_risk': 0.0, 'act_cost': 0.05}
[ep=07 t=0176] choose_plan=0 action=0 reward=-0.001 info={'t': 177, 'risk': 0.0, 'early_gain': 0.0, 'fp_risk': 0.0, 'act_cost': 0.05}
[ep=07 t=0177] choose_plan=0 action=0 reward=-0.001 info={'t': 178, 'risk': 0.0, 'early_gain': 0.0, 'fp_risk': 0.0, 'act_cost': 0.05}
[ep=07 t=0178] choose_plan=1 action=0 reward=-0.001 info={'t': 179, 'risk': 0.0, 'early_gain': 0.0, 'fp_risk': 0.0, 'act_cost': 0.05}
[ep=07 t=0179] choose_plan=0 action=0 reward=-0.001 info={'t': 180, 'risk': 0.0, 'early_gain': 0.0, 'fp_risk': 0.0, 'act_cost': 0.05}
[ep=07 t=0180] choose_plan=0 action=0 reward=-0.001 info={'t': 181, 'risk': 0.0, 'early_gain': 0.0, 'fp_risk': 0.0, 'act_cost': 0.05}
[ep=07 t=0181] choose_plan=1 action=0 reward=-0.001 info={'t': 182, 'risk': 0.0, 'early_gain': 0.0, 'fp_risk': 0.0, 'act_cost': 0.05}
[ep=07 t=0182] choose_plan=0 action=0 reward=-0.001 info={'t': 183, 'risk': 0.0, 'early_gain': 0.0, 'fp_risk': 0.0, 'act_cost': 0.05}
[ep=07 t=0183] choose_plan=0 action=0 reward=-0.001 info={'t': 184, 'risk': 0.0, 'early_gain': 0.0, 'fp_risk': 0.0, 'act_cost': 0.05}
[ep=07 t=0184] choose_plan=0 action=0 reward=-0.001 info={'t': 185, 'risk': 0.0, 'early_gain': 0.0, 'fp_risk': 0.0, 'act_cost': 0.05}
[ep=07 t=0185] choose_plan=0 action=0 reward=-0.001 info={'t': 186, 'risk': 0.0, 'early_gain': 0.0, 'fp_risk': 0.0, 'act_cost': 0.05}
[ep=07 t=0186] choose_plan=0 action=0 reward=-0.001 info={'t': 187, 'risk': 0.0, 'early_gain': 0.0, 'fp_risk': 0.0, 'act_cost': 0.05}
[ep=07 t=0187] choose_plan=0 action=0 reward=-0.001 info={'t': 188, 'risk': 0.0, 'early_gain': 0.0, 'fp_risk': 0.0, 'act_cost': 0.05}
[ep=07 t=0188] choose_plan=0 action=0 reward=-0.001 info={'t': 189, 'risk': 0.0, 'early_gain': 0.0, 'fp_risk': 0.0, 'act_cost': 0.05}
[ep=07 t=0189] choose_plan=0 action=0 reward=-0.001 info={'t': 190, 'risk': 0.0, 'early_gain': 0.0, 'fp_risk': 0.0, 'act_cost': 0.05}
[ep=07 t=0190] choose_plan=0 action=0 reward=-0.001 info={'t': 191, 'risk': 0.0, 'early_gain': 0.0, 'fp_risk': 0.0, 'act_cost': 0.05}
[ep=07 t=0191] choose_plan=0 action=0 reward=-0.001 info={'t': 192, 'risk': 0.0, 'early_gain': 0.0, 'fp_risk': 0.0, 'act_cost': 0.05}
[ep=07 t=0192] choose_plan=0 action=0 reward=-0.001 info={'t': 193, 'risk': 0.0, 'early_gain': 0.0, 'fp_risk': 0.0, 'act_cost': 0.05}
[ep=07 t=0193] choose_plan=0 action=0 reward=-0.001 info={'t': 194, 'risk': 0.0, 'early_gain': 0.0, 'fp_risk': 0.0, 'act_cost': 0.05}
[ep=07 t=0194] choose_plan=0 action=0 reward=-0.001 info={'t': 195, 'risk': 0.0, 'early_gain': 0.0, 'fp_risk': 0.0, 'act_cost': 0.05}
[ep=07 t=0195] choose_plan=0 action=0 reward=-0.001 info={'t': 196, 'risk': 0.0, 'early_gain': 0.0, 'fp_risk': 0.0, 'act_cost': 0.05}
[ep=07 t=0196] choose_plan=0 action=0 reward=-0.001 info={'t': 197, 'risk': 0.0, 'early_gain': 0.0, 'fp_risk': 0.0, 'act_cost': 0.05}
[ep=07 t=0197] choose_plan=0 action=0 reward=-0.001 info={'t': 198, 'risk': 0.0, 'early_gain': 0.0, 'fp_risk': 0.0, 'act_cost': 0.05}
[ep=07 t=0198] choose_plan=0 action=0 reward=-0.001 info={'t': 199, 'risk': 0.0, 'early_gain': 0.0, 'fp_risk': 0.0, 'act_cost': 0.05}
[ep=07 t=0199] choose_plan=1 action=0 reward=-0.001 info={'t': 200, 'risk': 0.0, 'early_gain': 0.0, 'fp_risk': 0.0, 'act_cost': 0.05}
# episode_summary {"episode": 7, "reward_mean": -0.0016400000000000013, "reward_min": -0.009000000000000001, "reward_max": -0.001, "steps": 200, "unique_actions": 2, "top5_actions": [[0, 184], [2, 16]]}

# ===== EPISODE 8 =====
[ep=08 t=0000] choose_plan=1 action=2 reward=-0.009 info={'t': 1, 'risk': 0.04782674366598392, 'early_gain': 0.0, 'fp_risk': 0.0, 'act_cost': 0.45}
[ep=08 t=0001] choose_plan=0 action=0 reward=-0.001 info={'t': 2, 'risk': 0.04782674366598392, 'early_gain': 0.0, 'fp_risk': 0.0, 'act_cost': 0.05}
[ep=08 t=0002] choose_plan=0 action=0 reward=-0.001 info={'t': 3, 'risk': 0.04782674366598392, 'early_gain': 0.0, 'fp_risk': 0.0, 'act_cost': 0.05}
[ep=08 t=0003] choose_plan=0 action=0 reward=-0.001 info={'t': 4, 'risk': 0.04782674366598392, 'early_gain': 0.0, 'fp_risk': 0.0, 'act_cost': 0.05}
[ep=08 t=0004] choose_plan=0 action=0 reward=-0.001 info={'t': 5, 'risk': 0.04782674366598392, 'early_gain': 0.0, 'fp_risk': 0.0, 'act_cost': 0.05}
[ep=08 t=0005] choose_plan=0 action=0 reward=-0.001 info={'t': 6, 'risk': 0.04782674366598392, 'early_gain': 0.0, 'fp_risk': 0.0, 'act_cost': 0.05}
[ep=08 t=0006] choose_plan=0 action=0 reward=-0.001 info={'t': 7, 'risk': 0.04782674366598392, 'early_gain': 0.0, 'fp_risk': 0.0, 'act_cost': 0.05}
[ep=08 t=0007] choose_plan=1 action=0 reward=-0.001 info={'t': 8, 'risk': 0.04782674366598392, 'early_gain': 0.0, 'fp_risk': 0.0, 'act_cost': 0.05}
[ep=08 t=0008] choose_plan=0 action=0 reward=-0.001 info={'t': 9, 'risk': 0.04782674366598392, 'early_gain': 0.0, 'fp_risk': 0.0, 'act_cost': 0.05}
[ep=08 t=0009] choose_plan=0 action=0 reward=-0.001 info={'t': 10, 'risk': 0.04782674366598392, 'early_gain': 0.0, 'fp_risk': 0.0, 'act_cost': 0.05}
[ep=08 t=0010] choose_plan=0 action=0 reward=-0.001 info={'t': 11, 'risk': 0.04782674366598392, 'early_gain': 0.0, 'fp_risk': 0.0, 'act_cost': 0.05}
[ep=08 t=0011] choose_plan=0 action=0 reward=-0.001 info={'t': 12, 'risk': 0.04782674366598392, 'early_gain': 0.0, 'fp_risk': 0.0, 'act_cost': 0.05}
[ep=08 t=0012] choose_plan=0 action=0 reward=-0.001 info={'t': 13, 'risk': 0.04782674366598392, 'early_gain': 0.0, 'fp_risk': 0.0, 'act_cost': 0.05}
[ep=08 t=0013] choose_plan=0 action=0 reward=-0.001 info={'t': 14, 'risk': 0.04782674366598392, 'early_gain': 0.0, 'fp_risk': 0.0, 'act_cost': 0.05}
[ep=08 t=0014] choose_plan=0 action=0 reward=-0.001 info={'t': 15, 'risk': 0.04782674366598392, 'early_gain': 0.0, 'fp_risk': 0.0, 'act_cost': 0.05}
[ep=08 t=0015] choose_plan=0 action=0 reward=-0.001 info={'t': 16, 'risk': 0.04782674366598392, 'early_gain': 0.0, 'fp_risk': 0.0, 'act_cost': 0.05}
[ep=08 t=0016] choose_plan=1 action=2 reward=-0.009 info={'t': 17, 'risk': 0.0025921355421557116, 'early_gain': 0.0, 'fp_risk': 0.0, 'act_cost': 0.45}
[ep=08 t=0017] choose_plan=1 action=0 reward=-0.001 info={'t': 18, 'risk': 0.0025921355421557116, 'early_gain': 0.0, 'fp_risk': 0.0, 'act_cost': 0.05}
[ep=08 t=0018] choose_plan=0 action=0 reward=-0.001 info={'t': 19, 'risk': 0.0025921355421557116, 'early_gain': 0.0, 'fp_risk': 0.0, 'act_cost': 0.05}
[ep=08 t=0019] choose_plan=0 action=0 reward=-0.001 info={'t': 20, 'risk': 0.0025921355421557116, 'early_gain': 0.0, 'fp_risk': 0.0, 'act_cost': 0.05}
[ep=08 t=0020] choose_plan=0 action=0 reward=-0.001 info={'t': 21, 'risk': 0.0025921355421557116, 'early_gain': 0.0, 'fp_risk': 0.0, 'act_cost': 0.05}
[ep=08 t=0021] choose_plan=0 action=0 reward=-0.001 info={'t': 22, 'risk': 0.0025921355421557116, 'early_gain': 0.0, 'fp_risk': 0.0, 'act_cost': 0.05}
[ep=08 t=0022] choose_plan=0 action=0 reward=-0.001 info={'t': 23, 'risk': 0.0025921355421557116, 'early_gain': 0.0, 'fp_risk': 0.0, 'act_cost': 0.05}
[ep=08 t=0023] choose_plan=0 action=0 reward=-0.001 info={'t': 24, 'risk': 0.0025921355421557116, 'early_gain': 0.0, 'fp_risk': 0.0, 'act_cost': 0.05}
[ep=08 t=0024] choose_plan=0 action=0 reward=-0.001 info={'t': 25, 'risk': 0.0025921355421557116, 'early_gain': 0.0, 'fp_risk': 0.0, 'act_cost': 0.05}
[ep=08 t=0025] choose_plan=0 action=0 reward=-0.001 info={'t': 26, 'risk': 0.0025921355421557116, 'early_gain': 0.0, 'fp_risk': 0.0, 'act_cost': 0.05}
[ep=08 t=0026] choose_plan=0 action=0 reward=-0.001 info={'t': 27, 'risk': 0.0025921355421557116, 'early_gain': 0.0, 'fp_risk': 0.0, 'act_cost': 0.05}
[ep=08 t=0027] choose_plan=0 action=0 reward=-0.001 info={'t': 28, 'risk': 0.0025921355421557116, 'early_gain': 0.0, 'fp_risk': 0.0, 'act_cost': 0.05}
[ep=08 t=0028] choose_plan=0 action=0 reward=-0.001 info={'t': 29, 'risk': 0.0025921355421557116, 'early_gain': 0.0, 'fp_risk': 0.0, 'act_cost': 0.05}
[ep=08 t=0029] choose_plan=0 action=0 reward=-0.001 info={'t': 30, 'risk': 0.0025921355421557116, 'early_gain': 0.0, 'fp_risk': 0.0, 'act_cost': 0.05}
[ep=08 t=0030] choose_plan=0 action=0 reward=-0.001 info={'t': 31, 'risk': 0.0025921355421557116, 'early_gain': 0.0, 'fp_risk': 0.0, 'act_cost': 0.05}
[ep=08 t=0031] choose_plan=0 action=0 reward=-0.001 info={'t': 32, 'risk': 0.0025921355421557116, 'early_gain': 0.0, 'fp_risk': 0.0, 'act_cost': 0.05}
[ep=08 t=0032] choose_plan=0 action=0 reward=-0.001 info={'t': 33, 'risk': 0.0025921355421557116, 'early_gain': 0.0, 'fp_risk': 0.0, 'act_cost': 0.05}
[ep=08 t=0033] choose_plan=0 action=0 reward=-0.001 info={'t': 34, 'risk': 0.0025921355421557116, 'early_gain': 0.0, 'fp_risk': 0.0, 'act_cost': 0.05}
[ep=08 t=0034] choose_plan=0 action=0 reward=-0.001 info={'t': 35, 'risk': 0.0025921355421557116, 'early_gain': 0.0, 'fp_risk': 0.0, 'act_cost': 0.05}
[ep=08 t=0035] choose_plan=0 action=0 reward=-0.001 info={'t': 36, 'risk': 0.0025921355421557116, 'early_gain': 0.0, 'fp_risk': 0.0, 'act_cost': 0.05}
[ep=08 t=0036] choose_plan=0 action=0 reward=-0.001 info={'t': 37, 'risk': 0.0025921355421557116, 'early_gain': 0.0, 'fp_risk': 0.0, 'act_cost': 0.05}
[ep=08 t=0037] choose_plan=0 action=0 reward=-0.001 info={'t': 38, 'risk': 0.0025921355421557116, 'early_gain': 0.0, 'fp_risk': 0.0, 'act_cost': 0.05}
[ep=08 t=0038] choose_plan=0 action=0 reward=-0.001 info={'t': 39, 'risk': 0.0025921355421557116, 'early_gain': 0.0, 'fp_risk': 0.0, 'act_cost': 0.05}
[ep=08 t=0039] choose_plan=0 action=0 reward=-0.001 info={'t': 40, 'risk': 0.0025921355421557116, 'early_gain': 0.0, 'fp_risk': 0.0, 'act_cost': 0.05}
[ep=08 t=0040] choose_plan=0 action=0 reward=-0.001 info={'t': 41, 'risk': 0.0025921355421557116, 'early_gain': 0.0, 'fp_risk': 0.0, 'act_cost': 0.05}
[ep=08 t=0041] choose_plan=0 action=0 reward=-0.001 info={'t': 42, 'risk': 0.0025921355421557116, 'early_gain': 0.0, 'fp_risk': 0.0, 'act_cost': 0.05}
[ep=08 t=0042] choose_plan=0 action=0 reward=-0.001 info={'t': 43, 'risk': 0.0025921355421557116, 'early_gain': 0.0, 'fp_risk': 0.0, 'act_cost': 0.05}
[ep=08 t=0043] choose_plan=0 action=0 reward=-0.001 info={'t': 44, 'risk': 0.0025921355421557116, 'early_gain': 0.0, 'fp_risk': 0.0, 'act_cost': 0.05}
[ep=08 t=0044] choose_plan=0 action=0 reward=-0.001 info={'t': 45, 'risk': 0.0025921355421557116, 'early_gain': 0.0, 'fp_risk': 0.0, 'act_cost': 0.05}
[ep=08 t=0045] choose_plan=0 action=0 reward=-0.001 info={'t': 46, 'risk': 0.0025921355421557116, 'early_gain': 0.0, 'fp_risk': 0.0, 'act_cost': 0.05}
[ep=08 t=0046] choose_plan=0 action=0 reward=-0.001 info={'t': 47, 'risk': 0.0025921355421557116, 'early_gain': 0.0, 'fp_risk': 0.0, 'act_cost': 0.05}
[ep=08 t=0047] choose_plan=0 action=0 reward=-0.001 info={'t': 48, 'risk': 0.0025921355421557116, 'early_gain': 0.0, 'fp_risk': 0.0, 'act_cost': 0.05}
[ep=08 t=0048] choose_plan=1 action=2 reward=-0.009 info={'t': 49, 'risk': 0.001263067019722748, 'early_gain': 0.0, 'fp_risk': 0.0, 'act_cost': 0.45}
[ep=08 t=0049] choose_plan=0 action=0 reward=-0.001 info={'t': 50, 'risk': 0.001263067019722748, 'early_gain': 0.0, 'fp_risk': 0.0, 'act_cost': 0.05}
[ep=08 t=0050] choose_plan=0 action=0 reward=-0.001 info={'t': 51, 'risk': 0.001263067019722748, 'early_gain': 0.0, 'fp_risk': 0.0, 'act_cost': 0.05}
[ep=08 t=0051] choose_plan=0 action=0 reward=-0.001 info={'t': 52, 'risk': 0.001263067019722748, 'early_gain': 0.0, 'fp_risk': 0.0, 'act_cost': 0.05}
[ep=08 t=0052] choose_plan=0 action=0 reward=-0.001 info={'t': 53, 'risk': 0.001263067019722748, 'early_gain': 0.0, 'fp_risk': 0.0, 'act_cost': 0.05}
[ep=08 t=0053] choose_plan=0 action=0 reward=-0.001 info={'t': 54, 'risk': 0.001263067019722748, 'early_gain': 0.0, 'fp_risk': 0.0, 'act_cost': 0.05}
[ep=08 t=0054] choose_plan=0 action=0 reward=-0.001 info={'t': 55, 'risk': 0.001263067019722748, 'early_gain': 0.0, 'fp_risk': 0.0, 'act_cost': 0.05}
[ep=08 t=0055] choose_plan=0 action=0 reward=-0.001 info={'t': 56, 'risk': 0.001263067019722748, 'early_gain': 0.0, 'fp_risk': 0.0, 'act_cost': 0.05}
[ep=08 t=0056] choose_plan=0 action=0 reward=-0.001 info={'t': 57, 'risk': 0.001263067019722748, 'early_gain': 0.0, 'fp_risk': 0.0, 'act_cost': 0.05}
[ep=08 t=0057] choose_plan=0 action=0 reward=-0.001 info={'t': 58, 'risk': 0.001263067019722748, 'early_gain': 0.0, 'fp_risk': 0.0, 'act_cost': 0.05}
[ep=08 t=0058] choose_plan=0 action=0 reward=-0.001 info={'t': 59, 'risk': 0.001263067019722748, 'early_gain': 0.0, 'fp_risk': 0.0, 'act_cost': 0.05}
[ep=08 t=0059] choose_plan=1 action=0 reward=-0.001 info={'t': 60, 'risk': 0.001263067019722748, 'early_gain': 0.0, 'fp_risk': 0.0, 'act_cost': 0.05}
[ep=08 t=0060] choose_plan=0 action=0 reward=-0.001 info={'t': 61, 'risk': 0.001263067019722748, 'early_gain': 0.0, 'fp_risk': 0.0, 'act_cost': 0.05}
[ep=08 t=0061] choose_plan=1 action=2 reward=-0.009 info={'t': 62, 'risk': 0.0, 'early_gain': 0.0, 'fp_risk': 0.0, 'act_cost': 0.45}
[ep=08 t=0062] choose_plan=0 action=0 reward=-0.001 info={'t': 63, 'risk': 0.0, 'early_gain': 0.0, 'fp_risk': 0.0, 'act_cost': 0.05}
[ep=08 t=0063] choose_plan=0 action=0 reward=-0.001 info={'t': 64, 'risk': 0.0, 'early_gain': 0.0, 'fp_risk': 0.0, 'act_cost': 0.05}
[ep=08 t=0064] choose_plan=0 action=0 reward=-0.001 info={'t': 65, 'risk': 0.0, 'early_gain': 0.0, 'fp_risk': 0.0, 'act_cost': 0.05}
[ep=08 t=0065] choose_plan=0 action=0 reward=-0.001 info={'t': 66, 'risk': 0.0, 'early_gain': 0.0, 'fp_risk': 0.0, 'act_cost': 0.05}
[ep=08 t=0066] choose_plan=1 action=2 reward=-0.009 info={'t': 67, 'risk': 0.0, 'early_gain': 0.0, 'fp_risk': 0.0, 'act_cost': 0.45}
[ep=08 t=0067] choose_plan=0 action=0 reward=-0.001 info={'t': 68, 'risk': 0.0, 'early_gain': 0.0, 'fp_risk': 0.0, 'act_cost': 0.05}
[ep=08 t=0068] choose_plan=0 action=0 reward=-0.001 info={'t': 69, 'risk': 0.0, 'early_gain': 0.0, 'fp_risk': 0.0, 'act_cost': 0.05}
[ep=08 t=0069] choose_plan=0 action=0 reward=-0.001 info={'t': 70, 'risk': 0.0, 'early_gain': 0.0, 'fp_risk': 0.0, 'act_cost': 0.05}
[ep=08 t=0070] choose_plan=0 action=0 reward=-0.001 info={'t': 71, 'risk': 0.0, 'early_gain': 0.0, 'fp_risk': 0.0, 'act_cost': 0.05}
[ep=08 t=0071] choose_plan=0 action=0 reward=-0.001 info={'t': 72, 'risk': 0.0, 'early_gain': 0.0, 'fp_risk': 0.0, 'act_cost': 0.05}
[ep=08 t=0072] choose_plan=0 action=0 reward=-0.001 info={'t': 73, 'risk': 0.0, 'early_gain': 0.0, 'fp_risk': 0.0, 'act_cost': 0.05}
[ep=08 t=0073] choose_plan=0 action=0 reward=-0.001 info={'t': 74, 'risk': 0.0, 'early_gain': 0.0, 'fp_risk': 0.0, 'act_cost': 0.05}
[ep=08 t=0074] choose_plan=0 action=0 reward=-0.001 info={'t': 75, 'risk': 0.0, 'early_gain': 0.0, 'fp_risk': 0.0, 'act_cost': 0.05}
[ep=08 t=0075] choose_plan=0 action=0 reward=-0.001 info={'t': 76, 'risk': 0.0, 'early_gain': 0.0, 'fp_risk': 0.0, 'act_cost': 0.05}
[ep=08 t=0076] choose_plan=0 action=0 reward=-0.001 info={'t': 77, 'risk': 0.0, 'early_gain': 0.0, 'fp_risk': 0.0, 'act_cost': 0.05}
[ep=08 t=0077] choose_plan=0 action=0 reward=-0.001 info={'t': 78, 'risk': 0.0, 'early_gain': 0.0, 'fp_risk': 0.0, 'act_cost': 0.05}
[ep=08 t=0078] choose_plan=0 action=0 reward=-0.001 info={'t': 79, 'risk': 0.0, 'early_gain': 0.0, 'fp_risk': 0.0, 'act_cost': 0.05}
[ep=08 t=0079] choose_plan=0 action=0 reward=-0.001 info={'t': 80, 'risk': 0.0, 'early_gain': 0.0, 'fp_risk': 0.0, 'act_cost': 0.05}
[ep=08 t=0080] choose_plan=0 action=0 reward=-0.001 info={'t': 81, 'risk': 0.0, 'early_gain': 0.0, 'fp_risk': 0.0, 'act_cost': 0.05}
[ep=08 t=0081] choose_plan=0 action=0 reward=-0.001 info={'t': 82, 'risk': 0.0, 'early_gain': 0.0, 'fp_risk': 0.0, 'act_cost': 0.05}
[ep=08 t=0082] choose_plan=0 action=0 reward=-0.001 info={'t': 83, 'risk': 0.0, 'early_gain': 0.0, 'fp_risk': 0.0, 'act_cost': 0.05}
[ep=08 t=0083] choose_plan=0 action=0 reward=-0.001 info={'t': 84, 'risk': 0.0, 'early_gain': 0.0, 'fp_risk': 0.0, 'act_cost': 0.05}
[ep=08 t=0084] choose_plan=0 action=0 reward=-0.001 info={'t': 85, 'risk': 0.0, 'early_gain': 0.0, 'fp_risk': 0.0, 'act_cost': 0.05}
[ep=08 t=0085] choose_plan=0 action=0 reward=-0.001 info={'t': 86, 'risk': 0.0, 'early_gain': 0.0, 'fp_risk': 0.0, 'act_cost': 0.05}
[ep=08 t=0086] choose_plan=0 action=0 reward=-0.001 info={'t': 87, 'risk': 0.0, 'early_gain': 0.0, 'fp_risk': 0.0, 'act_cost': 0.05}
[ep=08 t=0087] choose_plan=0 action=0 reward=-0.001 info={'t': 88, 'risk': 0.0, 'early_gain': 0.0, 'fp_risk': 0.0, 'act_cost': 0.05}
[ep=08 t=0088] choose_plan=0 action=0 reward=-0.001 info={'t': 89, 'risk': 0.0, 'early_gain': 0.0, 'fp_risk': 0.0, 'act_cost': 0.05}
[ep=08 t=0089] choose_plan=0 action=0 reward=-0.001 info={'t': 90, 'risk': 0.0, 'early_gain': 0.0, 'fp_risk': 0.0, 'act_cost': 0.05}
[ep=08 t=0090] choose_plan=0 action=0 reward=-0.001 info={'t': 91, 'risk': 0.0, 'early_gain': 0.0, 'fp_risk': 0.0, 'act_cost': 0.05}
[ep=08 t=0091] choose_plan=0 action=0 reward=-0.001 info={'t': 92, 'risk': 0.0, 'early_gain': 0.0, 'fp_risk': 0.0, 'act_cost': 0.05}
[ep=08 t=0092] choose_plan=0 action=0 reward=-0.001 info={'t': 93, 'risk': 0.0, 'early_gain': 0.0, 'fp_risk': 0.0, 'act_cost': 0.05}
[ep=08 t=0093] choose_plan=0 action=0 reward=-0.001 info={'t': 94, 'risk': 0.0, 'early_gain': 0.0, 'fp_risk': 0.0, 'act_cost': 0.05}
[ep=08 t=0094] choose_plan=0 action=0 reward=-0.001 info={'t': 95, 'risk': 0.0, 'early_gain': 0.0, 'fp_risk': 0.0, 'act_cost': 0.05}
[ep=08 t=0095] choose_plan=1 action=0 reward=-0.001 info={'t': 96, 'risk': 0.0, 'early_gain': 0.0, 'fp_risk': 0.0, 'act_cost': 0.05}
[ep=08 t=0096] choose_plan=0 action=0 reward=-0.001 info={'t': 97, 'risk': 0.0, 'early_gain': 0.0, 'fp_risk': 0.0, 'act_cost': 0.05}
[ep=08 t=0097] choose_plan=1 action=0 reward=-0.001 info={'t': 98, 'risk': 0.0, 'early_gain': 0.0, 'fp_risk': 0.0, 'act_cost': 0.05}
[ep=08 t=0098] choose_plan=0 action=0 reward=-0.001 info={'t': 99, 'risk': 0.0, 'early_gain': 0.0, 'fp_risk': 0.0, 'act_cost': 0.05}
[ep=08 t=0099] choose_plan=0 action=0 reward=-0.001 info={'t': 100, 'risk': 0.0, 'early_gain': 0.0, 'fp_risk': 0.0, 'act_cost': 0.05}
[ep=08 t=0100] choose_plan=0 action=0 reward=-0.001 info={'t': 101, 'risk': 0.0, 'early_gain': 0.0, 'fp_risk': 0.0, 'act_cost': 0.05}
[ep=08 t=0101] choose_plan=0 action=0 reward=-0.001 info={'t': 102, 'risk': 0.0, 'early_gain': 0.0, 'fp_risk': 0.0, 'act_cost': 0.05}
[ep=08 t=0102] choose_plan=0 action=0 reward=-0.001 info={'t': 103, 'risk': 0.0, 'early_gain': 0.0, 'fp_risk': 0.0, 'act_cost': 0.05}
[ep=08 t=0103] choose_plan=0 action=0 reward=-0.001 info={'t': 104, 'risk': 0.0, 'early_gain': 0.0, 'fp_risk': 0.0, 'act_cost': 0.05}
[ep=08 t=0104] choose_plan=0 action=0 reward=-0.001 info={'t': 105, 'risk': 0.0, 'early_gain': 0.0, 'fp_risk': 0.0, 'act_cost': 0.05}
[ep=08 t=0105] choose_plan=0 action=0 reward=-0.001 info={'t': 106, 'risk': 0.0, 'early_gain': 0.0, 'fp_risk': 0.0, 'act_cost': 0.05}
[ep=08 t=0106] choose_plan=0 action=0 reward=-0.001 info={'t': 107, 'risk': 0.0, 'early_gain': 0.0, 'fp_risk': 0.0, 'act_cost': 0.05}
[ep=08 t=0107] choose_plan=0 action=0 reward=-0.001 info={'t': 108, 'risk': 0.0, 'early_gain': 0.0, 'fp_risk': 0.0, 'act_cost': 0.05}
[ep=08 t=0108] choose_plan=0 action=0 reward=-0.001 info={'t': 109, 'risk': 0.0, 'early_gain': 0.0, 'fp_risk': 0.0, 'act_cost': 0.05}
[ep=08 t=0109] choose_plan=0 action=0 reward=-0.001 info={'t': 110, 'risk': 0.0, 'early_gain': 0.0, 'fp_risk': 0.0, 'act_cost': 0.05}
[ep=08 t=0110] choose_plan=0 action=0 reward=-0.001 info={'t': 111, 'risk': 0.0, 'early_gain': 0.0, 'fp_risk': 0.0, 'act_cost': 0.05}
[ep=08 t=0111] choose_plan=0 action=0 reward=-0.001 info={'t': 112, 'risk': 0.0, 'early_gain': 0.0, 'fp_risk': 0.0, 'act_cost': 0.05}
[ep=08 t=0112] choose_plan=0 action=0 reward=-0.001 info={'t': 113, 'risk': 0.0, 'early_gain': 0.0, 'fp_risk': 0.0, 'act_cost': 0.05}
[ep=08 t=0113] choose_plan=0 action=0 reward=-0.001 info={'t': 114, 'risk': 0.0, 'early_gain': 0.0, 'fp_risk': 0.0, 'act_cost': 0.05}
[ep=08 t=0114] choose_plan=0 action=0 reward=-0.001 info={'t': 115, 'risk': 0.0, 'early_gain': 0.0, 'fp_risk': 0.0, 'act_cost': 0.05}
[ep=08 t=0115] choose_plan=0 action=0 reward=-0.001 info={'t': 116, 'risk': 0.0, 'early_gain': 0.0, 'fp_risk': 0.0, 'act_cost': 0.05}
[ep=08 t=0116] choose_plan=0 action=0 reward=-0.001 info={'t': 117, 'risk': 0.0, 'early_gain': 0.0, 'fp_risk': 0.0, 'act_cost': 0.05}
[ep=08 t=0117] choose_plan=0 action=0 reward=-0.001 info={'t': 118, 'risk': 0.0, 'early_gain': 0.0, 'fp_risk': 0.0, 'act_cost': 0.05}
[ep=08 t=0118] choose_plan=0 action=0 reward=-0.001 info={'t': 119, 'risk': 0.0, 'early_gain': 0.0, 'fp_risk': 0.0, 'act_cost': 0.05}
[ep=08 t=0119] choose_plan=0 action=0 reward=-0.001 info={'t': 120, 'risk': 0.0, 'early_gain': 0.0, 'fp_risk': 0.0, 'act_cost': 0.05}
[ep=08 t=0120] choose_plan=0 action=0 reward=-0.001 info={'t': 121, 'risk': 0.0, 'early_gain': 0.0, 'fp_risk': 0.0, 'act_cost': 0.05}
[ep=08 t=0121] choose_plan=0 action=0 reward=-0.001 info={'t': 122, 'risk': 0.0, 'early_gain': 0.0, 'fp_risk': 0.0, 'act_cost': 0.05}
[ep=08 t=0122] choose_plan=0 action=0 reward=-0.001 info={'t': 123, 'risk': 0.0, 'early_gain': 0.0, 'fp_risk': 0.0, 'act_cost': 0.05}
[ep=08 t=0123] choose_plan=0 action=0 reward=-0.001 info={'t': 124, 'risk': 0.0, 'early_gain': 0.0, 'fp_risk': 0.0, 'act_cost': 0.05}
[ep=08 t=0124] choose_plan=1 action=2 reward=-0.009 info={'t': 125, 'risk': 0.0, 'early_gain': 0.0, 'fp_risk': 0.0, 'act_cost': 0.45}
[ep=08 t=0125] choose_plan=1 action=0 reward=-0.001 info={'t': 126, 'risk': 0.0, 'early_gain': 0.0, 'fp_risk': 0.0, 'act_cost': 0.05}
[ep=08 t=0126] choose_plan=0 action=0 reward=-0.001 info={'t': 127, 'risk': 0.0, 'early_gain': 0.0, 'fp_risk': 0.0, 'act_cost': 0.05}
[ep=08 t=0127] choose_plan=0 action=0 reward=-0.001 info={'t': 128, 'risk': 0.0, 'early_gain': 0.0, 'fp_risk': 0.0, 'act_cost': 0.05}
[ep=08 t=0128] choose_plan=0 action=0 reward=-0.001 info={'t': 129, 'risk': 0.0, 'early_gain': 0.0, 'fp_risk': 0.0, 'act_cost': 0.05}
[ep=08 t=0129] choose_plan=0 action=0 reward=-0.001 info={'t': 130, 'risk': 0.0, 'early_gain': 0.0, 'fp_risk': 0.0, 'act_cost': 0.05}
[ep=08 t=0130] choose_plan=0 action=0 reward=-0.001 info={'t': 131, 'risk': 0.0, 'early_gain': 0.0, 'fp_risk': 0.0, 'act_cost': 0.05}
[ep=08 t=0131] choose_plan=0 action=0 reward=-0.001 info={'t': 132, 'risk': 0.0, 'early_gain': 0.0, 'fp_risk': 0.0, 'act_cost': 0.05}
[ep=08 t=0132] choose_plan=0 action=0 reward=-0.001 info={'t': 133, 'risk': 0.0, 'early_gain': 0.0, 'fp_risk': 0.0, 'act_cost': 0.05}
[ep=08 t=0133] choose_plan=0 action=0 reward=-0.001 info={'t': 134, 'risk': 0.0, 'early_gain': 0.0, 'fp_risk': 0.0, 'act_cost': 0.05}
[ep=08 t=0134] choose_plan=0 action=0 reward=-0.001 info={'t': 135, 'risk': 0.0, 'early_gain': 0.0, 'fp_risk': 0.0, 'act_cost': 0.05}
[ep=08 t=0135] choose_plan=0 action=0 reward=-0.001 info={'t': 136, 'risk': 0.0, 'early_gain': 0.0, 'fp_risk': 0.0, 'act_cost': 0.05}
[ep=08 t=0136] choose_plan=1 action=0 reward=-0.001 info={'t': 137, 'risk': 0.0, 'early_gain': 0.0, 'fp_risk': 0.0, 'act_cost': 0.05}
[ep=08 t=0137] choose_plan=0 action=0 reward=-0.001 info={'t': 138, 'risk': 0.0, 'early_gain': 0.0, 'fp_risk': 0.0, 'act_cost': 0.05}
[ep=08 t=0138] choose_plan=0 action=0 reward=-0.001 info={'t': 139, 'risk': 0.0, 'early_gain': 0.0, 'fp_risk': 0.0, 'act_cost': 0.05}
[ep=08 t=0139] choose_plan=0 action=0 reward=-0.001 info={'t': 140, 'risk': 0.0, 'early_gain': 0.0, 'fp_risk': 0.0, 'act_cost': 0.05}
[ep=08 t=0140] choose_plan=0 action=0 reward=-0.001 info={'t': 141, 'risk': 0.0, 'early_gain': 0.0, 'fp_risk': 0.0, 'act_cost': 0.05}
[ep=08 t=0141] choose_plan=0 action=0 reward=-0.001 info={'t': 142, 'risk': 0.0, 'early_gain': 0.0, 'fp_risk': 0.0, 'act_cost': 0.05}
[ep=08 t=0142] choose_plan=0 action=0 reward=-0.001 info={'t': 143, 'risk': 0.0, 'early_gain': 0.0, 'fp_risk': 0.0, 'act_cost': 0.05}
[ep=08 t=0143] choose_plan=0 action=0 reward=-0.001 info={'t': 144, 'risk': 0.0, 'early_gain': 0.0, 'fp_risk': 0.0, 'act_cost': 0.05}
[ep=08 t=0144] choose_plan=0 action=0 reward=-0.001 info={'t': 145, 'risk': 0.0, 'early_gain': 0.0, 'fp_risk': 0.0, 'act_cost': 0.05}
[ep=08 t=0145] choose_plan=0 action=0 reward=-0.001 info={'t': 146, 'risk': 0.0, 'early_gain': 0.0, 'fp_risk': 0.0, 'act_cost': 0.05}
[ep=08 t=0146] choose_plan=0 action=0 reward=-0.001 info={'t': 147, 'risk': 0.0, 'early_gain': 0.0, 'fp_risk': 0.0, 'act_cost': 0.05}
[ep=08 t=0147] choose_plan=1 action=2 reward=-0.009 info={'t': 148, 'risk': 0.0, 'early_gain': 0.0, 'fp_risk': 0.0, 'act_cost': 0.45}
[ep=08 t=0148] choose_plan=0 action=0 reward=-0.001 info={'t': 149, 'risk': 0.0, 'early_gain': 0.0, 'fp_risk': 0.0, 'act_cost': 0.05}
[ep=08 t=0149] choose_plan=0 action=0 reward=-0.001 info={'t': 150, 'risk': 0.0, 'early_gain': 0.0, 'fp_risk': 0.0, 'act_cost': 0.05}
[ep=08 t=0150] choose_plan=0 action=0 reward=-0.001 info={'t': 151, 'risk': 0.0, 'early_gain': 0.0, 'fp_risk': 0.0, 'act_cost': 0.05}
[ep=08 t=0151] choose_plan=0 action=0 reward=-0.001 info={'t': 152, 'risk': 0.0, 'early_gain': 0.0, 'fp_risk': 0.0, 'act_cost': 0.05}
[ep=08 t=0152] choose_plan=0 action=0 reward=-0.001 info={'t': 153, 'risk': 0.0, 'early_gain': 0.0, 'fp_risk': 0.0, 'act_cost': 0.05}
[ep=08 t=0153] choose_plan=0 action=0 reward=-0.001 info={'t': 154, 'risk': 0.0, 'early_gain': 0.0, 'fp_risk': 0.0, 'act_cost': 0.05}
[ep=08 t=0154] choose_plan=0 action=0 reward=-0.001 info={'t': 155, 'risk': 0.0, 'early_gain': 0.0, 'fp_risk': 0.0, 'act_cost': 0.05}
[ep=08 t=0155] choose_plan=0 action=0 reward=-0.001 info={'t': 156, 'risk': 0.0, 'early_gain': 0.0, 'fp_risk': 0.0, 'act_cost': 0.05}
[ep=08 t=0156] choose_plan=0 action=0 reward=-0.001 info={'t': 157, 'risk': 0.0, 'early_gain': 0.0, 'fp_risk': 0.0, 'act_cost': 0.05}
[ep=08 t=0157] choose_plan=0 action=0 reward=-0.001 info={'t': 158, 'risk': 0.0, 'early_gain': 0.0, 'fp_risk': 0.0, 'act_cost': 0.05}
[ep=08 t=0158] choose_plan=1 action=0 reward=-0.001 info={'t': 159, 'risk': 0.0, 'early_gain': 0.0, 'fp_risk': 0.0, 'act_cost': 0.05}
[ep=08 t=0159] choose_plan=0 action=0 reward=-0.001 info={'t': 160, 'risk': 0.0, 'early_gain': 0.0, 'fp_risk': 0.0, 'act_cost': 0.05}
[ep=08 t=0160] choose_plan=0 action=0 reward=-0.001 info={'t': 161, 'risk': 0.0, 'early_gain': 0.0, 'fp_risk': 0.0, 'act_cost': 0.05}
[ep=08 t=0161] choose_plan=0 action=0 reward=-0.001 info={'t': 162, 'risk': 0.0, 'early_gain': 0.0, 'fp_risk': 0.0, 'act_cost': 0.05}
[ep=08 t=0162] choose_plan=0 action=0 reward=-0.001 info={'t': 163, 'risk': 0.0, 'early_gain': 0.0, 'fp_risk': 0.0, 'act_cost': 0.05}
[ep=08 t=0163] choose_plan=0 action=0 reward=-0.001 info={'t': 164, 'risk': 0.0, 'early_gain': 0.0, 'fp_risk': 0.0, 'act_cost': 0.05}
[ep=08 t=0164] choose_plan=1 action=0 reward=-0.001 info={'t': 165, 'risk': 0.0, 'early_gain': 0.0, 'fp_risk': 0.0, 'act_cost': 0.05}
[ep=08 t=0165] choose_plan=0 action=0 reward=-0.001 info={'t': 166, 'risk': 0.0, 'early_gain': 0.0, 'fp_risk': 0.0, 'act_cost': 0.05}
[ep=08 t=0166] choose_plan=1 action=0 reward=-0.001 info={'t': 167, 'risk': 0.0, 'early_gain': 0.0, 'fp_risk': 0.0, 'act_cost': 0.05}
[ep=08 t=0167] choose_plan=0 action=0 reward=-0.001 info={'t': 168, 'risk': 0.0, 'early_gain': 0.0, 'fp_risk': 0.0, 'act_cost': 0.05}
[ep=08 t=0168] choose_plan=0 action=0 reward=-0.001 info={'t': 169, 'risk': 0.0, 'early_gain': 0.0, 'fp_risk': 0.0, 'act_cost': 0.05}
[ep=08 t=0169] choose_plan=0 action=0 reward=-0.001 info={'t': 170, 'risk': 0.0, 'early_gain': 0.0, 'fp_risk': 0.0, 'act_cost': 0.05}
[ep=08 t=0170] choose_plan=1 action=2 reward=-0.009 info={'t': 171, 'risk': 0.0, 'early_gain': 0.0, 'fp_risk': 0.0, 'act_cost': 0.45}
[ep=08 t=0171] choose_plan=1 action=2 reward=-0.009 info={'t': 172, 'risk': 0.0, 'early_gain': 0.0, 'fp_risk': 0.0, 'act_cost': 0.45}
[ep=08 t=0172] choose_plan=0 action=0 reward=-0.001 info={'t': 173, 'risk': 0.0, 'early_gain': 0.0, 'fp_risk': 0.0, 'act_cost': 0.05}
[ep=08 t=0173] choose_plan=0 action=0 reward=-0.001 info={'t': 174, 'risk': 0.0, 'early_gain': 0.0, 'fp_risk': 0.0, 'act_cost': 0.05}
[ep=08 t=0174] choose_plan=0 action=0 reward=-0.001 info={'t': 175, 'risk': 0.0, 'early_gain': 0.0, 'fp_risk': 0.0, 'act_cost': 0.05}
[ep=08 t=0175] choose_plan=1 action=0 reward=-0.001 info={'t': 176, 'risk': 0.0, 'early_gain': 0.0, 'fp_risk': 0.0, 'act_cost': 0.05}
[ep=08 t=0176] choose_plan=0 action=0 reward=-0.001 info={'t': 177, 'risk': 0.0, 'early_gain': 0.0, 'fp_risk': 0.0, 'act_cost': 0.05}
[ep=08 t=0177] choose_plan=0 action=0 reward=-0.001 info={'t': 178, 'risk': 0.0, 'early_gain': 0.0, 'fp_risk': 0.0, 'act_cost': 0.05}
[ep=08 t=0178] choose_plan=0 action=0 reward=-0.001 info={'t': 179, 'risk': 0.0, 'early_gain': 0.0, 'fp_risk': 0.0, 'act_cost': 0.05}
[ep=08 t=0179] choose_plan=0 action=0 reward=-0.001 info={'t': 180, 'risk': 0.0, 'early_gain': 0.0, 'fp_risk': 0.0, 'act_cost': 0.05}
[ep=08 t=0180] choose_plan=0 action=0 reward=-0.001 info={'t': 181, 'risk': 0.0, 'early_gain': 0.0, 'fp_risk': 0.0, 'act_cost': 0.05}
[ep=08 t=0181] choose_plan=0 action=0 reward=-0.001 info={'t': 182, 'risk': 0.0, 'early_gain': 0.0, 'fp_risk': 0.0, 'act_cost': 0.05}
[ep=08 t=0182] choose_plan=0 action=0 reward=-0.001 info={'t': 183, 'risk': 0.0, 'early_gain': 0.0, 'fp_risk': 0.0, 'act_cost': 0.05}
[ep=08 t=0183] choose_plan=0 action=0 reward=-0.001 info={'t': 184, 'risk': 0.0, 'early_gain': 0.0, 'fp_risk': 0.0, 'act_cost': 0.05}
[ep=08 t=0184] choose_plan=0 action=0 reward=-0.001 info={'t': 185, 'risk': 0.0, 'early_gain': 0.0, 'fp_risk': 0.0, 'act_cost': 0.05}
[ep=08 t=0185] choose_plan=0 action=0 reward=-0.001 info={'t': 186, 'risk': 0.0, 'early_gain': 0.0, 'fp_risk': 0.0, 'act_cost': 0.05}
[ep=08 t=0186] choose_plan=1 action=0 reward=-0.001 info={'t': 187, 'risk': 0.0, 'early_gain': 0.0, 'fp_risk': 0.0, 'act_cost': 0.05}
[ep=08 t=0187] choose_plan=0 action=0 reward=-0.001 info={'t': 188, 'risk': 0.0, 'early_gain': 0.0, 'fp_risk': 0.0, 'act_cost': 0.05}
[ep=08 t=0188] choose_plan=0 action=0 reward=-0.001 info={'t': 189, 'risk': 0.0, 'early_gain': 0.0, 'fp_risk': 0.0, 'act_cost': 0.05}
[ep=08 t=0189] choose_plan=0 action=0 reward=-0.001 info={'t': 190, 'risk': 0.0, 'early_gain': 0.0, 'fp_risk': 0.0, 'act_cost': 0.05}
[ep=08 t=0190] choose_plan=0 action=0 reward=-0.001 info={'t': 191, 'risk': 0.0, 'early_gain': 0.0, 'fp_risk': 0.0, 'act_cost': 0.05}
[ep=08 t=0191] choose_plan=0 action=0 reward=-0.001 info={'t': 192, 'risk': 0.0, 'early_gain': 0.0, 'fp_risk': 0.0, 'act_cost': 0.05}
[ep=08 t=0192] choose_plan=0 action=0 reward=-0.001 info={'t': 193, 'risk': 0.0, 'early_gain': 0.0, 'fp_risk': 0.0, 'act_cost': 0.05}
[ep=08 t=0193] choose_plan=0 action=0 reward=-0.001 info={'t': 194, 'risk': 0.0, 'early_gain': 0.0, 'fp_risk': 0.0, 'act_cost': 0.05}
[ep=08 t=0194] choose_plan=0 action=0 reward=-0.001 info={'t': 195, 'risk': 0.0, 'early_gain': 0.0, 'fp_risk': 0.0, 'act_cost': 0.05}
[ep=08 t=0195] choose_plan=0 action=0 reward=-0.001 info={'t': 196, 'risk': 0.0, 'early_gain': 0.0, 'fp_risk': 0.0, 'act_cost': 0.05}
[ep=08 t=0196] choose_plan=0 action=0 reward=-0.001 info={'t': 197, 'risk': 0.0, 'early_gain': 0.0, 'fp_risk': 0.0, 'act_cost': 0.05}
[ep=08 t=0197] choose_plan=0 action=0 reward=-0.001 info={'t': 198, 'risk': 0.0, 'early_gain': 0.0, 'fp_risk': 0.0, 'act_cost': 0.05}
[ep=08 t=0198] choose_plan=0 action=0 reward=-0.001 info={'t': 199, 'risk': 0.0, 'early_gain': 0.0, 'fp_risk': 0.0, 'act_cost': 0.05}
[ep=08 t=0199] choose_plan=0 action=0 reward=-0.001 info={'t': 200, 'risk': 0.0, 'early_gain': 0.0, 'fp_risk': 0.0, 'act_cost': 0.05}
# episode_summary {"episode": 8, "reward_mean": -0.001360000000000001, "reward_min": -0.009000000000000001, "reward_max": -0.001, "steps": 200, "unique_actions": 2, "top5_actions": [[0, 191], [2, 9]]}

# ===== EPISODE 9 =====
[ep=09 t=0000] choose_plan=0 action=0 reward=-0.001 info={'t': 1, 'risk': 0.054870355254186744, 'early_gain': 0.0, 'fp_risk': 0.0, 'act_cost': 0.05}
[ep=09 t=0001] choose_plan=0 action=0 reward=-0.001 info={'t': 2, 'risk': 0.054870355254186744, 'early_gain': 0.0, 'fp_risk': 0.0, 'act_cost': 0.05}
[ep=09 t=0002] choose_plan=0 action=0 reward=-0.001 info={'t': 3, 'risk': 0.054870355254186744, 'early_gain': 0.0, 'fp_risk': 0.0, 'act_cost': 0.05}
[ep=09 t=0003] choose_plan=0 action=0 reward=-0.001 info={'t': 4, 'risk': 0.054870355254186744, 'early_gain': 0.0, 'fp_risk': 0.0, 'act_cost': 0.05}
[ep=09 t=0004] choose_plan=0 action=0 reward=-0.001 info={'t': 5, 'risk': 0.054870355254186744, 'early_gain': 0.0, 'fp_risk': 0.0, 'act_cost': 0.05}
[ep=09 t=0005] choose_plan=0 action=0 reward=-0.001 info={'t': 6, 'risk': 0.054870355254186744, 'early_gain': 0.0, 'fp_risk': 0.0, 'act_cost': 0.05}
[ep=09 t=0006] choose_plan=0 action=0 reward=-0.001 info={'t': 7, 'risk': 0.054870355254186744, 'early_gain': 0.0, 'fp_risk': 0.0, 'act_cost': 0.05}
[ep=09 t=0007] choose_plan=0 action=0 reward=-0.001 info={'t': 8, 'risk': 0.054870355254186744, 'early_gain': 0.0, 'fp_risk': 0.0, 'act_cost': 0.05}
[ep=09 t=0008] choose_plan=0 action=0 reward=-0.001 info={'t': 9, 'risk': 0.054870355254186744, 'early_gain': 0.0, 'fp_risk': 0.0, 'act_cost': 0.05}
[ep=09 t=0009] choose_plan=1 action=2 reward=-0.009 info={'t': 10, 'risk': 0.015201112407807617, 'early_gain': 0.0, 'fp_risk': 0.0, 'act_cost': 0.45}
[ep=09 t=0010] choose_plan=0 action=0 reward=-0.001 info={'t': 11, 'risk': 0.015201112407807617, 'early_gain': 0.0, 'fp_risk': 0.0, 'act_cost': 0.05}
[ep=09 t=0011] choose_plan=0 action=0 reward=-0.001 info={'t': 12, 'risk': 0.015201112407807617, 'early_gain': 0.0, 'fp_risk': 0.0, 'act_cost': 0.05}
[ep=09 t=0012] choose_plan=0 action=0 reward=-0.001 info={'t': 13, 'risk': 0.015201112407807617, 'early_gain': 0.0, 'fp_risk': 0.0, 'act_cost': 0.05}
[ep=09 t=0013] choose_plan=0 action=0 reward=-0.001 info={'t': 14, 'risk': 0.015201112407807617, 'early_gain': 0.0, 'fp_risk': 0.0, 'act_cost': 0.05}
[ep=09 t=0014] choose_plan=1 action=0 reward=-0.001 info={'t': 15, 'risk': 0.015201112407807617, 'early_gain': 0.0, 'fp_risk': 0.0, 'act_cost': 0.05}
[ep=09 t=0015] choose_plan=0 action=0 reward=-0.001 info={'t': 16, 'risk': 0.015201112407807617, 'early_gain': 0.0, 'fp_risk': 0.0, 'act_cost': 0.05}
[ep=09 t=0016] choose_plan=0 action=0 reward=-0.001 info={'t': 17, 'risk': 0.015201112407807617, 'early_gain': 0.0, 'fp_risk': 0.0, 'act_cost': 0.05}
[ep=09 t=0017] choose_plan=0 action=0 reward=-0.001 info={'t': 18, 'risk': 0.015201112407807617, 'early_gain': 0.0, 'fp_risk': 0.0, 'act_cost': 0.05}
[ep=09 t=0018] choose_plan=0 action=0 reward=-0.001 info={'t': 19, 'risk': 0.015201112407807617, 'early_gain': 0.0, 'fp_risk': 0.0, 'act_cost': 0.05}
[ep=09 t=0019] choose_plan=0 action=0 reward=-0.001 info={'t': 20, 'risk': 0.015201112407807617, 'early_gain': 0.0, 'fp_risk': 0.0, 'act_cost': 0.05}
[ep=09 t=0020] choose_plan=0 action=0 reward=-0.001 info={'t': 21, 'risk': 0.015201112407807617, 'early_gain': 0.0, 'fp_risk': 0.0, 'act_cost': 0.05}
[ep=09 t=0021] choose_plan=0 action=0 reward=-0.001 info={'t': 22, 'risk': 0.015201112407807617, 'early_gain': 0.0, 'fp_risk': 0.0, 'act_cost': 0.05}
[ep=09 t=0022] choose_plan=0 action=0 reward=-0.001 info={'t': 23, 'risk': 0.015201112407807617, 'early_gain': 0.0, 'fp_risk': 0.0, 'act_cost': 0.05}
[ep=09 t=0023] choose_plan=0 action=0 reward=-0.001 info={'t': 24, 'risk': 0.015201112407807617, 'early_gain': 0.0, 'fp_risk': 0.0, 'act_cost': 0.05}
[ep=09 t=0024] choose_plan=1 action=0 reward=-0.001 info={'t': 25, 'risk': 0.015201112407807617, 'early_gain': 0.0, 'fp_risk': 0.0, 'act_cost': 0.05}
[ep=09 t=0025] choose_plan=0 action=0 reward=-0.001 info={'t': 26, 'risk': 0.015201112407807617, 'early_gain': 0.0, 'fp_risk': 0.0, 'act_cost': 0.05}
[ep=09 t=0026] choose_plan=0 action=0 reward=-0.001 info={'t': 27, 'risk': 0.015201112407807617, 'early_gain': 0.0, 'fp_risk': 0.0, 'act_cost': 0.05}
[ep=09 t=0027] choose_plan=1 action=0 reward=-0.001 info={'t': 28, 'risk': 0.015201112407807617, 'early_gain': 0.0, 'fp_risk': 0.0, 'act_cost': 0.05}
[ep=09 t=0028] choose_plan=0 action=0 reward=-0.001 info={'t': 29, 'risk': 0.015201112407807617, 'early_gain': 0.0, 'fp_risk': 0.0, 'act_cost': 0.05}
[ep=09 t=0029] choose_plan=0 action=0 reward=-0.001 info={'t': 30, 'risk': 0.015201112407807617, 'early_gain': 0.0, 'fp_risk': 0.0, 'act_cost': 0.05}
[ep=09 t=0030] choose_plan=0 action=0 reward=-0.001 info={'t': 31, 'risk': 0.015201112407807617, 'early_gain': 0.0, 'fp_risk': 0.0, 'act_cost': 0.05}
[ep=09 t=0031] choose_plan=0 action=0 reward=-0.001 info={'t': 32, 'risk': 0.015201112407807617, 'early_gain': 0.0, 'fp_risk': 0.0, 'act_cost': 0.05}
[ep=09 t=0032] choose_plan=0 action=0 reward=-0.001 info={'t': 33, 'risk': 0.015201112407807617, 'early_gain': 0.0, 'fp_risk': 0.0, 'act_cost': 0.05}
[ep=09 t=0033] choose_plan=0 action=0 reward=-0.001 info={'t': 34, 'risk': 0.015201112407807617, 'early_gain': 0.0, 'fp_risk': 0.0, 'act_cost': 0.05}
[ep=09 t=0034] choose_plan=1 action=2 reward=-0.009 info={'t': 35, 'risk': 0.0073616906000235245, 'early_gain': 0.0, 'fp_risk': 0.0, 'act_cost': 0.45}
[ep=09 t=0035] choose_plan=0 action=0 reward=-0.001 info={'t': 36, 'risk': 0.0073616906000235245, 'early_gain': 0.0, 'fp_risk': 0.0, 'act_cost': 0.05}
[ep=09 t=0036] choose_plan=0 action=0 reward=-0.001 info={'t': 37, 'risk': 0.0073616906000235245, 'early_gain': 0.0, 'fp_risk': 0.0, 'act_cost': 0.05}
[ep=09 t=0037] choose_plan=0 action=0 reward=-0.001 info={'t': 38, 'risk': 0.0073616906000235245, 'early_gain': 0.0, 'fp_risk': 0.0, 'act_cost': 0.05}
[ep=09 t=0038] choose_plan=0 action=0 reward=-0.001 info={'t': 39, 'risk': 0.0073616906000235245, 'early_gain': 0.0, 'fp_risk': 0.0, 'act_cost': 0.05}
[ep=09 t=0039] choose_plan=0 action=0 reward=-0.001 info={'t': 40, 'risk': 0.0073616906000235245, 'early_gain': 0.0, 'fp_risk': 0.0, 'act_cost': 0.05}
[ep=09 t=0040] choose_plan=0 action=0 reward=-0.001 info={'t': 41, 'risk': 0.0073616906000235245, 'early_gain': 0.0, 'fp_risk': 0.0, 'act_cost': 0.05}
[ep=09 t=0041] choose_plan=0 action=0 reward=-0.001 info={'t': 42, 'risk': 0.0073616906000235245, 'early_gain': 0.0, 'fp_risk': 0.0, 'act_cost': 0.05}
[ep=09 t=0042] choose_plan=0 action=0 reward=-0.001 info={'t': 43, 'risk': 0.0073616906000235245, 'early_gain': 0.0, 'fp_risk': 0.0, 'act_cost': 0.05}
[ep=09 t=0043] choose_plan=1 action=2 reward=-0.009 info={'t': 44, 'risk': 0.0, 'early_gain': 0.0, 'fp_risk': 0.0, 'act_cost': 0.45}
[ep=09 t=0044] choose_plan=0 action=0 reward=-0.001 info={'t': 45, 'risk': 0.0, 'early_gain': 0.0, 'fp_risk': 0.0, 'act_cost': 0.05}
[ep=09 t=0045] choose_plan=0 action=0 reward=-0.001 info={'t': 46, 'risk': 0.0, 'early_gain': 0.0, 'fp_risk': 0.0, 'act_cost': 0.05}
[ep=09 t=0046] choose_plan=1 action=0 reward=-0.001 info={'t': 47, 'risk': 0.0, 'early_gain': 0.0, 'fp_risk': 0.0, 'act_cost': 0.05}
[ep=09 t=0047] choose_plan=0 action=0 reward=-0.001 info={'t': 48, 'risk': 0.0, 'early_gain': 0.0, 'fp_risk': 0.0, 'act_cost': 0.05}
[ep=09 t=0048] choose_plan=0 action=0 reward=-0.001 info={'t': 49, 'risk': 0.0, 'early_gain': 0.0, 'fp_risk': 0.0, 'act_cost': 0.05}
[ep=09 t=0049] choose_plan=0 action=0 reward=-0.001 info={'t': 50, 'risk': 0.0, 'early_gain': 0.0, 'fp_risk': 0.0, 'act_cost': 0.05}
[ep=09 t=0050] choose_plan=1 action=0 reward=-0.001 info={'t': 51, 'risk': 0.0, 'early_gain': 0.0, 'fp_risk': 0.0, 'act_cost': 0.05}
[ep=09 t=0051] choose_plan=0 action=0 reward=-0.001 info={'t': 52, 'risk': 0.0, 'early_gain': 0.0, 'fp_risk': 0.0, 'act_cost': 0.05}
[ep=09 t=0052] choose_plan=0 action=0 reward=-0.001 info={'t': 53, 'risk': 0.0, 'early_gain': 0.0, 'fp_risk': 0.0, 'act_cost': 0.05}
[ep=09 t=0053] choose_plan=0 action=0 reward=-0.001 info={'t': 54, 'risk': 0.0, 'early_gain': 0.0, 'fp_risk': 0.0, 'act_cost': 0.05}
[ep=09 t=0054] choose_plan=1 action=0 reward=-0.001 info={'t': 55, 'risk': 0.0, 'early_gain': 0.0, 'fp_risk': 0.0, 'act_cost': 0.05}
[ep=09 t=0055] choose_plan=0 action=0 reward=-0.001 info={'t': 56, 'risk': 0.0, 'early_gain': 0.0, 'fp_risk': 0.0, 'act_cost': 0.05}
[ep=09 t=0056] choose_plan=0 action=0 reward=-0.001 info={'t': 57, 'risk': 0.0, 'early_gain': 0.0, 'fp_risk': 0.0, 'act_cost': 0.05}
[ep=09 t=0057] choose_plan=0 action=0 reward=-0.001 info={'t': 58, 'risk': 0.0, 'early_gain': 0.0, 'fp_risk': 0.0, 'act_cost': 0.05}
[ep=09 t=0058] choose_plan=0 action=0 reward=-0.001 info={'t': 59, 'risk': 0.0, 'early_gain': 0.0, 'fp_risk': 0.0, 'act_cost': 0.05}
[ep=09 t=0059] choose_plan=0 action=0 reward=-0.001 info={'t': 60, 'risk': 0.0, 'early_gain': 0.0, 'fp_risk': 0.0, 'act_cost': 0.05}
[ep=09 t=0060] choose_plan=0 action=0 reward=-0.001 info={'t': 61, 'risk': 0.0, 'early_gain': 0.0, 'fp_risk': 0.0, 'act_cost': 0.05}
[ep=09 t=0061] choose_plan=0 action=0 reward=-0.001 info={'t': 62, 'risk': 0.0, 'early_gain': 0.0, 'fp_risk': 0.0, 'act_cost': 0.05}
[ep=09 t=0062] choose_plan=0 action=0 reward=-0.001 info={'t': 63, 'risk': 0.0, 'early_gain': 0.0, 'fp_risk': 0.0, 'act_cost': 0.05}
[ep=09 t=0063] choose_plan=0 action=0 reward=-0.001 info={'t': 64, 'risk': 0.0, 'early_gain': 0.0, 'fp_risk': 0.0, 'act_cost': 0.05}
[ep=09 t=0064] choose_plan=0 action=0 reward=-0.001 info={'t': 65, 'risk': 0.0, 'early_gain': 0.0, 'fp_risk': 0.0, 'act_cost': 0.05}
[ep=09 t=0065] choose_plan=0 action=0 reward=-0.001 info={'t': 66, 'risk': 0.0, 'early_gain': 0.0, 'fp_risk': 0.0, 'act_cost': 0.05}
[ep=09 t=0066] choose_plan=0 action=0 reward=-0.001 info={'t': 67, 'risk': 0.0, 'early_gain': 0.0, 'fp_risk': 0.0, 'act_cost': 0.05}
[ep=09 t=0067] choose_plan=0 action=0 reward=-0.001 info={'t': 68, 'risk': 0.0, 'early_gain': 0.0, 'fp_risk': 0.0, 'act_cost': 0.05}
[ep=09 t=0068] choose_plan=0 action=0 reward=-0.001 info={'t': 69, 'risk': 0.0, 'early_gain': 0.0, 'fp_risk': 0.0, 'act_cost': 0.05}
[ep=09 t=0069] choose_plan=1 action=0 reward=-0.001 info={'t': 70, 'risk': 0.0, 'early_gain': 0.0, 'fp_risk': 0.0, 'act_cost': 0.05}
[ep=09 t=0070] choose_plan=0 action=0 reward=-0.001 info={'t': 71, 'risk': 0.0, 'early_gain': 0.0, 'fp_risk': 0.0, 'act_cost': 0.05}
[ep=09 t=0071] choose_plan=0 action=0 reward=-0.001 info={'t': 72, 'risk': 0.0, 'early_gain': 0.0, 'fp_risk': 0.0, 'act_cost': 0.05}
[ep=09 t=0072] choose_plan=0 action=0 reward=-0.001 info={'t': 73, 'risk': 0.0, 'early_gain': 0.0, 'fp_risk': 0.0, 'act_cost': 0.05}
[ep=09 t=0073] choose_plan=0 action=0 reward=-0.001 info={'t': 74, 'risk': 0.0, 'early_gain': 0.0, 'fp_risk': 0.0, 'act_cost': 0.05}
[ep=09 t=0074] choose_plan=0 action=0 reward=-0.001 info={'t': 75, 'risk': 0.0, 'early_gain': 0.0, 'fp_risk': 0.0, 'act_cost': 0.05}
[ep=09 t=0075] choose_plan=0 action=0 reward=-0.001 info={'t': 76, 'risk': 0.0, 'early_gain': 0.0, 'fp_risk': 0.0, 'act_cost': 0.05}
[ep=09 t=0076] choose_plan=0 action=0 reward=-0.001 info={'t': 77, 'risk': 0.0, 'early_gain': 0.0, 'fp_risk': 0.0, 'act_cost': 0.05}
[ep=09 t=0077] choose_plan=0 action=0 reward=-0.001 info={'t': 78, 'risk': 0.0, 'early_gain': 0.0, 'fp_risk': 0.0, 'act_cost': 0.05}
[ep=09 t=0078] choose_plan=0 action=0 reward=-0.001 info={'t': 79, 'risk': 0.0, 'early_gain': 0.0, 'fp_risk': 0.0, 'act_cost': 0.05}
[ep=09 t=0079] choose_plan=1 action=0 reward=-0.001 info={'t': 80, 'risk': 0.0, 'early_gain': 0.0, 'fp_risk': 0.0, 'act_cost': 0.05}
[ep=09 t=0080] choose_plan=0 action=0 reward=-0.001 info={'t': 81, 'risk': 0.0, 'early_gain': 0.0, 'fp_risk': 0.0, 'act_cost': 0.05}
[ep=09 t=0081] choose_plan=0 action=0 reward=-0.001 info={'t': 82, 'risk': 0.0, 'early_gain': 0.0, 'fp_risk': 0.0, 'act_cost': 0.05}
[ep=09 t=0082] choose_plan=0 action=0 reward=-0.001 info={'t': 83, 'risk': 0.0, 'early_gain': 0.0, 'fp_risk': 0.0, 'act_cost': 0.05}
[ep=09 t=0083] choose_plan=0 action=0 reward=-0.001 info={'t': 84, 'risk': 0.0, 'early_gain': 0.0, 'fp_risk': 0.0, 'act_cost': 0.05}
[ep=09 t=0084] choose_plan=0 action=0 reward=-0.001 info={'t': 85, 'risk': 0.0, 'early_gain': 0.0, 'fp_risk': 0.0, 'act_cost': 0.05}
[ep=09 t=0085] choose_plan=0 action=0 reward=-0.001 info={'t': 86, 'risk': 0.0, 'early_gain': 0.0, 'fp_risk': 0.0, 'act_cost': 0.05}
[ep=09 t=0086] choose_plan=0 action=0 reward=-0.001 info={'t': 87, 'risk': 0.0, 'early_gain': 0.0, 'fp_risk': 0.0, 'act_cost': 0.05}
[ep=09 t=0087] choose_plan=0 action=0 reward=-0.001 info={'t': 88, 'risk': 0.0, 'early_gain': 0.0, 'fp_risk': 0.0, 'act_cost': 0.05}
[ep=09 t=0088] choose_plan=1 action=2 reward=-0.009 info={'t': 89, 'risk': 0.0, 'early_gain': 0.0, 'fp_risk': 0.0, 'act_cost': 0.45}
[ep=09 t=0089] choose_plan=0 action=0 reward=-0.001 info={'t': 90, 'risk': 0.0, 'early_gain': 0.0, 'fp_risk': 0.0, 'act_cost': 0.05}
[ep=09 t=0090] choose_plan=0 action=0 reward=-0.001 info={'t': 91, 'risk': 0.0, 'early_gain': 0.0, 'fp_risk': 0.0, 'act_cost': 0.05}
[ep=09 t=0091] choose_plan=0 action=0 reward=-0.001 info={'t': 92, 'risk': 0.0, 'early_gain': 0.0, 'fp_risk': 0.0, 'act_cost': 0.05}
[ep=09 t=0092] choose_plan=0 action=0 reward=-0.001 info={'t': 93, 'risk': 0.0, 'early_gain': 0.0, 'fp_risk': 0.0, 'act_cost': 0.05}
[ep=09 t=0093] choose_plan=0 action=0 reward=-0.001 info={'t': 94, 'risk': 0.0, 'early_gain': 0.0, 'fp_risk': 0.0, 'act_cost': 0.05}
[ep=09 t=0094] choose_plan=0 action=0 reward=-0.001 info={'t': 95, 'risk': 0.0, 'early_gain': 0.0, 'fp_risk': 0.0, 'act_cost': 0.05}
[ep=09 t=0095] choose_plan=0 action=0 reward=-0.001 info={'t': 96, 'risk': 0.0, 'early_gain': 0.0, 'fp_risk': 0.0, 'act_cost': 0.05}
[ep=09 t=0096] choose_plan=0 action=0 reward=-0.001 info={'t': 97, 'risk': 0.0, 'early_gain': 0.0, 'fp_risk': 0.0, 'act_cost': 0.05}
[ep=09 t=0097] choose_plan=0 action=0 reward=-0.001 info={'t': 98, 'risk': 0.0, 'early_gain': 0.0, 'fp_risk': 0.0, 'act_cost': 0.05}
[ep=09 t=0098] choose_plan=0 action=0 reward=-0.001 info={'t': 99, 'risk': 0.0, 'early_gain': 0.0, 'fp_risk': 0.0, 'act_cost': 0.05}
[ep=09 t=0099] choose_plan=0 action=0 reward=-0.001 info={'t': 100, 'risk': 0.0, 'early_gain': 0.0, 'fp_risk': 0.0, 'act_cost': 0.05}
[ep=09 t=0100] choose_plan=0 action=0 reward=-0.001 info={'t': 101, 'risk': 0.0, 'early_gain': 0.0, 'fp_risk': 0.0, 'act_cost': 0.05}
[ep=09 t=0101] choose_plan=0 action=0 reward=-0.001 info={'t': 102, 'risk': 0.0, 'early_gain': 0.0, 'fp_risk': 0.0, 'act_cost': 0.05}
[ep=09 t=0102] choose_plan=0 action=0 reward=-0.001 info={'t': 103, 'risk': 0.0, 'early_gain': 0.0, 'fp_risk': 0.0, 'act_cost': 0.05}
[ep=09 t=0103] choose_plan=0 action=0 reward=-0.001 info={'t': 104, 'risk': 0.0, 'early_gain': 0.0, 'fp_risk': 0.0, 'act_cost': 0.05}
[ep=09 t=0104] choose_plan=0 action=0 reward=-0.001 info={'t': 105, 'risk': 0.0, 'early_gain': 0.0, 'fp_risk': 0.0, 'act_cost': 0.05}
[ep=09 t=0105] choose_plan=0 action=0 reward=-0.001 info={'t': 106, 'risk': 0.0, 'early_gain': 0.0, 'fp_risk': 0.0, 'act_cost': 0.05}
[ep=09 t=0106] choose_plan=0 action=0 reward=-0.001 info={'t': 107, 'risk': 0.0, 'early_gain': 0.0, 'fp_risk': 0.0, 'act_cost': 0.05}
[ep=09 t=0107] choose_plan=0 action=0 reward=-0.001 info={'t': 108, 'risk': 0.0, 'early_gain': 0.0, 'fp_risk': 0.0, 'act_cost': 0.05}
[ep=09 t=0108] choose_plan=0 action=0 reward=-0.001 info={'t': 109, 'risk': 0.0, 'early_gain': 0.0, 'fp_risk': 0.0, 'act_cost': 0.05}
[ep=09 t=0109] choose_plan=0 action=0 reward=-0.001 info={'t': 110, 'risk': 0.0, 'early_gain': 0.0, 'fp_risk': 0.0, 'act_cost': 0.05}
[ep=09 t=0110] choose_plan=0 action=0 reward=-0.001 info={'t': 111, 'risk': 0.0, 'early_gain': 0.0, 'fp_risk': 0.0, 'act_cost': 0.05}
[ep=09 t=0111] choose_plan=0 action=0 reward=-0.001 info={'t': 112, 'risk': 0.0, 'early_gain': 0.0, 'fp_risk': 0.0, 'act_cost': 0.05}
[ep=09 t=0112] choose_plan=1 action=0 reward=-0.001 info={'t': 113, 'risk': 0.0, 'early_gain': 0.0, 'fp_risk': 0.0, 'act_cost': 0.05}
[ep=09 t=0113] choose_plan=0 action=0 reward=-0.001 info={'t': 114, 'risk': 0.0, 'early_gain': 0.0, 'fp_risk': 0.0, 'act_cost': 0.05}
[ep=09 t=0114] choose_plan=0 action=0 reward=-0.001 info={'t': 115, 'risk': 0.0, 'early_gain': 0.0, 'fp_risk': 0.0, 'act_cost': 0.05}
[ep=09 t=0115] choose_plan=0 action=0 reward=-0.001 info={'t': 116, 'risk': 0.0, 'early_gain': 0.0, 'fp_risk': 0.0, 'act_cost': 0.05}
[ep=09 t=0116] choose_plan=0 action=0 reward=-0.001 info={'t': 117, 'risk': 0.0, 'early_gain': 0.0, 'fp_risk': 0.0, 'act_cost': 0.05}
[ep=09 t=0117] choose_plan=0 action=0 reward=-0.001 info={'t': 118, 'risk': 0.0, 'early_gain': 0.0, 'fp_risk': 0.0, 'act_cost': 0.05}
[ep=09 t=0118] choose_plan=0 action=0 reward=-0.001 info={'t': 119, 'risk': 0.0, 'early_gain': 0.0, 'fp_risk': 0.0, 'act_cost': 0.05}
[ep=09 t=0119] choose_plan=1 action=2 reward=-0.009 info={'t': 120, 'risk': 0.0, 'early_gain': 0.0, 'fp_risk': 0.0, 'act_cost': 0.45}
[ep=09 t=0120] choose_plan=0 action=0 reward=-0.001 info={'t': 121, 'risk': 0.0, 'early_gain': 0.0, 'fp_risk': 0.0, 'act_cost': 0.05}
[ep=09 t=0121] choose_plan=0 action=0 reward=-0.001 info={'t': 122, 'risk': 0.0, 'early_gain': 0.0, 'fp_risk': 0.0, 'act_cost': 0.05}
[ep=09 t=0122] choose_plan=0 action=0 reward=-0.001 info={'t': 123, 'risk': 0.0, 'early_gain': 0.0, 'fp_risk': 0.0, 'act_cost': 0.05}
[ep=09 t=0123] choose_plan=0 action=0 reward=-0.001 info={'t': 124, 'risk': 0.0, 'early_gain': 0.0, 'fp_risk': 0.0, 'act_cost': 0.05}
[ep=09 t=0124] choose_plan=0 action=0 reward=-0.001 info={'t': 125, 'risk': 0.0, 'early_gain': 0.0, 'fp_risk': 0.0, 'act_cost': 0.05}
[ep=09 t=0125] choose_plan=0 action=0 reward=-0.001 info={'t': 126, 'risk': 0.0, 'early_gain': 0.0, 'fp_risk': 0.0, 'act_cost': 0.05}
[ep=09 t=0126] choose_plan=0 action=0 reward=-0.001 info={'t': 127, 'risk': 0.0, 'early_gain': 0.0, 'fp_risk': 0.0, 'act_cost': 0.05}
[ep=09 t=0127] choose_plan=0 action=0 reward=-0.001 info={'t': 128, 'risk': 0.0, 'early_gain': 0.0, 'fp_risk': 0.0, 'act_cost': 0.05}
[ep=09 t=0128] choose_plan=0 action=0 reward=-0.001 info={'t': 129, 'risk': 0.0, 'early_gain': 0.0, 'fp_risk': 0.0, 'act_cost': 0.05}
[ep=09 t=0129] choose_plan=0 action=0 reward=-0.001 info={'t': 130, 'risk': 0.0, 'early_gain': 0.0, 'fp_risk': 0.0, 'act_cost': 0.05}
[ep=09 t=0130] choose_plan=0 action=0 reward=-0.001 info={'t': 131, 'risk': 0.0, 'early_gain': 0.0, 'fp_risk': 0.0, 'act_cost': 0.05}
[ep=09 t=0131] choose_plan=0 action=0 reward=-0.001 info={'t': 132, 'risk': 0.0, 'early_gain': 0.0, 'fp_risk': 0.0, 'act_cost': 0.05}
[ep=09 t=0132] choose_plan=1 action=0 reward=-0.001 info={'t': 133, 'risk': 0.0, 'early_gain': 0.0, 'fp_risk': 0.0, 'act_cost': 0.05}
[ep=09 t=0133] choose_plan=0 action=0 reward=-0.001 info={'t': 134, 'risk': 0.0, 'early_gain': 0.0, 'fp_risk': 0.0, 'act_cost': 0.05}
[ep=09 t=0134] choose_plan=0 action=0 reward=-0.001 info={'t': 135, 'risk': 0.0, 'early_gain': 0.0, 'fp_risk': 0.0, 'act_cost': 0.05}
[ep=09 t=0135] choose_plan=0 action=0 reward=-0.001 info={'t': 136, 'risk': 0.0, 'early_gain': 0.0, 'fp_risk': 0.0, 'act_cost': 0.05}
[ep=09 t=0136] choose_plan=0 action=0 reward=-0.001 info={'t': 137, 'risk': 0.0, 'early_gain': 0.0, 'fp_risk': 0.0, 'act_cost': 0.05}
[ep=09 t=0137] choose_plan=0 action=0 reward=-0.001 info={'t': 138, 'risk': 0.0, 'early_gain': 0.0, 'fp_risk': 0.0, 'act_cost': 0.05}
[ep=09 t=0138] choose_plan=0 action=0 reward=-0.001 info={'t': 139, 'risk': 0.0, 'early_gain': 0.0, 'fp_risk': 0.0, 'act_cost': 0.05}
[ep=09 t=0139] choose_plan=0 action=0 reward=-0.001 info={'t': 140, 'risk': 0.0, 'early_gain': 0.0, 'fp_risk': 0.0, 'act_cost': 0.05}
[ep=09 t=0140] choose_plan=0 action=0 reward=-0.001 info={'t': 141, 'risk': 0.0, 'early_gain': 0.0, 'fp_risk': 0.0, 'act_cost': 0.05}
[ep=09 t=0141] choose_plan=0 action=0 reward=-0.001 info={'t': 142, 'risk': 0.0, 'early_gain': 0.0, 'fp_risk': 0.0, 'act_cost': 0.05}
[ep=09 t=0142] choose_plan=0 action=0 reward=-0.001 info={'t': 143, 'risk': 0.0, 'early_gain': 0.0, 'fp_risk': 0.0, 'act_cost': 0.05}
[ep=09 t=0143] choose_plan=0 action=0 reward=-0.001 info={'t': 144, 'risk': 0.0, 'early_gain': 0.0, 'fp_risk': 0.0, 'act_cost': 0.05}
[ep=09 t=0144] choose_plan=0 action=0 reward=-0.001 info={'t': 145, 'risk': 0.0, 'early_gain': 0.0, 'fp_risk': 0.0, 'act_cost': 0.05}
[ep=09 t=0145] choose_plan=0 action=0 reward=-0.001 info={'t': 146, 'risk': 0.0, 'early_gain': 0.0, 'fp_risk': 0.0, 'act_cost': 0.05}
[ep=09 t=0146] choose_plan=0 action=0 reward=-0.001 info={'t': 147, 'risk': 0.0, 'early_gain': 0.0, 'fp_risk': 0.0, 'act_cost': 0.05}
[ep=09 t=0147] choose_plan=0 action=0 reward=-0.001 info={'t': 148, 'risk': 0.0, 'early_gain': 0.0, 'fp_risk': 0.0, 'act_cost': 0.05}
[ep=09 t=0148] choose_plan=0 action=0 reward=-0.001 info={'t': 149, 'risk': 0.0, 'early_gain': 0.0, 'fp_risk': 0.0, 'act_cost': 0.05}
[ep=09 t=0149] choose_plan=0 action=0 reward=-0.001 info={'t': 150, 'risk': 0.0, 'early_gain': 0.0, 'fp_risk': 0.0, 'act_cost': 0.05}
[ep=09 t=0150] choose_plan=0 action=0 reward=-0.001 info={'t': 151, 'risk': 0.0, 'early_gain': 0.0, 'fp_risk': 0.0, 'act_cost': 0.05}
[ep=09 t=0151] choose_plan=0 action=0 reward=-0.001 info={'t': 152, 'risk': 0.0, 'early_gain': 0.0, 'fp_risk': 0.0, 'act_cost': 0.05}
[ep=09 t=0152] choose_plan=0 action=0 reward=-0.001 info={'t': 153, 'risk': 0.0, 'early_gain': 0.0, 'fp_risk': 0.0, 'act_cost': 0.05}
[ep=09 t=0153] choose_plan=0 action=0 reward=-0.001 info={'t': 154, 'risk': 0.0, 'early_gain': 0.0, 'fp_risk': 0.0, 'act_cost': 0.05}
[ep=09 t=0154] choose_plan=0 action=0 reward=-0.001 info={'t': 155, 'risk': 0.0, 'early_gain': 0.0, 'fp_risk': 0.0, 'act_cost': 0.05}
[ep=09 t=0155] choose_plan=0 action=0 reward=-0.001 info={'t': 156, 'risk': 0.0, 'early_gain': 0.0, 'fp_risk': 0.0, 'act_cost': 0.05}
[ep=09 t=0156] choose_plan=0 action=0 reward=-0.001 info={'t': 157, 'risk': 0.0, 'early_gain': 0.0, 'fp_risk': 0.0, 'act_cost': 0.05}
[ep=09 t=0157] choose_plan=1 action=0 reward=-0.001 info={'t': 158, 'risk': 0.0, 'early_gain': 0.0, 'fp_risk': 0.0, 'act_cost': 0.05}
[ep=09 t=0158] choose_plan=0 action=0 reward=-0.001 info={'t': 159, 'risk': 0.0, 'early_gain': 0.0, 'fp_risk': 0.0, 'act_cost': 0.05}
[ep=09 t=0159] choose_plan=0 action=0 reward=-0.001 info={'t': 160, 'risk': 0.0, 'early_gain': 0.0, 'fp_risk': 0.0, 'act_cost': 0.05}
[ep=09 t=0160] choose_plan=0 action=0 reward=-0.001 info={'t': 161, 'risk': 0.0, 'early_gain': 0.0, 'fp_risk': 0.0, 'act_cost': 0.05}
[ep=09 t=0161] choose_plan=0 action=0 reward=-0.001 info={'t': 162, 'risk': 0.0, 'early_gain': 0.0, 'fp_risk': 0.0, 'act_cost': 0.05}
[ep=09 t=0162] choose_plan=0 action=0 reward=-0.001 info={'t': 163, 'risk': 0.0, 'early_gain': 0.0, 'fp_risk': 0.0, 'act_cost': 0.05}
[ep=09 t=0163] choose_plan=0 action=0 reward=-0.001 info={'t': 164, 'risk': 0.0, 'early_gain': 0.0, 'fp_risk': 0.0, 'act_cost': 0.05}
[ep=09 t=0164] choose_plan=1 action=2 reward=-0.009 info={'t': 165, 'risk': 0.0, 'early_gain': 0.0, 'fp_risk': 0.0, 'act_cost': 0.45}
[ep=09 t=0165] choose_plan=0 action=0 reward=-0.001 info={'t': 166, 'risk': 0.0, 'early_gain': 0.0, 'fp_risk': 0.0, 'act_cost': 0.05}
[ep=09 t=0166] choose_plan=0 action=0 reward=-0.001 info={'t': 167, 'risk': 0.0, 'early_gain': 0.0, 'fp_risk': 0.0, 'act_cost': 0.05}
[ep=09 t=0167] choose_plan=0 action=0 reward=-0.001 info={'t': 168, 'risk': 0.0, 'early_gain': 0.0, 'fp_risk': 0.0, 'act_cost': 0.05}
[ep=09 t=0168] choose_plan=0 action=0 reward=-0.001 info={'t': 169, 'risk': 0.0, 'early_gain': 0.0, 'fp_risk': 0.0, 'act_cost': 0.05}
[ep=09 t=0169] choose_plan=0 action=0 reward=-0.001 info={'t': 170, 'risk': 0.0, 'early_gain': 0.0, 'fp_risk': 0.0, 'act_cost': 0.05}
[ep=09 t=0170] choose_plan=0 action=0 reward=-0.001 info={'t': 171, 'risk': 0.0, 'early_gain': 0.0, 'fp_risk': 0.0, 'act_cost': 0.05}
[ep=09 t=0171] choose_plan=0 action=0 reward=-0.001 info={'t': 172, 'risk': 0.0, 'early_gain': 0.0, 'fp_risk': 0.0, 'act_cost': 0.05}
[ep=09 t=0172] choose_plan=0 action=0 reward=-0.001 info={'t': 173, 'risk': 0.0, 'early_gain': 0.0, 'fp_risk': 0.0, 'act_cost': 0.05}
[ep=09 t=0173] choose_plan=0 action=0 reward=-0.001 info={'t': 174, 'risk': 0.0, 'early_gain': 0.0, 'fp_risk': 0.0, 'act_cost': 0.05}
[ep=09 t=0174] choose_plan=0 action=0 reward=-0.001 info={'t': 175, 'risk': 0.0, 'early_gain': 0.0, 'fp_risk': 0.0, 'act_cost': 0.05}
[ep=09 t=0175] choose_plan=0 action=0 reward=-0.001 info={'t': 176, 'risk': 0.0, 'early_gain': 0.0, 'fp_risk': 0.0, 'act_cost': 0.05}
[ep=09 t=0176] choose_plan=0 action=0 reward=-0.001 info={'t': 177, 'risk': 0.0, 'early_gain': 0.0, 'fp_risk': 0.0, 'act_cost': 0.05}
[ep=09 t=0177] choose_plan=0 action=0 reward=-0.001 info={'t': 178, 'risk': 0.0, 'early_gain': 0.0, 'fp_risk': 0.0, 'act_cost': 0.05}
[ep=09 t=0178] choose_plan=0 action=0 reward=-0.001 info={'t': 179, 'risk': 0.0, 'early_gain': 0.0, 'fp_risk': 0.0, 'act_cost': 0.05}
[ep=09 t=0179] choose_plan=0 action=0 reward=-0.001 info={'t': 180, 'risk': 0.0, 'early_gain': 0.0, 'fp_risk': 0.0, 'act_cost': 0.05}
[ep=09 t=0180] choose_plan=0 action=0 reward=-0.001 info={'t': 181, 'risk': 0.0, 'early_gain': 0.0, 'fp_risk': 0.0, 'act_cost': 0.05}
[ep=09 t=0181] choose_plan=1 action=0 reward=-0.001 info={'t': 182, 'risk': 0.0, 'early_gain': 0.0, 'fp_risk': 0.0, 'act_cost': 0.05}
[ep=09 t=0182] choose_plan=0 action=0 reward=-0.001 info={'t': 183, 'risk': 0.0, 'early_gain': 0.0, 'fp_risk': 0.0, 'act_cost': 0.05}
[ep=09 t=0183] choose_plan=1 action=0 reward=-0.001 info={'t': 184, 'risk': 0.0, 'early_gain': 0.0, 'fp_risk': 0.0, 'act_cost': 0.05}
[ep=09 t=0184] choose_plan=0 action=0 reward=-0.001 info={'t': 185, 'risk': 0.0, 'early_gain': 0.0, 'fp_risk': 0.0, 'act_cost': 0.05}
[ep=09 t=0185] choose_plan=0 action=0 reward=-0.001 info={'t': 186, 'risk': 0.0, 'early_gain': 0.0, 'fp_risk': 0.0, 'act_cost': 0.05}
[ep=09 t=0186] choose_plan=1 action=0 reward=-0.001 info={'t': 187, 'risk': 0.0, 'early_gain': 0.0, 'fp_risk': 0.0, 'act_cost': 0.05}
[ep=09 t=0187] choose_plan=0 action=0 reward=-0.001 info={'t': 188, 'risk': 0.0, 'early_gain': 0.0, 'fp_risk': 0.0, 'act_cost': 0.05}
[ep=09 t=0188] choose_plan=0 action=0 reward=-0.001 info={'t': 189, 'risk': 0.0, 'early_gain': 0.0, 'fp_risk': 0.0, 'act_cost': 0.05}
[ep=09 t=0189] choose_plan=0 action=0 reward=-0.001 info={'t': 190, 'risk': 0.0, 'early_gain': 0.0, 'fp_risk': 0.0, 'act_cost': 0.05}
[ep=09 t=0190] choose_plan=0 action=0 reward=-0.001 info={'t': 191, 'risk': 0.0, 'early_gain': 0.0, 'fp_risk': 0.0, 'act_cost': 0.05}
[ep=09 t=0191] choose_plan=0 action=0 reward=-0.001 info={'t': 192, 'risk': 0.0, 'early_gain': 0.0, 'fp_risk': 0.0, 'act_cost': 0.05}
[ep=09 t=0192] choose_plan=0 action=0 reward=-0.001 info={'t': 193, 'risk': 0.0, 'early_gain': 0.0, 'fp_risk': 0.0, 'act_cost': 0.05}
[ep=09 t=0193] choose_plan=0 action=0 reward=-0.001 info={'t': 194, 'risk': 0.0, 'early_gain': 0.0, 'fp_risk': 0.0, 'act_cost': 0.05}
[ep=09 t=0194] choose_plan=0 action=0 reward=-0.001 info={'t': 195, 'risk': 0.0, 'early_gain': 0.0, 'fp_risk': 0.0, 'act_cost': 0.05}
[ep=09 t=0195] choose_plan=0 action=0 reward=-0.001 info={'t': 196, 'risk': 0.0, 'early_gain': 0.0, 'fp_risk': 0.0, 'act_cost': 0.05}
[ep=09 t=0196] choose_plan=0 action=0 reward=-0.001 info={'t': 197, 'risk': 0.0, 'early_gain': 0.0, 'fp_risk': 0.0, 'act_cost': 0.05}
[ep=09 t=0197] choose_plan=0 action=0 reward=-0.001 info={'t': 198, 'risk': 0.0, 'early_gain': 0.0, 'fp_risk': 0.0, 'act_cost': 0.05}
[ep=09 t=0198] choose_plan=0 action=0 reward=-0.001 info={'t': 199, 'risk': 0.0, 'early_gain': 0.0, 'fp_risk': 0.0, 'act_cost': 0.05}
[ep=09 t=0199] choose_plan=0 action=0 reward=-0.001 info={'t': 200, 'risk': 0.0, 'early_gain': 0.0, 'fp_risk': 0.0, 'act_cost': 0.05}
# episode_summary {"episode": 9, "reward_mean": -0.0012400000000000009, "reward_min": -0.009000000000000001, "reward_max": -0.001, "steps": 200, "unique_actions": 2, "top5_actions": [[0, 194], [2, 6]]}

# ===== OVERALL =====
# overall_summary {"reward_mean": -0.0014079999999999288, "reward_min": -0.009000000000000001, "reward_max": -0.001, "steps": 2000, "unique_actions": 2, "top5_actions": [[0, 1898], [2, 102]], "unique_choose_plan": 2, "top5_choose_plan": [[0, 1788], [1, 212]]}
