# {"cfg": "D:\\python1\\chapter2_LLM+RL_region_detection\\configs\\cc4_local_online.yaml", "region_id": 3, "device": "cpu", "steps_per_episode": 100, "episodes": 20, "seed": 0, "deterministic": true, "wm_path": "D:\\python1\\chapter2_LLM+RL_region_detection\\outputs\\cc4\\checkpoints\\world_model_region3.pt", "ppo_path": "D:\\python1\\chapter2_LLM+RL_region_detection\\outputs\\cc4\\checkpoints\\ppo_posterior_region3.pt"}

# ===== EPISODE 0 =====
[ep=00 t=0000] choose_plan=2 action=0 reward=-5.044 info={'t': 1, 'max_steps': 100}
[ep=00 t=0001] choose_plan=4 action=0 reward=-5.078 info={'t': 2, 'max_steps': 100}
[ep=00 t=0002] choose_plan=0 action=0 reward=-4.989 info={'t': 3, 'max_steps': 100}
[ep=00 t=0003] choose_plan=2 action=0 reward=-4.791 info={'t': 4, 'max_steps': 100}
[ep=00 t=0004] choose_plan=3 action=0 reward=-4.816 info={'t': 5, 'max_steps': 100}
[ep=00 t=0005] choose_plan=5 action=0 reward=-4.813 info={'t': 6, 'max_steps': 100}
[ep=00 t=0006] choose_plan=5 action=0 reward=-4.723 info={'t': 7, 'max_steps': 100}
[ep=00 t=0007] choose_plan=3 action=0 reward=-4.762 info={'t': 8, 'max_steps': 100}
[ep=00 t=0008] choose_plan=2 action=0 reward=-4.958 info={'t': 9, 'max_steps': 100}
[ep=00 t=0009] choose_plan=5 action=1 reward=-5.708 info={'t': 10, 'max_steps': 100}
[ep=00 t=0010] choose_plan=0 action=0 reward=-4.688 info={'t': 11, 'max_steps': 100}
[ep=00 t=0011] choose_plan=1 action=0 reward=-4.646 info={'t': 12, 'max_steps': 100}
[ep=00 t=0012] choose_plan=3 action=2 reward=-6.539 info={'t': 13, 'max_steps': 100}
[ep=00 t=0013] choose_plan=5 action=0 reward=-4.657 info={'t': 14, 'max_steps': 100}
[ep=00 t=0014] choose_plan=3 action=0 reward=-4.639 info={'t': 15, 'max_steps': 100}
[ep=00 t=0015] choose_plan=1 action=0 reward=-4.682 info={'t': 16, 'max_steps': 100}
[ep=00 t=0016] choose_plan=2 action=0 reward=-4.889 info={'t': 17, 'max_steps': 100}
[ep=00 t=0017] choose_plan=1 action=2 reward=-6.950 info={'t': 18, 'max_steps': 100}
[ep=00 t=0018] choose_plan=4 action=0 reward=-4.776 info={'t': 19, 'max_steps': 100}
[ep=00 t=0019] choose_plan=2 action=0 reward=-4.648 info={'t': 20, 'max_steps': 100}
[ep=00 t=0020] choose_plan=2 action=0 reward=-4.651 info={'t': 21, 'max_steps': 100}
[ep=00 t=0021] choose_plan=0 action=0 reward=-4.573 info={'t': 22, 'max_steps': 100}
[ep=00 t=0022] choose_plan=4 action=0 reward=-4.695 info={'t': 23, 'max_steps': 100}
[ep=00 t=0023] choose_plan=4 action=0 reward=-4.711 info={'t': 24, 'max_steps': 100}
[ep=00 t=0024] choose_plan=3 action=0 reward=-4.775 info={'t': 25, 'max_steps': 100}
[ep=00 t=0025] choose_plan=4 action=0 reward=-4.782 info={'t': 26, 'max_steps': 100}
[ep=00 t=0026] choose_plan=2 action=0 reward=-4.808 info={'t': 27, 'max_steps': 100}
[ep=00 t=0027] choose_plan=2 action=0 reward=-4.686 info={'t': 28, 'max_steps': 100}
[ep=00 t=0028] choose_plan=2 action=0 reward=-4.770 info={'t': 29, 'max_steps': 100}
[ep=00 t=0029] choose_plan=2 action=0 reward=-4.580 info={'t': 30, 'max_steps': 100}
[ep=00 t=0030] choose_plan=2 action=0 reward=-4.466 info={'t': 31, 'max_steps': 100}
[ep=00 t=0031] choose_plan=5 action=0 reward=-4.433 info={'t': 32, 'max_steps': 100}
[ep=00 t=0032] choose_plan=4 action=0 reward=-4.617 info={'t': 33, 'max_steps': 100}
[ep=00 t=0033] choose_plan=1 action=0 reward=-4.623 info={'t': 34, 'max_steps': 100}
[ep=00 t=0034] choose_plan=2 action=0 reward=-4.488 info={'t': 35, 'max_steps': 100}
[ep=00 t=0035] choose_plan=3 action=0 reward=-4.354 info={'t': 36, 'max_steps': 100}
[ep=00 t=0036] choose_plan=0 action=0 reward=-4.497 info={'t': 37, 'max_steps': 100}
[ep=00 t=0037] choose_plan=1 action=0 reward=-4.354 info={'t': 38, 'max_steps': 100}
[ep=00 t=0038] choose_plan=1 action=0 reward=-4.305 info={'t': 39, 'max_steps': 100}
[ep=00 t=0039] choose_plan=1 action=0 reward=-4.276 info={'t': 40, 'max_steps': 100}
[ep=00 t=0040] choose_plan=1 action=0 reward=-4.408 info={'t': 41, 'max_steps': 100}
[ep=00 t=0041] choose_plan=5 action=0 reward=-4.509 info={'t': 42, 'max_steps': 100}
[ep=00 t=0042] choose_plan=1 action=0 reward=-4.580 info={'t': 43, 'max_steps': 100}
[ep=00 t=0043] choose_plan=5 action=0 reward=-4.572 info={'t': 44, 'max_steps': 100}
[ep=00 t=0044] choose_plan=0 action=0 reward=-4.756 info={'t': 45, 'max_steps': 100}
[ep=00 t=0045] choose_plan=5 action=0 reward=-4.640 info={'t': 46, 'max_steps': 100}
[ep=00 t=0046] choose_plan=4 action=0 reward=-4.734 info={'t': 47, 'max_steps': 100}
[ep=00 t=0047] choose_plan=4 action=0 reward=-4.630 info={'t': 48, 'max_steps': 100}
[ep=00 t=0048] choose_plan=1 action=0 reward=-4.751 info={'t': 49, 'max_steps': 100}
[ep=00 t=0049] choose_plan=2 action=0 reward=-4.791 info={'t': 50, 'max_steps': 100}
[ep=00 t=0050] choose_plan=3 action=0 reward=-4.685 info={'t': 51, 'max_steps': 100}
[ep=00 t=0051] choose_plan=0 action=0 reward=-4.755 info={'t': 52, 'max_steps': 100}
[ep=00 t=0052] choose_plan=4 action=0 reward=-4.739 info={'t': 53, 'max_steps': 100}
[ep=00 t=0053] choose_plan=1 action=0 reward=-4.722 info={'t': 54, 'max_steps': 100}
[ep=00 t=0054] choose_plan=0 action=0 reward=-4.486 info={'t': 55, 'max_steps': 100}
[ep=00 t=0055] choose_plan=0 action=0 reward=-4.418 info={'t': 56, 'max_steps': 100}
[ep=00 t=0056] choose_plan=2 action=0 reward=-4.584 info={'t': 57, 'max_steps': 100}
[ep=00 t=0057] choose_plan=1 action=0 reward=-4.555 info={'t': 58, 'max_steps': 100}
[ep=00 t=0058] choose_plan=2 action=0 reward=-4.635 info={'t': 59, 'max_steps': 100}
[ep=00 t=0059] choose_plan=5 action=0 reward=-4.496 info={'t': 60, 'max_steps': 100}
[ep=00 t=0060] choose_plan=0 action=0 reward=-4.522 info={'t': 61, 'max_steps': 100}
[ep=00 t=0061] choose_plan=2 action=0 reward=-4.439 info={'t': 62, 'max_steps': 100}
[ep=00 t=0062] choose_plan=1 action=0 reward=-4.369 info={'t': 63, 'max_steps': 100}
[ep=00 t=0063] choose_plan=1 action=0 reward=-4.275 info={'t': 64, 'max_steps': 100}
[ep=00 t=0064] choose_plan=3 action=0 reward=-4.262 info={'t': 65, 'max_steps': 100}
[ep=00 t=0065] choose_plan=0 action=0 reward=-4.267 info={'t': 66, 'max_steps': 100}
[ep=00 t=0066] choose_plan=3 action=0 reward=-4.226 info={'t': 67, 'max_steps': 100}
[ep=00 t=0067] choose_plan=2 action=0 reward=-4.411 info={'t': 68, 'max_steps': 100}
[ep=00 t=0068] choose_plan=3 action=0 reward=-4.352 info={'t': 69, 'max_steps': 100}
[ep=00 t=0069] choose_plan=4 action=0 reward=-4.481 info={'t': 70, 'max_steps': 100}
[ep=00 t=0070] choose_plan=2 action=0 reward=-4.465 info={'t': 71, 'max_steps': 100}
[ep=00 t=0071] choose_plan=5 action=0 reward=-4.545 info={'t': 72, 'max_steps': 100}
[ep=00 t=0072] choose_plan=2 action=0 reward=-4.553 info={'t': 73, 'max_steps': 100}
[ep=00 t=0073] choose_plan=0 action=0 reward=-4.481 info={'t': 74, 'max_steps': 100}
[ep=00 t=0074] choose_plan=1 action=0 reward=-4.675 info={'t': 75, 'max_steps': 100}
[ep=00 t=0075] choose_plan=1 action=0 reward=-4.695 info={'t': 76, 'max_steps': 100}
[ep=00 t=0076] choose_plan=3 action=0 reward=-4.690 info={'t': 77, 'max_steps': 100}
[ep=00 t=0077] choose_plan=2 action=0 reward=-4.791 info={'t': 78, 'max_steps': 100}
[ep=00 t=0078] choose_plan=3 action=0 reward=-4.617 info={'t': 79, 'max_steps': 100}
[ep=00 t=0079] choose_plan=1 action=0 reward=-4.513 info={'t': 80, 'max_steps': 100}
[ep=00 t=0080] choose_plan=0 action=0 reward=-4.638 info={'t': 81, 'max_steps': 100}
[ep=00 t=0081] choose_plan=0 action=0 reward=-4.790 info={'t': 82, 'max_steps': 100}
[ep=00 t=0082] choose_plan=0 action=0 reward=-4.845 info={'t': 83, 'max_steps': 100}
[ep=00 t=0083] choose_plan=5 action=0 reward=-4.844 info={'t': 84, 'max_steps': 100}
[ep=00 t=0084] choose_plan=1 action=0 reward=-4.751 info={'t': 85, 'max_steps': 100}
[ep=00 t=0085] choose_plan=2 action=0 reward=-4.749 info={'t': 86, 'max_steps': 100}
[ep=00 t=0086] choose_plan=1 action=0 reward=-4.692 info={'t': 87, 'max_steps': 100}
[ep=00 t=0087] choose_plan=3 action=0 reward=-4.487 info={'t': 88, 'max_steps': 100}
[ep=00 t=0088] choose_plan=1 action=1 reward=-5.237 info={'t': 89, 'max_steps': 100}
[ep=00 t=0089] choose_plan=5 action=0 reward=-4.363 info={'t': 90, 'max_steps': 100}
[ep=00 t=0090] choose_plan=1 action=0 reward=-4.344 info={'t': 91, 'max_steps': 100}
[ep=00 t=0091] choose_plan=3 action=0 reward=-4.364 info={'t': 92, 'max_steps': 100}
[ep=00 t=0092] choose_plan=3 action=0 reward=-4.380 info={'t': 93, 'max_steps': 100}
[ep=00 t=0093] choose_plan=5 action=0 reward=-4.390 info={'t': 94, 'max_steps': 100}
[ep=00 t=0094] choose_plan=5 action=0 reward=-4.251 info={'t': 95, 'max_steps': 100}
[ep=00 t=0095] choose_plan=2 action=0 reward=-4.197 info={'t': 96, 'max_steps': 100}
[ep=00 t=0096] choose_plan=2 action=0 reward=-4.272 info={'t': 97, 'max_steps': 100}
[ep=00 t=0097] choose_plan=1 action=0 reward=-4.280 info={'t': 98, 'max_steps': 100}
[ep=00 t=0098] choose_plan=2 action=0 reward=-4.055 info={'t': 99, 'max_steps': 100}
[ep=00 t=0099] choose_plan=4 action=0 reward=-4.000 info={'t': 100, 'max_steps': 100}
# done at t=99
# episode_summary {"episode": 0, "episode_return": -464.2476450981503, "reward_mean": -4.642476450981503, "reward_min": -6.949857214363464, "reward_max": -4.0, "steps": 100, "unique_actions": 3, "top5_actions": [[0, 96], [1, 2], [2, 2]]}

# ===== EPISODE 1 =====
[ep=01 t=0000] choose_plan=4 action=0 reward=-4.968 info={'t': 1, 'max_steps': 100}
[ep=01 t=0001] choose_plan=2 action=0 reward=-4.929 info={'t': 2, 'max_steps': 100}
[ep=01 t=0002] choose_plan=4 action=0 reward=-4.946 info={'t': 3, 'max_steps': 100}
[ep=01 t=0003] choose_plan=1 action=0 reward=-4.902 info={'t': 4, 'max_steps': 100}
[ep=01 t=0004] choose_plan=5 action=0 reward=-4.897 info={'t': 5, 'max_steps': 100}
[ep=01 t=0005] choose_plan=2 action=0 reward=-4.818 info={'t': 6, 'max_steps': 100}
[ep=01 t=0006] choose_plan=5 action=0 reward=-4.987 info={'t': 7, 'max_steps': 100}
[ep=01 t=0007] choose_plan=2 action=0 reward=-4.912 info={'t': 8, 'max_steps': 100}
[ep=01 t=0008] choose_plan=2 action=2 reward=-7.010 info={'t': 9, 'max_steps': 100}
[ep=01 t=0009] choose_plan=1 action=0 reward=-4.818 info={'t': 10, 'max_steps': 100}
[ep=01 t=0010] choose_plan=0 action=0 reward=-4.826 info={'t': 11, 'max_steps': 100}
[ep=01 t=0011] choose_plan=3 action=0 reward=-4.849 info={'t': 12, 'max_steps': 100}
[ep=01 t=0012] choose_plan=4 action=0 reward=-5.007 info={'t': 13, 'max_steps': 100}
[ep=01 t=0013] choose_plan=2 action=0 reward=-4.989 info={'t': 14, 'max_steps': 100}
[ep=01 t=0014] choose_plan=2 action=0 reward=-5.002 info={'t': 15, 'max_steps': 100}
[ep=01 t=0015] choose_plan=2 action=0 reward=-5.115 info={'t': 16, 'max_steps': 100}
[ep=01 t=0016] choose_plan=2 action=0 reward=-5.216 info={'t': 17, 'max_steps': 100}
[ep=01 t=0017] choose_plan=5 action=0 reward=-5.118 info={'t': 18, 'max_steps': 100}
[ep=01 t=0018] choose_plan=3 action=2 reward=-7.078 info={'t': 19, 'max_steps': 100}
[ep=01 t=0019] choose_plan=3 action=0 reward=-5.007 info={'t': 20, 'max_steps': 100}
[ep=01 t=0020] choose_plan=2 action=1 reward=-5.757 info={'t': 21, 'max_steps': 100}
[ep=01 t=0021] choose_plan=5 action=0 reward=-4.839 info={'t': 22, 'max_steps': 100}
[ep=01 t=0022] choose_plan=0 action=0 reward=-4.957 info={'t': 23, 'max_steps': 100}
[ep=01 t=0023] choose_plan=3 action=0 reward=-4.970 info={'t': 24, 'max_steps': 100}
[ep=01 t=0024] choose_plan=2 action=0 reward=-5.042 info={'t': 25, 'max_steps': 100}
[ep=01 t=0025] choose_plan=0 action=0 reward=-5.113 info={'t': 26, 'max_steps': 100}
[ep=01 t=0026] choose_plan=0 action=0 reward=-5.096 info={'t': 27, 'max_steps': 100}
[ep=01 t=0027] choose_plan=0 action=0 reward=-5.082 info={'t': 28, 'max_steps': 100}
[ep=01 t=0028] choose_plan=1 action=0 reward=-5.070 info={'t': 29, 'max_steps': 100}
[ep=01 t=0029] choose_plan=0 action=0 reward=-5.063 info={'t': 30, 'max_steps': 100}
[ep=01 t=0030] choose_plan=2 action=0 reward=-5.111 info={'t': 31, 'max_steps': 100}
[ep=01 t=0031] choose_plan=1 action=0 reward=-5.254 info={'t': 32, 'max_steps': 100}
[ep=01 t=0032] choose_plan=0 action=0 reward=-5.067 info={'t': 33, 'max_steps': 100}
[ep=01 t=0033] choose_plan=1 action=0 reward=-5.044 info={'t': 34, 'max_steps': 100}
[ep=01 t=0034] choose_plan=2 action=0 reward=-4.873 info={'t': 35, 'max_steps': 100}
[ep=01 t=0035] choose_plan=3 action=0 reward=-4.905 info={'t': 36, 'max_steps': 100}
[ep=01 t=0036] choose_plan=0 action=0 reward=-5.039 info={'t': 37, 'max_steps': 100}
[ep=01 t=0037] choose_plan=3 action=0 reward=-5.106 info={'t': 38, 'max_steps': 100}
[ep=01 t=0038] choose_plan=4 action=0 reward=-5.285 info={'t': 39, 'max_steps': 100}
[ep=01 t=0039] choose_plan=1 action=0 reward=-5.491 info={'t': 40, 'max_steps': 100}
[ep=01 t=0040] choose_plan=0 action=0 reward=-5.497 info={'t': 41, 'max_steps': 100}
[ep=01 t=0041] choose_plan=0 action=0 reward=-5.528 info={'t': 42, 'max_steps': 100}
[ep=01 t=0042] choose_plan=4 action=1 reward=-6.278 info={'t': 43, 'max_steps': 100}
[ep=01 t=0043] choose_plan=5 action=0 reward=-5.279 info={'t': 44, 'max_steps': 100}
[ep=01 t=0044] choose_plan=1 action=0 reward=-5.322 info={'t': 45, 'max_steps': 100}
[ep=01 t=0045] choose_plan=0 action=0 reward=-5.326 info={'t': 46, 'max_steps': 100}
[ep=01 t=0046] choose_plan=0 action=0 reward=-5.390 info={'t': 47, 'max_steps': 100}
[ep=01 t=0047] choose_plan=5 action=0 reward=-5.412 info={'t': 48, 'max_steps': 100}
[ep=01 t=0048] choose_plan=2 action=0 reward=-5.376 info={'t': 49, 'max_steps': 100}
[ep=01 t=0049] choose_plan=0 action=0 reward=-5.356 info={'t': 50, 'max_steps': 100}
[ep=01 t=0050] choose_plan=0 action=0 reward=-5.496 info={'t': 51, 'max_steps': 100}
[ep=01 t=0051] choose_plan=3 action=1 reward=-6.246 info={'t': 52, 'max_steps': 100}
[ep=01 t=0052] choose_plan=2 action=0 reward=-5.234 info={'t': 53, 'max_steps': 100}
[ep=01 t=0053] choose_plan=1 action=0 reward=-5.197 info={'t': 54, 'max_steps': 100}
[ep=01 t=0054] choose_plan=4 action=0 reward=-5.156 info={'t': 55, 'max_steps': 100}
[ep=01 t=0055] choose_plan=0 action=0 reward=-5.133 info={'t': 56, 'max_steps': 100}
[ep=01 t=0056] choose_plan=1 action=0 reward=-5.206 info={'t': 57, 'max_steps': 100}
[ep=01 t=0057] choose_plan=2 action=0 reward=-5.191 info={'t': 58, 'max_steps': 100}
[ep=01 t=0058] choose_plan=2 action=0 reward=-5.272 info={'t': 59, 'max_steps': 100}
[ep=01 t=0059] choose_plan=2 action=0 reward=-5.310 info={'t': 60, 'max_steps': 100}
[ep=01 t=0060] choose_plan=0 action=0 reward=-5.194 info={'t': 61, 'max_steps': 100}
[ep=01 t=0061] choose_plan=2 action=0 reward=-5.182 info={'t': 62, 'max_steps': 100}
[ep=01 t=0062] choose_plan=2 action=0 reward=-5.086 info={'t': 63, 'max_steps': 100}
[ep=01 t=0063] choose_plan=3 action=0 reward=-5.069 info={'t': 64, 'max_steps': 100}
[ep=01 t=0064] choose_plan=1 action=0 reward=-5.028 info={'t': 65, 'max_steps': 100}
[ep=01 t=0065] choose_plan=4 action=1 reward=-5.778 info={'t': 66, 'max_steps': 100}
[ep=01 t=0066] choose_plan=5 action=0 reward=-4.916 info={'t': 67, 'max_steps': 100}
[ep=01 t=0067] choose_plan=5 action=0 reward=-4.924 info={'t': 68, 'max_steps': 100}
[ep=01 t=0068] choose_plan=3 action=0 reward=-4.946 info={'t': 69, 'max_steps': 100}
[ep=01 t=0069] choose_plan=4 action=0 reward=-5.083 info={'t': 70, 'max_steps': 100}
[ep=01 t=0070] choose_plan=2 action=0 reward=-5.192 info={'t': 71, 'max_steps': 100}
[ep=01 t=0071] choose_plan=2 action=0 reward=-5.102 info={'t': 72, 'max_steps': 100}
[ep=01 t=0072] choose_plan=3 action=0 reward=-5.025 info={'t': 73, 'max_steps': 100}
[ep=01 t=0073] choose_plan=0 action=0 reward=-5.028 info={'t': 74, 'max_steps': 100}
[ep=01 t=0074] choose_plan=3 action=0 reward=-5.119 info={'t': 75, 'max_steps': 100}
[ep=01 t=0075] choose_plan=3 action=0 reward=-5.107 info={'t': 76, 'max_steps': 100}
[ep=01 t=0076] choose_plan=5 action=0 reward=-5.066 info={'t': 77, 'max_steps': 100}
[ep=01 t=0077] choose_plan=5 action=0 reward=-5.239 info={'t': 78, 'max_steps': 100}
[ep=01 t=0078] choose_plan=3 action=0 reward=-5.267 info={'t': 79, 'max_steps': 100}
[ep=01 t=0079] choose_plan=4 action=0 reward=-5.142 info={'t': 80, 'max_steps': 100}
[ep=01 t=0080] choose_plan=2 action=0 reward=-5.152 info={'t': 81, 'max_steps': 100}
[ep=01 t=0081] choose_plan=2 action=0 reward=-5.279 info={'t': 82, 'max_steps': 100}
[ep=01 t=0082] choose_plan=0 action=0 reward=-5.101 info={'t': 83, 'max_steps': 100}
[ep=01 t=0083] choose_plan=3 action=0 reward=-5.137 info={'t': 84, 'max_steps': 100}
[ep=01 t=0084] choose_plan=3 action=0 reward=-5.227 info={'t': 85, 'max_steps': 100}
[ep=01 t=0085] choose_plan=5 action=0 reward=-5.258 info={'t': 86, 'max_steps': 100}
[ep=01 t=0086] choose_plan=4 action=0 reward=-5.094 info={'t': 87, 'max_steps': 100}
[ep=01 t=0087] choose_plan=0 action=0 reward=-5.490 info={'t': 88, 'max_steps': 100}
[ep=01 t=0088] choose_plan=1 action=0 reward=-5.420 info={'t': 89, 'max_steps': 100}
[ep=01 t=0089] choose_plan=3 action=0 reward=-5.429 info={'t': 90, 'max_steps': 100}
[ep=01 t=0090] choose_plan=0 action=0 reward=-5.353 info={'t': 91, 'max_steps': 100}
[ep=01 t=0091] choose_plan=2 action=0 reward=-5.308 info={'t': 92, 'max_steps': 100}
[ep=01 t=0092] choose_plan=2 action=0 reward=-5.287 info={'t': 93, 'max_steps': 100}
[ep=01 t=0093] choose_plan=4 action=0 reward=-5.234 info={'t': 94, 'max_steps': 100}
[ep=01 t=0094] choose_plan=2 action=0 reward=-5.044 info={'t': 95, 'max_steps': 100}
[ep=01 t=0095] choose_plan=5 action=0 reward=-4.932 info={'t': 96, 'max_steps': 100}
[ep=01 t=0096] choose_plan=3 action=0 reward=-4.969 info={'t': 97, 'max_steps': 100}
[ep=01 t=0097] choose_plan=0 action=0 reward=-4.920 info={'t': 98, 'max_steps': 100}
[ep=01 t=0098] choose_plan=2 action=0 reward=-4.782 info={'t': 99, 'max_steps': 100}
[ep=01 t=0099] choose_plan=1 action=0 reward=-4.786 info={'t': 100, 'max_steps': 100}
# done at t=99
# episode_summary {"episode": 1, "episode_return": -519.4584707025577, "reward_mean": -5.1945847070255775, "reward_min": -7.078321567351075, "reward_max": -4.781856252311242, "steps": 100, "unique_actions": 3, "top5_actions": [[0, 94], [1, 4], [2, 2]]}

# ===== EPISODE 2 =====
[ep=02 t=0000] choose_plan=1 action=0 reward=-4.925 info={'t': 1, 'max_steps': 100}
[ep=02 t=0001] choose_plan=5 action=0 reward=-4.926 info={'t': 2, 'max_steps': 100}
[ep=02 t=0002] choose_plan=0 action=0 reward=-4.988 info={'t': 3, 'max_steps': 100}
[ep=02 t=0003] choose_plan=5 action=0 reward=-5.098 info={'t': 4, 'max_steps': 100}
[ep=02 t=0004] choose_plan=3 action=0 reward=-5.170 info={'t': 5, 'max_steps': 100}
[ep=02 t=0005] choose_plan=5 action=0 reward=-5.089 info={'t': 6, 'max_steps': 100}
[ep=02 t=0006] choose_plan=1 action=0 reward=-4.869 info={'t': 7, 'max_steps': 100}
[ep=02 t=0007] choose_plan=0 action=0 reward=-4.906 info={'t': 8, 'max_steps': 100}
[ep=02 t=0008] choose_plan=1 action=0 reward=-4.963 info={'t': 9, 'max_steps': 100}
[ep=02 t=0009] choose_plan=1 action=0 reward=-4.804 info={'t': 10, 'max_steps': 100}
[ep=02 t=0010] choose_plan=1 action=0 reward=-4.828 info={'t': 11, 'max_steps': 100}
[ep=02 t=0011] choose_plan=5 action=0 reward=-4.924 info={'t': 12, 'max_steps': 100}
[ep=02 t=0012] choose_plan=2 action=0 reward=-4.751 info={'t': 13, 'max_steps': 100}
[ep=02 t=0013] choose_plan=5 action=0 reward=-4.855 info={'t': 14, 'max_steps': 100}
[ep=02 t=0014] choose_plan=1 action=0 reward=-4.658 info={'t': 15, 'max_steps': 100}
[ep=02 t=0015] choose_plan=2 action=1 reward=-5.408 info={'t': 16, 'max_steps': 100}
[ep=02 t=0016] choose_plan=5 action=0 reward=-4.448 info={'t': 17, 'max_steps': 100}
[ep=02 t=0017] choose_plan=4 action=0 reward=-4.238 info={'t': 18, 'max_steps': 100}
[ep=02 t=0018] choose_plan=2 action=0 reward=-4.244 info={'t': 19, 'max_steps': 100}
[ep=02 t=0019] choose_plan=0 action=0 reward=-4.193 info={'t': 20, 'max_steps': 100}
[ep=02 t=0020] choose_plan=5 action=0 reward=-4.219 info={'t': 21, 'max_steps': 100}
[ep=02 t=0021] choose_plan=1 action=0 reward=-4.171 info={'t': 22, 'max_steps': 100}
[ep=02 t=0022] choose_plan=3 action=0 reward=-4.166 info={'t': 23, 'max_steps': 100}
[ep=02 t=0023] choose_plan=3 action=0 reward=-4.206 info={'t': 24, 'max_steps': 100}
[ep=02 t=0024] choose_plan=1 action=0 reward=-4.000 info={'t': 25, 'max_steps': 100}
[ep=02 t=0025] choose_plan=5 action=0 reward=-4.078 info={'t': 26, 'max_steps': 100}
[ep=02 t=0026] choose_plan=3 action=0 reward=-4.000 info={'t': 27, 'max_steps': 100}
[ep=02 t=0027] choose_plan=4 action=0 reward=-4.127 info={'t': 28, 'max_steps': 100}
[ep=02 t=0028] choose_plan=3 action=0 reward=-4.191 info={'t': 29, 'max_steps': 100}
[ep=02 t=0029] choose_plan=3 action=0 reward=-4.165 info={'t': 30, 'max_steps': 100}
[ep=02 t=0030] choose_plan=5 action=0 reward=-4.187 info={'t': 31, 'max_steps': 100}
[ep=02 t=0031] choose_plan=5 action=0 reward=-4.270 info={'t': 32, 'max_steps': 100}
[ep=02 t=0032] choose_plan=5 action=1 reward=-5.020 info={'t': 33, 'max_steps': 100}
[ep=02 t=0033] choose_plan=1 action=0 reward=-4.083 info={'t': 34, 'max_steps': 100}
[ep=02 t=0034] choose_plan=3 action=0 reward=-4.000 info={'t': 35, 'max_steps': 100}
[ep=02 t=0035] choose_plan=5 action=0 reward=-4.000 info={'t': 36, 'max_steps': 100}
[ep=02 t=0036] choose_plan=2 action=0 reward=-4.000 info={'t': 37, 'max_steps': 100}
[ep=02 t=0037] choose_plan=5 action=0 reward=-4.000 info={'t': 38, 'max_steps': 100}
[ep=02 t=0038] choose_plan=3 action=0 reward=-4.055 info={'t': 39, 'max_steps': 100}
[ep=02 t=0039] choose_plan=0 action=0 reward=-4.000 info={'t': 40, 'max_steps': 100}
[ep=02 t=0040] choose_plan=0 action=0 reward=-4.054 info={'t': 41, 'max_steps': 100}
[ep=02 t=0041] choose_plan=3 action=1 reward=-5.000 info={'t': 42, 'max_steps': 100}
[ep=02 t=0042] choose_plan=0 action=0 reward=-4.090 info={'t': 43, 'max_steps': 100}
[ep=02 t=0043] choose_plan=1 action=0 reward=-4.117 info={'t': 44, 'max_steps': 100}
[ep=02 t=0044] choose_plan=1 action=0 reward=-4.099 info={'t': 45, 'max_steps': 100}
[ep=02 t=0045] choose_plan=1 action=2 reward=-6.026 info={'t': 46, 'max_steps': 100}
[ep=02 t=0046] choose_plan=5 action=0 reward=-4.159 info={'t': 47, 'max_steps': 100}
[ep=02 t=0047] choose_plan=1 action=0 reward=-4.098 info={'t': 48, 'max_steps': 100}
[ep=02 t=0048] choose_plan=3 action=0 reward=-4.063 info={'t': 49, 'max_steps': 100}
[ep=02 t=0049] choose_plan=5 action=0 reward=-4.035 info={'t': 50, 'max_steps': 100}
[ep=02 t=0050] choose_plan=0 action=0 reward=-4.088 info={'t': 51, 'max_steps': 100}
[ep=02 t=0051] choose_plan=1 action=1 reward=-5.000 info={'t': 52, 'max_steps': 100}
[ep=02 t=0052] choose_plan=3 action=0 reward=-4.112 info={'t': 53, 'max_steps': 100}
[ep=02 t=0053] choose_plan=4 action=0 reward=-4.099 info={'t': 54, 'max_steps': 100}
[ep=02 t=0054] choose_plan=2 action=0 reward=-4.208 info={'t': 55, 'max_steps': 100}
[ep=02 t=0055] choose_plan=0 action=0 reward=-4.171 info={'t': 56, 'max_steps': 100}
[ep=02 t=0056] choose_plan=5 action=0 reward=-4.165 info={'t': 57, 'max_steps': 100}
[ep=02 t=0057] choose_plan=0 action=0 reward=-4.174 info={'t': 58, 'max_steps': 100}
[ep=02 t=0058] choose_plan=3 action=0 reward=-4.232 info={'t': 59, 'max_steps': 100}
[ep=02 t=0059] choose_plan=0 action=0 reward=-4.230 info={'t': 60, 'max_steps': 100}
[ep=02 t=0060] choose_plan=0 action=0 reward=-4.146 info={'t': 61, 'max_steps': 100}
[ep=02 t=0061] choose_plan=5 action=0 reward=-4.220 info={'t': 62, 'max_steps': 100}
[ep=02 t=0062] choose_plan=0 action=0 reward=-4.384 info={'t': 63, 'max_steps': 100}
[ep=02 t=0063] choose_plan=5 action=0 reward=-4.415 info={'t': 64, 'max_steps': 100}
[ep=02 t=0064] choose_plan=0 action=0 reward=-4.398 info={'t': 65, 'max_steps': 100}
[ep=02 t=0065] choose_plan=5 action=0 reward=-4.341 info={'t': 66, 'max_steps': 100}
[ep=02 t=0066] choose_plan=1 action=0 reward=-4.424 info={'t': 67, 'max_steps': 100}
[ep=02 t=0067] choose_plan=1 action=0 reward=-4.457 info={'t': 68, 'max_steps': 100}
[ep=02 t=0068] choose_plan=5 action=0 reward=-4.524 info={'t': 69, 'max_steps': 100}
[ep=02 t=0069] choose_plan=1 action=0 reward=-4.653 info={'t': 70, 'max_steps': 100}
[ep=02 t=0070] choose_plan=5 action=0 reward=-4.616 info={'t': 71, 'max_steps': 100}
[ep=02 t=0071] choose_plan=0 action=0 reward=-4.647 info={'t': 72, 'max_steps': 100}
[ep=02 t=0072] choose_plan=5 action=0 reward=-4.538 info={'t': 73, 'max_steps': 100}
[ep=02 t=0073] choose_plan=0 action=0 reward=-4.515 info={'t': 74, 'max_steps': 100}
[ep=02 t=0074] choose_plan=0 action=0 reward=-4.681 info={'t': 75, 'max_steps': 100}
[ep=02 t=0075] choose_plan=3 action=0 reward=-4.872 info={'t': 76, 'max_steps': 100}
[ep=02 t=0076] choose_plan=2 action=0 reward=-4.831 info={'t': 77, 'max_steps': 100}
[ep=02 t=0077] choose_plan=0 action=0 reward=-4.750 info={'t': 78, 'max_steps': 100}
[ep=02 t=0078] choose_plan=0 action=0 reward=-4.733 info={'t': 79, 'max_steps': 100}
[ep=02 t=0079] choose_plan=3 action=0 reward=-4.770 info={'t': 80, 'max_steps': 100}
[ep=02 t=0080] choose_plan=2 action=0 reward=-4.963 info={'t': 81, 'max_steps': 100}
[ep=02 t=0081] choose_plan=4 action=0 reward=-4.761 info={'t': 82, 'max_steps': 100}
[ep=02 t=0082] choose_plan=0 action=0 reward=-4.780 info={'t': 83, 'max_steps': 100}
[ep=02 t=0083] choose_plan=2 action=0 reward=-4.829 info={'t': 84, 'max_steps': 100}
[ep=02 t=0084] choose_plan=4 action=0 reward=-4.775 info={'t': 85, 'max_steps': 100}
[ep=02 t=0085] choose_plan=1 action=0 reward=-4.761 info={'t': 86, 'max_steps': 100}
[ep=02 t=0086] choose_plan=4 action=0 reward=-4.620 info={'t': 87, 'max_steps': 100}
[ep=02 t=0087] choose_plan=4 action=0 reward=-4.659 info={'t': 88, 'max_steps': 100}
[ep=02 t=0088] choose_plan=2 action=0 reward=-4.708 info={'t': 89, 'max_steps': 100}
[ep=02 t=0089] choose_plan=5 action=0 reward=-4.681 info={'t': 90, 'max_steps': 100}
[ep=02 t=0090] choose_plan=4 action=0 reward=-4.658 info={'t': 91, 'max_steps': 100}
[ep=02 t=0091] choose_plan=1 action=0 reward=-4.675 info={'t': 92, 'max_steps': 100}
[ep=02 t=0092] choose_plan=3 action=0 reward=-4.612 info={'t': 93, 'max_steps': 100}
[ep=02 t=0093] choose_plan=2 action=0 reward=-4.496 info={'t': 94, 'max_steps': 100}
[ep=02 t=0094] choose_plan=0 action=0 reward=-4.536 info={'t': 95, 'max_steps': 100}
[ep=02 t=0095] choose_plan=0 action=0 reward=-4.415 info={'t': 96, 'max_steps': 100}
[ep=02 t=0096] choose_plan=0 action=0 reward=-4.434 info={'t': 97, 'max_steps': 100}
[ep=02 t=0097] choose_plan=4 action=0 reward=-4.346 info={'t': 98, 'max_steps': 100}
[ep=02 t=0098] choose_plan=2 action=0 reward=-4.203 info={'t': 99, 'max_steps': 100}
[ep=02 t=0099] choose_plan=5 action=0 reward=-4.304 info={'t': 100, 'max_steps': 100}
# done at t=99
# episode_summary {"episode": 2, "episode_return": -448.5794993670598, "reward_mean": -4.485794993670598, "reward_min": -6.0259881474080395, "reward_max": -4.0, "steps": 100, "unique_actions": 3, "top5_actions": [[0, 95], [1, 4], [2, 1]]}

# ===== EPISODE 3 =====
[ep=03 t=0000] choose_plan=0 action=0 reward=-4.945 info={'t': 1, 'max_steps': 100}
[ep=03 t=0001] choose_plan=2 action=1 reward=-5.695 info={'t': 2, 'max_steps': 100}
[ep=03 t=0002] choose_plan=1 action=0 reward=-4.541 info={'t': 3, 'max_steps': 100}
[ep=03 t=0003] choose_plan=0 action=0 reward=-4.699 info={'t': 4, 'max_steps': 100}
[ep=03 t=0004] choose_plan=3 action=0 reward=-4.740 info={'t': 5, 'max_steps': 100}
[ep=03 t=0005] choose_plan=2 action=0 reward=-4.746 info={'t': 6, 'max_steps': 100}
[ep=03 t=0006] choose_plan=2 action=0 reward=-4.736 info={'t': 7, 'max_steps': 100}
[ep=03 t=0007] choose_plan=3 action=0 reward=-4.885 info={'t': 8, 'max_steps': 100}
[ep=03 t=0008] choose_plan=1 action=0 reward=-4.773 info={'t': 9, 'max_steps': 100}
[ep=03 t=0009] choose_plan=2 action=0 reward=-4.903 info={'t': 10, 'max_steps': 100}
[ep=03 t=0010] choose_plan=5 action=0 reward=-4.991 info={'t': 11, 'max_steps': 100}
[ep=03 t=0011] choose_plan=3 action=0 reward=-4.888 info={'t': 12, 'max_steps': 100}
[ep=03 t=0012] choose_plan=3 action=0 reward=-4.978 info={'t': 13, 'max_steps': 100}
[ep=03 t=0013] choose_plan=0 action=0 reward=-5.001 info={'t': 14, 'max_steps': 100}
[ep=03 t=0014] choose_plan=4 action=0 reward=-5.072 info={'t': 15, 'max_steps': 100}
[ep=03 t=0015] choose_plan=0 action=1 reward=-5.822 info={'t': 16, 'max_steps': 100}
[ep=03 t=0016] choose_plan=5 action=0 reward=-4.851 info={'t': 17, 'max_steps': 100}
[ep=03 t=0017] choose_plan=1 action=0 reward=-4.931 info={'t': 18, 'max_steps': 100}
[ep=03 t=0018] choose_plan=4 action=0 reward=-4.894 info={'t': 19, 'max_steps': 100}
[ep=03 t=0019] choose_plan=5 action=0 reward=-4.942 info={'t': 20, 'max_steps': 100}
[ep=03 t=0020] choose_plan=5 action=0 reward=-4.978 info={'t': 21, 'max_steps': 100}
[ep=03 t=0021] choose_plan=0 action=0 reward=-5.011 info={'t': 22, 'max_steps': 100}
[ep=03 t=0022] choose_plan=0 action=0 reward=-5.034 info={'t': 23, 'max_steps': 100}
[ep=03 t=0023] choose_plan=5 action=0 reward=-5.062 info={'t': 24, 'max_steps': 100}
[ep=03 t=0024] choose_plan=0 action=0 reward=-5.127 info={'t': 25, 'max_steps': 100}
[ep=03 t=0025] choose_plan=3 action=0 reward=-5.215 info={'t': 26, 'max_steps': 100}
[ep=03 t=0026] choose_plan=1 action=1 reward=-5.965 info={'t': 27, 'max_steps': 100}
[ep=03 t=0027] choose_plan=0 action=0 reward=-4.892 info={'t': 28, 'max_steps': 100}
[ep=03 t=0028] choose_plan=3 action=0 reward=-4.889 info={'t': 29, 'max_steps': 100}
[ep=03 t=0029] choose_plan=0 action=0 reward=-4.911 info={'t': 30, 'max_steps': 100}
[ep=03 t=0030] choose_plan=3 action=0 reward=-4.917 info={'t': 31, 'max_steps': 100}
[ep=03 t=0031] choose_plan=0 action=0 reward=-4.714 info={'t': 32, 'max_steps': 100}
[ep=03 t=0032] choose_plan=5 action=0 reward=-4.618 info={'t': 33, 'max_steps': 100}
[ep=03 t=0033] choose_plan=2 action=0 reward=-4.547 info={'t': 34, 'max_steps': 100}
[ep=03 t=0034] choose_plan=0 action=0 reward=-4.503 info={'t': 35, 'max_steps': 100}
[ep=03 t=0035] choose_plan=1 action=0 reward=-4.429 info={'t': 36, 'max_steps': 100}
[ep=03 t=0036] choose_plan=5 action=0 reward=-4.466 info={'t': 37, 'max_steps': 100}
[ep=03 t=0037] choose_plan=2 action=0 reward=-4.616 info={'t': 38, 'max_steps': 100}
[ep=03 t=0038] choose_plan=0 action=0 reward=-4.594 info={'t': 39, 'max_steps': 100}
[ep=03 t=0039] choose_plan=1 action=0 reward=-4.651 info={'t': 40, 'max_steps': 100}
[ep=03 t=0040] choose_plan=0 action=0 reward=-4.550 info={'t': 41, 'max_steps': 100}
[ep=03 t=0041] choose_plan=1 action=0 reward=-4.661 info={'t': 42, 'max_steps': 100}
[ep=03 t=0042] choose_plan=3 action=0 reward=-4.673 info={'t': 43, 'max_steps': 100}
[ep=03 t=0043] choose_plan=3 action=0 reward=-4.896 info={'t': 44, 'max_steps': 100}
[ep=03 t=0044] choose_plan=4 action=0 reward=-5.063 info={'t': 45, 'max_steps': 100}
[ep=03 t=0045] choose_plan=3 action=0 reward=-5.113 info={'t': 46, 'max_steps': 100}
[ep=03 t=0046] choose_plan=2 action=0 reward=-5.125 info={'t': 47, 'max_steps': 100}
[ep=03 t=0047] choose_plan=5 action=0 reward=-5.355 info={'t': 48, 'max_steps': 100}
[ep=03 t=0048] choose_plan=4 action=0 reward=-5.551 info={'t': 49, 'max_steps': 100}
[ep=03 t=0049] choose_plan=0 action=1 reward=-6.301 info={'t': 50, 'max_steps': 100}
[ep=03 t=0050] choose_plan=1 action=0 reward=-5.168 info={'t': 51, 'max_steps': 100}
[ep=03 t=0051] choose_plan=0 action=0 reward=-5.200 info={'t': 52, 'max_steps': 100}
[ep=03 t=0052] choose_plan=1 action=0 reward=-5.274 info={'t': 53, 'max_steps': 100}
[ep=03 t=0053] choose_plan=0 action=0 reward=-5.328 info={'t': 54, 'max_steps': 100}
[ep=03 t=0054] choose_plan=0 action=0 reward=-5.329 info={'t': 55, 'max_steps': 100}
[ep=03 t=0055] choose_plan=1 action=0 reward=-5.269 info={'t': 56, 'max_steps': 100}
[ep=03 t=0056] choose_plan=1 action=0 reward=-5.190 info={'t': 57, 'max_steps': 100}
[ep=03 t=0057] choose_plan=4 action=1 reward=-5.940 info={'t': 58, 'max_steps': 100}
[ep=03 t=0058] choose_plan=1 action=0 reward=-5.022 info={'t': 59, 'max_steps': 100}
[ep=03 t=0059] choose_plan=3 action=0 reward=-5.065 info={'t': 60, 'max_steps': 100}
[ep=03 t=0060] choose_plan=4 action=0 reward=-4.987 info={'t': 61, 'max_steps': 100}
[ep=03 t=0061] choose_plan=2 action=0 reward=-5.096 info={'t': 62, 'max_steps': 100}
[ep=03 t=0062] choose_plan=0 action=1 reward=-5.846 info={'t': 63, 'max_steps': 100}
[ep=03 t=0063] choose_plan=0 action=0 reward=-4.982 info={'t': 64, 'max_steps': 100}
[ep=03 t=0064] choose_plan=2 action=0 reward=-4.883 info={'t': 65, 'max_steps': 100}
[ep=03 t=0065] choose_plan=1 action=0 reward=-4.908 info={'t': 66, 'max_steps': 100}
[ep=03 t=0066] choose_plan=1 action=1 reward=-5.658 info={'t': 67, 'max_steps': 100}
[ep=03 t=0067] choose_plan=0 action=0 reward=-4.666 info={'t': 68, 'max_steps': 100}
[ep=03 t=0068] choose_plan=2 action=0 reward=-4.569 info={'t': 69, 'max_steps': 100}
[ep=03 t=0069] choose_plan=5 action=0 reward=-4.467 info={'t': 70, 'max_steps': 100}
[ep=03 t=0070] choose_plan=0 action=0 reward=-4.637 info={'t': 71, 'max_steps': 100}
[ep=03 t=0071] choose_plan=4 action=0 reward=-4.521 info={'t': 72, 'max_steps': 100}
[ep=03 t=0072] choose_plan=4 action=0 reward=-4.489 info={'t': 73, 'max_steps': 100}
[ep=03 t=0073] choose_plan=5 action=0 reward=-4.407 info={'t': 74, 'max_steps': 100}
[ep=03 t=0074] choose_plan=1 action=0 reward=-4.366 info={'t': 75, 'max_steps': 100}
[ep=03 t=0075] choose_plan=4 action=0 reward=-4.217 info={'t': 76, 'max_steps': 100}
[ep=03 t=0076] choose_plan=1 action=0 reward=-4.173 info={'t': 77, 'max_steps': 100}
[ep=03 t=0077] choose_plan=5 action=1 reward=-5.000 info={'t': 78, 'max_steps': 100}
[ep=03 t=0078] choose_plan=4 action=0 reward=-4.000 info={'t': 79, 'max_steps': 100}
[ep=03 t=0079] choose_plan=2 action=0 reward=-4.118 info={'t': 80, 'max_steps': 100}
[ep=03 t=0080] choose_plan=0 action=0 reward=-4.242 info={'t': 81, 'max_steps': 100}
[ep=03 t=0081] choose_plan=5 action=0 reward=-4.224 info={'t': 82, 'max_steps': 100}
[ep=03 t=0082] choose_plan=0 action=0 reward=-4.283 info={'t': 83, 'max_steps': 100}
[ep=03 t=0083] choose_plan=5 action=0 reward=-4.202 info={'t': 84, 'max_steps': 100}
[ep=03 t=0084] choose_plan=4 action=0 reward=-4.204 info={'t': 85, 'max_steps': 100}
[ep=03 t=0085] choose_plan=4 action=0 reward=-4.122 info={'t': 86, 'max_steps': 100}
[ep=03 t=0086] choose_plan=4 action=0 reward=-4.261 info={'t': 87, 'max_steps': 100}
[ep=03 t=0087] choose_plan=0 action=0 reward=-4.422 info={'t': 88, 'max_steps': 100}
[ep=03 t=0088] choose_plan=5 action=0 reward=-4.348 info={'t': 89, 'max_steps': 100}
[ep=03 t=0089] choose_plan=2 action=0 reward=-4.354 info={'t': 90, 'max_steps': 100}
[ep=03 t=0090] choose_plan=0 action=0 reward=-4.257 info={'t': 91, 'max_steps': 100}
[ep=03 t=0091] choose_plan=3 action=0 reward=-4.329 info={'t': 92, 'max_steps': 100}
[ep=03 t=0092] choose_plan=5 action=0 reward=-4.411 info={'t': 93, 'max_steps': 100}
[ep=03 t=0093] choose_plan=5 action=0 reward=-4.341 info={'t': 94, 'max_steps': 100}
[ep=03 t=0094] choose_plan=1 action=0 reward=-4.323 info={'t': 95, 'max_steps': 100}
[ep=03 t=0095] choose_plan=1 action=0 reward=-4.325 info={'t': 96, 'max_steps': 100}
[ep=03 t=0096] choose_plan=2 action=0 reward=-4.137 info={'t': 97, 'max_steps': 100}
[ep=03 t=0097] choose_plan=0 action=0 reward=-4.203 info={'t': 98, 'max_steps': 100}
[ep=03 t=0098] choose_plan=0 action=0 reward=-4.000 info={'t': 99, 'max_steps': 100}
[ep=03 t=0099] choose_plan=0 action=0 reward=-4.014 info={'t': 100, 'max_steps': 100}
# done at t=99
# episode_summary {"episode": 3, "episode_return": -479.2363630086574, "reward_mean": -4.792363630086574, "reward_min": -6.301250915309556, "reward_max": -4.0, "steps": 100, "unique_actions": 2, "top5_actions": [[0, 92], [1, 8]]}

# ===== EPISODE 4 =====
[ep=04 t=0000] choose_plan=5 action=2 reward=-7.062 info={'t': 1, 'max_steps': 100}
[ep=04 t=0001] choose_plan=0 action=0 reward=-5.053 info={'t': 2, 'max_steps': 100}
[ep=04 t=0002] choose_plan=2 action=0 reward=-4.996 info={'t': 3, 'max_steps': 100}
[ep=04 t=0003] choose_plan=0 action=0 reward=-4.944 info={'t': 4, 'max_steps': 100}
[ep=04 t=0004] choose_plan=1 action=0 reward=-4.829 info={'t': 5, 'max_steps': 100}
[ep=04 t=0005] choose_plan=1 action=0 reward=-4.880 info={'t': 6, 'max_steps': 100}
[ep=04 t=0006] choose_plan=3 action=0 reward=-4.996 info={'t': 7, 'max_steps': 100}
[ep=04 t=0007] choose_plan=0 action=0 reward=-5.020 info={'t': 8, 'max_steps': 100}
[ep=04 t=0008] choose_plan=4 action=0 reward=-5.077 info={'t': 9, 'max_steps': 100}
[ep=04 t=0009] choose_plan=5 action=0 reward=-5.089 info={'t': 10, 'max_steps': 100}
[ep=04 t=0010] choose_plan=0 action=0 reward=-5.093 info={'t': 11, 'max_steps': 100}
[ep=04 t=0011] choose_plan=4 action=0 reward=-5.231 info={'t': 12, 'max_steps': 100}
[ep=04 t=0012] choose_plan=3 action=0 reward=-5.223 info={'t': 13, 'max_steps': 100}
[ep=04 t=0013] choose_plan=0 action=0 reward=-5.391 info={'t': 14, 'max_steps': 100}
[ep=04 t=0014] choose_plan=3 action=0 reward=-5.468 info={'t': 15, 'max_steps': 100}
[ep=04 t=0015] choose_plan=1 action=0 reward=-5.549 info={'t': 16, 'max_steps': 100}
[ep=04 t=0016] choose_plan=3 action=1 reward=-6.299 info={'t': 17, 'max_steps': 100}
[ep=04 t=0017] choose_plan=2 action=0 reward=-5.367 info={'t': 18, 'max_steps': 100}
[ep=04 t=0018] choose_plan=4 action=0 reward=-5.469 info={'t': 19, 'max_steps': 100}
[ep=04 t=0019] choose_plan=4 action=0 reward=-5.350 info={'t': 20, 'max_steps': 100}
[ep=04 t=0020] choose_plan=4 action=0 reward=-5.268 info={'t': 21, 'max_steps': 100}
[ep=04 t=0021] choose_plan=3 action=0 reward=-5.421 info={'t': 22, 'max_steps': 100}
[ep=04 t=0022] choose_plan=2 action=0 reward=-5.361 info={'t': 23, 'max_steps': 100}
[ep=04 t=0023] choose_plan=0 action=0 reward=-5.369 info={'t': 24, 'max_steps': 100}
[ep=04 t=0024] choose_plan=4 action=0 reward=-5.301 info={'t': 25, 'max_steps': 100}
[ep=04 t=0025] choose_plan=5 action=0 reward=-5.242 info={'t': 26, 'max_steps': 100}
[ep=04 t=0026] choose_plan=4 action=0 reward=-5.107 info={'t': 27, 'max_steps': 100}
[ep=04 t=0027] choose_plan=1 action=0 reward=-5.081 info={'t': 28, 'max_steps': 100}
[ep=04 t=0028] choose_plan=1 action=0 reward=-5.169 info={'t': 29, 'max_steps': 100}
[ep=04 t=0029] choose_plan=4 action=0 reward=-5.030 info={'t': 30, 'max_steps': 100}
[ep=04 t=0030] choose_plan=3 action=0 reward=-5.243 info={'t': 31, 'max_steps': 100}
[ep=04 t=0031] choose_plan=3 action=0 reward=-5.299 info={'t': 32, 'max_steps': 100}
[ep=04 t=0032] choose_plan=4 action=0 reward=-5.265 info={'t': 33, 'max_steps': 100}
[ep=04 t=0033] choose_plan=0 action=0 reward=-5.380 info={'t': 34, 'max_steps': 100}
[ep=04 t=0034] choose_plan=3 action=0 reward=-5.289 info={'t': 35, 'max_steps': 100}
[ep=04 t=0035] choose_plan=5 action=0 reward=-5.317 info={'t': 36, 'max_steps': 100}
[ep=04 t=0036] choose_plan=4 action=0 reward=-5.095 info={'t': 37, 'max_steps': 100}
[ep=04 t=0037] choose_plan=1 action=0 reward=-5.263 info={'t': 38, 'max_steps': 100}
[ep=04 t=0038] choose_plan=1 action=0 reward=-5.271 info={'t': 39, 'max_steps': 100}
[ep=04 t=0039] choose_plan=5 action=0 reward=-5.208 info={'t': 40, 'max_steps': 100}
[ep=04 t=0040] choose_plan=2 action=0 reward=-5.173 info={'t': 41, 'max_steps': 100}
[ep=04 t=0041] choose_plan=4 action=0 reward=-5.235 info={'t': 42, 'max_steps': 100}
[ep=04 t=0042] choose_plan=2 action=0 reward=-5.331 info={'t': 43, 'max_steps': 100}
[ep=04 t=0043] choose_plan=3 action=0 reward=-5.450 info={'t': 44, 'max_steps': 100}
[ep=04 t=0044] choose_plan=1 action=0 reward=-5.331 info={'t': 45, 'max_steps': 100}
[ep=04 t=0045] choose_plan=4 action=0 reward=-5.432 info={'t': 46, 'max_steps': 100}
[ep=04 t=0046] choose_plan=0 action=0 reward=-5.478 info={'t': 47, 'max_steps': 100}
[ep=04 t=0047] choose_plan=3 action=0 reward=-5.442 info={'t': 48, 'max_steps': 100}
[ep=04 t=0048] choose_plan=4 action=0 reward=-5.488 info={'t': 49, 'max_steps': 100}
[ep=04 t=0049] choose_plan=0 action=0 reward=-5.501 info={'t': 50, 'max_steps': 100}
[ep=04 t=0050] choose_plan=0 action=1 reward=-6.251 info={'t': 51, 'max_steps': 100}
[ep=04 t=0051] choose_plan=1 action=0 reward=-5.410 info={'t': 52, 'max_steps': 100}
[ep=04 t=0052] choose_plan=0 action=1 reward=-6.160 info={'t': 53, 'max_steps': 100}
[ep=04 t=0053] choose_plan=3 action=0 reward=-5.230 info={'t': 54, 'max_steps': 100}
[ep=04 t=0054] choose_plan=1 action=0 reward=-5.125 info={'t': 55, 'max_steps': 100}
[ep=04 t=0055] choose_plan=1 action=0 reward=-5.071 info={'t': 56, 'max_steps': 100}
[ep=04 t=0056] choose_plan=2 action=0 reward=-5.167 info={'t': 57, 'max_steps': 100}
[ep=04 t=0057] choose_plan=3 action=0 reward=-5.170 info={'t': 58, 'max_steps': 100}
[ep=04 t=0058] choose_plan=3 action=0 reward=-5.113 info={'t': 59, 'max_steps': 100}
[ep=04 t=0059] choose_plan=0 action=0 reward=-5.044 info={'t': 60, 'max_steps': 100}
[ep=04 t=0060] choose_plan=0 action=2 reward=-7.058 info={'t': 61, 'max_steps': 100}
[ep=04 t=0061] choose_plan=1 action=0 reward=-5.087 info={'t': 62, 'max_steps': 100}
[ep=04 t=0062] choose_plan=2 action=0 reward=-5.115 info={'t': 63, 'max_steps': 100}
[ep=04 t=0063] choose_plan=4 action=0 reward=-5.140 info={'t': 64, 'max_steps': 100}
[ep=04 t=0064] choose_plan=0 action=0 reward=-5.248 info={'t': 65, 'max_steps': 100}
[ep=04 t=0065] choose_plan=4 action=0 reward=-5.225 info={'t': 66, 'max_steps': 100}
[ep=04 t=0066] choose_plan=1 action=0 reward=-5.020 info={'t': 67, 'max_steps': 100}
[ep=04 t=0067] choose_plan=3 action=0 reward=-5.187 info={'t': 68, 'max_steps': 100}
[ep=04 t=0068] choose_plan=2 action=0 reward=-5.381 info={'t': 69, 'max_steps': 100}
[ep=04 t=0069] choose_plan=5 action=0 reward=-5.493 info={'t': 70, 'max_steps': 100}
[ep=04 t=0070] choose_plan=2 action=0 reward=-5.611 info={'t': 71, 'max_steps': 100}
[ep=04 t=0071] choose_plan=1 action=1 reward=-6.361 info={'t': 72, 'max_steps': 100}
[ep=04 t=0072] choose_plan=0 action=0 reward=-5.540 info={'t': 73, 'max_steps': 100}
[ep=04 t=0073] choose_plan=0 action=1 reward=-6.290 info={'t': 74, 'max_steps': 100}
[ep=04 t=0074] choose_plan=1 action=0 reward=-5.267 info={'t': 75, 'max_steps': 100}
[ep=04 t=0075] choose_plan=4 action=1 reward=-6.017 info={'t': 76, 'max_steps': 100}
[ep=04 t=0076] choose_plan=0 action=0 reward=-5.080 info={'t': 77, 'max_steps': 100}
[ep=04 t=0077] choose_plan=2 action=0 reward=-4.951 info={'t': 78, 'max_steps': 100}
[ep=04 t=0078] choose_plan=4 action=0 reward=-4.984 info={'t': 79, 'max_steps': 100}
[ep=04 t=0079] choose_plan=5 action=0 reward=-4.941 info={'t': 80, 'max_steps': 100}
[ep=04 t=0080] choose_plan=4 action=0 reward=-4.957 info={'t': 81, 'max_steps': 100}
[ep=04 t=0081] choose_plan=3 action=0 reward=-5.070 info={'t': 82, 'max_steps': 100}
[ep=04 t=0082] choose_plan=3 action=0 reward=-5.022 info={'t': 83, 'max_steps': 100}
[ep=04 t=0083] choose_plan=0 action=0 reward=-5.062 info={'t': 84, 'max_steps': 100}
[ep=04 t=0084] choose_plan=2 action=0 reward=-4.984 info={'t': 85, 'max_steps': 100}
[ep=04 t=0085] choose_plan=0 action=0 reward=-5.118 info={'t': 86, 'max_steps': 100}
[ep=04 t=0086] choose_plan=2 action=0 reward=-5.122 info={'t': 87, 'max_steps': 100}
[ep=04 t=0087] choose_plan=5 action=0 reward=-5.212 info={'t': 88, 'max_steps': 100}
[ep=04 t=0088] choose_plan=5 action=0 reward=-5.094 info={'t': 89, 'max_steps': 100}
[ep=04 t=0089] choose_plan=5 action=0 reward=-5.237 info={'t': 90, 'max_steps': 100}
[ep=04 t=0090] choose_plan=0 action=0 reward=-5.077 info={'t': 91, 'max_steps': 100}
[ep=04 t=0091] choose_plan=2 action=0 reward=-4.941 info={'t': 92, 'max_steps': 100}
[ep=04 t=0092] choose_plan=1 action=0 reward=-4.852 info={'t': 93, 'max_steps': 100}
[ep=04 t=0093] choose_plan=3 action=0 reward=-4.930 info={'t': 94, 'max_steps': 100}
[ep=04 t=0094] choose_plan=2 action=0 reward=-5.049 info={'t': 95, 'max_steps': 100}
[ep=04 t=0095] choose_plan=0 action=0 reward=-4.964 info={'t': 96, 'max_steps': 100}
[ep=04 t=0096] choose_plan=3 action=0 reward=-4.957 info={'t': 97, 'max_steps': 100}
[ep=04 t=0097] choose_plan=5 action=0 reward=-5.092 info={'t': 98, 'max_steps': 100}
[ep=04 t=0098] choose_plan=3 action=0 reward=-5.130 info={'t': 99, 'max_steps': 100}
[ep=04 t=0099] choose_plan=2 action=0 reward=-5.078 info={'t': 100, 'max_steps': 100}
# done at t=99
# episode_summary {"episode": 4, "episode_return": -528.9097156477233, "reward_mean": -5.289097156477233, "reward_min": -7.061866968902688, "reward_max": -4.829430232934692, "steps": 100, "unique_actions": 3, "top5_actions": [[0, 92], [1, 6], [2, 2]]}

# ===== EPISODE 5 =====
[ep=05 t=0000] choose_plan=2 action=0 reward=-5.115 info={'t': 1, 'max_steps': 100}
[ep=05 t=0001] choose_plan=0 action=1 reward=-5.865 info={'t': 2, 'max_steps': 100}
[ep=05 t=0002] choose_plan=1 action=0 reward=-5.051 info={'t': 3, 'max_steps': 100}
[ep=05 t=0003] choose_plan=2 action=0 reward=-4.927 info={'t': 4, 'max_steps': 100}
[ep=05 t=0004] choose_plan=0 action=0 reward=-4.971 info={'t': 5, 'max_steps': 100}
[ep=05 t=0005] choose_plan=1 action=0 reward=-4.898 info={'t': 6, 'max_steps': 100}
[ep=05 t=0006] choose_plan=2 action=0 reward=-5.075 info={'t': 7, 'max_steps': 100}
[ep=05 t=0007] choose_plan=1 action=0 reward=-5.141 info={'t': 8, 'max_steps': 100}
[ep=05 t=0008] choose_plan=1 action=0 reward=-5.153 info={'t': 9, 'max_steps': 100}
[ep=05 t=0009] choose_plan=1 action=0 reward=-5.272 info={'t': 10, 'max_steps': 100}
[ep=05 t=0010] choose_plan=4 action=0 reward=-5.265 info={'t': 11, 'max_steps': 100}
[ep=05 t=0011] choose_plan=3 action=0 reward=-5.270 info={'t': 12, 'max_steps': 100}
[ep=05 t=0012] choose_plan=0 action=0 reward=-5.186 info={'t': 13, 'max_steps': 100}
[ep=05 t=0013] choose_plan=0 action=0 reward=-5.141 info={'t': 14, 'max_steps': 100}
[ep=05 t=0014] choose_plan=3 action=0 reward=-5.093 info={'t': 15, 'max_steps': 100}
[ep=05 t=0015] choose_plan=2 action=0 reward=-5.111 info={'t': 16, 'max_steps': 100}
[ep=05 t=0016] choose_plan=4 action=0 reward=-5.149 info={'t': 17, 'max_steps': 100}
[ep=05 t=0017] choose_plan=0 action=2 reward=-7.232 info={'t': 18, 'max_steps': 100}
[ep=05 t=0018] choose_plan=3 action=0 reward=-5.313 info={'t': 19, 'max_steps': 100}
[ep=05 t=0019] choose_plan=1 action=0 reward=-5.432 info={'t': 20, 'max_steps': 100}
[ep=05 t=0020] choose_plan=5 action=0 reward=-5.326 info={'t': 21, 'max_steps': 100}
[ep=05 t=0021] choose_plan=2 action=0 reward=-5.420 info={'t': 22, 'max_steps': 100}
[ep=05 t=0022] choose_plan=3 action=0 reward=-5.277 info={'t': 23, 'max_steps': 100}
[ep=05 t=0023] choose_plan=1 action=0 reward=-5.256 info={'t': 24, 'max_steps': 100}
[ep=05 t=0024] choose_plan=2 action=0 reward=-5.363 info={'t': 25, 'max_steps': 100}
[ep=05 t=0025] choose_plan=2 action=0 reward=-5.357 info={'t': 26, 'max_steps': 100}
[ep=05 t=0026] choose_plan=0 action=0 reward=-5.574 info={'t': 27, 'max_steps': 100}
[ep=05 t=0027] choose_plan=2 action=1 reward=-6.324 info={'t': 28, 'max_steps': 100}
[ep=05 t=0028] choose_plan=1 action=0 reward=-5.256 info={'t': 29, 'max_steps': 100}
[ep=05 t=0029] choose_plan=3 action=0 reward=-5.198 info={'t': 30, 'max_steps': 100}
[ep=05 t=0030] choose_plan=2 action=1 reward=-5.948 info={'t': 31, 'max_steps': 100}
[ep=05 t=0031] choose_plan=3 action=0 reward=-4.937 info={'t': 32, 'max_steps': 100}
[ep=05 t=0032] choose_plan=1 action=0 reward=-4.889 info={'t': 33, 'max_steps': 100}
[ep=05 t=0033] choose_plan=1 action=0 reward=-4.895 info={'t': 34, 'max_steps': 100}
[ep=05 t=0034] choose_plan=4 action=0 reward=-4.802 info={'t': 35, 'max_steps': 100}
[ep=05 t=0035] choose_plan=4 action=0 reward=-4.830 info={'t': 36, 'max_steps': 100}
[ep=05 t=0036] choose_plan=5 action=0 reward=-4.816 info={'t': 37, 'max_steps': 100}
[ep=05 t=0037] choose_plan=0 action=0 reward=-4.917 info={'t': 38, 'max_steps': 100}
[ep=05 t=0038] choose_plan=1 action=0 reward=-4.913 info={'t': 39, 'max_steps': 100}
[ep=05 t=0039] choose_plan=1 action=0 reward=-4.949 info={'t': 40, 'max_steps': 100}
[ep=05 t=0040] choose_plan=3 action=0 reward=-5.064 info={'t': 41, 'max_steps': 100}
[ep=05 t=0041] choose_plan=2 action=0 reward=-5.049 info={'t': 42, 'max_steps': 100}
[ep=05 t=0042] choose_plan=2 action=0 reward=-5.129 info={'t': 43, 'max_steps': 100}
[ep=05 t=0043] choose_plan=0 action=0 reward=-5.186 info={'t': 44, 'max_steps': 100}
[ep=05 t=0044] choose_plan=4 action=0 reward=-5.295 info={'t': 45, 'max_steps': 100}
[ep=05 t=0045] choose_plan=1 action=0 reward=-5.242 info={'t': 46, 'max_steps': 100}
[ep=05 t=0046] choose_plan=0 action=2 reward=-7.428 info={'t': 47, 'max_steps': 100}
[ep=05 t=0047] choose_plan=4 action=0 reward=-5.336 info={'t': 48, 'max_steps': 100}
[ep=05 t=0048] choose_plan=0 action=0 reward=-5.427 info={'t': 49, 'max_steps': 100}
[ep=05 t=0049] choose_plan=0 action=0 reward=-5.556 info={'t': 50, 'max_steps': 100}
[ep=05 t=0050] choose_plan=3 action=1 reward=-6.306 info={'t': 51, 'max_steps': 100}
[ep=05 t=0051] choose_plan=4 action=1 reward=-6.056 info={'t': 52, 'max_steps': 100}
[ep=05 t=0052] choose_plan=4 action=0 reward=-4.983 info={'t': 53, 'max_steps': 100}
[ep=05 t=0053] choose_plan=4 action=0 reward=-4.996 info={'t': 54, 'max_steps': 100}
[ep=05 t=0054] choose_plan=1 action=0 reward=-5.085 info={'t': 55, 'max_steps': 100}
[ep=05 t=0055] choose_plan=0 action=0 reward=-4.984 info={'t': 56, 'max_steps': 100}
[ep=05 t=0056] choose_plan=3 action=0 reward=-4.833 info={'t': 57, 'max_steps': 100}
[ep=05 t=0057] choose_plan=0 action=0 reward=-4.904 info={'t': 58, 'max_steps': 100}
[ep=05 t=0058] choose_plan=0 action=0 reward=-4.859 info={'t': 59, 'max_steps': 100}
[ep=05 t=0059] choose_plan=1 action=0 reward=-4.738 info={'t': 60, 'max_steps': 100}
[ep=05 t=0060] choose_plan=0 action=0 reward=-4.723 info={'t': 61, 'max_steps': 100}
[ep=05 t=0061] choose_plan=0 action=0 reward=-4.620 info={'t': 62, 'max_steps': 100}
[ep=05 t=0062] choose_plan=0 action=0 reward=-4.564 info={'t': 63, 'max_steps': 100}
[ep=05 t=0063] choose_plan=2 action=0 reward=-4.666 info={'t': 64, 'max_steps': 100}
[ep=05 t=0064] choose_plan=5 action=0 reward=-4.659 info={'t': 65, 'max_steps': 100}
[ep=05 t=0065] choose_plan=1 action=0 reward=-4.679 info={'t': 66, 'max_steps': 100}
[ep=05 t=0066] choose_plan=2 action=0 reward=-4.747 info={'t': 67, 'max_steps': 100}
[ep=05 t=0067] choose_plan=0 action=0 reward=-4.713 info={'t': 68, 'max_steps': 100}
[ep=05 t=0068] choose_plan=1 action=0 reward=-4.634 info={'t': 69, 'max_steps': 100}
[ep=05 t=0069] choose_plan=1 action=0 reward=-4.715 info={'t': 70, 'max_steps': 100}
[ep=05 t=0070] choose_plan=5 action=0 reward=-4.712 info={'t': 71, 'max_steps': 100}
[ep=05 t=0071] choose_plan=4 action=0 reward=-4.802 info={'t': 72, 'max_steps': 100}
[ep=05 t=0072] choose_plan=5 action=0 reward=-4.686 info={'t': 73, 'max_steps': 100}
[ep=05 t=0073] choose_plan=0 action=0 reward=-4.662 info={'t': 74, 'max_steps': 100}
[ep=05 t=0074] choose_plan=4 action=0 reward=-4.649 info={'t': 75, 'max_steps': 100}
[ep=05 t=0075] choose_plan=3 action=0 reward=-4.491 info={'t': 76, 'max_steps': 100}
[ep=05 t=0076] choose_plan=2 action=0 reward=-4.518 info={'t': 77, 'max_steps': 100}
[ep=05 t=0077] choose_plan=1 action=0 reward=-4.414 info={'t': 78, 'max_steps': 100}
[ep=05 t=0078] choose_plan=0 action=0 reward=-4.467 info={'t': 79, 'max_steps': 100}
[ep=05 t=0079] choose_plan=0 action=0 reward=-4.514 info={'t': 80, 'max_steps': 100}
[ep=05 t=0080] choose_plan=2 action=0 reward=-4.504 info={'t': 81, 'max_steps': 100}
[ep=05 t=0081] choose_plan=1 action=0 reward=-4.638 info={'t': 82, 'max_steps': 100}
[ep=05 t=0082] choose_plan=0 action=0 reward=-4.691 info={'t': 83, 'max_steps': 100}
[ep=05 t=0083] choose_plan=5 action=0 reward=-4.785 info={'t': 84, 'max_steps': 100}
[ep=05 t=0084] choose_plan=2 action=0 reward=-4.808 info={'t': 85, 'max_steps': 100}
[ep=05 t=0085] choose_plan=1 action=0 reward=-4.759 info={'t': 86, 'max_steps': 100}
[ep=05 t=0086] choose_plan=4 action=0 reward=-4.702 info={'t': 87, 'max_steps': 100}
[ep=05 t=0087] choose_plan=5 action=0 reward=-4.677 info={'t': 88, 'max_steps': 100}
[ep=05 t=0088] choose_plan=0 action=0 reward=-4.643 info={'t': 89, 'max_steps': 100}
[ep=05 t=0089] choose_plan=2 action=0 reward=-4.589 info={'t': 90, 'max_steps': 100}
[ep=05 t=0090] choose_plan=1 action=0 reward=-4.576 info={'t': 91, 'max_steps': 100}
[ep=05 t=0091] choose_plan=2 action=0 reward=-4.741 info={'t': 92, 'max_steps': 100}
[ep=05 t=0092] choose_plan=2 action=0 reward=-4.727 info={'t': 93, 'max_steps': 100}
[ep=05 t=0093] choose_plan=3 action=0 reward=-4.751 info={'t': 94, 'max_steps': 100}
[ep=05 t=0094] choose_plan=1 action=0 reward=-4.867 info={'t': 95, 'max_steps': 100}
[ep=05 t=0095] choose_plan=5 action=0 reward=-4.893 info={'t': 96, 'max_steps': 100}
[ep=05 t=0096] choose_plan=3 action=0 reward=-4.959 info={'t': 97, 'max_steps': 100}
[ep=05 t=0097] choose_plan=1 action=0 reward=-5.028 info={'t': 98, 'max_steps': 100}
[ep=05 t=0098] choose_plan=2 action=0 reward=-5.079 info={'t': 99, 'max_steps': 100}
[ep=05 t=0099] choose_plan=3 action=0 reward=-5.166 info={'t': 100, 'max_steps': 100}
# done at t=99
# episode_summary {"episode": 5, "episode_return": -504.5830592865574, "reward_mean": -5.045830592865574, "reward_min": -7.427940948679714, "reward_max": -4.414344220519435, "steps": 100, "unique_actions": 3, "top5_actions": [[0, 93], [1, 5], [2, 2]]}

# ===== EPISODE 6 =====
[ep=06 t=0000] choose_plan=1 action=0 reward=-5.011 info={'t': 1, 'max_steps': 100}
[ep=06 t=0001] choose_plan=1 action=0 reward=-5.024 info={'t': 2, 'max_steps': 100}
[ep=06 t=0002] choose_plan=1 action=0 reward=-5.008 info={'t': 3, 'max_steps': 100}
[ep=06 t=0003] choose_plan=5 action=1 reward=-5.758 info={'t': 4, 'max_steps': 100}
[ep=06 t=0004] choose_plan=4 action=1 reward=-5.508 info={'t': 5, 'max_steps': 100}
[ep=06 t=0005] choose_plan=4 action=0 reward=-4.637 info={'t': 6, 'max_steps': 100}
[ep=06 t=0006] choose_plan=2 action=0 reward=-4.557 info={'t': 7, 'max_steps': 100}
[ep=06 t=0007] choose_plan=3 action=0 reward=-4.618 info={'t': 8, 'max_steps': 100}
[ep=06 t=0008] choose_plan=4 action=1 reward=-5.368 info={'t': 9, 'max_steps': 100}
[ep=06 t=0009] choose_plan=2 action=1 reward=-5.118 info={'t': 10, 'max_steps': 100}
[ep=06 t=0010] choose_plan=2 action=0 reward=-4.058 info={'t': 11, 'max_steps': 100}
[ep=06 t=0011] choose_plan=4 action=0 reward=-4.084 info={'t': 12, 'max_steps': 100}
[ep=06 t=0012] choose_plan=3 action=0 reward=-4.000 info={'t': 13, 'max_steps': 100}
[ep=06 t=0013] choose_plan=1 action=0 reward=-4.000 info={'t': 14, 'max_steps': 100}
[ep=06 t=0014] choose_plan=1 action=0 reward=-4.000 info={'t': 15, 'max_steps': 100}
[ep=06 t=0015] choose_plan=4 action=0 reward=-4.053 info={'t': 16, 'max_steps': 100}
[ep=06 t=0016] choose_plan=0 action=0 reward=-4.065 info={'t': 17, 'max_steps': 100}
[ep=06 t=0017] choose_plan=0 action=0 reward=-4.000 info={'t': 18, 'max_steps': 100}
[ep=06 t=0018] choose_plan=1 action=0 reward=-4.000 info={'t': 19, 'max_steps': 100}
[ep=06 t=0019] choose_plan=5 action=0 reward=-4.016 info={'t': 20, 'max_steps': 100}
[ep=06 t=0020] choose_plan=2 action=0 reward=-4.000 info={'t': 21, 'max_steps': 100}
[ep=06 t=0021] choose_plan=3 action=0 reward=-4.090 info={'t': 22, 'max_steps': 100}
[ep=06 t=0022] choose_plan=3 action=0 reward=-4.043 info={'t': 23, 'max_steps': 100}
[ep=06 t=0023] choose_plan=2 action=0 reward=-4.000 info={'t': 24, 'max_steps': 100}
[ep=06 t=0024] choose_plan=5 action=0 reward=-4.191 info={'t': 25, 'max_steps': 100}
[ep=06 t=0025] choose_plan=0 action=0 reward=-4.088 info={'t': 26, 'max_steps': 100}
[ep=06 t=0026] choose_plan=5 action=0 reward=-4.064 info={'t': 27, 'max_steps': 100}
[ep=06 t=0027] choose_plan=3 action=0 reward=-4.032 info={'t': 28, 'max_steps': 100}
[ep=06 t=0028] choose_plan=1 action=0 reward=-4.007 info={'t': 29, 'max_steps': 100}
[ep=06 t=0029] choose_plan=1 action=0 reward=-4.026 info={'t': 30, 'max_steps': 100}
[ep=06 t=0030] choose_plan=1 action=0 reward=-4.054 info={'t': 31, 'max_steps': 100}
[ep=06 t=0031] choose_plan=1 action=0 reward=-4.011 info={'t': 32, 'max_steps': 100}
[ep=06 t=0032] choose_plan=4 action=1 reward=-5.000 info={'t': 33, 'max_steps': 100}
[ep=06 t=0033] choose_plan=0 action=0 reward=-4.000 info={'t': 34, 'max_steps': 100}
[ep=06 t=0034] choose_plan=0 action=0 reward=-4.178 info={'t': 35, 'max_steps': 100}
[ep=06 t=0035] choose_plan=1 action=0 reward=-4.215 info={'t': 36, 'max_steps': 100}
[ep=06 t=0036] choose_plan=3 action=0 reward=-4.064 info={'t': 37, 'max_steps': 100}
[ep=06 t=0037] choose_plan=1 action=0 reward=-4.000 info={'t': 38, 'max_steps': 100}
[ep=06 t=0038] choose_plan=0 action=0 reward=-4.087 info={'t': 39, 'max_steps': 100}
[ep=06 t=0039] choose_plan=2 action=0 reward=-4.000 info={'t': 40, 'max_steps': 100}
[ep=06 t=0040] choose_plan=2 action=0 reward=-4.000 info={'t': 41, 'max_steps': 100}
[ep=06 t=0041] choose_plan=4 action=0 reward=-4.106 info={'t': 42, 'max_steps': 100}
[ep=06 t=0042] choose_plan=4 action=0 reward=-4.047 info={'t': 43, 'max_steps': 100}
[ep=06 t=0043] choose_plan=0 action=0 reward=-4.004 info={'t': 44, 'max_steps': 100}
[ep=06 t=0044] choose_plan=5 action=0 reward=-4.063 info={'t': 45, 'max_steps': 100}
[ep=06 t=0045] choose_plan=3 action=0 reward=-4.060 info={'t': 46, 'max_steps': 100}
[ep=06 t=0046] choose_plan=0 action=0 reward=-4.066 info={'t': 47, 'max_steps': 100}
[ep=06 t=0047] choose_plan=0 action=2 reward=-6.171 info={'t': 48, 'max_steps': 100}
[ep=06 t=0048] choose_plan=5 action=0 reward=-4.192 info={'t': 49, 'max_steps': 100}
[ep=06 t=0049] choose_plan=3 action=0 reward=-4.254 info={'t': 50, 'max_steps': 100}
[ep=06 t=0050] choose_plan=3 action=0 reward=-4.388 info={'t': 51, 'max_steps': 100}
[ep=06 t=0051] choose_plan=1 action=0 reward=-4.459 info={'t': 52, 'max_steps': 100}
[ep=06 t=0052] choose_plan=5 action=0 reward=-4.564 info={'t': 53, 'max_steps': 100}
[ep=06 t=0053] choose_plan=0 action=0 reward=-4.739 info={'t': 54, 'max_steps': 100}
[ep=06 t=0054] choose_plan=4 action=0 reward=-4.664 info={'t': 55, 'max_steps': 100}
[ep=06 t=0055] choose_plan=0 action=0 reward=-4.583 info={'t': 56, 'max_steps': 100}
[ep=06 t=0056] choose_plan=2 action=0 reward=-4.743 info={'t': 57, 'max_steps': 100}
[ep=06 t=0057] choose_plan=3 action=0 reward=-4.766 info={'t': 58, 'max_steps': 100}
[ep=06 t=0058] choose_plan=2 action=0 reward=-4.709 info={'t': 59, 'max_steps': 100}
[ep=06 t=0059] choose_plan=0 action=0 reward=-4.578 info={'t': 60, 'max_steps': 100}
[ep=06 t=0060] choose_plan=1 action=0 reward=-4.391 info={'t': 61, 'max_steps': 100}
[ep=06 t=0061] choose_plan=4 action=0 reward=-4.466 info={'t': 62, 'max_steps': 100}
[ep=06 t=0062] choose_plan=3 action=0 reward=-4.648 info={'t': 63, 'max_steps': 100}
[ep=06 t=0063] choose_plan=1 action=0 reward=-4.650 info={'t': 64, 'max_steps': 100}
[ep=06 t=0064] choose_plan=1 action=0 reward=-4.683 info={'t': 65, 'max_steps': 100}
[ep=06 t=0065] choose_plan=4 action=0 reward=-4.724 info={'t': 66, 'max_steps': 100}
[ep=06 t=0066] choose_plan=2 action=0 reward=-4.972 info={'t': 67, 'max_steps': 100}
[ep=06 t=0067] choose_plan=0 action=0 reward=-5.022 info={'t': 68, 'max_steps': 100}
[ep=06 t=0068] choose_plan=3 action=0 reward=-5.067 info={'t': 69, 'max_steps': 100}
[ep=06 t=0069] choose_plan=3 action=0 reward=-5.031 info={'t': 70, 'max_steps': 100}
[ep=06 t=0070] choose_plan=1 action=1 reward=-5.781 info={'t': 71, 'max_steps': 100}
[ep=06 t=0071] choose_plan=3 action=0 reward=-4.903 info={'t': 72, 'max_steps': 100}
[ep=06 t=0072] choose_plan=2 action=0 reward=-4.916 info={'t': 73, 'max_steps': 100}
[ep=06 t=0073] choose_plan=2 action=2 reward=-6.876 info={'t': 74, 'max_steps': 100}
[ep=06 t=0074] choose_plan=1 action=0 reward=-4.955 info={'t': 75, 'max_steps': 100}
[ep=06 t=0075] choose_plan=3 action=0 reward=-5.098 info={'t': 76, 'max_steps': 100}
[ep=06 t=0076] choose_plan=5 action=0 reward=-5.079 info={'t': 77, 'max_steps': 100}
[ep=06 t=0077] choose_plan=3 action=1 reward=-5.829 info={'t': 78, 'max_steps': 100}
[ep=06 t=0078] choose_plan=1 action=0 reward=-4.915 info={'t': 79, 'max_steps': 100}
[ep=06 t=0079] choose_plan=4 action=0 reward=-4.871 info={'t': 80, 'max_steps': 100}
[ep=06 t=0080] choose_plan=3 action=0 reward=-4.810 info={'t': 81, 'max_steps': 100}
[ep=06 t=0081] choose_plan=1 action=0 reward=-5.014 info={'t': 82, 'max_steps': 100}
[ep=06 t=0082] choose_plan=2 action=0 reward=-4.967 info={'t': 83, 'max_steps': 100}
[ep=06 t=0083] choose_plan=0 action=0 reward=-5.105 info={'t': 84, 'max_steps': 100}
[ep=06 t=0084] choose_plan=1 action=0 reward=-5.104 info={'t': 85, 'max_steps': 100}
[ep=06 t=0085] choose_plan=1 action=0 reward=-5.050 info={'t': 86, 'max_steps': 100}
[ep=06 t=0086] choose_plan=0 action=0 reward=-5.142 info={'t': 87, 'max_steps': 100}
[ep=06 t=0087] choose_plan=2 action=0 reward=-5.094 info={'t': 88, 'max_steps': 100}
[ep=06 t=0088] choose_plan=4 action=0 reward=-5.040 info={'t': 89, 'max_steps': 100}
[ep=06 t=0089] choose_plan=5 action=0 reward=-5.015 info={'t': 90, 'max_steps': 100}
[ep=06 t=0090] choose_plan=4 action=0 reward=-4.983 info={'t': 91, 'max_steps': 100}
[ep=06 t=0091] choose_plan=2 action=0 reward=-4.816 info={'t': 92, 'max_steps': 100}
[ep=06 t=0092] choose_plan=2 action=0 reward=-4.805 info={'t': 93, 'max_steps': 100}
[ep=06 t=0093] choose_plan=1 action=0 reward=-4.853 info={'t': 94, 'max_steps': 100}
[ep=06 t=0094] choose_plan=5 action=0 reward=-4.778 info={'t': 95, 'max_steps': 100}
[ep=06 t=0095] choose_plan=2 action=0 reward=-4.742 info={'t': 96, 'max_steps': 100}
[ep=06 t=0096] choose_plan=2 action=0 reward=-4.736 info={'t': 97, 'max_steps': 100}
[ep=06 t=0097] choose_plan=1 action=0 reward=-4.721 info={'t': 98, 'max_steps': 100}
[ep=06 t=0098] choose_plan=2 action=0 reward=-4.784 info={'t': 99, 'max_steps': 100}
[ep=06 t=0099] choose_plan=3 action=0 reward=-4.852 info={'t': 100, 'max_steps': 100}
# done at t=99
# episode_summary {"episode": 6, "episode_return": -461.47224812706435, "reward_mean": -4.614722481270643, "reward_min": -6.876413061871841, "reward_max": -4.0, "steps": 100, "unique_actions": 3, "top5_actions": [[0, 91], [1, 7], [2, 2]]}

# ===== EPISODE 7 =====
[ep=07 t=0000] choose_plan=0 action=0 reward=-5.055 info={'t': 1, 'max_steps': 100}
[ep=07 t=0001] choose_plan=1 action=0 reward=-5.068 info={'t': 2, 'max_steps': 100}
[ep=07 t=0002] choose_plan=2 action=0 reward=-5.308 info={'t': 3, 'max_steps': 100}
[ep=07 t=0003] choose_plan=3 action=0 reward=-5.271 info={'t': 4, 'max_steps': 100}
[ep=07 t=0004] choose_plan=2 action=0 reward=-5.312 info={'t': 5, 'max_steps': 100}
[ep=07 t=0005] choose_plan=0 action=0 reward=-5.291 info={'t': 6, 'max_steps': 100}
[ep=07 t=0006] choose_plan=3 action=0 reward=-5.301 info={'t': 7, 'max_steps': 100}
[ep=07 t=0007] choose_plan=3 action=0 reward=-5.326 info={'t': 8, 'max_steps': 100}
[ep=07 t=0008] choose_plan=1 action=2 reward=-7.207 info={'t': 9, 'max_steps': 100}
[ep=07 t=0009] choose_plan=2 action=0 reward=-5.102 info={'t': 10, 'max_steps': 100}
[ep=07 t=0010] choose_plan=1 action=0 reward=-5.064 info={'t': 11, 'max_steps': 100}
[ep=07 t=0011] choose_plan=2 action=0 reward=-5.127 info={'t': 12, 'max_steps': 100}
[ep=07 t=0012] choose_plan=1 action=0 reward=-5.097 info={'t': 13, 'max_steps': 100}
[ep=07 t=0013] choose_plan=4 action=0 reward=-5.227 info={'t': 14, 'max_steps': 100}
[ep=07 t=0014] choose_plan=0 action=0 reward=-5.287 info={'t': 15, 'max_steps': 100}
[ep=07 t=0015] choose_plan=3 action=0 reward=-5.232 info={'t': 16, 'max_steps': 100}
[ep=07 t=0016] choose_plan=4 action=0 reward=-5.379 info={'t': 17, 'max_steps': 100}
[ep=07 t=0017] choose_plan=0 action=0 reward=-5.519 info={'t': 18, 'max_steps': 100}
[ep=07 t=0018] choose_plan=3 action=1 reward=-6.269 info={'t': 19, 'max_steps': 100}
[ep=07 t=0019] choose_plan=2 action=0 reward=-5.318 info={'t': 20, 'max_steps': 100}
[ep=07 t=0020] choose_plan=2 action=0 reward=-5.354 info={'t': 21, 'max_steps': 100}
[ep=07 t=0021] choose_plan=1 action=0 reward=-5.355 info={'t': 22, 'max_steps': 100}
[ep=07 t=0022] choose_plan=0 action=0 reward=-5.176 info={'t': 23, 'max_steps': 100}
[ep=07 t=0023] choose_plan=0 action=0 reward=-5.305 info={'t': 24, 'max_steps': 100}
[ep=07 t=0024] choose_plan=2 action=0 reward=-5.372 info={'t': 25, 'max_steps': 100}
[ep=07 t=0025] choose_plan=4 action=0 reward=-5.440 info={'t': 26, 'max_steps': 100}
[ep=07 t=0026] choose_plan=2 action=0 reward=-5.393 info={'t': 27, 'max_steps': 100}
[ep=07 t=0027] choose_plan=3 action=0 reward=-5.282 info={'t': 28, 'max_steps': 100}
[ep=07 t=0028] choose_plan=0 action=0 reward=-5.241 info={'t': 29, 'max_steps': 100}
[ep=07 t=0029] choose_plan=0 action=0 reward=-5.232 info={'t': 30, 'max_steps': 100}
[ep=07 t=0030] choose_plan=5 action=0 reward=-5.274 info={'t': 31, 'max_steps': 100}
[ep=07 t=0031] choose_plan=2 action=0 reward=-5.180 info={'t': 32, 'max_steps': 100}
[ep=07 t=0032] choose_plan=4 action=0 reward=-5.084 info={'t': 33, 'max_steps': 100}
[ep=07 t=0033] choose_plan=4 action=0 reward=-5.065 info={'t': 34, 'max_steps': 100}
[ep=07 t=0034] choose_plan=5 action=0 reward=-5.064 info={'t': 35, 'max_steps': 100}
[ep=07 t=0035] choose_plan=1 action=0 reward=-4.855 info={'t': 36, 'max_steps': 100}
[ep=07 t=0036] choose_plan=2 action=0 reward=-4.818 info={'t': 37, 'max_steps': 100}
[ep=07 t=0037] choose_plan=2 action=0 reward=-4.724 info={'t': 38, 'max_steps': 100}
[ep=07 t=0038] choose_plan=4 action=0 reward=-4.773 info={'t': 39, 'max_steps': 100}
[ep=07 t=0039] choose_plan=3 action=0 reward=-4.663 info={'t': 40, 'max_steps': 100}
[ep=07 t=0040] choose_plan=1 action=0 reward=-4.872 info={'t': 41, 'max_steps': 100}
[ep=07 t=0041] choose_plan=5 action=0 reward=-4.921 info={'t': 42, 'max_steps': 100}
[ep=07 t=0042] choose_plan=1 action=0 reward=-4.995 info={'t': 43, 'max_steps': 100}
[ep=07 t=0043] choose_plan=0 action=0 reward=-5.147 info={'t': 44, 'max_steps': 100}
[ep=07 t=0044] choose_plan=0 action=0 reward=-5.137 info={'t': 45, 'max_steps': 100}
[ep=07 t=0045] choose_plan=5 action=0 reward=-5.071 info={'t': 46, 'max_steps': 100}
[ep=07 t=0046] choose_plan=0 action=2 reward=-7.089 info={'t': 47, 'max_steps': 100}
[ep=07 t=0047] choose_plan=3 action=0 reward=-5.067 info={'t': 48, 'max_steps': 100}
[ep=07 t=0048] choose_plan=0 action=0 reward=-5.107 info={'t': 49, 'max_steps': 100}
[ep=07 t=0049] choose_plan=4 action=0 reward=-4.982 info={'t': 50, 'max_steps': 100}
[ep=07 t=0050] choose_plan=0 action=0 reward=-4.925 info={'t': 51, 'max_steps': 100}
[ep=07 t=0051] choose_plan=3 action=0 reward=-4.967 info={'t': 52, 'max_steps': 100}
[ep=07 t=0052] choose_plan=2 action=0 reward=-5.044 info={'t': 53, 'max_steps': 100}
[ep=07 t=0053] choose_plan=0 action=0 reward=-5.010 info={'t': 54, 'max_steps': 100}
[ep=07 t=0054] choose_plan=4 action=0 reward=-4.906 info={'t': 55, 'max_steps': 100}
[ep=07 t=0055] choose_plan=2 action=0 reward=-4.943 info={'t': 56, 'max_steps': 100}
[ep=07 t=0056] choose_plan=0 action=0 reward=-4.976 info={'t': 57, 'max_steps': 100}
[ep=07 t=0057] choose_plan=1 action=0 reward=-4.945 info={'t': 58, 'max_steps': 100}
[ep=07 t=0058] choose_plan=1 action=0 reward=-4.850 info={'t': 59, 'max_steps': 100}
[ep=07 t=0059] choose_plan=4 action=0 reward=-4.905 info={'t': 60, 'max_steps': 100}
[ep=07 t=0060] choose_plan=3 action=0 reward=-4.927 info={'t': 61, 'max_steps': 100}
[ep=07 t=0061] choose_plan=1 action=0 reward=-4.844 info={'t': 62, 'max_steps': 100}
[ep=07 t=0062] choose_plan=5 action=0 reward=-4.691 info={'t': 63, 'max_steps': 100}
[ep=07 t=0063] choose_plan=0 action=0 reward=-4.690 info={'t': 64, 'max_steps': 100}
[ep=07 t=0064] choose_plan=1 action=0 reward=-4.565 info={'t': 65, 'max_steps': 100}
[ep=07 t=0065] choose_plan=4 action=0 reward=-4.608 info={'t': 66, 'max_steps': 100}
[ep=07 t=0066] choose_plan=1 action=0 reward=-4.644 info={'t': 67, 'max_steps': 100}
[ep=07 t=0067] choose_plan=1 action=0 reward=-4.498 info={'t': 68, 'max_steps': 100}
[ep=07 t=0068] choose_plan=1 action=4 reward=-8.798 info={'t': 69, 'max_steps': 100}
[ep=07 t=0069] choose_plan=1 action=0 reward=-4.755 info={'t': 70, 'max_steps': 100}
[ep=07 t=0070] choose_plan=0 action=0 reward=-4.731 info={'t': 71, 'max_steps': 100}
[ep=07 t=0071] choose_plan=0 action=0 reward=-4.469 info={'t': 72, 'max_steps': 100}
[ep=07 t=0072] choose_plan=1 action=0 reward=-4.529 info={'t': 73, 'max_steps': 100}
[ep=07 t=0073] choose_plan=0 action=0 reward=-4.479 info={'t': 74, 'max_steps': 100}
[ep=07 t=0074] choose_plan=1 action=0 reward=-4.383 info={'t': 75, 'max_steps': 100}
[ep=07 t=0075] choose_plan=3 action=0 reward=-4.300 info={'t': 76, 'max_steps': 100}
[ep=07 t=0076] choose_plan=3 action=0 reward=-4.453 info={'t': 77, 'max_steps': 100}
[ep=07 t=0077] choose_plan=0 action=0 reward=-4.265 info={'t': 78, 'max_steps': 100}
[ep=07 t=0078] choose_plan=0 action=0 reward=-4.153 info={'t': 79, 'max_steps': 100}
[ep=07 t=0079] choose_plan=2 action=0 reward=-4.000 info={'t': 80, 'max_steps': 100}
[ep=07 t=0080] choose_plan=2 action=0 reward=-4.034 info={'t': 81, 'max_steps': 100}
[ep=07 t=0081] choose_plan=2 action=0 reward=-4.000 info={'t': 82, 'max_steps': 100}
[ep=07 t=0082] choose_plan=1 action=0 reward=-4.000 info={'t': 83, 'max_steps': 100}
[ep=07 t=0083] choose_plan=1 action=0 reward=-4.000 info={'t': 84, 'max_steps': 100}
[ep=07 t=0084] choose_plan=0 action=0 reward=-4.148 info={'t': 85, 'max_steps': 100}
[ep=07 t=0085] choose_plan=3 action=0 reward=-4.188 info={'t': 86, 'max_steps': 100}
[ep=07 t=0086] choose_plan=4 action=0 reward=-4.285 info={'t': 87, 'max_steps': 100}
[ep=07 t=0087] choose_plan=2 action=0 reward=-4.233 info={'t': 88, 'max_steps': 100}
[ep=07 t=0088] choose_plan=5 action=0 reward=-4.091 info={'t': 89, 'max_steps': 100}
[ep=07 t=0089] choose_plan=3 action=0 reward=-4.126 info={'t': 90, 'max_steps': 100}
[ep=07 t=0090] choose_plan=5 action=0 reward=-4.213 info={'t': 91, 'max_steps': 100}
[ep=07 t=0091] choose_plan=1 action=0 reward=-4.285 info={'t': 92, 'max_steps': 100}
[ep=07 t=0092] choose_plan=0 action=0 reward=-4.405 info={'t': 93, 'max_steps': 100}
[ep=07 t=0093] choose_plan=1 action=0 reward=-4.595 info={'t': 94, 'max_steps': 100}
[ep=07 t=0094] choose_plan=5 action=0 reward=-4.502 info={'t': 95, 'max_steps': 100}
[ep=07 t=0095] choose_plan=3 action=0 reward=-4.610 info={'t': 96, 'max_steps': 100}
[ep=07 t=0096] choose_plan=0 action=0 reward=-4.593 info={'t': 97, 'max_steps': 100}
[ep=07 t=0097] choose_plan=3 action=0 reward=-4.725 info={'t': 98, 'max_steps': 100}
[ep=07 t=0098] choose_plan=0 action=0 reward=-4.772 info={'t': 99, 'max_steps': 100}
[ep=07 t=0099] choose_plan=0 action=0 reward=-4.720 info={'t': 100, 'max_steps': 100}
# done at t=99
# episode_summary {"episode": 7, "episode_return": -493.57548692882807, "reward_mean": -4.935754869288281, "reward_min": -8.797819956398769, "reward_max": -4.0, "steps": 100, "unique_actions": 4, "top5_actions": [[0, 96], [2, 2], [1, 1], [4, 1]]}

# ===== EPISODE 8 =====
[ep=08 t=0000] choose_plan=2 action=0 reward=-4.888 info={'t': 1, 'max_steps': 100}
[ep=08 t=0001] choose_plan=1 action=0 reward=-4.821 info={'t': 2, 'max_steps': 100}
[ep=08 t=0002] choose_plan=0 action=0 reward=-4.753 info={'t': 3, 'max_steps': 100}
[ep=08 t=0003] choose_plan=2 action=0 reward=-4.570 info={'t': 4, 'max_steps': 100}
[ep=08 t=0004] choose_plan=3 action=0 reward=-4.404 info={'t': 5, 'max_steps': 100}
[ep=08 t=0005] choose_plan=1 action=0 reward=-4.388 info={'t': 6, 'max_steps': 100}
[ep=08 t=0006] choose_plan=3 action=1 reward=-5.138 info={'t': 7, 'max_steps': 100}
[ep=08 t=0007] choose_plan=0 action=0 reward=-4.127 info={'t': 8, 'max_steps': 100}
[ep=08 t=0008] choose_plan=1 action=0 reward=-4.054 info={'t': 9, 'max_steps': 100}
[ep=08 t=0009] choose_plan=1 action=0 reward=-4.028 info={'t': 10, 'max_steps': 100}
[ep=08 t=0010] choose_plan=2 action=0 reward=-4.000 info={'t': 11, 'max_steps': 100}
[ep=08 t=0011] choose_plan=1 action=0 reward=-4.000 info={'t': 12, 'max_steps': 100}
[ep=08 t=0012] choose_plan=2 action=0 reward=-4.057 info={'t': 13, 'max_steps': 100}
[ep=08 t=0013] choose_plan=0 action=0 reward=-4.072 info={'t': 14, 'max_steps': 100}
[ep=08 t=0014] choose_plan=5 action=0 reward=-4.072 info={'t': 15, 'max_steps': 100}
[ep=08 t=0015] choose_plan=0 action=0 reward=-4.000 info={'t': 16, 'max_steps': 100}
[ep=08 t=0016] choose_plan=0 action=0 reward=-4.000 info={'t': 17, 'max_steps': 100}
[ep=08 t=0017] choose_plan=5 action=0 reward=-4.038 info={'t': 18, 'max_steps': 100}
[ep=08 t=0018] choose_plan=1 action=0 reward=-4.000 info={'t': 19, 'max_steps': 100}
[ep=08 t=0019] choose_plan=4 action=0 reward=-4.163 info={'t': 20, 'max_steps': 100}
[ep=08 t=0020] choose_plan=0 action=0 reward=-4.141 info={'t': 21, 'max_steps': 100}
[ep=08 t=0021] choose_plan=0 action=0 reward=-4.023 info={'t': 22, 'max_steps': 100}
[ep=08 t=0022] choose_plan=5 action=0 reward=-4.000 info={'t': 23, 'max_steps': 100}
[ep=08 t=0023] choose_plan=0 action=0 reward=-4.000 info={'t': 24, 'max_steps': 100}
[ep=08 t=0024] choose_plan=2 action=0 reward=-4.095 info={'t': 25, 'max_steps': 100}
[ep=08 t=0025] choose_plan=1 action=0 reward=-4.000 info={'t': 26, 'max_steps': 100}
[ep=08 t=0026] choose_plan=0 action=0 reward=-4.000 info={'t': 27, 'max_steps': 100}
[ep=08 t=0027] choose_plan=2 action=0 reward=-4.000 info={'t': 28, 'max_steps': 100}
[ep=08 t=0028] choose_plan=5 action=0 reward=-4.047 info={'t': 29, 'max_steps': 100}
[ep=08 t=0029] choose_plan=1 action=0 reward=-4.083 info={'t': 30, 'max_steps': 100}
[ep=08 t=0030] choose_plan=1 action=0 reward=-4.094 info={'t': 31, 'max_steps': 100}
[ep=08 t=0031] choose_plan=2 action=0 reward=-4.253 info={'t': 32, 'max_steps': 100}
[ep=08 t=0032] choose_plan=4 action=0 reward=-4.091 info={'t': 33, 'max_steps': 100}
[ep=08 t=0033] choose_plan=2 action=0 reward=-4.124 info={'t': 34, 'max_steps': 100}
[ep=08 t=0034] choose_plan=5 action=0 reward=-4.185 info={'t': 35, 'max_steps': 100}
[ep=08 t=0035] choose_plan=0 action=1 reward=-5.000 info={'t': 36, 'max_steps': 100}
[ep=08 t=0036] choose_plan=2 action=0 reward=-4.000 info={'t': 37, 'max_steps': 100}
[ep=08 t=0037] choose_plan=1 action=0 reward=-4.000 info={'t': 38, 'max_steps': 100}
[ep=08 t=0038] choose_plan=5 action=0 reward=-4.000 info={'t': 39, 'max_steps': 100}
[ep=08 t=0039] choose_plan=5 action=0 reward=-4.049 info={'t': 40, 'max_steps': 100}
[ep=08 t=0040] choose_plan=3 action=2 reward=-6.080 info={'t': 41, 'max_steps': 100}
[ep=08 t=0041] choose_plan=5 action=0 reward=-4.000 info={'t': 42, 'max_steps': 100}
[ep=08 t=0042] choose_plan=0 action=0 reward=-4.000 info={'t': 43, 'max_steps': 100}
[ep=08 t=0043] choose_plan=4 action=0 reward=-4.000 info={'t': 44, 'max_steps': 100}
[ep=08 t=0044] choose_plan=2 action=0 reward=-4.000 info={'t': 45, 'max_steps': 100}
[ep=08 t=0045] choose_plan=0 action=1 reward=-5.000 info={'t': 46, 'max_steps': 100}
[ep=08 t=0046] choose_plan=3 action=0 reward=-4.000 info={'t': 47, 'max_steps': 100}
[ep=08 t=0047] choose_plan=0 action=0 reward=-4.000 info={'t': 48, 'max_steps': 100}
[ep=08 t=0048] choose_plan=5 action=0 reward=-4.161 info={'t': 49, 'max_steps': 100}
[ep=08 t=0049] choose_plan=0 action=0 reward=-4.255 info={'t': 50, 'max_steps': 100}
[ep=08 t=0050] choose_plan=2 action=0 reward=-4.345 info={'t': 51, 'max_steps': 100}
[ep=08 t=0051] choose_plan=0 action=0 reward=-4.137 info={'t': 52, 'max_steps': 100}
[ep=08 t=0052] choose_plan=4 action=0 reward=-4.105 info={'t': 53, 'max_steps': 100}
[ep=08 t=0053] choose_plan=4 action=0 reward=-4.000 info={'t': 54, 'max_steps': 100}
[ep=08 t=0054] choose_plan=0 action=0 reward=-4.071 info={'t': 55, 'max_steps': 100}
[ep=08 t=0055] choose_plan=1 action=0 reward=-4.020 info={'t': 56, 'max_steps': 100}
[ep=08 t=0056] choose_plan=2 action=0 reward=-4.000 info={'t': 57, 'max_steps': 100}
[ep=08 t=0057] choose_plan=0 action=0 reward=-4.036 info={'t': 58, 'max_steps': 100}
[ep=08 t=0058] choose_plan=0 action=0 reward=-4.098 info={'t': 59, 'max_steps': 100}
[ep=08 t=0059] choose_plan=2 action=0 reward=-4.164 info={'t': 60, 'max_steps': 100}
[ep=08 t=0060] choose_plan=1 action=0 reward=-4.135 info={'t': 61, 'max_steps': 100}
[ep=08 t=0061] choose_plan=0 action=0 reward=-4.000 info={'t': 62, 'max_steps': 100}
[ep=08 t=0062] choose_plan=1 action=0 reward=-4.062 info={'t': 63, 'max_steps': 100}
[ep=08 t=0063] choose_plan=0 action=0 reward=-4.173 info={'t': 64, 'max_steps': 100}
[ep=08 t=0064] choose_plan=4 action=0 reward=-4.226 info={'t': 65, 'max_steps': 100}
[ep=08 t=0065] choose_plan=3 action=2 reward=-6.185 info={'t': 66, 'max_steps': 100}
[ep=08 t=0066] choose_plan=3 action=0 reward=-4.084 info={'t': 67, 'max_steps': 100}
[ep=08 t=0067] choose_plan=5 action=0 reward=-4.289 info={'t': 68, 'max_steps': 100}
[ep=08 t=0068] choose_plan=1 action=0 reward=-4.188 info={'t': 69, 'max_steps': 100}
[ep=08 t=0069] choose_plan=3 action=0 reward=-4.247 info={'t': 70, 'max_steps': 100}
[ep=08 t=0070] choose_plan=2 action=0 reward=-4.200 info={'t': 71, 'max_steps': 100}
[ep=08 t=0071] choose_plan=4 action=0 reward=-4.196 info={'t': 72, 'max_steps': 100}
[ep=08 t=0072] choose_plan=5 action=0 reward=-4.282 info={'t': 73, 'max_steps': 100}
[ep=08 t=0073] choose_plan=5 action=0 reward=-4.409 info={'t': 74, 'max_steps': 100}
[ep=08 t=0074] choose_plan=2 action=0 reward=-4.284 info={'t': 75, 'max_steps': 100}
[ep=08 t=0075] choose_plan=0 action=0 reward=-4.102 info={'t': 76, 'max_steps': 100}
[ep=08 t=0076] choose_plan=2 action=0 reward=-4.000 info={'t': 77, 'max_steps': 100}
[ep=08 t=0077] choose_plan=2 action=0 reward=-4.000 info={'t': 78, 'max_steps': 100}
[ep=08 t=0078] choose_plan=5 action=0 reward=-4.000 info={'t': 79, 'max_steps': 100}
[ep=08 t=0079] choose_plan=2 action=0 reward=-4.073 info={'t': 80, 'max_steps': 100}
[ep=08 t=0080] choose_plan=2 action=0 reward=-4.094 info={'t': 81, 'max_steps': 100}
[ep=08 t=0081] choose_plan=0 action=0 reward=-4.001 info={'t': 82, 'max_steps': 100}
[ep=08 t=0082] choose_plan=3 action=0 reward=-4.000 info={'t': 83, 'max_steps': 100}
[ep=08 t=0083] choose_plan=0 action=0 reward=-4.115 info={'t': 84, 'max_steps': 100}
[ep=08 t=0084] choose_plan=0 action=0 reward=-4.008 info={'t': 85, 'max_steps': 100}
[ep=08 t=0085] choose_plan=3 action=1 reward=-5.000 info={'t': 86, 'max_steps': 100}
[ep=08 t=0086] choose_plan=5 action=0 reward=-4.000 info={'t': 87, 'max_steps': 100}
[ep=08 t=0087] choose_plan=3 action=0 reward=-4.000 info={'t': 88, 'max_steps': 100}
[ep=08 t=0088] choose_plan=0 action=0 reward=-4.022 info={'t': 89, 'max_steps': 100}
[ep=08 t=0089] choose_plan=5 action=2 reward=-6.000 info={'t': 90, 'max_steps': 100}
[ep=08 t=0090] choose_plan=0 action=0 reward=-4.023 info={'t': 91, 'max_steps': 100}
[ep=08 t=0091] choose_plan=2 action=0 reward=-4.000 info={'t': 92, 'max_steps': 100}
[ep=08 t=0092] choose_plan=5 action=0 reward=-4.000 info={'t': 93, 'max_steps': 100}
[ep=08 t=0093] choose_plan=2 action=0 reward=-4.065 info={'t': 94, 'max_steps': 100}
[ep=08 t=0094] choose_plan=0 action=0 reward=-4.056 info={'t': 95, 'max_steps': 100}
[ep=08 t=0095] choose_plan=4 action=0 reward=-4.055 info={'t': 96, 'max_steps': 100}
[ep=08 t=0096] choose_plan=5 action=0 reward=-4.034 info={'t': 97, 'max_steps': 100}
[ep=08 t=0097] choose_plan=1 action=0 reward=-4.009 info={'t': 98, 'max_steps': 100}
[ep=08 t=0098] choose_plan=5 action=0 reward=-4.000 info={'t': 99, 'max_steps': 100}
[ep=08 t=0099] choose_plan=0 action=0 reward=-4.000 info={'t': 100, 'max_steps': 100}
# done at t=99
# episode_summary {"episode": 8, "episode_return": -420.84485630815647, "reward_mean": -4.208448563081564, "reward_min": -6.184875626309352, "reward_max": -4.0, "steps": 100, "unique_actions": 3, "top5_actions": [[0, 93], [1, 4], [2, 3]]}

# ===== EPISODE 9 =====
[ep=09 t=0000] choose_plan=0 action=0 reward=-5.182 info={'t': 1, 'max_steps': 100}
[ep=09 t=0001] choose_plan=0 action=0 reward=-5.225 info={'t': 2, 'max_steps': 100}
[ep=09 t=0002] choose_plan=0 action=0 reward=-5.168 info={'t': 3, 'max_steps': 100}
[ep=09 t=0003] choose_plan=3 action=0 reward=-5.097 info={'t': 4, 'max_steps': 100}
[ep=09 t=0004] choose_plan=3 action=0 reward=-4.830 info={'t': 5, 'max_steps': 100}
[ep=09 t=0005] choose_plan=4 action=1 reward=-5.580 info={'t': 6, 'max_steps': 100}
[ep=09 t=0006] choose_plan=1 action=0 reward=-4.488 info={'t': 7, 'max_steps': 100}
[ep=09 t=0007] choose_plan=5 action=0 reward=-4.580 info={'t': 8, 'max_steps': 100}
[ep=09 t=0008] choose_plan=5 action=0 reward=-4.614 info={'t': 9, 'max_steps': 100}
[ep=09 t=0009] choose_plan=3 action=0 reward=-4.523 info={'t': 10, 'max_steps': 100}
[ep=09 t=0010] choose_plan=2 action=0 reward=-4.638 info={'t': 11, 'max_steps': 100}
[ep=09 t=0011] choose_plan=3 action=0 reward=-4.779 info={'t': 12, 'max_steps': 100}
[ep=09 t=0012] choose_plan=3 action=0 reward=-4.813 info={'t': 13, 'max_steps': 100}
[ep=09 t=0013] choose_plan=1 action=1 reward=-5.563 info={'t': 14, 'max_steps': 100}
[ep=09 t=0014] choose_plan=4 action=0 reward=-4.613 info={'t': 15, 'max_steps': 100}
[ep=09 t=0015] choose_plan=5 action=0 reward=-4.455 info={'t': 16, 'max_steps': 100}
[ep=09 t=0016] choose_plan=4 action=0 reward=-4.408 info={'t': 17, 'max_steps': 100}
[ep=09 t=0017] choose_plan=5 action=0 reward=-4.399 info={'t': 18, 'max_steps': 100}
[ep=09 t=0018] choose_plan=0 action=0 reward=-4.297 info={'t': 19, 'max_steps': 100}
[ep=09 t=0019] choose_plan=4 action=1 reward=-5.047 info={'t': 20, 'max_steps': 100}
[ep=09 t=0020] choose_plan=5 action=0 reward=-4.083 info={'t': 21, 'max_steps': 100}
[ep=09 t=0021] choose_plan=5 action=0 reward=-4.026 info={'t': 22, 'max_steps': 100}
[ep=09 t=0022] choose_plan=2 action=1 reward=-5.000 info={'t': 23, 'max_steps': 100}
[ep=09 t=0023] choose_plan=5 action=0 reward=-4.100 info={'t': 24, 'max_steps': 100}
[ep=09 t=0024] choose_plan=0 action=0 reward=-4.147 info={'t': 25, 'max_steps': 100}
[ep=09 t=0025] choose_plan=1 action=0 reward=-4.095 info={'t': 26, 'max_steps': 100}
[ep=09 t=0026] choose_plan=2 action=0 reward=-4.039 info={'t': 27, 'max_steps': 100}
[ep=09 t=0027] choose_plan=3 action=0 reward=-4.000 info={'t': 28, 'max_steps': 100}
[ep=09 t=0028] choose_plan=0 action=0 reward=-4.000 info={'t': 29, 'max_steps': 100}
[ep=09 t=0029] choose_plan=0 action=0 reward=-4.000 info={'t': 30, 'max_steps': 100}
[ep=09 t=0030] choose_plan=1 action=1 reward=-5.000 info={'t': 31, 'max_steps': 100}
[ep=09 t=0031] choose_plan=1 action=0 reward=-4.000 info={'t': 32, 'max_steps': 100}
[ep=09 t=0032] choose_plan=4 action=0 reward=-4.094 info={'t': 33, 'max_steps': 100}
[ep=09 t=0033] choose_plan=1 action=0 reward=-4.043 info={'t': 34, 'max_steps': 100}
[ep=09 t=0034] choose_plan=5 action=0 reward=-4.000 info={'t': 35, 'max_steps': 100}
[ep=09 t=0035] choose_plan=4 action=0 reward=-4.000 info={'t': 36, 'max_steps': 100}
[ep=09 t=0036] choose_plan=2 action=0 reward=-4.021 info={'t': 37, 'max_steps': 100}
[ep=09 t=0037] choose_plan=3 action=0 reward=-4.152 info={'t': 38, 'max_steps': 100}
[ep=09 t=0038] choose_plan=5 action=0 reward=-4.087 info={'t': 39, 'max_steps': 100}
[ep=09 t=0039] choose_plan=3 action=0 reward=-4.116 info={'t': 40, 'max_steps': 100}
[ep=09 t=0040] choose_plan=0 action=0 reward=-4.228 info={'t': 41, 'max_steps': 100}
[ep=09 t=0041] choose_plan=1 action=0 reward=-4.174 info={'t': 42, 'max_steps': 100}
[ep=09 t=0042] choose_plan=1 action=0 reward=-4.321 info={'t': 43, 'max_steps': 100}
[ep=09 t=0043] choose_plan=1 action=0 reward=-4.294 info={'t': 44, 'max_steps': 100}
[ep=09 t=0044] choose_plan=5 action=0 reward=-4.222 info={'t': 45, 'max_steps': 100}
[ep=09 t=0045] choose_plan=0 action=0 reward=-4.180 info={'t': 46, 'max_steps': 100}
[ep=09 t=0046] choose_plan=1 action=0 reward=-4.117 info={'t': 47, 'max_steps': 100}
[ep=09 t=0047] choose_plan=0 action=0 reward=-4.124 info={'t': 48, 'max_steps': 100}
[ep=09 t=0048] choose_plan=4 action=0 reward=-4.303 info={'t': 49, 'max_steps': 100}
[ep=09 t=0049] choose_plan=4 action=0 reward=-4.245 info={'t': 50, 'max_steps': 100}
[ep=09 t=0050] choose_plan=0 action=0 reward=-4.362 info={'t': 51, 'max_steps': 100}
[ep=09 t=0051] choose_plan=0 action=0 reward=-4.369 info={'t': 52, 'max_steps': 100}
[ep=09 t=0052] choose_plan=2 action=0 reward=-4.349 info={'t': 53, 'max_steps': 100}
[ep=09 t=0053] choose_plan=0 action=0 reward=-4.277 info={'t': 54, 'max_steps': 100}
[ep=09 t=0054] choose_plan=2 action=0 reward=-4.117 info={'t': 55, 'max_steps': 100}
[ep=09 t=0055] choose_plan=0 action=0 reward=-4.174 info={'t': 56, 'max_steps': 100}
[ep=09 t=0056] choose_plan=4 action=0 reward=-4.268 info={'t': 57, 'max_steps': 100}
[ep=09 t=0057] choose_plan=5 action=0 reward=-4.335 info={'t': 58, 'max_steps': 100}
[ep=09 t=0058] choose_plan=2 action=0 reward=-4.471 info={'t': 59, 'max_steps': 100}
[ep=09 t=0059] choose_plan=5 action=0 reward=-4.409 info={'t': 60, 'max_steps': 100}
[ep=09 t=0060] choose_plan=2 action=0 reward=-4.396 info={'t': 61, 'max_steps': 100}
[ep=09 t=0061] choose_plan=1 action=0 reward=-4.368 info={'t': 62, 'max_steps': 100}
[ep=09 t=0062] choose_plan=4 action=0 reward=-4.501 info={'t': 63, 'max_steps': 100}
[ep=09 t=0063] choose_plan=3 action=0 reward=-4.449 info={'t': 64, 'max_steps': 100}
[ep=09 t=0064] choose_plan=0 action=0 reward=-4.580 info={'t': 65, 'max_steps': 100}
[ep=09 t=0065] choose_plan=3 action=0 reward=-4.485 info={'t': 66, 'max_steps': 100}
[ep=09 t=0066] choose_plan=4 action=0 reward=-4.301 info={'t': 67, 'max_steps': 100}
[ep=09 t=0067] choose_plan=4 action=0 reward=-4.331 info={'t': 68, 'max_steps': 100}
[ep=09 t=0068] choose_plan=5 action=0 reward=-4.361 info={'t': 69, 'max_steps': 100}
[ep=09 t=0069] choose_plan=0 action=0 reward=-4.422 info={'t': 70, 'max_steps': 100}
[ep=09 t=0070] choose_plan=1 action=0 reward=-4.476 info={'t': 71, 'max_steps': 100}
[ep=09 t=0071] choose_plan=3 action=0 reward=-4.461 info={'t': 72, 'max_steps': 100}
[ep=09 t=0072] choose_plan=0 action=0 reward=-4.601 info={'t': 73, 'max_steps': 100}
[ep=09 t=0073] choose_plan=4 action=0 reward=-4.646 info={'t': 74, 'max_steps': 100}
[ep=09 t=0074] choose_plan=2 action=0 reward=-4.581 info={'t': 75, 'max_steps': 100}
[ep=09 t=0075] choose_plan=4 action=0 reward=-4.557 info={'t': 76, 'max_steps': 100}
[ep=09 t=0076] choose_plan=0 action=1 reward=-5.307 info={'t': 77, 'max_steps': 100}
[ep=09 t=0077] choose_plan=2 action=0 reward=-4.389 info={'t': 78, 'max_steps': 100}
[ep=09 t=0078] choose_plan=4 action=1 reward=-5.139 info={'t': 79, 'max_steps': 100}
[ep=09 t=0079] choose_plan=0 action=3 reward=-7.000 info={'t': 80, 'max_steps': 100}
[ep=09 t=0080] choose_plan=3 action=0 reward=-4.000 info={'t': 81, 'max_steps': 100}
[ep=09 t=0081] choose_plan=0 action=0 reward=-4.063 info={'t': 82, 'max_steps': 100}
[ep=09 t=0082] choose_plan=4 action=0 reward=-4.181 info={'t': 83, 'max_steps': 100}
[ep=09 t=0083] choose_plan=0 action=0 reward=-4.094 info={'t': 84, 'max_steps': 100}
[ep=09 t=0084] choose_plan=5 action=0 reward=-4.092 info={'t': 85, 'max_steps': 100}
[ep=09 t=0085] choose_plan=2 action=0 reward=-4.087 info={'t': 86, 'max_steps': 100}
[ep=09 t=0086] choose_plan=1 action=0 reward=-4.055 info={'t': 87, 'max_steps': 100}
[ep=09 t=0087] choose_plan=4 action=0 reward=-4.000 info={'t': 88, 'max_steps': 100}
[ep=09 t=0088] choose_plan=5 action=0 reward=-4.023 info={'t': 89, 'max_steps': 100}
[ep=09 t=0089] choose_plan=1 action=0 reward=-4.000 info={'t': 90, 'max_steps': 100}
[ep=09 t=0090] choose_plan=0 action=0 reward=-4.000 info={'t': 91, 'max_steps': 100}
[ep=09 t=0091] choose_plan=0 action=0 reward=-4.049 info={'t': 92, 'max_steps': 100}
[ep=09 t=0092] choose_plan=4 action=0 reward=-4.062 info={'t': 93, 'max_steps': 100}
[ep=09 t=0093] choose_plan=1 action=0 reward=-4.007 info={'t': 94, 'max_steps': 100}
[ep=09 t=0094] choose_plan=5 action=0 reward=-4.000 info={'t': 95, 'max_steps': 100}
[ep=09 t=0095] choose_plan=3 action=0 reward=-4.000 info={'t': 96, 'max_steps': 100}
[ep=09 t=0096] choose_plan=3 action=0 reward=-4.085 info={'t': 97, 'max_steps': 100}
[ep=09 t=0097] choose_plan=0 action=0 reward=-4.239 info={'t': 98, 'max_steps': 100}
[ep=09 t=0098] choose_plan=4 action=0 reward=-4.193 info={'t': 99, 'max_steps': 100}
[ep=09 t=0099] choose_plan=2 action=0 reward=-4.244 info={'t': 100, 'max_steps': 100}
# done at t=99
# episode_summary {"episode": 9, "episode_return": -439.46875704536177, "reward_mean": -4.394687570453618, "reward_min": -7.0, "reward_max": -4.0, "steps": 100, "unique_actions": 3, "top5_actions": [[0, 92], [1, 7], [3, 1]]}

# ===== EPISODE 10 =====
[ep=10 t=0000] choose_plan=1 action=0 reward=-5.023 info={'t': 1, 'max_steps': 100}
[ep=10 t=0001] choose_plan=4 action=2 reward=-7.067 info={'t': 2, 'max_steps': 100}
[ep=10 t=0002] choose_plan=2 action=0 reward=-5.135 info={'t': 3, 'max_steps': 100}
[ep=10 t=0003] choose_plan=0 action=0 reward=-4.944 info={'t': 4, 'max_steps': 100}
[ep=10 t=0004] choose_plan=4 action=0 reward=-4.850 info={'t': 5, 'max_steps': 100}
[ep=10 t=0005] choose_plan=5 action=0 reward=-4.801 info={'t': 6, 'max_steps': 100}
[ep=10 t=0006] choose_plan=1 action=0 reward=-4.774 info={'t': 7, 'max_steps': 100}
[ep=10 t=0007] choose_plan=0 action=0 reward=-4.745 info={'t': 8, 'max_steps': 100}
[ep=10 t=0008] choose_plan=5 action=0 reward=-4.613 info={'t': 9, 'max_steps': 100}
[ep=10 t=0009] choose_plan=1 action=0 reward=-4.557 info={'t': 10, 'max_steps': 100}
[ep=10 t=0010] choose_plan=3 action=0 reward=-4.406 info={'t': 11, 'max_steps': 100}
[ep=10 t=0011] choose_plan=3 action=0 reward=-4.468 info={'t': 12, 'max_steps': 100}
[ep=10 t=0012] choose_plan=0 action=0 reward=-4.566 info={'t': 13, 'max_steps': 100}
[ep=10 t=0013] choose_plan=5 action=0 reward=-4.519 info={'t': 14, 'max_steps': 100}
[ep=10 t=0014] choose_plan=2 action=0 reward=-4.505 info={'t': 15, 'max_steps': 100}
[ep=10 t=0015] choose_plan=4 action=0 reward=-4.465 info={'t': 16, 'max_steps': 100}
[ep=10 t=0016] choose_plan=0 action=0 reward=-4.524 info={'t': 17, 'max_steps': 100}
[ep=10 t=0017] choose_plan=3 action=0 reward=-4.552 info={'t': 18, 'max_steps': 100}
[ep=10 t=0018] choose_plan=0 action=0 reward=-4.488 info={'t': 19, 'max_steps': 100}
[ep=10 t=0019] choose_plan=3 action=0 reward=-4.519 info={'t': 20, 'max_steps': 100}
[ep=10 t=0020] choose_plan=3 action=0 reward=-4.683 info={'t': 21, 'max_steps': 100}
[ep=10 t=0021] choose_plan=3 action=0 reward=-4.652 info={'t': 22, 'max_steps': 100}
[ep=10 t=0022] choose_plan=4 action=0 reward=-4.668 info={'t': 23, 'max_steps': 100}
[ep=10 t=0023] choose_plan=5 action=0 reward=-4.691 info={'t': 24, 'max_steps': 100}
[ep=10 t=0024] choose_plan=2 action=0 reward=-4.641 info={'t': 25, 'max_steps': 100}
[ep=10 t=0025] choose_plan=1 action=0 reward=-4.773 info={'t': 26, 'max_steps': 100}
[ep=10 t=0026] choose_plan=1 action=0 reward=-4.804 info={'t': 27, 'max_steps': 100}
[ep=10 t=0027] choose_plan=2 action=2 reward=-6.635 info={'t': 28, 'max_steps': 100}
[ep=10 t=0028] choose_plan=5 action=0 reward=-4.603 info={'t': 29, 'max_steps': 100}
[ep=10 t=0029] choose_plan=3 action=0 reward=-4.667 info={'t': 30, 'max_steps': 100}
[ep=10 t=0030] choose_plan=1 action=0 reward=-4.529 info={'t': 31, 'max_steps': 100}
[ep=10 t=0031] choose_plan=5 action=0 reward=-4.677 info={'t': 32, 'max_steps': 100}
[ep=10 t=0032] choose_plan=3 action=0 reward=-4.745 info={'t': 33, 'max_steps': 100}
[ep=10 t=0033] choose_plan=5 action=0 reward=-4.761 info={'t': 34, 'max_steps': 100}
[ep=10 t=0034] choose_plan=3 action=0 reward=-4.660 info={'t': 35, 'max_steps': 100}
[ep=10 t=0035] choose_plan=5 action=0 reward=-4.634 info={'t': 36, 'max_steps': 100}
[ep=10 t=0036] choose_plan=2 action=0 reward=-4.658 info={'t': 37, 'max_steps': 100}
[ep=10 t=0037] choose_plan=0 action=0 reward=-4.675 info={'t': 38, 'max_steps': 100}
[ep=10 t=0038] choose_plan=5 action=0 reward=-4.617 info={'t': 39, 'max_steps': 100}
[ep=10 t=0039] choose_plan=0 action=0 reward=-4.677 info={'t': 40, 'max_steps': 100}
[ep=10 t=0040] choose_plan=0 action=1 reward=-5.427 info={'t': 41, 'max_steps': 100}
[ep=10 t=0041] choose_plan=5 action=0 reward=-4.432 info={'t': 42, 'max_steps': 100}
[ep=10 t=0042] choose_plan=1 action=2 reward=-6.556 info={'t': 43, 'max_steps': 100}
[ep=10 t=0043] choose_plan=3 action=0 reward=-4.596 info={'t': 44, 'max_steps': 100}
[ep=10 t=0044] choose_plan=5 action=0 reward=-4.530 info={'t': 45, 'max_steps': 100}
[ep=10 t=0045] choose_plan=0 action=0 reward=-4.618 info={'t': 46, 'max_steps': 100}
[ep=10 t=0046] choose_plan=3 action=0 reward=-4.718 info={'t': 47, 'max_steps': 100}
[ep=10 t=0047] choose_plan=1 action=0 reward=-4.762 info={'t': 48, 'max_steps': 100}
[ep=10 t=0048] choose_plan=0 action=0 reward=-4.864 info={'t': 49, 'max_steps': 100}
[ep=10 t=0049] choose_plan=0 action=2 reward=-6.922 info={'t': 50, 'max_steps': 100}
[ep=10 t=0050] choose_plan=4 action=0 reward=-4.854 info={'t': 51, 'max_steps': 100}
[ep=10 t=0051] choose_plan=2 action=1 reward=-5.604 info={'t': 52, 'max_steps': 100}
[ep=10 t=0052] choose_plan=1 action=0 reward=-4.591 info={'t': 53, 'max_steps': 100}
[ep=10 t=0053] choose_plan=0 action=0 reward=-4.499 info={'t': 54, 'max_steps': 100}
[ep=10 t=0054] choose_plan=2 action=0 reward=-4.588 info={'t': 55, 'max_steps': 100}
[ep=10 t=0055] choose_plan=0 action=0 reward=-4.449 info={'t': 56, 'max_steps': 100}
[ep=10 t=0056] choose_plan=0 action=0 reward=-4.391 info={'t': 57, 'max_steps': 100}
[ep=10 t=0057] choose_plan=2 action=0 reward=-4.249 info={'t': 58, 'max_steps': 100}
[ep=10 t=0058] choose_plan=5 action=0 reward=-4.295 info={'t': 59, 'max_steps': 100}
[ep=10 t=0059] choose_plan=4 action=2 reward=-6.173 info={'t': 60, 'max_steps': 100}
[ep=10 t=0060] choose_plan=0 action=0 reward=-4.251 info={'t': 61, 'max_steps': 100}
[ep=10 t=0061] choose_plan=2 action=0 reward=-4.298 info={'t': 62, 'max_steps': 100}
[ep=10 t=0062] choose_plan=0 action=0 reward=-4.355 info={'t': 63, 'max_steps': 100}
[ep=10 t=0063] choose_plan=0 action=0 reward=-4.439 info={'t': 64, 'max_steps': 100}
[ep=10 t=0064] choose_plan=1 action=1 reward=-5.189 info={'t': 65, 'max_steps': 100}
[ep=10 t=0065] choose_plan=1 action=0 reward=-4.147 info={'t': 66, 'max_steps': 100}
[ep=10 t=0066] choose_plan=3 action=0 reward=-4.034 info={'t': 67, 'max_steps': 100}
[ep=10 t=0067] choose_plan=4 action=0 reward=-4.148 info={'t': 68, 'max_steps': 100}
[ep=10 t=0068] choose_plan=4 action=0 reward=-4.208 info={'t': 69, 'max_steps': 100}
[ep=10 t=0069] choose_plan=2 action=0 reward=-4.194 info={'t': 70, 'max_steps': 100}
[ep=10 t=0070] choose_plan=0 action=0 reward=-4.224 info={'t': 71, 'max_steps': 100}
[ep=10 t=0071] choose_plan=0 action=0 reward=-4.173 info={'t': 72, 'max_steps': 100}
[ep=10 t=0072] choose_plan=4 action=1 reward=-5.000 info={'t': 73, 'max_steps': 100}
[ep=10 t=0073] choose_plan=1 action=1 reward=-5.000 info={'t': 74, 'max_steps': 100}
[ep=10 t=0074] choose_plan=2 action=0 reward=-4.000 info={'t': 75, 'max_steps': 100}
[ep=10 t=0075] choose_plan=2 action=0 reward=-4.000 info={'t': 76, 'max_steps': 100}
[ep=10 t=0076] choose_plan=0 action=0 reward=-4.017 info={'t': 77, 'max_steps': 100}
[ep=10 t=0077] choose_plan=0 action=0 reward=-4.065 info={'t': 78, 'max_steps': 100}
[ep=10 t=0078] choose_plan=2 action=0 reward=-4.044 info={'t': 79, 'max_steps': 100}
[ep=10 t=0079] choose_plan=1 action=0 reward=-4.059 info={'t': 80, 'max_steps': 100}
[ep=10 t=0080] choose_plan=0 action=0 reward=-4.029 info={'t': 81, 'max_steps': 100}
[ep=10 t=0081] choose_plan=2 action=0 reward=-4.000 info={'t': 82, 'max_steps': 100}
[ep=10 t=0082] choose_plan=5 action=0 reward=-4.000 info={'t': 83, 'max_steps': 100}
[ep=10 t=0083] choose_plan=0 action=0 reward=-4.057 info={'t': 84, 'max_steps': 100}
[ep=10 t=0084] choose_plan=0 action=0 reward=-4.115 info={'t': 85, 'max_steps': 100}
[ep=10 t=0085] choose_plan=0 action=0 reward=-4.248 info={'t': 86, 'max_steps': 100}
[ep=10 t=0086] choose_plan=3 action=0 reward=-4.254 info={'t': 87, 'max_steps': 100}
[ep=10 t=0087] choose_plan=2 action=0 reward=-4.232 info={'t': 88, 'max_steps': 100}
[ep=10 t=0088] choose_plan=0 action=0 reward=-4.114 info={'t': 89, 'max_steps': 100}
[ep=10 t=0089] choose_plan=2 action=0 reward=-4.192 info={'t': 90, 'max_steps': 100}
[ep=10 t=0090] choose_plan=1 action=0 reward=-4.103 info={'t': 91, 'max_steps': 100}
[ep=10 t=0091] choose_plan=2 action=0 reward=-4.107 info={'t': 92, 'max_steps': 100}
[ep=10 t=0092] choose_plan=2 action=0 reward=-4.326 info={'t': 93, 'max_steps': 100}
[ep=10 t=0093] choose_plan=0 action=0 reward=-4.346 info={'t': 94, 'max_steps': 100}
[ep=10 t=0094] choose_plan=0 action=0 reward=-4.205 info={'t': 95, 'max_steps': 100}
[ep=10 t=0095] choose_plan=1 action=0 reward=-4.336 info={'t': 96, 'max_steps': 100}
[ep=10 t=0096] choose_plan=5 action=0 reward=-4.602 info={'t': 97, 'max_steps': 100}
[ep=10 t=0097] choose_plan=3 action=0 reward=-4.629 info={'t': 98, 'max_steps': 100}
[ep=10 t=0098] choose_plan=4 action=0 reward=-4.679 info={'t': 99, 'max_steps': 100}
[ep=10 t=0099] choose_plan=1 action=0 reward=-4.585 info={'t': 100, 'max_steps': 100}
# done at t=99
# episode_summary {"episode": 10, "episode_return": -461.0875101780674, "reward_mean": -4.610875101780675, "reward_min": -7.067376774295501, "reward_max": -4.0, "steps": 100, "unique_actions": 3, "top5_actions": [[0, 90], [2, 5], [1, 5]]}

# ===== EPISODE 11 =====
[ep=11 t=0000] choose_plan=4 action=0 reward=-4.911 info={'t': 1, 'max_steps': 100}
[ep=11 t=0001] choose_plan=3 action=0 reward=-4.864 info={'t': 2, 'max_steps': 100}
[ep=11 t=0002] choose_plan=3 action=0 reward=-4.616 info={'t': 3, 'max_steps': 100}
[ep=11 t=0003] choose_plan=1 action=0 reward=-4.565 info={'t': 4, 'max_steps': 100}
[ep=11 t=0004] choose_plan=3 action=0 reward=-4.544 info={'t': 5, 'max_steps': 100}
[ep=11 t=0005] choose_plan=0 action=3 reward=-7.144 info={'t': 6, 'max_steps': 100}
[ep=11 t=0006] choose_plan=2 action=0 reward=-4.095 info={'t': 7, 'max_steps': 100}
[ep=11 t=0007] choose_plan=3 action=3 reward=-7.000 info={'t': 8, 'max_steps': 100}
[ep=11 t=0008] choose_plan=3 action=0 reward=-4.000 info={'t': 9, 'max_steps': 100}
[ep=11 t=0009] choose_plan=5 action=0 reward=-4.000 info={'t': 10, 'max_steps': 100}
[ep=11 t=0010] choose_plan=5 action=0 reward=-4.000 info={'t': 11, 'max_steps': 100}
[ep=11 t=0011] choose_plan=2 action=0 reward=-4.116 info={'t': 12, 'max_steps': 100}
[ep=11 t=0012] choose_plan=0 action=0 reward=-4.123 info={'t': 13, 'max_steps': 100}
[ep=11 t=0013] choose_plan=0 action=0 reward=-4.150 info={'t': 14, 'max_steps': 100}
[ep=11 t=0014] choose_plan=2 action=0 reward=-4.170 info={'t': 15, 'max_steps': 100}
[ep=11 t=0015] choose_plan=1 action=0 reward=-4.207 info={'t': 16, 'max_steps': 100}
[ep=11 t=0016] choose_plan=2 action=0 reward=-4.054 info={'t': 17, 'max_steps': 100}
[ep=11 t=0017] choose_plan=2 action=0 reward=-4.076 info={'t': 18, 'max_steps': 100}
[ep=11 t=0018] choose_plan=5 action=0 reward=-4.050 info={'t': 19, 'max_steps': 100}
[ep=11 t=0019] choose_plan=1 action=0 reward=-4.062 info={'t': 20, 'max_steps': 100}
[ep=11 t=0020] choose_plan=1 action=0 reward=-4.014 info={'t': 21, 'max_steps': 100}
[ep=11 t=0021] choose_plan=4 action=0 reward=-4.000 info={'t': 22, 'max_steps': 100}
[ep=11 t=0022] choose_plan=2 action=1 reward=-5.000 info={'t': 23, 'max_steps': 100}
[ep=11 t=0023] choose_plan=0 action=0 reward=-4.000 info={'t': 24, 'max_steps': 100}
[ep=11 t=0024] choose_plan=0 action=0 reward=-4.039 info={'t': 25, 'max_steps': 100}
[ep=11 t=0025] choose_plan=1 action=0 reward=-4.028 info={'t': 26, 'max_steps': 100}
[ep=11 t=0026] choose_plan=3 action=0 reward=-4.000 info={'t': 27, 'max_steps': 100}
[ep=11 t=0027] choose_plan=3 action=0 reward=-4.077 info={'t': 28, 'max_steps': 100}
[ep=11 t=0028] choose_plan=5 action=0 reward=-4.054 info={'t': 29, 'max_steps': 100}
[ep=11 t=0029] choose_plan=0 action=0 reward=-4.000 info={'t': 30, 'max_steps': 100}
[ep=11 t=0030] choose_plan=0 action=0 reward=-4.083 info={'t': 31, 'max_steps': 100}
[ep=11 t=0031] choose_plan=2 action=1 reward=-5.000 info={'t': 32, 'max_steps': 100}
[ep=11 t=0032] choose_plan=1 action=0 reward=-4.074 info={'t': 33, 'max_steps': 100}
[ep=11 t=0033] choose_plan=1 action=0 reward=-4.046 info={'t': 34, 'max_steps': 100}
[ep=11 t=0034] choose_plan=5 action=0 reward=-4.209 info={'t': 35, 'max_steps': 100}
[ep=11 t=0035] choose_plan=0 action=0 reward=-4.379 info={'t': 36, 'max_steps': 100}
[ep=11 t=0036] choose_plan=2 action=0 reward=-4.481 info={'t': 37, 'max_steps': 100}
[ep=11 t=0037] choose_plan=1 action=0 reward=-4.279 info={'t': 38, 'max_steps': 100}
[ep=11 t=0038] choose_plan=1 action=0 reward=-4.328 info={'t': 39, 'max_steps': 100}
[ep=11 t=0039] choose_plan=5 action=0 reward=-4.167 info={'t': 40, 'max_steps': 100}
[ep=11 t=0040] choose_plan=3 action=0 reward=-4.245 info={'t': 41, 'max_steps': 100}
[ep=11 t=0041] choose_plan=4 action=0 reward=-4.401 info={'t': 42, 'max_steps': 100}
[ep=11 t=0042] choose_plan=0 action=0 reward=-4.416 info={'t': 43, 'max_steps': 100}
[ep=11 t=0043] choose_plan=3 action=0 reward=-4.357 info={'t': 44, 'max_steps': 100}
[ep=11 t=0044] choose_plan=5 action=0 reward=-4.521 info={'t': 45, 'max_steps': 100}
[ep=11 t=0045] choose_plan=4 action=0 reward=-4.524 info={'t': 46, 'max_steps': 100}
[ep=11 t=0046] choose_plan=0 action=0 reward=-4.537 info={'t': 47, 'max_steps': 100}
[ep=11 t=0047] choose_plan=2 action=0 reward=-4.543 info={'t': 48, 'max_steps': 100}
[ep=11 t=0048] choose_plan=2 action=0 reward=-4.446 info={'t': 49, 'max_steps': 100}
[ep=11 t=0049] choose_plan=3 action=0 reward=-4.404 info={'t': 50, 'max_steps': 100}
[ep=11 t=0050] choose_plan=1 action=0 reward=-4.475 info={'t': 51, 'max_steps': 100}
[ep=11 t=0051] choose_plan=3 action=0 reward=-4.467 info={'t': 52, 'max_steps': 100}
[ep=11 t=0052] choose_plan=3 action=0 reward=-4.386 info={'t': 53, 'max_steps': 100}
[ep=11 t=0053] choose_plan=3 action=0 reward=-4.259 info={'t': 54, 'max_steps': 100}
[ep=11 t=0054] choose_plan=0 action=0 reward=-4.385 info={'t': 55, 'max_steps': 100}
[ep=11 t=0055] choose_plan=4 action=0 reward=-4.242 info={'t': 56, 'max_steps': 100}
[ep=11 t=0056] choose_plan=5 action=0 reward=-4.095 info={'t': 57, 'max_steps': 100}
[ep=11 t=0057] choose_plan=5 action=0 reward=-4.303 info={'t': 58, 'max_steps': 100}
[ep=11 t=0058] choose_plan=2 action=0 reward=-4.110 info={'t': 59, 'max_steps': 100}
[ep=11 t=0059] choose_plan=2 action=0 reward=-4.081 info={'t': 60, 'max_steps': 100}
[ep=11 t=0060] choose_plan=3 action=0 reward=-4.000 info={'t': 61, 'max_steps': 100}
[ep=11 t=0061] choose_plan=1 action=0 reward=-4.000 info={'t': 62, 'max_steps': 100}
[ep=11 t=0062] choose_plan=5 action=0 reward=-4.051 info={'t': 63, 'max_steps': 100}
[ep=11 t=0063] choose_plan=1 action=0 reward=-4.099 info={'t': 64, 'max_steps': 100}
[ep=11 t=0064] choose_plan=2 action=0 reward=-4.099 info={'t': 65, 'max_steps': 100}
[ep=11 t=0065] choose_plan=4 action=0 reward=-4.149 info={'t': 66, 'max_steps': 100}
[ep=11 t=0066] choose_plan=1 action=0 reward=-4.323 info={'t': 67, 'max_steps': 100}
[ep=11 t=0067] choose_plan=0 action=0 reward=-4.278 info={'t': 68, 'max_steps': 100}
[ep=11 t=0068] choose_plan=5 action=0 reward=-4.463 info={'t': 69, 'max_steps': 100}
[ep=11 t=0069] choose_plan=4 action=1 reward=-5.213 info={'t': 70, 'max_steps': 100}
[ep=11 t=0070] choose_plan=2 action=0 reward=-4.257 info={'t': 71, 'max_steps': 100}
[ep=11 t=0071] choose_plan=1 action=0 reward=-4.248 info={'t': 72, 'max_steps': 100}
[ep=11 t=0072] choose_plan=1 action=0 reward=-4.009 info={'t': 73, 'max_steps': 100}
[ep=11 t=0073] choose_plan=4 action=0 reward=-4.000 info={'t': 74, 'max_steps': 100}
[ep=11 t=0074] choose_plan=4 action=0 reward=-4.000 info={'t': 75, 'max_steps': 100}
[ep=11 t=0075] choose_plan=1 action=0 reward=-4.129 info={'t': 76, 'max_steps': 100}
[ep=11 t=0076] choose_plan=4 action=0 reward=-4.070 info={'t': 77, 'max_steps': 100}
[ep=11 t=0077] choose_plan=2 action=0 reward=-4.092 info={'t': 78, 'max_steps': 100}
[ep=11 t=0078] choose_plan=1 action=1 reward=-5.000 info={'t': 79, 'max_steps': 100}
[ep=11 t=0079] choose_plan=2 action=0 reward=-4.112 info={'t': 80, 'max_steps': 100}
[ep=11 t=0080] choose_plan=5 action=0 reward=-4.035 info={'t': 81, 'max_steps': 100}
[ep=11 t=0081] choose_plan=1 action=0 reward=-4.000 info={'t': 82, 'max_steps': 100}
[ep=11 t=0082] choose_plan=1 action=1 reward=-5.000 info={'t': 83, 'max_steps': 100}
[ep=11 t=0083] choose_plan=3 action=0 reward=-4.000 info={'t': 84, 'max_steps': 100}
[ep=11 t=0084] choose_plan=1 action=0 reward=-4.010 info={'t': 85, 'max_steps': 100}
[ep=11 t=0085] choose_plan=1 action=0 reward=-4.206 info={'t': 86, 'max_steps': 100}
[ep=11 t=0086] choose_plan=5 action=0 reward=-4.228 info={'t': 87, 'max_steps': 100}
[ep=11 t=0087] choose_plan=5 action=0 reward=-4.065 info={'t': 88, 'max_steps': 100}
[ep=11 t=0088] choose_plan=3 action=0 reward=-4.000 info={'t': 89, 'max_steps': 100}
[ep=11 t=0089] choose_plan=1 action=0 reward=-4.082 info={'t': 90, 'max_steps': 100}
[ep=11 t=0090] choose_plan=1 action=0 reward=-4.306 info={'t': 91, 'max_steps': 100}
[ep=11 t=0091] choose_plan=0 action=0 reward=-4.366 info={'t': 92, 'max_steps': 100}
[ep=11 t=0092] choose_plan=3 action=0 reward=-4.418 info={'t': 93, 'max_steps': 100}
[ep=11 t=0093] choose_plan=2 action=0 reward=-4.396 info={'t': 94, 'max_steps': 100}
[ep=11 t=0094] choose_plan=0 action=0 reward=-4.310 info={'t': 95, 'max_steps': 100}
[ep=11 t=0095] choose_plan=1 action=0 reward=-4.310 info={'t': 96, 'max_steps': 100}
[ep=11 t=0096] choose_plan=5 action=0 reward=-4.292 info={'t': 97, 'max_steps': 100}
[ep=11 t=0097] choose_plan=1 action=0 reward=-4.269 info={'t': 98, 'max_steps': 100}
[ep=11 t=0098] choose_plan=0 action=0 reward=-4.259 info={'t': 99, 'max_steps': 100}
[ep=11 t=0099] choose_plan=0 action=0 reward=-4.177 info={'t': 100, 'max_steps': 100}
# done at t=99
# episode_summary {"episode": 11, "episode_return": -431.52694119445914, "reward_mean": -4.315269411944591, "reward_min": -7.144114122461622, "reward_max": -4.0, "steps": 100, "unique_actions": 3, "top5_actions": [[0, 93], [1, 5], [3, 2]]}

# ===== EPISODE 12 =====
[ep=12 t=0000] choose_plan=5 action=0 reward=-4.940 info={'t': 1, 'max_steps': 100}
[ep=12 t=0001] choose_plan=1 action=0 reward=-4.987 info={'t': 2, 'max_steps': 100}
[ep=12 t=0002] choose_plan=2 action=0 reward=-4.929 info={'t': 3, 'max_steps': 100}
[ep=12 t=0003] choose_plan=3 action=0 reward=-5.017 info={'t': 4, 'max_steps': 100}
[ep=12 t=0004] choose_plan=2 action=0 reward=-4.796 info={'t': 5, 'max_steps': 100}
[ep=12 t=0005] choose_plan=1 action=0 reward=-4.688 info={'t': 6, 'max_steps': 100}
[ep=12 t=0006] choose_plan=2 action=0 reward=-4.692 info={'t': 7, 'max_steps': 100}
[ep=12 t=0007] choose_plan=2 action=0 reward=-4.624 info={'t': 8, 'max_steps': 100}
[ep=12 t=0008] choose_plan=1 action=0 reward=-4.637 info={'t': 9, 'max_steps': 100}
[ep=12 t=0009] choose_plan=4 action=0 reward=-4.573 info={'t': 10, 'max_steps': 100}
[ep=12 t=0010] choose_plan=4 action=0 reward=-4.600 info={'t': 11, 'max_steps': 100}
[ep=12 t=0011] choose_plan=1 action=0 reward=-4.502 info={'t': 12, 'max_steps': 100}
[ep=12 t=0012] choose_plan=3 action=0 reward=-4.638 info={'t': 13, 'max_steps': 100}
[ep=12 t=0013] choose_plan=1 action=1 reward=-5.388 info={'t': 14, 'max_steps': 100}
[ep=12 t=0014] choose_plan=4 action=0 reward=-4.345 info={'t': 15, 'max_steps': 100}
[ep=12 t=0015] choose_plan=5 action=0 reward=-4.291 info={'t': 16, 'max_steps': 100}
[ep=12 t=0016] choose_plan=1 action=0 reward=-4.311 info={'t': 17, 'max_steps': 100}
[ep=12 t=0017] choose_plan=2 action=0 reward=-4.334 info={'t': 18, 'max_steps': 100}
[ep=12 t=0018] choose_plan=5 action=0 reward=-4.446 info={'t': 19, 'max_steps': 100}
[ep=12 t=0019] choose_plan=1 action=0 reward=-4.380 info={'t': 20, 'max_steps': 100}
[ep=12 t=0020] choose_plan=0 action=0 reward=-4.415 info={'t': 21, 'max_steps': 100}
[ep=12 t=0021] choose_plan=2 action=0 reward=-4.289 info={'t': 22, 'max_steps': 100}
[ep=12 t=0022] choose_plan=4 action=0 reward=-4.296 info={'t': 23, 'max_steps': 100}
[ep=12 t=0023] choose_plan=1 action=0 reward=-4.369 info={'t': 24, 'max_steps': 100}
[ep=12 t=0024] choose_plan=2 action=0 reward=-4.345 info={'t': 25, 'max_steps': 100}
[ep=12 t=0025] choose_plan=1 action=0 reward=-4.371 info={'t': 26, 'max_steps': 100}
[ep=12 t=0026] choose_plan=5 action=0 reward=-4.486 info={'t': 27, 'max_steps': 100}
[ep=12 t=0027] choose_plan=0 action=0 reward=-4.445 info={'t': 28, 'max_steps': 100}
[ep=12 t=0028] choose_plan=4 action=0 reward=-4.532 info={'t': 29, 'max_steps': 100}
[ep=12 t=0029] choose_plan=1 action=0 reward=-4.446 info={'t': 30, 'max_steps': 100}
[ep=12 t=0030] choose_plan=4 action=0 reward=-4.409 info={'t': 31, 'max_steps': 100}
[ep=12 t=0031] choose_plan=5 action=0 reward=-4.302 info={'t': 32, 'max_steps': 100}
[ep=12 t=0032] choose_plan=5 action=0 reward=-4.277 info={'t': 33, 'max_steps': 100}
[ep=12 t=0033] choose_plan=4 action=0 reward=-4.267 info={'t': 34, 'max_steps': 100}
[ep=12 t=0034] choose_plan=0 action=0 reward=-4.456 info={'t': 35, 'max_steps': 100}
[ep=12 t=0035] choose_plan=2 action=0 reward=-4.613 info={'t': 36, 'max_steps': 100}
[ep=12 t=0036] choose_plan=5 action=0 reward=-4.765 info={'t': 37, 'max_steps': 100}
[ep=12 t=0037] choose_plan=3 action=0 reward=-4.797 info={'t': 38, 'max_steps': 100}
[ep=12 t=0038] choose_plan=0 action=0 reward=-4.732 info={'t': 39, 'max_steps': 100}
[ep=12 t=0039] choose_plan=1 action=0 reward=-4.559 info={'t': 40, 'max_steps': 100}
[ep=12 t=0040] choose_plan=1 action=0 reward=-4.544 info={'t': 41, 'max_steps': 100}
[ep=12 t=0041] choose_plan=5 action=0 reward=-4.551 info={'t': 42, 'max_steps': 100}
[ep=12 t=0042] choose_plan=1 action=1 reward=-5.301 info={'t': 43, 'max_steps': 100}
[ep=12 t=0043] choose_plan=4 action=0 reward=-4.240 info={'t': 44, 'max_steps': 100}
[ep=12 t=0044] choose_plan=0 action=2 reward=-6.309 info={'t': 45, 'max_steps': 100}
[ep=12 t=0045] choose_plan=2 action=0 reward=-4.178 info={'t': 46, 'max_steps': 100}
[ep=12 t=0046] choose_plan=1 action=0 reward=-4.152 info={'t': 47, 'max_steps': 100}
[ep=12 t=0047] choose_plan=5 action=0 reward=-4.000 info={'t': 48, 'max_steps': 100}
[ep=12 t=0048] choose_plan=2 action=0 reward=-4.000 info={'t': 49, 'max_steps': 100}
[ep=12 t=0049] choose_plan=5 action=0 reward=-4.000 info={'t': 50, 'max_steps': 100}
[ep=12 t=0050] choose_plan=4 action=2 reward=-6.134 info={'t': 51, 'max_steps': 100}
[ep=12 t=0051] choose_plan=0 action=0 reward=-4.000 info={'t': 52, 'max_steps': 100}
[ep=12 t=0052] choose_plan=0 action=0 reward=-4.085 info={'t': 53, 'max_steps': 100}
[ep=12 t=0053] choose_plan=1 action=0 reward=-4.144 info={'t': 54, 'max_steps': 100}
[ep=12 t=0054] choose_plan=4 action=0 reward=-4.125 info={'t': 55, 'max_steps': 100}
[ep=12 t=0055] choose_plan=3 action=0 reward=-4.294 info={'t': 56, 'max_steps': 100}
[ep=12 t=0056] choose_plan=2 action=1 reward=-5.044 info={'t': 57, 'max_steps': 100}
[ep=12 t=0057] choose_plan=0 action=0 reward=-4.137 info={'t': 58, 'max_steps': 100}
[ep=12 t=0058] choose_plan=3 action=0 reward=-4.129 info={'t': 59, 'max_steps': 100}
[ep=12 t=0059] choose_plan=2 action=0 reward=-4.066 info={'t': 60, 'max_steps': 100}
[ep=12 t=0060] choose_plan=1 action=0 reward=-4.133 info={'t': 61, 'max_steps': 100}
[ep=12 t=0061] choose_plan=2 action=0 reward=-4.017 info={'t': 62, 'max_steps': 100}
[ep=12 t=0062] choose_plan=5 action=0 reward=-4.000 info={'t': 63, 'max_steps': 100}
[ep=12 t=0063] choose_plan=3 action=1 reward=-5.000 info={'t': 64, 'max_steps': 100}
[ep=12 t=0064] choose_plan=2 action=0 reward=-4.000 info={'t': 65, 'max_steps': 100}
[ep=12 t=0065] choose_plan=2 action=0 reward=-4.051 info={'t': 66, 'max_steps': 100}
[ep=12 t=0066] choose_plan=3 action=0 reward=-4.011 info={'t': 67, 'max_steps': 100}
[ep=12 t=0067] choose_plan=0 action=0 reward=-4.071 info={'t': 68, 'max_steps': 100}
[ep=12 t=0068] choose_plan=2 action=0 reward=-4.095 info={'t': 69, 'max_steps': 100}
[ep=12 t=0069] choose_plan=1 action=0 reward=-4.043 info={'t': 70, 'max_steps': 100}
[ep=12 t=0070] choose_plan=0 action=0 reward=-4.030 info={'t': 71, 'max_steps': 100}
[ep=12 t=0071] choose_plan=2 action=0 reward=-4.000 info={'t': 72, 'max_steps': 100}
[ep=12 t=0072] choose_plan=1 action=0 reward=-4.045 info={'t': 73, 'max_steps': 100}
[ep=12 t=0073] choose_plan=0 action=0 reward=-4.147 info={'t': 74, 'max_steps': 100}
[ep=12 t=0074] choose_plan=1 action=0 reward=-4.140 info={'t': 75, 'max_steps': 100}
[ep=12 t=0075] choose_plan=0 action=0 reward=-4.204 info={'t': 76, 'max_steps': 100}
[ep=12 t=0076] choose_plan=0 action=0 reward=-4.137 info={'t': 77, 'max_steps': 100}
[ep=12 t=0077] choose_plan=0 action=0 reward=-4.000 info={'t': 78, 'max_steps': 100}
[ep=12 t=0078] choose_plan=1 action=0 reward=-4.083 info={'t': 79, 'max_steps': 100}
[ep=12 t=0079] choose_plan=5 action=0 reward=-4.169 info={'t': 80, 'max_steps': 100}
[ep=12 t=0080] choose_plan=2 action=0 reward=-4.042 info={'t': 81, 'max_steps': 100}
[ep=12 t=0081] choose_plan=3 action=0 reward=-4.035 info={'t': 82, 'max_steps': 100}
[ep=12 t=0082] choose_plan=0 action=0 reward=-4.077 info={'t': 83, 'max_steps': 100}
[ep=12 t=0083] choose_plan=0 action=0 reward=-4.102 info={'t': 84, 'max_steps': 100}
[ep=12 t=0084] choose_plan=3 action=0 reward=-4.188 info={'t': 85, 'max_steps': 100}
[ep=12 t=0085] choose_plan=4 action=0 reward=-4.072 info={'t': 86, 'max_steps': 100}
[ep=12 t=0086] choose_plan=3 action=0 reward=-4.126 info={'t': 87, 'max_steps': 100}
[ep=12 t=0087] choose_plan=2 action=0 reward=-4.088 info={'t': 88, 'max_steps': 100}
[ep=12 t=0088] choose_plan=5 action=0 reward=-4.057 info={'t': 89, 'max_steps': 100}
[ep=12 t=0089] choose_plan=4 action=0 reward=-4.164 info={'t': 90, 'max_steps': 100}
[ep=12 t=0090] choose_plan=1 action=0 reward=-4.022 info={'t': 91, 'max_steps': 100}
[ep=12 t=0091] choose_plan=4 action=0 reward=-4.039 info={'t': 92, 'max_steps': 100}
[ep=12 t=0092] choose_plan=0 action=0 reward=-4.000 info={'t': 93, 'max_steps': 100}
[ep=12 t=0093] choose_plan=0 action=3 reward=-7.000 info={'t': 94, 'max_steps': 100}
[ep=12 t=0094] choose_plan=4 action=0 reward=-4.008 info={'t': 95, 'max_steps': 100}
[ep=12 t=0095] choose_plan=0 action=0 reward=-4.000 info={'t': 96, 'max_steps': 100}
[ep=12 t=0096] choose_plan=3 action=0 reward=-4.000 info={'t': 97, 'max_steps': 100}
[ep=12 t=0097] choose_plan=2 action=1 reward=-5.000 info={'t': 98, 'max_steps': 100}
[ep=12 t=0098] choose_plan=5 action=0 reward=-4.000 info={'t': 99, 'max_steps': 100}
[ep=12 t=0099] choose_plan=0 action=0 reward=-4.033 info={'t': 100, 'max_steps': 100}
# done at t=99
# episode_summary {"episode": 12, "episode_return": -439.1531025160247, "reward_mean": -4.391531025160247, "reward_min": -7.0, "reward_max": -4.0, "steps": 100, "unique_actions": 4, "top5_actions": [[0, 92], [1, 5], [2, 2], [3, 1]]}

# ===== EPISODE 13 =====
[ep=13 t=0000] choose_plan=1 action=0 reward=-5.056 info={'t': 1, 'max_steps': 100}
[ep=13 t=0001] choose_plan=0 action=0 reward=-5.032 info={'t': 2, 'max_steps': 100}
[ep=13 t=0002] choose_plan=5 action=0 reward=-4.868 info={'t': 3, 'max_steps': 100}
[ep=13 t=0003] choose_plan=3 action=0 reward=-4.840 info={'t': 4, 'max_steps': 100}
[ep=13 t=0004] choose_plan=1 action=1 reward=-5.590 info={'t': 5, 'max_steps': 100}
[ep=13 t=0005] choose_plan=4 action=0 reward=-4.270 info={'t': 6, 'max_steps': 100}
[ep=13 t=0006] choose_plan=0 action=0 reward=-4.303 info={'t': 7, 'max_steps': 100}
[ep=13 t=0007] choose_plan=2 action=0 reward=-4.265 info={'t': 8, 'max_steps': 100}
[ep=13 t=0008] choose_plan=2 action=1 reward=-5.015 info={'t': 9, 'max_steps': 100}
[ep=13 t=0009] choose_plan=0 action=0 reward=-4.000 info={'t': 10, 'max_steps': 100}
[ep=13 t=0010] choose_plan=2 action=0 reward=-4.008 info={'t': 11, 'max_steps': 100}
[ep=13 t=0011] choose_plan=1 action=0 reward=-4.000 info={'t': 12, 'max_steps': 100}
[ep=13 t=0012] choose_plan=4 action=0 reward=-4.000 info={'t': 13, 'max_steps': 100}
[ep=13 t=0013] choose_plan=2 action=0 reward=-4.063 info={'t': 14, 'max_steps': 100}
[ep=13 t=0014] choose_plan=1 action=0 reward=-4.086 info={'t': 15, 'max_steps': 100}
[ep=13 t=0015] choose_plan=0 action=0 reward=-4.206 info={'t': 16, 'max_steps': 100}
[ep=13 t=0016] choose_plan=1 action=0 reward=-4.321 info={'t': 17, 'max_steps': 100}
[ep=13 t=0017] choose_plan=3 action=0 reward=-4.142 info={'t': 18, 'max_steps': 100}
[ep=13 t=0018] choose_plan=3 action=0 reward=-4.000 info={'t': 19, 'max_steps': 100}
[ep=13 t=0019] choose_plan=5 action=0 reward=-4.000 info={'t': 20, 'max_steps': 100}
[ep=13 t=0020] choose_plan=1 action=0 reward=-4.120 info={'t': 21, 'max_steps': 100}
[ep=13 t=0021] choose_plan=2 action=0 reward=-4.221 info={'t': 22, 'max_steps': 100}
[ep=13 t=0022] choose_plan=0 action=0 reward=-4.252 info={'t': 23, 'max_steps': 100}
[ep=13 t=0023] choose_plan=3 action=0 reward=-4.266 info={'t': 24, 'max_steps': 100}
[ep=13 t=0024] choose_plan=0 action=0 reward=-4.085 info={'t': 25, 'max_steps': 100}
[ep=13 t=0025] choose_plan=4 action=0 reward=-4.093 info={'t': 26, 'max_steps': 100}
[ep=13 t=0026] choose_plan=0 action=0 reward=-4.178 info={'t': 27, 'max_steps': 100}
[ep=13 t=0027] choose_plan=2 action=0 reward=-4.086 info={'t': 28, 'max_steps': 100}
[ep=13 t=0028] choose_plan=0 action=0 reward=-4.000 info={'t': 29, 'max_steps': 100}
[ep=13 t=0029] choose_plan=5 action=0 reward=-4.135 info={'t': 30, 'max_steps': 100}
[ep=13 t=0030] choose_plan=0 action=0 reward=-4.080 info={'t': 31, 'max_steps': 100}
[ep=13 t=0031] choose_plan=2 action=0 reward=-4.056 info={'t': 32, 'max_steps': 100}
[ep=13 t=0032] choose_plan=5 action=0 reward=-4.072 info={'t': 33, 'max_steps': 100}
[ep=13 t=0033] choose_plan=5 action=0 reward=-4.168 info={'t': 34, 'max_steps': 100}
[ep=13 t=0034] choose_plan=1 action=0 reward=-4.183 info={'t': 35, 'max_steps': 100}
[ep=13 t=0035] choose_plan=4 action=0 reward=-4.274 info={'t': 36, 'max_steps': 100}
[ep=13 t=0036] choose_plan=3 action=0 reward=-4.132 info={'t': 37, 'max_steps': 100}
[ep=13 t=0037] choose_plan=4 action=0 reward=-4.145 info={'t': 38, 'max_steps': 100}
[ep=13 t=0038] choose_plan=2 action=0 reward=-4.272 info={'t': 39, 'max_steps': 100}
[ep=13 t=0039] choose_plan=4 action=0 reward=-4.179 info={'t': 40, 'max_steps': 100}
[ep=13 t=0040] choose_plan=4 action=0 reward=-4.298 info={'t': 41, 'max_steps': 100}
[ep=13 t=0041] choose_plan=2 action=0 reward=-4.152 info={'t': 42, 'max_steps': 100}
[ep=13 t=0042] choose_plan=2 action=0 reward=-4.132 info={'t': 43, 'max_steps': 100}
[ep=13 t=0043] choose_plan=0 action=0 reward=-4.192 info={'t': 44, 'max_steps': 100}
[ep=13 t=0044] choose_plan=1 action=0 reward=-4.242 info={'t': 45, 'max_steps': 100}
[ep=13 t=0045] choose_plan=5 action=0 reward=-4.326 info={'t': 46, 'max_steps': 100}
[ep=13 t=0046] choose_plan=2 action=0 reward=-4.481 info={'t': 47, 'max_steps': 100}
[ep=13 t=0047] choose_plan=3 action=0 reward=-4.594 info={'t': 48, 'max_steps': 100}
[ep=13 t=0048] choose_plan=2 action=0 reward=-4.525 info={'t': 49, 'max_steps': 100}
[ep=13 t=0049] choose_plan=4 action=1 reward=-5.275 info={'t': 50, 'max_steps': 100}
[ep=13 t=0050] choose_plan=3 action=0 reward=-4.271 info={'t': 51, 'max_steps': 100}
[ep=13 t=0051] choose_plan=4 action=0 reward=-4.290 info={'t': 52, 'max_steps': 100}
[ep=13 t=0052] choose_plan=4 action=0 reward=-4.555 info={'t': 53, 'max_steps': 100}
[ep=13 t=0053] choose_plan=2 action=0 reward=-4.675 info={'t': 54, 'max_steps': 100}
[ep=13 t=0054] choose_plan=0 action=0 reward=-4.523 info={'t': 55, 'max_steps': 100}
[ep=13 t=0055] choose_plan=0 action=0 reward=-4.368 info={'t': 56, 'max_steps': 100}
[ep=13 t=0056] choose_plan=2 action=0 reward=-4.187 info={'t': 57, 'max_steps': 100}
[ep=13 t=0057] choose_plan=2 action=0 reward=-4.145 info={'t': 58, 'max_steps': 100}
[ep=13 t=0058] choose_plan=3 action=0 reward=-4.160 info={'t': 59, 'max_steps': 100}
[ep=13 t=0059] choose_plan=0 action=0 reward=-4.246 info={'t': 60, 'max_steps': 100}
[ep=13 t=0060] choose_plan=1 action=0 reward=-4.188 info={'t': 61, 'max_steps': 100}
[ep=13 t=0061] choose_plan=1 action=0 reward=-4.259 info={'t': 62, 'max_steps': 100}
[ep=13 t=0062] choose_plan=2 action=0 reward=-4.194 info={'t': 63, 'max_steps': 100}
[ep=13 t=0063] choose_plan=2 action=0 reward=-4.091 info={'t': 64, 'max_steps': 100}
[ep=13 t=0064] choose_plan=0 action=0 reward=-4.112 info={'t': 65, 'max_steps': 100}
[ep=13 t=0065] choose_plan=2 action=0 reward=-4.000 info={'t': 66, 'max_steps': 100}
[ep=13 t=0066] choose_plan=5 action=0 reward=-4.000 info={'t': 67, 'max_steps': 100}
[ep=13 t=0067] choose_plan=4 action=0 reward=-4.039 info={'t': 68, 'max_steps': 100}
[ep=13 t=0068] choose_plan=4 action=0 reward=-4.000 info={'t': 69, 'max_steps': 100}
[ep=13 t=0069] choose_plan=1 action=0 reward=-4.000 info={'t': 70, 'max_steps': 100}
[ep=13 t=0070] choose_plan=4 action=0 reward=-4.059 info={'t': 71, 'max_steps': 100}
[ep=13 t=0071] choose_plan=2 action=0 reward=-4.074 info={'t': 72, 'max_steps': 100}
[ep=13 t=0072] choose_plan=1 action=0 reward=-4.218 info={'t': 73, 'max_steps': 100}
[ep=13 t=0073] choose_plan=4 action=1 reward=-5.000 info={'t': 74, 'max_steps': 100}
[ep=13 t=0074] choose_plan=4 action=0 reward=-4.215 info={'t': 75, 'max_steps': 100}
[ep=13 t=0075] choose_plan=3 action=0 reward=-4.173 info={'t': 76, 'max_steps': 100}
[ep=13 t=0076] choose_plan=5 action=0 reward=-4.117 info={'t': 77, 'max_steps': 100}
[ep=13 t=0077] choose_plan=1 action=0 reward=-4.018 info={'t': 78, 'max_steps': 100}
[ep=13 t=0078] choose_plan=1 action=0 reward=-4.035 info={'t': 79, 'max_steps': 100}
[ep=13 t=0079] choose_plan=3 action=0 reward=-4.000 info={'t': 80, 'max_steps': 100}
[ep=13 t=0080] choose_plan=5 action=0 reward=-4.009 info={'t': 81, 'max_steps': 100}
[ep=13 t=0081] choose_plan=5 action=0 reward=-4.000 info={'t': 82, 'max_steps': 100}
[ep=13 t=0082] choose_plan=2 action=0 reward=-4.069 info={'t': 83, 'max_steps': 100}
[ep=13 t=0083] choose_plan=4 action=0 reward=-4.228 info={'t': 84, 'max_steps': 100}
[ep=13 t=0084] choose_plan=1 action=0 reward=-4.141 info={'t': 85, 'max_steps': 100}
[ep=13 t=0085] choose_plan=0 action=0 reward=-4.074 info={'t': 86, 'max_steps': 100}
[ep=13 t=0086] choose_plan=1 action=0 reward=-4.097 info={'t': 87, 'max_steps': 100}
[ep=13 t=0087] choose_plan=4 action=0 reward=-4.000 info={'t': 88, 'max_steps': 100}
[ep=13 t=0088] choose_plan=4 action=0 reward=-4.000 info={'t': 89, 'max_steps': 100}
[ep=13 t=0089] choose_plan=5 action=0 reward=-4.000 info={'t': 90, 'max_steps': 100}
[ep=13 t=0090] choose_plan=1 action=0 reward=-4.000 info={'t': 91, 'max_steps': 100}
[ep=13 t=0091] choose_plan=4 action=0 reward=-4.086 info={'t': 92, 'max_steps': 100}
[ep=13 t=0092] choose_plan=1 action=0 reward=-4.021 info={'t': 93, 'max_steps': 100}
[ep=13 t=0093] choose_plan=3 action=0 reward=-4.000 info={'t': 94, 'max_steps': 100}
[ep=13 t=0094] choose_plan=2 action=0 reward=-4.000 info={'t': 95, 'max_steps': 100}
[ep=13 t=0095] choose_plan=3 action=0 reward=-4.116 info={'t': 96, 'max_steps': 100}
[ep=13 t=0096] choose_plan=5 action=0 reward=-4.113 info={'t': 97, 'max_steps': 100}
[ep=13 t=0097] choose_plan=1 action=0 reward=-4.127 info={'t': 98, 'max_steps': 100}
[ep=13 t=0098] choose_plan=3 action=0 reward=-4.025 info={'t': 99, 'max_steps': 100}
[ep=13 t=0099] choose_plan=4 action=0 reward=-4.093 info={'t': 100, 'max_steps': 100}
# done at t=99
# episode_summary {"episode": 13, "episode_return": -422.6878749821371, "reward_mean": -4.2268787498213705, "reward_min": -5.590229260568478, "reward_max": -4.0, "steps": 100, "unique_actions": 2, "top5_actions": [[0, 96], [1, 4]]}

# ===== EPISODE 14 =====
[ep=14 t=0000] choose_plan=5 action=0 reward=-5.081 info={'t': 1, 'max_steps': 100}
[ep=14 t=0001] choose_plan=0 action=0 reward=-5.159 info={'t': 2, 'max_steps': 100}
[ep=14 t=0002] choose_plan=3 action=0 reward=-5.250 info={'t': 3, 'max_steps': 100}
[ep=14 t=0003] choose_plan=0 action=0 reward=-5.338 info={'t': 4, 'max_steps': 100}
[ep=14 t=0004] choose_plan=4 action=0 reward=-5.318 info={'t': 5, 'max_steps': 100}
[ep=14 t=0005] choose_plan=1 action=0 reward=-5.186 info={'t': 6, 'max_steps': 100}
[ep=14 t=0006] choose_plan=1 action=0 reward=-5.238 info={'t': 7, 'max_steps': 100}
[ep=14 t=0007] choose_plan=1 action=0 reward=-5.377 info={'t': 8, 'max_steps': 100}
[ep=14 t=0008] choose_plan=5 action=0 reward=-5.299 info={'t': 9, 'max_steps': 100}
[ep=14 t=0009] choose_plan=1 action=0 reward=-5.449 info={'t': 10, 'max_steps': 100}
[ep=14 t=0010] choose_plan=2 action=0 reward=-5.374 info={'t': 11, 'max_steps': 100}
[ep=14 t=0011] choose_plan=2 action=0 reward=-5.355 info={'t': 12, 'max_steps': 100}
[ep=14 t=0012] choose_plan=2 action=0 reward=-5.300 info={'t': 13, 'max_steps': 100}
[ep=14 t=0013] choose_plan=3 action=0 reward=-5.338 info={'t': 14, 'max_steps': 100}
[ep=14 t=0014] choose_plan=4 action=0 reward=-5.395 info={'t': 15, 'max_steps': 100}
[ep=14 t=0015] choose_plan=3 action=0 reward=-5.389 info={'t': 16, 'max_steps': 100}
[ep=14 t=0016] choose_plan=1 action=0 reward=-5.437 info={'t': 17, 'max_steps': 100}
[ep=14 t=0017] choose_plan=3 action=0 reward=-5.215 info={'t': 18, 'max_steps': 100}
[ep=14 t=0018] choose_plan=2 action=0 reward=-5.257 info={'t': 19, 'max_steps': 100}
[ep=14 t=0019] choose_plan=0 action=0 reward=-5.408 info={'t': 20, 'max_steps': 100}
[ep=14 t=0020] choose_plan=1 action=0 reward=-5.289 info={'t': 21, 'max_steps': 100}
[ep=14 t=0021] choose_plan=5 action=1 reward=-6.039 info={'t': 22, 'max_steps': 100}
[ep=14 t=0022] choose_plan=3 action=0 reward=-5.017 info={'t': 23, 'max_steps': 100}
[ep=14 t=0023] choose_plan=4 action=0 reward=-4.916 info={'t': 24, 'max_steps': 100}
[ep=14 t=0024] choose_plan=0 action=0 reward=-4.970 info={'t': 25, 'max_steps': 100}
[ep=14 t=0025] choose_plan=5 action=0 reward=-4.968 info={'t': 26, 'max_steps': 100}
[ep=14 t=0026] choose_plan=1 action=0 reward=-5.192 info={'t': 27, 'max_steps': 100}
[ep=14 t=0027] choose_plan=0 action=0 reward=-5.453 info={'t': 28, 'max_steps': 100}
[ep=14 t=0028] choose_plan=2 action=0 reward=-5.336 info={'t': 29, 'max_steps': 100}
[ep=14 t=0029] choose_plan=1 action=0 reward=-5.325 info={'t': 30, 'max_steps': 100}
[ep=14 t=0030] choose_plan=1 action=0 reward=-5.413 info={'t': 31, 'max_steps': 100}
[ep=14 t=0031] choose_plan=3 action=0 reward=-5.420 info={'t': 32, 'max_steps': 100}
[ep=14 t=0032] choose_plan=3 action=0 reward=-5.449 info={'t': 33, 'max_steps': 100}
[ep=14 t=0033] choose_plan=2 action=0 reward=-5.382 info={'t': 34, 'max_steps': 100}
[ep=14 t=0034] choose_plan=0 action=1 reward=-6.132 info={'t': 35, 'max_steps': 100}
[ep=14 t=0035] choose_plan=0 action=0 reward=-5.142 info={'t': 36, 'max_steps': 100}
[ep=14 t=0036] choose_plan=3 action=0 reward=-5.146 info={'t': 37, 'max_steps': 100}
[ep=14 t=0037] choose_plan=4 action=0 reward=-5.173 info={'t': 38, 'max_steps': 100}
[ep=14 t=0038] choose_plan=4 action=0 reward=-4.863 info={'t': 39, 'max_steps': 100}
[ep=14 t=0039] choose_plan=1 action=0 reward=-4.819 info={'t': 40, 'max_steps': 100}
[ep=14 t=0040] choose_plan=0 action=0 reward=-4.798 info={'t': 41, 'max_steps': 100}
[ep=14 t=0041] choose_plan=0 action=0 reward=-4.651 info={'t': 42, 'max_steps': 100}
[ep=14 t=0042] choose_plan=5 action=0 reward=-4.650 info={'t': 43, 'max_steps': 100}
[ep=14 t=0043] choose_plan=1 action=0 reward=-4.654 info={'t': 44, 'max_steps': 100}
[ep=14 t=0044] choose_plan=2 action=0 reward=-4.570 info={'t': 45, 'max_steps': 100}
[ep=14 t=0045] choose_plan=4 action=1 reward=-5.320 info={'t': 46, 'max_steps': 100}
[ep=14 t=0046] choose_plan=3 action=0 reward=-4.274 info={'t': 47, 'max_steps': 100}
[ep=14 t=0047] choose_plan=1 action=0 reward=-4.290 info={'t': 48, 'max_steps': 100}
[ep=14 t=0048] choose_plan=0 action=0 reward=-4.354 info={'t': 49, 'max_steps': 100}
[ep=14 t=0049] choose_plan=5 action=0 reward=-4.252 info={'t': 50, 'max_steps': 100}
[ep=14 t=0050] choose_plan=2 action=0 reward=-4.159 info={'t': 51, 'max_steps': 100}
[ep=14 t=0051] choose_plan=2 action=0 reward=-4.000 info={'t': 52, 'max_steps': 100}
[ep=14 t=0052] choose_plan=0 action=4 reward=-8.300 info={'t': 53, 'max_steps': 100}
[ep=14 t=0053] choose_plan=1 action=0 reward=-4.372 info={'t': 54, 'max_steps': 100}
[ep=14 t=0054] choose_plan=1 action=0 reward=-4.276 info={'t': 55, 'max_steps': 100}
[ep=14 t=0055] choose_plan=3 action=0 reward=-4.203 info={'t': 56, 'max_steps': 100}
[ep=14 t=0056] choose_plan=0 action=0 reward=-4.150 info={'t': 57, 'max_steps': 100}
[ep=14 t=0057] choose_plan=1 action=0 reward=-4.000 info={'t': 58, 'max_steps': 100}
[ep=14 t=0058] choose_plan=1 action=2 reward=-6.044 info={'t': 59, 'max_steps': 100}
[ep=14 t=0059] choose_plan=0 action=0 reward=-4.071 info={'t': 60, 'max_steps': 100}
[ep=14 t=0060] choose_plan=2 action=0 reward=-4.000 info={'t': 61, 'max_steps': 100}
[ep=14 t=0061] choose_plan=5 action=0 reward=-4.000 info={'t': 62, 'max_steps': 100}
[ep=14 t=0062] choose_plan=0 action=0 reward=-4.000 info={'t': 63, 'max_steps': 100}
[ep=14 t=0063] choose_plan=0 action=0 reward=-4.148 info={'t': 64, 'max_steps': 100}
[ep=14 t=0064] choose_plan=5 action=1 reward=-5.000 info={'t': 65, 'max_steps': 100}
[ep=14 t=0065] choose_plan=0 action=0 reward=-4.000 info={'t': 66, 'max_steps': 100}
[ep=14 t=0066] choose_plan=0 action=0 reward=-4.074 info={'t': 67, 'max_steps': 100}
[ep=14 t=0067] choose_plan=0 action=0 reward=-4.042 info={'t': 68, 'max_steps': 100}
[ep=14 t=0068] choose_plan=1 action=0 reward=-4.056 info={'t': 69, 'max_steps': 100}
[ep=14 t=0069] choose_plan=2 action=0 reward=-4.173 info={'t': 70, 'max_steps': 100}
[ep=14 t=0070] choose_plan=1 action=0 reward=-4.224 info={'t': 71, 'max_steps': 100}
[ep=14 t=0071] choose_plan=1 action=2 reward=-6.020 info={'t': 72, 'max_steps': 100}
[ep=14 t=0072] choose_plan=3 action=0 reward=-4.000 info={'t': 73, 'max_steps': 100}
[ep=14 t=0073] choose_plan=4 action=0 reward=-4.000 info={'t': 74, 'max_steps': 100}
[ep=14 t=0074] choose_plan=5 action=0 reward=-4.000 info={'t': 75, 'max_steps': 100}
[ep=14 t=0075] choose_plan=0 action=1 reward=-5.000 info={'t': 76, 'max_steps': 100}
[ep=14 t=0076] choose_plan=0 action=0 reward=-4.084 info={'t': 77, 'max_steps': 100}
[ep=14 t=0077] choose_plan=5 action=0 reward=-4.182 info={'t': 78, 'max_steps': 100}
[ep=14 t=0078] choose_plan=4 action=0 reward=-4.313 info={'t': 79, 'max_steps': 100}
[ep=14 t=0079] choose_plan=4 action=0 reward=-4.288 info={'t': 80, 'max_steps': 100}
[ep=14 t=0080] choose_plan=2 action=0 reward=-4.268 info={'t': 81, 'max_steps': 100}
[ep=14 t=0081] choose_plan=5 action=1 reward=-5.018 info={'t': 82, 'max_steps': 100}
[ep=14 t=0082] choose_plan=2 action=0 reward=-4.033 info={'t': 83, 'max_steps': 100}
[ep=14 t=0083] choose_plan=5 action=0 reward=-4.059 info={'t': 84, 'max_steps': 100}
[ep=14 t=0084] choose_plan=5 action=0 reward=-4.133 info={'t': 85, 'max_steps': 100}
[ep=14 t=0085] choose_plan=3 action=0 reward=-4.072 info={'t': 86, 'max_steps': 100}
[ep=14 t=0086] choose_plan=4 action=0 reward=-4.000 info={'t': 87, 'max_steps': 100}
[ep=14 t=0087] choose_plan=1 action=0 reward=-4.031 info={'t': 88, 'max_steps': 100}
[ep=14 t=0088] choose_plan=1 action=0 reward=-4.048 info={'t': 89, 'max_steps': 100}
[ep=14 t=0089] choose_plan=3 action=0 reward=-4.105 info={'t': 90, 'max_steps': 100}
[ep=14 t=0090] choose_plan=0 action=0 reward=-4.196 info={'t': 91, 'max_steps': 100}
[ep=14 t=0091] choose_plan=4 action=1 reward=-5.000 info={'t': 92, 'max_steps': 100}
[ep=14 t=0092] choose_plan=1 action=0 reward=-4.049 info={'t': 93, 'max_steps': 100}
[ep=14 t=0093] choose_plan=5 action=0 reward=-4.192 info={'t': 94, 'max_steps': 100}
[ep=14 t=0094] choose_plan=2 action=0 reward=-4.360 info={'t': 95, 'max_steps': 100}
[ep=14 t=0095] choose_plan=4 action=0 reward=-4.230 info={'t': 96, 'max_steps': 100}
[ep=14 t=0096] choose_plan=3 action=0 reward=-4.185 info={'t': 97, 'max_steps': 100}
[ep=14 t=0097] choose_plan=4 action=0 reward=-4.166 info={'t': 98, 'max_steps': 100}
[ep=14 t=0098] choose_plan=4 action=0 reward=-4.189 info={'t': 99, 'max_steps': 100}
[ep=14 t=0099] choose_plan=2 action=0 reward=-4.106 info={'t': 100, 'max_steps': 100}
# done at t=99
# episode_summary {"episode": 14, "episode_return": -475.03917116949, "reward_mean": -4.7503917116949, "reward_min": -8.3, "reward_max": -4.0, "steps": 100, "unique_actions": 4, "top5_actions": [[0, 90], [1, 7], [2, 2], [4, 1]]}

# ===== EPISODE 15 =====
[ep=15 t=0000] choose_plan=4 action=0 reward=-4.984 info={'t': 1, 'max_steps': 100}
[ep=15 t=0001] choose_plan=4 action=0 reward=-5.144 info={'t': 2, 'max_steps': 100}
[ep=15 t=0002] choose_plan=0 action=0 reward=-4.977 info={'t': 3, 'max_steps': 100}
[ep=15 t=0003] choose_plan=4 action=0 reward=-4.831 info={'t': 4, 'max_steps': 100}
[ep=15 t=0004] choose_plan=4 action=0 reward=-4.751 info={'t': 5, 'max_steps': 100}
[ep=15 t=0005] choose_plan=2 action=0 reward=-4.956 info={'t': 6, 'max_steps': 100}
[ep=15 t=0006] choose_plan=2 action=4 reward=-9.256 info={'t': 7, 'max_steps': 100}
[ep=15 t=0007] choose_plan=1 action=0 reward=-5.225 info={'t': 8, 'max_steps': 100}
[ep=15 t=0008] choose_plan=3 action=0 reward=-5.398 info={'t': 9, 'max_steps': 100}
[ep=15 t=0009] choose_plan=0 action=0 reward=-5.557 info={'t': 10, 'max_steps': 100}
[ep=15 t=0010] choose_plan=1 action=1 reward=-6.307 info={'t': 11, 'max_steps': 100}
[ep=15 t=0011] choose_plan=2 action=0 reward=-5.352 info={'t': 12, 'max_steps': 100}
[ep=15 t=0012] choose_plan=1 action=0 reward=-5.462 info={'t': 13, 'max_steps': 100}
[ep=15 t=0013] choose_plan=1 action=0 reward=-5.580 info={'t': 14, 'max_steps': 100}
[ep=15 t=0014] choose_plan=3 action=1 reward=-6.330 info={'t': 15, 'max_steps': 100}
[ep=15 t=0015] choose_plan=1 action=0 reward=-5.378 info={'t': 16, 'max_steps': 100}
[ep=15 t=0016] choose_plan=0 action=0 reward=-5.254 info={'t': 17, 'max_steps': 100}
[ep=15 t=0017] choose_plan=3 action=0 reward=-5.263 info={'t': 18, 'max_steps': 100}
[ep=15 t=0018] choose_plan=0 action=0 reward=-5.361 info={'t': 19, 'max_steps': 100}
[ep=15 t=0019] choose_plan=4 action=0 reward=-5.369 info={'t': 20, 'max_steps': 100}
[ep=15 t=0020] choose_plan=0 action=0 reward=-5.328 info={'t': 21, 'max_steps': 100}
[ep=15 t=0021] choose_plan=1 action=0 reward=-5.261 info={'t': 22, 'max_steps': 100}
[ep=15 t=0022] choose_plan=5 action=0 reward=-5.196 info={'t': 23, 'max_steps': 100}
[ep=15 t=0023] choose_plan=4 action=0 reward=-5.266 info={'t': 24, 'max_steps': 100}
[ep=15 t=0024] choose_plan=2 action=0 reward=-5.429 info={'t': 25, 'max_steps': 100}
[ep=15 t=0025] choose_plan=4 action=0 reward=-5.372 info={'t': 26, 'max_steps': 100}
[ep=15 t=0026] choose_plan=0 action=0 reward=-5.531 info={'t': 27, 'max_steps': 100}
[ep=15 t=0027] choose_plan=3 action=1 reward=-6.281 info={'t': 28, 'max_steps': 100}
[ep=15 t=0028] choose_plan=0 action=0 reward=-5.209 info={'t': 29, 'max_steps': 100}
[ep=15 t=0029] choose_plan=4 action=0 reward=-5.223 info={'t': 30, 'max_steps': 100}
[ep=15 t=0030] choose_plan=0 action=0 reward=-5.094 info={'t': 31, 'max_steps': 100}
[ep=15 t=0031] choose_plan=1 action=0 reward=-5.148 info={'t': 32, 'max_steps': 100}
[ep=15 t=0032] choose_plan=1 action=0 reward=-5.075 info={'t': 33, 'max_steps': 100}
[ep=15 t=0033] choose_plan=1 action=0 reward=-5.023 info={'t': 34, 'max_steps': 100}
[ep=15 t=0034] choose_plan=1 action=0 reward=-5.034 info={'t': 35, 'max_steps': 100}
[ep=15 t=0035] choose_plan=3 action=0 reward=-5.152 info={'t': 36, 'max_steps': 100}
[ep=15 t=0036] choose_plan=3 action=0 reward=-5.080 info={'t': 37, 'max_steps': 100}
[ep=15 t=0037] choose_plan=5 action=0 reward=-5.122 info={'t': 38, 'max_steps': 100}
[ep=15 t=0038] choose_plan=0 action=1 reward=-5.872 info={'t': 39, 'max_steps': 100}
[ep=15 t=0039] choose_plan=5 action=0 reward=-4.930 info={'t': 40, 'max_steps': 100}
[ep=15 t=0040] choose_plan=1 action=0 reward=-5.001 info={'t': 41, 'max_steps': 100}
[ep=15 t=0041] choose_plan=2 action=0 reward=-4.911 info={'t': 42, 'max_steps': 100}
[ep=15 t=0042] choose_plan=5 action=0 reward=-4.879 info={'t': 43, 'max_steps': 100}
[ep=15 t=0043] choose_plan=1 action=0 reward=-5.004 info={'t': 44, 'max_steps': 100}
[ep=15 t=0044] choose_plan=4 action=0 reward=-5.080 info={'t': 45, 'max_steps': 100}
[ep=15 t=0045] choose_plan=3 action=0 reward=-5.157 info={'t': 46, 'max_steps': 100}
[ep=15 t=0046] choose_plan=3 action=0 reward=-5.134 info={'t': 47, 'max_steps': 100}
[ep=15 t=0047] choose_plan=0 action=0 reward=-5.184 info={'t': 48, 'max_steps': 100}
[ep=15 t=0048] choose_plan=5 action=0 reward=-5.299 info={'t': 49, 'max_steps': 100}
[ep=15 t=0049] choose_plan=2 action=0 reward=-5.321 info={'t': 50, 'max_steps': 100}
[ep=15 t=0050] choose_plan=0 action=0 reward=-5.325 info={'t': 51, 'max_steps': 100}
[ep=15 t=0051] choose_plan=2 action=0 reward=-5.264 info={'t': 52, 'max_steps': 100}
[ep=15 t=0052] choose_plan=1 action=0 reward=-5.134 info={'t': 53, 'max_steps': 100}
[ep=15 t=0053] choose_plan=4 action=0 reward=-5.193 info={'t': 54, 'max_steps': 100}
[ep=15 t=0054] choose_plan=0 action=0 reward=-5.295 info={'t': 55, 'max_steps': 100}
[ep=15 t=0055] choose_plan=0 action=0 reward=-5.292 info={'t': 56, 'max_steps': 100}
[ep=15 t=0056] choose_plan=0 action=0 reward=-5.206 info={'t': 57, 'max_steps': 100}
[ep=15 t=0057] choose_plan=1 action=0 reward=-5.472 info={'t': 58, 'max_steps': 100}
[ep=15 t=0058] choose_plan=4 action=0 reward=-5.502 info={'t': 59, 'max_steps': 100}
[ep=15 t=0059] choose_plan=1 action=1 reward=-6.252 info={'t': 60, 'max_steps': 100}
[ep=15 t=0060] choose_plan=1 action=0 reward=-5.340 info={'t': 61, 'max_steps': 100}
[ep=15 t=0061] choose_plan=0 action=0 reward=-5.308 info={'t': 62, 'max_steps': 100}
[ep=15 t=0062] choose_plan=1 action=0 reward=-5.160 info={'t': 63, 'max_steps': 100}
[ep=15 t=0063] choose_plan=4 action=0 reward=-4.949 info={'t': 64, 'max_steps': 100}
[ep=15 t=0064] choose_plan=3 action=0 reward=-4.730 info={'t': 65, 'max_steps': 100}
[ep=15 t=0065] choose_plan=1 action=0 reward=-4.659 info={'t': 66, 'max_steps': 100}
[ep=15 t=0066] choose_plan=3 action=0 reward=-4.384 info={'t': 67, 'max_steps': 100}
[ep=15 t=0067] choose_plan=2 action=0 reward=-4.377 info={'t': 68, 'max_steps': 100}
[ep=15 t=0068] choose_plan=2 action=0 reward=-4.291 info={'t': 69, 'max_steps': 100}
[ep=15 t=0069] choose_plan=1 action=0 reward=-4.283 info={'t': 70, 'max_steps': 100}
[ep=15 t=0070] choose_plan=5 action=0 reward=-4.344 info={'t': 71, 'max_steps': 100}
[ep=15 t=0071] choose_plan=0 action=0 reward=-4.239 info={'t': 72, 'max_steps': 100}
[ep=15 t=0072] choose_plan=5 action=0 reward=-4.422 info={'t': 73, 'max_steps': 100}
[ep=15 t=0073] choose_plan=0 action=0 reward=-4.376 info={'t': 74, 'max_steps': 100}
[ep=15 t=0074] choose_plan=1 action=0 reward=-4.544 info={'t': 75, 'max_steps': 100}
[ep=15 t=0075] choose_plan=1 action=0 reward=-4.513 info={'t': 76, 'max_steps': 100}
[ep=15 t=0076] choose_plan=3 action=0 reward=-4.434 info={'t': 77, 'max_steps': 100}
[ep=15 t=0077] choose_plan=3 action=0 reward=-4.461 info={'t': 78, 'max_steps': 100}
[ep=15 t=0078] choose_plan=2 action=0 reward=-4.536 info={'t': 79, 'max_steps': 100}
[ep=15 t=0079] choose_plan=0 action=0 reward=-4.490 info={'t': 80, 'max_steps': 100}
[ep=15 t=0080] choose_plan=4 action=0 reward=-4.433 info={'t': 81, 'max_steps': 100}
[ep=15 t=0081] choose_plan=1 action=0 reward=-4.215 info={'t': 82, 'max_steps': 100}
[ep=15 t=0082] choose_plan=3 action=0 reward=-4.163 info={'t': 83, 'max_steps': 100}
[ep=15 t=0083] choose_plan=1 action=0 reward=-4.143 info={'t': 84, 'max_steps': 100}
[ep=15 t=0084] choose_plan=4 action=0 reward=-4.092 info={'t': 85, 'max_steps': 100}
[ep=15 t=0085] choose_plan=2 action=0 reward=-4.103 info={'t': 86, 'max_steps': 100}
[ep=15 t=0086] choose_plan=5 action=0 reward=-4.000 info={'t': 87, 'max_steps': 100}
[ep=15 t=0087] choose_plan=5 action=0 reward=-4.000 info={'t': 88, 'max_steps': 100}
[ep=15 t=0088] choose_plan=5 action=3 reward=-7.000 info={'t': 89, 'max_steps': 100}
[ep=15 t=0089] choose_plan=5 action=0 reward=-4.000 info={'t': 90, 'max_steps': 100}
[ep=15 t=0090] choose_plan=1 action=0 reward=-4.000 info={'t': 91, 'max_steps': 100}
[ep=15 t=0091] choose_plan=1 action=0 reward=-4.000 info={'t': 92, 'max_steps': 100}
[ep=15 t=0092] choose_plan=5 action=0 reward=-4.000 info={'t': 93, 'max_steps': 100}
[ep=15 t=0093] choose_plan=1 action=0 reward=-4.259 info={'t': 94, 'max_steps': 100}
[ep=15 t=0094] choose_plan=0 action=0 reward=-4.229 info={'t': 95, 'max_steps': 100}
[ep=15 t=0095] choose_plan=3 action=0 reward=-4.111 info={'t': 96, 'max_steps': 100}
[ep=15 t=0096] choose_plan=5 action=0 reward=-4.049 info={'t': 97, 'max_steps': 100}
[ep=15 t=0097] choose_plan=2 action=0 reward=-4.097 info={'t': 98, 'max_steps': 100}
[ep=15 t=0098] choose_plan=3 action=0 reward=-4.125 info={'t': 99, 'max_steps': 100}
[ep=15 t=0099] choose_plan=1 action=1 reward=-5.000 info={'t': 100, 'max_steps': 100}
# done at t=99
# episode_summary {"episode": 15, "episode_return": -499.1249039586108, "reward_mean": -4.9912490395861075, "reward_min": -9.256245673209968, "reward_max": -4.0, "steps": 100, "unique_actions": 4, "top5_actions": [[0, 92], [1, 6], [4, 1], [3, 1]]}

# ===== EPISODE 16 =====
[ep=16 t=0000] choose_plan=0 action=0 reward=-4.973 info={'t': 1, 'max_steps': 100}
[ep=16 t=0001] choose_plan=1 action=0 reward=-4.828 info={'t': 2, 'max_steps': 100}
[ep=16 t=0002] choose_plan=0 action=0 reward=-4.828 info={'t': 3, 'max_steps': 100}
[ep=16 t=0003] choose_plan=2 action=0 reward=-4.932 info={'t': 4, 'max_steps': 100}
[ep=16 t=0004] choose_plan=5 action=0 reward=-4.901 info={'t': 5, 'max_steps': 100}
[ep=16 t=0005] choose_plan=2 action=0 reward=-4.928 info={'t': 6, 'max_steps': 100}
[ep=16 t=0006] choose_plan=5 action=0 reward=-5.016 info={'t': 7, 'max_steps': 100}
[ep=16 t=0007] choose_plan=3 action=0 reward=-5.134 info={'t': 8, 'max_steps': 100}
[ep=16 t=0008] choose_plan=2 action=0 reward=-5.291 info={'t': 9, 'max_steps': 100}
[ep=16 t=0009] choose_plan=5 action=0 reward=-5.225 info={'t': 10, 'max_steps': 100}
[ep=16 t=0010] choose_plan=1 action=0 reward=-5.453 info={'t': 11, 'max_steps': 100}
[ep=16 t=0011] choose_plan=2 action=0 reward=-5.548 info={'t': 12, 'max_steps': 100}
[ep=16 t=0012] choose_plan=0 action=1 reward=-6.298 info={'t': 13, 'max_steps': 100}
[ep=16 t=0013] choose_plan=1 action=0 reward=-5.360 info={'t': 14, 'max_steps': 100}
[ep=16 t=0014] choose_plan=1 action=0 reward=-5.237 info={'t': 15, 'max_steps': 100}
[ep=16 t=0015] choose_plan=4 action=0 reward=-5.409 info={'t': 16, 'max_steps': 100}
[ep=16 t=0016] choose_plan=0 action=0 reward=-5.595 info={'t': 17, 'max_steps': 100}
[ep=16 t=0017] choose_plan=3 action=1 reward=-6.345 info={'t': 18, 'max_steps': 100}
[ep=16 t=0018] choose_plan=3 action=0 reward=-5.300 info={'t': 19, 'max_steps': 100}
[ep=16 t=0019] choose_plan=1 action=0 reward=-5.194 info={'t': 20, 'max_steps': 100}
[ep=16 t=0020] choose_plan=0 action=0 reward=-5.113 info={'t': 21, 'max_steps': 100}
[ep=16 t=0021] choose_plan=3 action=0 reward=-5.028 info={'t': 22, 'max_steps': 100}
[ep=16 t=0022] choose_plan=0 action=0 reward=-4.930 info={'t': 23, 'max_steps': 100}
[ep=16 t=0023] choose_plan=4 action=0 reward=-5.068 info={'t': 24, 'max_steps': 100}
[ep=16 t=0024] choose_plan=0 action=0 reward=-4.941 info={'t': 25, 'max_steps': 100}
[ep=16 t=0025] choose_plan=4 action=0 reward=-4.994 info={'t': 26, 'max_steps': 100}
[ep=16 t=0026] choose_plan=1 action=0 reward=-5.078 info={'t': 27, 'max_steps': 100}
[ep=16 t=0027] choose_plan=1 action=0 reward=-4.910 info={'t': 28, 'max_steps': 100}
[ep=16 t=0028] choose_plan=3 action=0 reward=-5.006 info={'t': 29, 'max_steps': 100}
[ep=16 t=0029] choose_plan=5 action=0 reward=-5.071 info={'t': 30, 'max_steps': 100}
[ep=16 t=0030] choose_plan=2 action=0 reward=-5.041 info={'t': 31, 'max_steps': 100}
[ep=16 t=0031] choose_plan=5 action=0 reward=-4.972 info={'t': 32, 'max_steps': 100}
[ep=16 t=0032] choose_plan=2 action=0 reward=-5.044 info={'t': 33, 'max_steps': 100}
[ep=16 t=0033] choose_plan=3 action=0 reward=-5.057 info={'t': 34, 'max_steps': 100}
[ep=16 t=0034] choose_plan=0 action=0 reward=-5.117 info={'t': 35, 'max_steps': 100}
[ep=16 t=0035] choose_plan=0 action=0 reward=-5.161 info={'t': 36, 'max_steps': 100}
[ep=16 t=0036] choose_plan=4 action=0 reward=-5.094 info={'t': 37, 'max_steps': 100}
[ep=16 t=0037] choose_plan=4 action=0 reward=-4.956 info={'t': 38, 'max_steps': 100}
[ep=16 t=0038] choose_plan=5 action=0 reward=-4.885 info={'t': 39, 'max_steps': 100}
[ep=16 t=0039] choose_plan=2 action=0 reward=-4.862 info={'t': 40, 'max_steps': 100}
[ep=16 t=0040] choose_plan=4 action=0 reward=-4.964 info={'t': 41, 'max_steps': 100}
[ep=16 t=0041] choose_plan=5 action=0 reward=-4.955 info={'t': 42, 'max_steps': 100}
[ep=16 t=0042] choose_plan=3 action=0 reward=-4.764 info={'t': 43, 'max_steps': 100}
[ep=16 t=0043] choose_plan=0 action=0 reward=-4.819 info={'t': 44, 'max_steps': 100}
[ep=16 t=0044] choose_plan=1 action=0 reward=-4.795 info={'t': 45, 'max_steps': 100}
[ep=16 t=0045] choose_plan=0 action=0 reward=-4.803 info={'t': 46, 'max_steps': 100}
[ep=16 t=0046] choose_plan=4 action=0 reward=-4.802 info={'t': 47, 'max_steps': 100}
[ep=16 t=0047] choose_plan=0 action=2 reward=-6.699 info={'t': 48, 'max_steps': 100}
[ep=16 t=0048] choose_plan=3 action=0 reward=-4.536 info={'t': 49, 'max_steps': 100}
[ep=16 t=0049] choose_plan=3 action=0 reward=-4.445 info={'t': 50, 'max_steps': 100}
[ep=16 t=0050] choose_plan=5 action=0 reward=-4.498 info={'t': 51, 'max_steps': 100}
[ep=16 t=0051] choose_plan=4 action=0 reward=-4.664 info={'t': 52, 'max_steps': 100}
[ep=16 t=0052] choose_plan=4 action=0 reward=-4.645 info={'t': 53, 'max_steps': 100}
[ep=16 t=0053] choose_plan=3 action=0 reward=-4.676 info={'t': 54, 'max_steps': 100}
[ep=16 t=0054] choose_plan=2 action=0 reward=-4.702 info={'t': 55, 'max_steps': 100}
[ep=16 t=0055] choose_plan=5 action=0 reward=-4.657 info={'t': 56, 'max_steps': 100}
[ep=16 t=0056] choose_plan=0 action=0 reward=-4.742 info={'t': 57, 'max_steps': 100}
[ep=16 t=0057] choose_plan=4 action=0 reward=-4.729 info={'t': 58, 'max_steps': 100}
[ep=16 t=0058] choose_plan=3 action=0 reward=-4.696 info={'t': 59, 'max_steps': 100}
[ep=16 t=0059] choose_plan=2 action=0 reward=-4.622 info={'t': 60, 'max_steps': 100}
[ep=16 t=0060] choose_plan=0 action=0 reward=-4.461 info={'t': 61, 'max_steps': 100}
[ep=16 t=0061] choose_plan=2 action=0 reward=-4.522 info={'t': 62, 'max_steps': 100}
[ep=16 t=0062] choose_plan=2 action=0 reward=-4.520 info={'t': 63, 'max_steps': 100}
[ep=16 t=0063] choose_plan=0 action=0 reward=-4.504 info={'t': 64, 'max_steps': 100}
[ep=16 t=0064] choose_plan=1 action=0 reward=-4.440 info={'t': 65, 'max_steps': 100}
[ep=16 t=0065] choose_plan=5 action=1 reward=-5.190 info={'t': 66, 'max_steps': 100}
[ep=16 t=0066] choose_plan=0 action=0 reward=-4.262 info={'t': 67, 'max_steps': 100}
[ep=16 t=0067] choose_plan=1 action=0 reward=-4.262 info={'t': 68, 'max_steps': 100}
[ep=16 t=0068] choose_plan=3 action=0 reward=-4.286 info={'t': 69, 'max_steps': 100}
[ep=16 t=0069] choose_plan=5 action=0 reward=-4.435 info={'t': 70, 'max_steps': 100}
[ep=16 t=0070] choose_plan=4 action=2 reward=-6.531 info={'t': 71, 'max_steps': 100}
[ep=16 t=0071] choose_plan=2 action=0 reward=-4.539 info={'t': 72, 'max_steps': 100}
[ep=16 t=0072] choose_plan=4 action=0 reward=-4.409 info={'t': 73, 'max_steps': 100}
[ep=16 t=0073] choose_plan=3 action=0 reward=-4.386 info={'t': 74, 'max_steps': 100}
[ep=16 t=0074] choose_plan=4 action=0 reward=-4.406 info={'t': 75, 'max_steps': 100}
[ep=16 t=0075] choose_plan=5 action=0 reward=-4.420 info={'t': 76, 'max_steps': 100}
[ep=16 t=0076] choose_plan=0 action=0 reward=-4.350 info={'t': 77, 'max_steps': 100}
[ep=16 t=0077] choose_plan=5 action=0 reward=-4.245 info={'t': 78, 'max_steps': 100}
[ep=16 t=0078] choose_plan=1 action=1 reward=-5.000 info={'t': 79, 'max_steps': 100}
[ep=16 t=0079] choose_plan=0 action=0 reward=-4.000 info={'t': 80, 'max_steps': 100}
[ep=16 t=0080] choose_plan=1 action=0 reward=-4.094 info={'t': 81, 'max_steps': 100}
[ep=16 t=0081] choose_plan=3 action=0 reward=-4.145 info={'t': 82, 'max_steps': 100}
[ep=16 t=0082] choose_plan=1 action=0 reward=-4.188 info={'t': 83, 'max_steps': 100}
[ep=16 t=0083] choose_plan=4 action=0 reward=-4.183 info={'t': 84, 'max_steps': 100}
[ep=16 t=0084] choose_plan=1 action=0 reward=-4.237 info={'t': 85, 'max_steps': 100}
[ep=16 t=0085] choose_plan=1 action=0 reward=-4.286 info={'t': 86, 'max_steps': 100}
[ep=16 t=0086] choose_plan=4 action=0 reward=-4.199 info={'t': 87, 'max_steps': 100}
[ep=16 t=0087] choose_plan=3 action=0 reward=-4.075 info={'t': 88, 'max_steps': 100}
[ep=16 t=0088] choose_plan=4 action=0 reward=-4.022 info={'t': 89, 'max_steps': 100}
[ep=16 t=0089] choose_plan=0 action=0 reward=-4.000 info={'t': 90, 'max_steps': 100}
[ep=16 t=0090] choose_plan=3 action=0 reward=-4.000 info={'t': 91, 'max_steps': 100}
[ep=16 t=0091] choose_plan=1 action=0 reward=-4.276 info={'t': 92, 'max_steps': 100}
[ep=16 t=0092] choose_plan=4 action=0 reward=-4.197 info={'t': 93, 'max_steps': 100}
[ep=16 t=0093] choose_plan=2 action=0 reward=-4.186 info={'t': 94, 'max_steps': 100}
[ep=16 t=0094] choose_plan=5 action=0 reward=-4.198 info={'t': 95, 'max_steps': 100}
[ep=16 t=0095] choose_plan=3 action=0 reward=-4.091 info={'t': 96, 'max_steps': 100}
[ep=16 t=0096] choose_plan=3 action=2 reward=-6.138 info={'t': 97, 'max_steps': 100}
[ep=16 t=0097] choose_plan=1 action=0 reward=-4.067 info={'t': 98, 'max_steps': 100}
[ep=16 t=0098] choose_plan=2 action=0 reward=-4.035 info={'t': 99, 'max_steps': 100}
[ep=16 t=0099] choose_plan=1 action=0 reward=-4.111 info={'t': 100, 'max_steps': 100}
# done at t=99
# episode_summary {"episode": 16, "episode_return": -478.2270908473227, "reward_mean": -4.782270908473227, "reward_min": -6.698909443516029, "reward_max": -4.0, "steps": 100, "unique_actions": 3, "top5_actions": [[0, 93], [1, 4], [2, 3]]}

# ===== EPISODE 17 =====
[ep=17 t=0000] choose_plan=0 action=0 reward=-4.818 info={'t': 1, 'max_steps': 100}
[ep=17 t=0001] choose_plan=4 action=0 reward=-4.804 info={'t': 2, 'max_steps': 100}
[ep=17 t=0002] choose_plan=3 action=1 reward=-5.554 info={'t': 3, 'max_steps': 100}
[ep=17 t=0003] choose_plan=0 action=0 reward=-4.651 info={'t': 4, 'max_steps': 100}
[ep=17 t=0004] choose_plan=0 action=0 reward=-4.738 info={'t': 5, 'max_steps': 100}
[ep=17 t=0005] choose_plan=1 action=0 reward=-4.864 info={'t': 6, 'max_steps': 100}
[ep=17 t=0006] choose_plan=5 action=0 reward=-4.807 info={'t': 7, 'max_steps': 100}
[ep=17 t=0007] choose_plan=5 action=0 reward=-4.892 info={'t': 8, 'max_steps': 100}
[ep=17 t=0008] choose_plan=4 action=0 reward=-4.934 info={'t': 9, 'max_steps': 100}
[ep=17 t=0009] choose_plan=1 action=0 reward=-5.206 info={'t': 10, 'max_steps': 100}
[ep=17 t=0010] choose_plan=3 action=0 reward=-5.267 info={'t': 11, 'max_steps': 100}
[ep=17 t=0011] choose_plan=0 action=0 reward=-5.038 info={'t': 12, 'max_steps': 100}
[ep=17 t=0012] choose_plan=2 action=0 reward=-5.046 info={'t': 13, 'max_steps': 100}
[ep=17 t=0013] choose_plan=0 action=0 reward=-5.104 info={'t': 14, 'max_steps': 100}
[ep=17 t=0014] choose_plan=2 action=1 reward=-5.854 info={'t': 15, 'max_steps': 100}
[ep=17 t=0015] choose_plan=3 action=0 reward=-4.947 info={'t': 16, 'max_steps': 100}
[ep=17 t=0016] choose_plan=2 action=0 reward=-4.951 info={'t': 17, 'max_steps': 100}
[ep=17 t=0017] choose_plan=4 action=0 reward=-5.066 info={'t': 18, 'max_steps': 100}
[ep=17 t=0018] choose_plan=0 action=1 reward=-5.816 info={'t': 19, 'max_steps': 100}
[ep=17 t=0019] choose_plan=1 action=0 reward=-4.818 info={'t': 20, 'max_steps': 100}
[ep=17 t=0020] choose_plan=2 action=0 reward=-4.613 info={'t': 21, 'max_steps': 100}
[ep=17 t=0021] choose_plan=3 action=0 reward=-4.627 info={'t': 22, 'max_steps': 100}
[ep=17 t=0022] choose_plan=0 action=0 reward=-4.618 info={'t': 23, 'max_steps': 100}
[ep=17 t=0023] choose_plan=5 action=0 reward=-4.608 info={'t': 24, 'max_steps': 100}
[ep=17 t=0024] choose_plan=0 action=1 reward=-5.358 info={'t': 25, 'max_steps': 100}
[ep=17 t=0025] choose_plan=4 action=0 reward=-4.294 info={'t': 26, 'max_steps': 100}
[ep=17 t=0026] choose_plan=2 action=0 reward=-4.269 info={'t': 27, 'max_steps': 100}
[ep=17 t=0027] choose_plan=2 action=0 reward=-4.399 info={'t': 28, 'max_steps': 100}
[ep=17 t=0028] choose_plan=1 action=0 reward=-4.261 info={'t': 29, 'max_steps': 100}
[ep=17 t=0029] choose_plan=0 action=0 reward=-4.497 info={'t': 30, 'max_steps': 100}
[ep=17 t=0030] choose_plan=4 action=0 reward=-4.687 info={'t': 31, 'max_steps': 100}
[ep=17 t=0031] choose_plan=3 action=1 reward=-5.437 info={'t': 32, 'max_steps': 100}
[ep=17 t=0032] choose_plan=2 action=0 reward=-4.516 info={'t': 33, 'max_steps': 100}
[ep=17 t=0033] choose_plan=2 action=0 reward=-4.233 info={'t': 34, 'max_steps': 100}
[ep=17 t=0034] choose_plan=1 action=0 reward=-4.176 info={'t': 35, 'max_steps': 100}
[ep=17 t=0035] choose_plan=2 action=0 reward=-4.328 info={'t': 36, 'max_steps': 100}
[ep=17 t=0036] choose_plan=1 action=0 reward=-4.336 info={'t': 37, 'max_steps': 100}
[ep=17 t=0037] choose_plan=4 action=0 reward=-4.322 info={'t': 38, 'max_steps': 100}
[ep=17 t=0038] choose_plan=2 action=0 reward=-4.278 info={'t': 39, 'max_steps': 100}
[ep=17 t=0039] choose_plan=2 action=2 reward=-6.103 info={'t': 40, 'max_steps': 100}
[ep=17 t=0040] choose_plan=1 action=0 reward=-4.054 info={'t': 41, 'max_steps': 100}
[ep=17 t=0041] choose_plan=3 action=0 reward=-4.000 info={'t': 42, 'max_steps': 100}
[ep=17 t=0042] choose_plan=5 action=0 reward=-4.000 info={'t': 43, 'max_steps': 100}
[ep=17 t=0043] choose_plan=4 action=0 reward=-4.000 info={'t': 44, 'max_steps': 100}
[ep=17 t=0044] choose_plan=5 action=0 reward=-4.034 info={'t': 45, 'max_steps': 100}
[ep=17 t=0045] choose_plan=1 action=0 reward=-4.000 info={'t': 46, 'max_steps': 100}
[ep=17 t=0046] choose_plan=2 action=0 reward=-4.000 info={'t': 47, 'max_steps': 100}
[ep=17 t=0047] choose_plan=3 action=0 reward=-4.189 info={'t': 48, 'max_steps': 100}
[ep=17 t=0048] choose_plan=2 action=0 reward=-4.243 info={'t': 49, 'max_steps': 100}
[ep=17 t=0049] choose_plan=0 action=0 reward=-4.271 info={'t': 50, 'max_steps': 100}
[ep=17 t=0050] choose_plan=0 action=0 reward=-4.251 info={'t': 51, 'max_steps': 100}
[ep=17 t=0051] choose_plan=1 action=0 reward=-4.059 info={'t': 52, 'max_steps': 100}
[ep=17 t=0052] choose_plan=1 action=0 reward=-4.257 info={'t': 53, 'max_steps': 100}
[ep=17 t=0053] choose_plan=4 action=0 reward=-4.174 info={'t': 54, 'max_steps': 100}
[ep=17 t=0054] choose_plan=2 action=0 reward=-4.173 info={'t': 55, 'max_steps': 100}
[ep=17 t=0055] choose_plan=4 action=0 reward=-4.127 info={'t': 56, 'max_steps': 100}
[ep=17 t=0056] choose_plan=2 action=0 reward=-4.228 info={'t': 57, 'max_steps': 100}
[ep=17 t=0057] choose_plan=3 action=0 reward=-4.204 info={'t': 58, 'max_steps': 100}
[ep=17 t=0058] choose_plan=3 action=0 reward=-4.393 info={'t': 59, 'max_steps': 100}
[ep=17 t=0059] choose_plan=0 action=0 reward=-4.683 info={'t': 60, 'max_steps': 100}
[ep=17 t=0060] choose_plan=3 action=0 reward=-4.506 info={'t': 61, 'max_steps': 100}
[ep=17 t=0061] choose_plan=3 action=0 reward=-4.448 info={'t': 62, 'max_steps': 100}
[ep=17 t=0062] choose_plan=4 action=0 reward=-4.521 info={'t': 63, 'max_steps': 100}
[ep=17 t=0063] choose_plan=2 action=0 reward=-4.495 info={'t': 64, 'max_steps': 100}
[ep=17 t=0064] choose_plan=0 action=0 reward=-4.406 info={'t': 65, 'max_steps': 100}
[ep=17 t=0065] choose_plan=1 action=0 reward=-4.523 info={'t': 66, 'max_steps': 100}
[ep=17 t=0066] choose_plan=5 action=0 reward=-4.523 info={'t': 67, 'max_steps': 100}
[ep=17 t=0067] choose_plan=1 action=0 reward=-4.787 info={'t': 68, 'max_steps': 100}
[ep=17 t=0068] choose_plan=1 action=0 reward=-4.761 info={'t': 69, 'max_steps': 100}
[ep=17 t=0069] choose_plan=1 action=0 reward=-4.753 info={'t': 70, 'max_steps': 100}
[ep=17 t=0070] choose_plan=3 action=0 reward=-4.731 info={'t': 71, 'max_steps': 100}
[ep=17 t=0071] choose_plan=1 action=0 reward=-4.801 info={'t': 72, 'max_steps': 100}
[ep=17 t=0072] choose_plan=1 action=0 reward=-4.737 info={'t': 73, 'max_steps': 100}
[ep=17 t=0073] choose_plan=4 action=0 reward=-4.667 info={'t': 74, 'max_steps': 100}
[ep=17 t=0074] choose_plan=0 action=0 reward=-4.604 info={'t': 75, 'max_steps': 100}
[ep=17 t=0075] choose_plan=5 action=0 reward=-4.769 info={'t': 76, 'max_steps': 100}
[ep=17 t=0076] choose_plan=2 action=0 reward=-4.890 info={'t': 77, 'max_steps': 100}
[ep=17 t=0077] choose_plan=4 action=0 reward=-4.813 info={'t': 78, 'max_steps': 100}
[ep=17 t=0078] choose_plan=2 action=0 reward=-4.821 info={'t': 79, 'max_steps': 100}
[ep=17 t=0079] choose_plan=0 action=0 reward=-4.859 info={'t': 80, 'max_steps': 100}
[ep=17 t=0080] choose_plan=2 action=0 reward=-4.910 info={'t': 81, 'max_steps': 100}
[ep=17 t=0081] choose_plan=1 action=0 reward=-5.058 info={'t': 82, 'max_steps': 100}
[ep=17 t=0082] choose_plan=3 action=0 reward=-5.169 info={'t': 83, 'max_steps': 100}
[ep=17 t=0083] choose_plan=2 action=0 reward=-5.113 info={'t': 84, 'max_steps': 100}
[ep=17 t=0084] choose_plan=0 action=0 reward=-5.180 info={'t': 85, 'max_steps': 100}
[ep=17 t=0085] choose_plan=5 action=0 reward=-5.246 info={'t': 86, 'max_steps': 100}
[ep=17 t=0086] choose_plan=5 action=0 reward=-5.172 info={'t': 87, 'max_steps': 100}
[ep=17 t=0087] choose_plan=5 action=0 reward=-5.159 info={'t': 88, 'max_steps': 100}
[ep=17 t=0088] choose_plan=3 action=0 reward=-5.299 info={'t': 89, 'max_steps': 100}
[ep=17 t=0089] choose_plan=2 action=0 reward=-5.489 info={'t': 90, 'max_steps': 100}
[ep=17 t=0090] choose_plan=1 action=0 reward=-5.314 info={'t': 91, 'max_steps': 100}
[ep=17 t=0091] choose_plan=2 action=0 reward=-5.348 info={'t': 92, 'max_steps': 100}
[ep=17 t=0092] choose_plan=3 action=0 reward=-5.493 info={'t': 93, 'max_steps': 100}
[ep=17 t=0093] choose_plan=0 action=0 reward=-5.522 info={'t': 94, 'max_steps': 100}
[ep=17 t=0094] choose_plan=2 action=1 reward=-6.272 info={'t': 95, 'max_steps': 100}
[ep=17 t=0095] choose_plan=4 action=0 reward=-5.387 info={'t': 96, 'max_steps': 100}
[ep=17 t=0096] choose_plan=5 action=0 reward=-5.361 info={'t': 97, 'max_steps': 100}
[ep=17 t=0097] choose_plan=1 action=0 reward=-5.330 info={'t': 98, 'max_steps': 100}
[ep=17 t=0098] choose_plan=4 action=0 reward=-5.303 info={'t': 99, 'max_steps': 100}
[ep=17 t=0099] choose_plan=4 action=0 reward=-5.232 info={'t': 100, 'max_steps': 100}
# done at t=99
# episode_summary {"episode": 17, "episode_return": -476.25218100798963, "reward_mean": -4.762521810079896, "reward_min": -6.272497431491708, "reward_max": -4.0, "steps": 100, "unique_actions": 3, "top5_actions": [[0, 93], [1, 6], [2, 1]]}

# ===== EPISODE 18 =====
[ep=18 t=0000] choose_plan=2 action=0 reward=-5.057 info={'t': 1, 'max_steps': 100}
[ep=18 t=0001] choose_plan=0 action=0 reward=-4.947 info={'t': 2, 'max_steps': 100}
[ep=18 t=0002] choose_plan=0 action=0 reward=-4.849 info={'t': 3, 'max_steps': 100}
[ep=18 t=0003] choose_plan=0 action=0 reward=-5.150 info={'t': 4, 'max_steps': 100}
[ep=18 t=0004] choose_plan=2 action=0 reward=-5.141 info={'t': 5, 'max_steps': 100}
[ep=18 t=0005] choose_plan=5 action=0 reward=-5.251 info={'t': 6, 'max_steps': 100}
[ep=18 t=0006] choose_plan=0 action=0 reward=-5.192 info={'t': 7, 'max_steps': 100}
[ep=18 t=0007] choose_plan=5 action=1 reward=-5.942 info={'t': 8, 'max_steps': 100}
[ep=18 t=0008] choose_plan=2 action=0 reward=-4.903 info={'t': 9, 'max_steps': 100}
[ep=18 t=0009] choose_plan=0 action=0 reward=-4.841 info={'t': 10, 'max_steps': 100}
[ep=18 t=0010] choose_plan=2 action=0 reward=-5.114 info={'t': 11, 'max_steps': 100}
[ep=18 t=0011] choose_plan=2 action=0 reward=-5.068 info={'t': 12, 'max_steps': 100}
[ep=18 t=0012] choose_plan=0 action=0 reward=-4.945 info={'t': 13, 'max_steps': 100}
[ep=18 t=0013] choose_plan=3 action=0 reward=-4.847 info={'t': 14, 'max_steps': 100}
[ep=18 t=0014] choose_plan=4 action=0 reward=-4.664 info={'t': 15, 'max_steps': 100}
[ep=18 t=0015] choose_plan=3 action=0 reward=-4.695 info={'t': 16, 'max_steps': 100}
[ep=18 t=0016] choose_plan=1 action=1 reward=-5.445 info={'t': 17, 'max_steps': 100}
[ep=18 t=0017] choose_plan=2 action=0 reward=-4.357 info={'t': 18, 'max_steps': 100}
[ep=18 t=0018] choose_plan=4 action=0 reward=-4.172 info={'t': 19, 'max_steps': 100}
[ep=18 t=0019] choose_plan=1 action=0 reward=-4.099 info={'t': 20, 'max_steps': 100}
[ep=18 t=0020] choose_plan=1 action=0 reward=-4.016 info={'t': 21, 'max_steps': 100}
[ep=18 t=0021] choose_plan=4 action=0 reward=-4.022 info={'t': 22, 'max_steps': 100}
[ep=18 t=0022] choose_plan=0 action=0 reward=-4.000 info={'t': 23, 'max_steps': 100}
[ep=18 t=0023] choose_plan=5 action=0 reward=-4.000 info={'t': 24, 'max_steps': 100}
[ep=18 t=0024] choose_plan=3 action=0 reward=-4.000 info={'t': 25, 'max_steps': 100}
[ep=18 t=0025] choose_plan=4 action=0 reward=-4.000 info={'t': 26, 'max_steps': 100}
[ep=18 t=0026] choose_plan=4 action=0 reward=-4.001 info={'t': 27, 'max_steps': 100}
[ep=18 t=0027] choose_plan=1 action=0 reward=-4.000 info={'t': 28, 'max_steps': 100}
[ep=18 t=0028] choose_plan=1 action=0 reward=-4.000 info={'t': 29, 'max_steps': 100}
[ep=18 t=0029] choose_plan=1 action=0 reward=-4.000 info={'t': 30, 'max_steps': 100}
[ep=18 t=0030] choose_plan=5 action=0 reward=-4.019 info={'t': 31, 'max_steps': 100}
[ep=18 t=0031] choose_plan=0 action=0 reward=-4.000 info={'t': 32, 'max_steps': 100}
[ep=18 t=0032] choose_plan=4 action=1 reward=-5.000 info={'t': 33, 'max_steps': 100}
[ep=18 t=0033] choose_plan=4 action=0 reward=-4.057 info={'t': 34, 'max_steps': 100}
[ep=18 t=0034] choose_plan=2 action=2 reward=-6.082 info={'t': 35, 'max_steps': 100}
[ep=18 t=0035] choose_plan=2 action=0 reward=-4.000 info={'t': 36, 'max_steps': 100}
[ep=18 t=0036] choose_plan=3 action=0 reward=-4.062 info={'t': 37, 'max_steps': 100}
[ep=18 t=0037] choose_plan=1 action=0 reward=-4.006 info={'t': 38, 'max_steps': 100}
[ep=18 t=0038] choose_plan=4 action=0 reward=-4.012 info={'t': 39, 'max_steps': 100}
[ep=18 t=0039] choose_plan=0 action=0 reward=-4.133 info={'t': 40, 'max_steps': 100}
[ep=18 t=0040] choose_plan=1 action=0 reward=-4.029 info={'t': 41, 'max_steps': 100}
[ep=18 t=0041] choose_plan=4 action=0 reward=-4.123 info={'t': 42, 'max_steps': 100}
[ep=18 t=0042] choose_plan=3 action=0 reward=-4.162 info={'t': 43, 'max_steps': 100}
[ep=18 t=0043] choose_plan=4 action=0 reward=-4.157 info={'t': 44, 'max_steps': 100}
[ep=18 t=0044] choose_plan=5 action=0 reward=-4.192 info={'t': 45, 'max_steps': 100}
[ep=18 t=0045] choose_plan=1 action=0 reward=-4.270 info={'t': 46, 'max_steps': 100}
[ep=18 t=0046] choose_plan=2 action=0 reward=-4.334 info={'t': 47, 'max_steps': 100}
[ep=18 t=0047] choose_plan=1 action=0 reward=-4.113 info={'t': 48, 'max_steps': 100}
[ep=18 t=0048] choose_plan=3 action=0 reward=-4.091 info={'t': 49, 'max_steps': 100}
[ep=18 t=0049] choose_plan=4 action=0 reward=-4.111 info={'t': 50, 'max_steps': 100}
[ep=18 t=0050] choose_plan=4 action=0 reward=-4.108 info={'t': 51, 'max_steps': 100}
[ep=18 t=0051] choose_plan=4 action=0 reward=-4.000 info={'t': 52, 'max_steps': 100}
[ep=18 t=0052] choose_plan=0 action=0 reward=-4.092 info={'t': 53, 'max_steps': 100}
[ep=18 t=0053] choose_plan=3 action=3 reward=-7.000 info={'t': 54, 'max_steps': 100}
[ep=18 t=0054] choose_plan=1 action=0 reward=-4.000 info={'t': 55, 'max_steps': 100}
[ep=18 t=0055] choose_plan=4 action=0 reward=-4.036 info={'t': 56, 'max_steps': 100}
[ep=18 t=0056] choose_plan=3 action=1 reward=-5.000 info={'t': 57, 'max_steps': 100}
[ep=18 t=0057] choose_plan=5 action=0 reward=-4.070 info={'t': 58, 'max_steps': 100}
[ep=18 t=0058] choose_plan=3 action=0 reward=-4.312 info={'t': 59, 'max_steps': 100}
[ep=18 t=0059] choose_plan=3 action=0 reward=-4.372 info={'t': 60, 'max_steps': 100}
[ep=18 t=0060] choose_plan=2 action=0 reward=-4.241 info={'t': 61, 'max_steps': 100}
[ep=18 t=0061] choose_plan=3 action=0 reward=-4.138 info={'t': 62, 'max_steps': 100}
[ep=18 t=0062] choose_plan=0 action=0 reward=-4.082 info={'t': 63, 'max_steps': 100}
[ep=18 t=0063] choose_plan=2 action=0 reward=-4.000 info={'t': 64, 'max_steps': 100}
[ep=18 t=0064] choose_plan=2 action=0 reward=-4.181 info={'t': 65, 'max_steps': 100}
[ep=18 t=0065] choose_plan=5 action=0 reward=-4.190 info={'t': 66, 'max_steps': 100}
[ep=18 t=0066] choose_plan=1 action=1 reward=-5.000 info={'t': 67, 'max_steps': 100}
[ep=18 t=0067] choose_plan=1 action=0 reward=-4.000 info={'t': 68, 'max_steps': 100}
[ep=18 t=0068] choose_plan=5 action=0 reward=-4.000 info={'t': 69, 'max_steps': 100}
[ep=18 t=0069] choose_plan=0 action=0 reward=-4.147 info={'t': 70, 'max_steps': 100}
[ep=18 t=0070] choose_plan=5 action=0 reward=-4.000 info={'t': 71, 'max_steps': 100}
[ep=18 t=0071] choose_plan=1 action=1 reward=-5.000 info={'t': 72, 'max_steps': 100}
[ep=18 t=0072] choose_plan=1 action=0 reward=-4.068 info={'t': 73, 'max_steps': 100}
[ep=18 t=0073] choose_plan=5 action=0 reward=-4.000 info={'t': 74, 'max_steps': 100}
[ep=18 t=0074] choose_plan=0 action=0 reward=-4.000 info={'t': 75, 'max_steps': 100}
[ep=18 t=0075] choose_plan=5 action=0 reward=-4.136 info={'t': 76, 'max_steps': 100}
[ep=18 t=0076] choose_plan=1 action=0 reward=-4.041 info={'t': 77, 'max_steps': 100}
[ep=18 t=0077] choose_plan=3 action=0 reward=-4.000 info={'t': 78, 'max_steps': 100}
[ep=18 t=0078] choose_plan=4 action=0 reward=-4.000 info={'t': 79, 'max_steps': 100}
[ep=18 t=0079] choose_plan=2 action=0 reward=-4.000 info={'t': 80, 'max_steps': 100}
[ep=18 t=0080] choose_plan=3 action=0 reward=-4.000 info={'t': 81, 'max_steps': 100}
[ep=18 t=0081] choose_plan=1 action=0 reward=-4.086 info={'t': 82, 'max_steps': 100}
[ep=18 t=0082] choose_plan=2 action=0 reward=-4.186 info={'t': 83, 'max_steps': 100}
[ep=18 t=0083] choose_plan=1 action=0 reward=-4.143 info={'t': 84, 'max_steps': 100}
[ep=18 t=0084] choose_plan=4 action=1 reward=-5.000 info={'t': 85, 'max_steps': 100}
[ep=18 t=0085] choose_plan=3 action=3 reward=-7.000 info={'t': 86, 'max_steps': 100}
[ep=18 t=0086] choose_plan=3 action=0 reward=-4.000 info={'t': 87, 'max_steps': 100}
[ep=18 t=0087] choose_plan=3 action=0 reward=-4.102 info={'t': 88, 'max_steps': 100}
[ep=18 t=0088] choose_plan=1 action=0 reward=-4.142 info={'t': 89, 'max_steps': 100}
[ep=18 t=0089] choose_plan=0 action=0 reward=-4.148 info={'t': 90, 'max_steps': 100}
[ep=18 t=0090] choose_plan=0 action=0 reward=-4.181 info={'t': 91, 'max_steps': 100}
[ep=18 t=0091] choose_plan=3 action=0 reward=-4.109 info={'t': 92, 'max_steps': 100}
[ep=18 t=0092] choose_plan=2 action=0 reward=-4.000 info={'t': 93, 'max_steps': 100}
[ep=18 t=0093] choose_plan=1 action=0 reward=-4.000 info={'t': 94, 'max_steps': 100}
[ep=18 t=0094] choose_plan=1 action=0 reward=-4.052 info={'t': 95, 'max_steps': 100}
[ep=18 t=0095] choose_plan=2 action=0 reward=-4.012 info={'t': 96, 'max_steps': 100}
[ep=18 t=0096] choose_plan=0 action=0 reward=-4.000 info={'t': 97, 'max_steps': 100}
[ep=18 t=0097] choose_plan=1 action=0 reward=-4.000 info={'t': 98, 'max_steps': 100}
[ep=18 t=0098] choose_plan=4 action=0 reward=-4.000 info={'t': 99, 'max_steps': 100}
[ep=18 t=0099] choose_plan=1 action=0 reward=-4.000 info={'t': 100, 'max_steps': 100}
# done at t=99
# episode_summary {"episode": 18, "episode_return": -437.0470942170635, "reward_mean": -4.370470942170635, "reward_min": -7.0, "reward_max": -4.0, "steps": 100, "unique_actions": 4, "top5_actions": [[0, 90], [1, 7], [3, 2], [2, 1]]}

# ===== EPISODE 19 =====
[ep=19 t=0000] choose_plan=4 action=0 reward=-5.156 info={'t': 1, 'max_steps': 100}
[ep=19 t=0001] choose_plan=0 action=0 reward=-5.062 info={'t': 2, 'max_steps': 100}
[ep=19 t=0002] choose_plan=2 action=0 reward=-4.862 info={'t': 3, 'max_steps': 100}
[ep=19 t=0003] choose_plan=4 action=0 reward=-4.932 info={'t': 4, 'max_steps': 100}
[ep=19 t=0004] choose_plan=4 action=0 reward=-4.974 info={'t': 5, 'max_steps': 100}
[ep=19 t=0005] choose_plan=1 action=0 reward=-4.904 info={'t': 6, 'max_steps': 100}
[ep=19 t=0006] choose_plan=4 action=0 reward=-5.026 info={'t': 7, 'max_steps': 100}
[ep=19 t=0007] choose_plan=3 action=0 reward=-4.993 info={'t': 8, 'max_steps': 100}
[ep=19 t=0008] choose_plan=1 action=0 reward=-4.811 info={'t': 9, 'max_steps': 100}
[ep=19 t=0009] choose_plan=5 action=0 reward=-4.933 info={'t': 10, 'max_steps': 100}
[ep=19 t=0010] choose_plan=1 action=0 reward=-4.767 info={'t': 11, 'max_steps': 100}
[ep=19 t=0011] choose_plan=5 action=0 reward=-4.763 info={'t': 12, 'max_steps': 100}
[ep=19 t=0012] choose_plan=4 action=0 reward=-4.765 info={'t': 13, 'max_steps': 100}
[ep=19 t=0013] choose_plan=4 action=0 reward=-4.879 info={'t': 14, 'max_steps': 100}
[ep=19 t=0014] choose_plan=0 action=0 reward=-4.980 info={'t': 15, 'max_steps': 100}
[ep=19 t=0015] choose_plan=2 action=0 reward=-5.026 info={'t': 16, 'max_steps': 100}
[ep=19 t=0016] choose_plan=3 action=0 reward=-4.917 info={'t': 17, 'max_steps': 100}
[ep=19 t=0017] choose_plan=1 action=0 reward=-4.833 info={'t': 18, 'max_steps': 100}
[ep=19 t=0018] choose_plan=3 action=0 reward=-4.817 info={'t': 19, 'max_steps': 100}
[ep=19 t=0019] choose_plan=5 action=0 reward=-4.698 info={'t': 20, 'max_steps': 100}
[ep=19 t=0020] choose_plan=1 action=0 reward=-4.763 info={'t': 21, 'max_steps': 100}
[ep=19 t=0021] choose_plan=1 action=0 reward=-4.618 info={'t': 22, 'max_steps': 100}
[ep=19 t=0022] choose_plan=0 action=0 reward=-4.613 info={'t': 23, 'max_steps': 100}
[ep=19 t=0023] choose_plan=0 action=2 reward=-6.586 info={'t': 24, 'max_steps': 100}
[ep=19 t=0024] choose_plan=2 action=0 reward=-4.628 info={'t': 25, 'max_steps': 100}
[ep=19 t=0025] choose_plan=2 action=0 reward=-4.719 info={'t': 26, 'max_steps': 100}
[ep=19 t=0026] choose_plan=4 action=0 reward=-4.627 info={'t': 27, 'max_steps': 100}
[ep=19 t=0027] choose_plan=4 action=0 reward=-4.611 info={'t': 28, 'max_steps': 100}
[ep=19 t=0028] choose_plan=0 action=0 reward=-4.674 info={'t': 29, 'max_steps': 100}
[ep=19 t=0029] choose_plan=3 action=0 reward=-4.705 info={'t': 30, 'max_steps': 100}
[ep=19 t=0030] choose_plan=2 action=0 reward=-4.535 info={'t': 31, 'max_steps': 100}
[ep=19 t=0031] choose_plan=1 action=0 reward=-4.489 info={'t': 32, 'max_steps': 100}
[ep=19 t=0032] choose_plan=4 action=0 reward=-4.649 info={'t': 33, 'max_steps': 100}
[ep=19 t=0033] choose_plan=1 action=0 reward=-4.709 info={'t': 34, 'max_steps': 100}
[ep=19 t=0034] choose_plan=4 action=0 reward=-4.551 info={'t': 35, 'max_steps': 100}
[ep=19 t=0035] choose_plan=0 action=0 reward=-4.508 info={'t': 36, 'max_steps': 100}
[ep=19 t=0036] choose_plan=0 action=0 reward=-4.613 info={'t': 37, 'max_steps': 100}
[ep=19 t=0037] choose_plan=3 action=0 reward=-4.625 info={'t': 38, 'max_steps': 100}
[ep=19 t=0038] choose_plan=3 action=0 reward=-4.722 info={'t': 39, 'max_steps': 100}
[ep=19 t=0039] choose_plan=3 action=0 reward=-4.773 info={'t': 40, 'max_steps': 100}
[ep=19 t=0040] choose_plan=3 action=1 reward=-5.523 info={'t': 41, 'max_steps': 100}
[ep=19 t=0041] choose_plan=2 action=0 reward=-4.668 info={'t': 42, 'max_steps': 100}
[ep=19 t=0042] choose_plan=0 action=0 reward=-4.724 info={'t': 43, 'max_steps': 100}
[ep=19 t=0043] choose_plan=4 action=0 reward=-4.532 info={'t': 44, 'max_steps': 100}
[ep=19 t=0044] choose_plan=0 action=0 reward=-4.635 info={'t': 45, 'max_steps': 100}
[ep=19 t=0045] choose_plan=0 action=0 reward=-4.737 info={'t': 46, 'max_steps': 100}
[ep=19 t=0046] choose_plan=3 action=0 reward=-4.788 info={'t': 47, 'max_steps': 100}
[ep=19 t=0047] choose_plan=4 action=0 reward=-4.917 info={'t': 48, 'max_steps': 100}
[ep=19 t=0048] choose_plan=2 action=0 reward=-4.878 info={'t': 49, 'max_steps': 100}
[ep=19 t=0049] choose_plan=2 action=1 reward=-5.628 info={'t': 50, 'max_steps': 100}
[ep=19 t=0050] choose_plan=5 action=0 reward=-4.671 info={'t': 51, 'max_steps': 100}
[ep=19 t=0051] choose_plan=5 action=0 reward=-4.668 info={'t': 52, 'max_steps': 100}
[ep=19 t=0052] choose_plan=3 action=0 reward=-4.740 info={'t': 53, 'max_steps': 100}
[ep=19 t=0053] choose_plan=0 action=0 reward=-4.718 info={'t': 54, 'max_steps': 100}
[ep=19 t=0054] choose_plan=0 action=0 reward=-4.780 info={'t': 55, 'max_steps': 100}
[ep=19 t=0055] choose_plan=3 action=0 reward=-4.843 info={'t': 56, 'max_steps': 100}
[ep=19 t=0056] choose_plan=0 action=0 reward=-4.757 info={'t': 57, 'max_steps': 100}
[ep=19 t=0057] choose_plan=1 action=0 reward=-4.660 info={'t': 58, 'max_steps': 100}
[ep=19 t=0058] choose_plan=1 action=0 reward=-4.497 info={'t': 59, 'max_steps': 100}
[ep=19 t=0059] choose_plan=2 action=0 reward=-4.574 info={'t': 60, 'max_steps': 100}
[ep=19 t=0060] choose_plan=5 action=0 reward=-4.614 info={'t': 61, 'max_steps': 100}
[ep=19 t=0061] choose_plan=4 action=0 reward=-4.509 info={'t': 62, 'max_steps': 100}
[ep=19 t=0062] choose_plan=4 action=0 reward=-4.525 info={'t': 63, 'max_steps': 100}
[ep=19 t=0063] choose_plan=3 action=0 reward=-4.518 info={'t': 64, 'max_steps': 100}
[ep=19 t=0064] choose_plan=0 action=0 reward=-4.508 info={'t': 65, 'max_steps': 100}
[ep=19 t=0065] choose_plan=1 action=0 reward=-4.600 info={'t': 66, 'max_steps': 100}
[ep=19 t=0066] choose_plan=3 action=0 reward=-4.551 info={'t': 67, 'max_steps': 100}
[ep=19 t=0067] choose_plan=0 action=1 reward=-5.301 info={'t': 68, 'max_steps': 100}
[ep=19 t=0068] choose_plan=5 action=0 reward=-4.351 info={'t': 69, 'max_steps': 100}
[ep=19 t=0069] choose_plan=0 action=0 reward=-4.467 info={'t': 70, 'max_steps': 100}
[ep=19 t=0070] choose_plan=3 action=0 reward=-4.459 info={'t': 71, 'max_steps': 100}
[ep=19 t=0071] choose_plan=1 action=0 reward=-4.425 info={'t': 72, 'max_steps': 100}
[ep=19 t=0072] choose_plan=1 action=0 reward=-4.578 info={'t': 73, 'max_steps': 100}
[ep=19 t=0073] choose_plan=5 action=0 reward=-4.729 info={'t': 74, 'max_steps': 100}
[ep=19 t=0074] choose_plan=5 action=0 reward=-4.637 info={'t': 75, 'max_steps': 100}
[ep=19 t=0075] choose_plan=1 action=0 reward=-4.717 info={'t': 76, 'max_steps': 100}
[ep=19 t=0076] choose_plan=1 action=0 reward=-4.574 info={'t': 77, 'max_steps': 100}
[ep=19 t=0077] choose_plan=2 action=0 reward=-4.606 info={'t': 78, 'max_steps': 100}
[ep=19 t=0078] choose_plan=2 action=1 reward=-5.356 info={'t': 79, 'max_steps': 100}
[ep=19 t=0079] choose_plan=2 action=0 reward=-4.441 info={'t': 80, 'max_steps': 100}
[ep=19 t=0080] choose_plan=5 action=0 reward=-4.418 info={'t': 81, 'max_steps': 100}
[ep=19 t=0081] choose_plan=0 action=1 reward=-5.168 info={'t': 82, 'max_steps': 100}
[ep=19 t=0082] choose_plan=5 action=0 reward=-4.286 info={'t': 83, 'max_steps': 100}
[ep=19 t=0083] choose_plan=3 action=0 reward=-4.331 info={'t': 84, 'max_steps': 100}
[ep=19 t=0084] choose_plan=3 action=0 reward=-4.314 info={'t': 85, 'max_steps': 100}
[ep=19 t=0085] choose_plan=1 action=0 reward=-4.353 info={'t': 86, 'max_steps': 100}
[ep=19 t=0086] choose_plan=3 action=0 reward=-4.422 info={'t': 87, 'max_steps': 100}
[ep=19 t=0087] choose_plan=3 action=0 reward=-4.285 info={'t': 88, 'max_steps': 100}
[ep=19 t=0088] choose_plan=3 action=0 reward=-4.209 info={'t': 89, 'max_steps': 100}
[ep=19 t=0089] choose_plan=5 action=1 reward=-5.000 info={'t': 90, 'max_steps': 100}
[ep=19 t=0090] choose_plan=0 action=0 reward=-4.006 info={'t': 91, 'max_steps': 100}
[ep=19 t=0091] choose_plan=0 action=0 reward=-4.000 info={'t': 92, 'max_steps': 100}
[ep=19 t=0092] choose_plan=3 action=0 reward=-4.013 info={'t': 93, 'max_steps': 100}
[ep=19 t=0093] choose_plan=2 action=0 reward=-4.000 info={'t': 94, 'max_steps': 100}
[ep=19 t=0094] choose_plan=0 action=0 reward=-4.000 info={'t': 95, 'max_steps': 100}
[ep=19 t=0095] choose_plan=2 action=0 reward=-4.000 info={'t': 96, 'max_steps': 100}
[ep=19 t=0096] choose_plan=1 action=0 reward=-4.120 info={'t': 97, 'max_steps': 100}
[ep=19 t=0097] choose_plan=2 action=0 reward=-4.404 info={'t': 98, 'max_steps': 100}
[ep=19 t=0098] choose_plan=0 action=0 reward=-4.500 info={'t': 99, 'max_steps': 100}
[ep=19 t=0099] choose_plan=0 action=0 reward=-4.516 info={'t': 100, 'max_steps': 100}
# done at t=99
# episode_summary {"episode": 19, "episode_return": -467.5617522396157, "reward_mean": -4.675617522396157, "reward_min": -6.585526917752946, "reward_max": -4.0, "steps": 100, "unique_actions": 3, "top5_actions": [[0, 93], [1, 6], [2, 1]]}

# ===== OVERALL =====
# overall_summary {"reward_mean": -4.674041861915456, "reward_min": -9.256245673209968, "reward_max": -4.0, "steps": 2000, "unique_actions": 5, "top5_actions": [[0, 1856], [1, 103], [2, 31], [3, 7], [4, 3]], "unique_choose_plan": 6, "top5_choose_plan": [[0, 415], [1, 394], [2, 350], [3, 303], [4, 271]]}
# cc4_style_summary {"episodes": 20, "steps_per_episode": 100, "mean_reward": -467.4041861915448, "std_reward": 30.293325131824474}
