# {"cfg": "D:\\python1\\chapter2_LLM+RL_region_detection\\configs\\cc4_local_online.yaml", "region_id": 0, "device": "cpu", "steps_per_episode": 100, "episodes": 20, "seed": 0, "deterministic": true, "wm_path": "D:\\python1\\chapter2_LLM+RL_region_detection\\outputs\\cc4\\checkpoints\\world_model_region0.pt", "ppo_path": "D:\\python1\\chapter2_LLM+RL_region_detection\\outputs\\cc4\\checkpoints\\ppo_posterior_region0.pt"}

# ===== EPISODE 0 =====
[ep=00 t=0000] choose_plan=1 action=2 reward=0.304 info={'t': 1, 'max_steps': 100, 'dominant_type': 'proc_spawn', 'target_action': 2, 'prev_risk': 0.29097627007854654, 'risk': 0.20451171277871438}
[ep=00 t=0001] choose_plan=4 action=2 reward=0.617 info={'t': 2, 'max_steps': 100, 'dominant_type': 'proc_spawn', 'target_action': 2, 'prev_risk': 0.20451171277871438, 'risk': 0.1012416454205122}
[ep=00 t=0002] choose_plan=1 action=2 reward=-0.141 info={'t': 3, 'max_steps': 100, 'dominant_type': 'auth_fail', 'target_action': 1, 'prev_risk': 0.1012416454205122, 'risk': 0.0617742482080879}
[ep=00 t=0003] choose_plan=2 action=1 reward=0.124 info={'t': 4, 'max_steps': 100, 'dominant_type': 'proc_spawn', 'target_action': 2, 'prev_risk': 0.0617742482080879, 'risk': 0.02546811390274885}
[ep=00 t=0004] choose_plan=3 action=2 reward=-0.035 info={'t': 5, 'max_steps': 100, 'dominant_type': 'port_scan', 'target_action': 1, 'prev_risk': 0.02546811390274885, 'risk': 0.00010484185152773162}
[ep=00 t=0005] choose_plan=5 action=1 reward=0.459 info={'t': 6, 'max_steps': 100, 'dominant_type': 'auth_fail', 'target_action': 1, 'prev_risk': 0.00010484185152773162, 'risk': 0.0159925291903502}
[ep=00 t=0006] choose_plan=5 action=1 reward=0.085 info={'t': 7, 'max_steps': 100, 'dominant_type': 'outbound_conn', 'target_action': 2, 'prev_risk': 0.0159925291903502, 'risk': 0.003850650519559566}
[ep=00 t=0007] choose_plan=3 action=2 reward=0.335 info={'t': 8, 'max_steps': 100, 'dominant_type': 'proc_spawn', 'target_action': 2, 'prev_risk': 0.003850650519559566, 'risk': 0.0}
[ep=00 t=0008] choose_plan=2 action=2 reward=0.295 info={'t': 9, 'max_steps': 100, 'dominant_type': 'proc_spawn', 'target_action': 2, 'prev_risk': 0.0, 'risk': 0.0}
[ep=00 t=0009] choose_plan=4 action=2 reward=0.295 info={'t': 10, 'max_steps': 100, 'dominant_type': 'proc_spawn', 'target_action': 2, 'prev_risk': 0.0, 'risk': 0.0}
[ep=00 t=0010] choose_plan=3 action=2 reward=-0.211 info={'t': 11, 'max_steps': 100, 'dominant_type': 'port_scan', 'target_action': 1, 'prev_risk': 0.0, 'risk': 0.0}
[ep=00 t=0011] choose_plan=1 action=1 reward=-0.023 info={'t': 12, 'max_steps': 100, 'dominant_type': 'outbound_conn', 'target_action': 2, 'prev_risk': 0.0, 'risk': 0.011298821905407486}
[ep=00 t=0012] choose_plan=4 action=2 reward=-0.117 info={'t': 13, 'max_steps': 100, 'dominant_type': 'auth_fail', 'target_action': 1, 'prev_risk': 0.011298821905407486, 'risk': 0.0}
[ep=00 t=0013] choose_plan=5 action=1 reward=0.043 info={'t': 14, 'max_steps': 100, 'dominant_type': 'proc_spawn', 'target_action': 2, 'prev_risk': 0.0, 'risk': 0.0}
[ep=00 t=0014] choose_plan=3 action=2 reward=-0.190 info={'t': 15, 'max_steps': 100, 'dominant_type': 'auth_fail', 'target_action': 1, 'prev_risk': 0.0, 'risk': 0.0}
[ep=00 t=0015] choose_plan=2 action=1 reward=0.520 info={'t': 16, 'max_steps': 100, 'dominant_type': 'auth_fail', 'target_action': 1, 'prev_risk': 0.0, 'risk': 0.0}
[ep=00 t=0016] choose_plan=0 action=1 reward=-0.005 info={'t': 17, 'max_steps': 100, 'dominant_type': 'outbound_conn', 'target_action': 2, 'prev_risk': 0.0, 'risk': 0.0}
[ep=00 t=0017] choose_plan=5 action=2 reward=0.333 info={'t': 18, 'max_steps': 100, 'dominant_type': 'outbound_conn', 'target_action': 2, 'prev_risk': 0.0, 'risk': 0.0}
[ep=00 t=0018] choose_plan=5 action=2 reward=0.295 info={'t': 19, 'max_steps': 100, 'dominant_type': 'proc_spawn', 'target_action': 2, 'prev_risk': 0.0, 'risk': 0.0}
[ep=00 t=0019] choose_plan=1 action=2 reward=-0.167 info={'t': 20, 'max_steps': 100, 'dominant_type': 'port_scan', 'target_action': 1, 'prev_risk': 0.0, 'risk': 0.0}
[ep=00 t=0020] choose_plan=2 action=1 reward=0.478 info={'t': 21, 'max_steps': 100, 'dominant_type': 'auth_fail', 'target_action': 1, 'prev_risk': 0.0, 'risk': 0.021118720621820165}
[ep=00 t=0021] choose_plan=0 action=1 reward=0.714 info={'t': 22, 'max_steps': 100, 'dominant_type': 'auth_fail', 'target_action': 1, 'prev_risk': 0.021118720621820165, 'risk': 0.0}
[ep=00 t=0022] choose_plan=3 action=1 reward=0.050 info={'t': 23, 'max_steps': 100, 'dominant_type': 'proc_spawn', 'target_action': 2, 'prev_risk': 0.0, 'risk': 0.0}
[ep=00 t=0023] choose_plan=4 action=2 reward=-0.198 info={'t': 24, 'max_steps': 100, 'dominant_type': 'port_scan', 'target_action': 1, 'prev_risk': 0.0, 'risk': 0.0}
[ep=00 t=0024] choose_plan=2 action=1 reward=-0.005 info={'t': 25, 'max_steps': 100, 'dominant_type': 'outbound_conn', 'target_action': 2, 'prev_risk': 0.0, 'risk': 0.0}
[ep=00 t=0025] choose_plan=0 action=2 reward=0.351 info={'t': 26, 'max_steps': 100, 'dominant_type': 'outbound_conn', 'target_action': 2, 'prev_risk': 0.0, 'risk': 0.0}
[ep=00 t=0026] choose_plan=0 action=2 reward=-0.215 info={'t': 27, 'max_steps': 100, 'dominant_type': 'port_scan', 'target_action': 1, 'prev_risk': 0.0, 'risk': 0.0}
[ep=00 t=0027] choose_plan=3 action=1 reward=0.023 info={'t': 28, 'max_steps': 100, 'dominant_type': 'proc_spawn', 'target_action': 2, 'prev_risk': 0.0, 'risk': 0.0}
[ep=00 t=0028] choose_plan=2 action=2 reward=-0.151 info={'t': 29, 'max_steps': 100, 'dominant_type': 'port_scan', 'target_action': 1, 'prev_risk': 0.0, 'risk': 0.0}
[ep=00 t=0029] choose_plan=2 action=1 reward=-0.005 info={'t': 30, 'max_steps': 100, 'dominant_type': 'proc_spawn', 'target_action': 2, 'prev_risk': 0.0, 'risk': 0.0}
[ep=00 t=0030] choose_plan=2 action=2 reward=0.297 info={'t': 31, 'max_steps': 100, 'dominant_type': 'outbound_conn', 'target_action': 2, 'prev_risk': 0.0, 'risk': 0.0}
[ep=00 t=0031] choose_plan=5 action=2 reward=0.302 info={'t': 32, 'max_steps': 100, 'dominant_type': 'outbound_conn', 'target_action': 2, 'prev_risk': 0.0, 'risk': 0.0}
[ep=00 t=0032] choose_plan=4 action=2 reward=0.301 info={'t': 33, 'max_steps': 100, 'dominant_type': 'outbound_conn', 'target_action': 2, 'prev_risk': 0.0, 'risk': 0.0}
[ep=00 t=0033] choose_plan=1 action=2 reward=-0.215 info={'t': 34, 'max_steps': 100, 'dominant_type': 'auth_fail', 'target_action': 1, 'prev_risk': 0.0, 'risk': 0.0}
[ep=00 t=0034] choose_plan=5 action=1 reward=0.505 info={'t': 35, 'max_steps': 100, 'dominant_type': 'port_scan', 'target_action': 1, 'prev_risk': 0.0, 'risk': 0.0}
[ep=00 t=0035] choose_plan=3 action=1 reward=-0.005 info={'t': 36, 'max_steps': 100, 'dominant_type': 'proc_spawn', 'target_action': 2, 'prev_risk': 0.0, 'risk': 0.0}
[ep=00 t=0036] choose_plan=5 action=2 reward=-0.184 info={'t': 37, 'max_steps': 100, 'dominant_type': 'port_scan', 'target_action': 1, 'prev_risk': 0.0, 'risk': 0.0}
[ep=00 t=0037] choose_plan=1 action=1 reward=0.524 info={'t': 38, 'max_steps': 100, 'dominant_type': 'auth_fail', 'target_action': 1, 'prev_risk': 0.0, 'risk': 0.0}
[ep=00 t=0038] choose_plan=1 action=1 reward=0.564 info={'t': 39, 'max_steps': 100, 'dominant_type': 'port_scan', 'target_action': 1, 'prev_risk': 0.0, 'risk': 0.0}
[ep=00 t=0039] choose_plan=1 action=1 reward=0.040 info={'t': 40, 'max_steps': 100, 'dominant_type': 'proc_spawn', 'target_action': 2, 'prev_risk': 0.0, 'risk': 0.0}
[ep=00 t=0040] choose_plan=3 action=2 reward=0.357 info={'t': 41, 'max_steps': 100, 'dominant_type': 'outbound_conn', 'target_action': 2, 'prev_risk': 0.0, 'risk': 0.0}
[ep=00 t=0041] choose_plan=5 action=2 reward=0.326 info={'t': 42, 'max_steps': 100, 'dominant_type': 'outbound_conn', 'target_action': 2, 'prev_risk': 0.0, 'risk': 0.0}
[ep=00 t=0042] choose_plan=0 action=2 reward=-0.186 info={'t': 43, 'max_steps': 100, 'dominant_type': 'port_scan', 'target_action': 1, 'prev_risk': 0.0, 'risk': 0.0}
[ep=00 t=0043] choose_plan=5 action=1 reward=0.546 info={'t': 44, 'max_steps': 100, 'dominant_type': 'auth_fail', 'target_action': 1, 'prev_risk': 0.0, 'risk': 0.0}
[ep=00 t=0044] choose_plan=0 action=1 reward=-0.005 info={'t': 45, 'max_steps': 100, 'dominant_type': 'proc_spawn', 'target_action': 2, 'prev_risk': 0.0, 'risk': 0.0}
[ep=00 t=0045] choose_plan=5 action=2 reward=-0.203 info={'t': 46, 'max_steps': 100, 'dominant_type': 'port_scan', 'target_action': 1, 'prev_risk': 0.0, 'risk': 0.0}
[ep=00 t=0046] choose_plan=4 action=1 reward=-0.005 info={'t': 47, 'max_steps': 100, 'dominant_type': 'outbound_conn', 'target_action': 2, 'prev_risk': 0.0, 'risk': 0.0}
[ep=00 t=0047] choose_plan=4 action=2 reward=-0.212 info={'t': 48, 'max_steps': 100, 'dominant_type': 'auth_fail', 'target_action': 1, 'prev_risk': 0.0, 'risk': 0.0}
[ep=00 t=0048] choose_plan=4 action=1 reward=0.009 info={'t': 49, 'max_steps': 100, 'dominant_type': 'outbound_conn', 'target_action': 2, 'prev_risk': 0.0, 'risk': 0.0}
[ep=00 t=0049] choose_plan=5 action=2 reward=-0.215 info={'t': 50, 'max_steps': 100, 'dominant_type': 'port_scan', 'target_action': 1, 'prev_risk': 0.0, 'risk': 0.0}
[ep=00 t=0050] choose_plan=3 action=1 reward=-0.106 info={'t': 51, 'max_steps': 100, 'dominant_type': 'proc_spawn', 'target_action': 2, 'prev_risk': 0.0, 'risk': 0.043010328542427645}
[ep=00 t=0051] choose_plan=0 action=2 reward=0.070 info={'t': 52, 'max_steps': 100, 'dominant_type': 'port_scan', 'target_action': 1, 'prev_risk': 0.043010328542427645, 'risk': 0.0}
[ep=00 t=0052] choose_plan=4 action=1 reward=0.028 info={'t': 53, 'max_steps': 100, 'dominant_type': 'proc_spawn', 'target_action': 2, 'prev_risk': 0.0, 'risk': 0.0}
[ep=00 t=0053] choose_plan=1 action=2 reward=0.309 info={'t': 54, 'max_steps': 100, 'dominant_type': 'proc_spawn', 'target_action': 2, 'prev_risk': 0.0, 'risk': 0.0}
[ep=00 t=0054] choose_plan=0 action=2 reward=-0.215 info={'t': 55, 'max_steps': 100, 'dominant_type': 'port_scan', 'target_action': 1, 'prev_risk': 0.0, 'risk': 0.0}
[ep=00 t=0055] choose_plan=0 action=1 reward=0.515 info={'t': 56, 'max_steps': 100, 'dominant_type': 'port_scan', 'target_action': 1, 'prev_risk': 0.0, 'risk': 0.0}
[ep=00 t=0056] choose_plan=3 action=1 reward=-0.005 info={'t': 57, 'max_steps': 100, 'dominant_type': 'proc_spawn', 'target_action': 2, 'prev_risk': 0.0, 'risk': 0.0}
[ep=00 t=0057] choose_plan=1 action=2 reward=-0.194 info={'t': 58, 'max_steps': 100, 'dominant_type': 'port_scan', 'target_action': 1, 'prev_risk': 0.0, 'risk': 0.0}
[ep=00 t=0058] choose_plan=2 action=1 reward=0.020 info={'t': 59, 'max_steps': 100, 'dominant_type': 'proc_spawn', 'target_action': 2, 'prev_risk': 0.0, 'risk': 0.0}
[ep=00 t=0059] choose_plan=5 action=2 reward=-0.206 info={'t': 60, 'max_steps': 100, 'dominant_type': 'port_scan', 'target_action': 1, 'prev_risk': 0.0, 'risk': 0.0}
[ep=00 t=0060] choose_plan=1 action=1 reward=0.539 info={'t': 61, 'max_steps': 100, 'dominant_type': 'auth_fail', 'target_action': 1, 'prev_risk': 0.0, 'risk': 0.0}
[ep=00 t=0061] choose_plan=2 action=1 reward=0.536 info={'t': 62, 'max_steps': 100, 'dominant_type': 'port_scan', 'target_action': 1, 'prev_risk': 0.0, 'risk': 0.0}
[ep=00 t=0062] choose_plan=1 action=1 reward=0.515 info={'t': 63, 'max_steps': 100, 'dominant_type': 'port_scan', 'target_action': 1, 'prev_risk': 0.0, 'risk': 0.0028177323099619206}
[ep=00 t=0063] choose_plan=1 action=1 reward=0.082 info={'t': 64, 'max_steps': 100, 'dominant_type': 'proc_spawn', 'target_action': 2, 'prev_risk': 0.0028177323099619206, 'risk': 0.0}
[ep=00 t=0064] choose_plan=3 action=2 reward=0.348 info={'t': 65, 'max_steps': 100, 'dominant_type': 'proc_spawn', 'target_action': 2, 'prev_risk': 0.0, 'risk': 0.0}
[ep=00 t=0065] choose_plan=0 action=2 reward=0.310 info={'t': 66, 'max_steps': 100, 'dominant_type': 'outbound_conn', 'target_action': 2, 'prev_risk': 0.0, 'risk': 0.0}
[ep=00 t=0066] choose_plan=3 action=2 reward=-0.182 info={'t': 67, 'max_steps': 100, 'dominant_type': 'auth_fail', 'target_action': 1, 'prev_risk': 0.0, 'risk': 0.0}
[ep=00 t=0067] choose_plan=2 action=1 reward=0.505 info={'t': 68, 'max_steps': 100, 'dominant_type': 'port_scan', 'target_action': 1, 'prev_risk': 0.0, 'risk': 0.0}
[ep=00 t=0068] choose_plan=3 action=1 reward=0.015 info={'t': 69, 'max_steps': 100, 'dominant_type': 'proc_spawn', 'target_action': 2, 'prev_risk': 0.0, 'risk': 0.0}
[ep=00 t=0069] choose_plan=2 action=2 reward=0.295 info={'t': 70, 'max_steps': 100, 'dominant_type': 'proc_spawn', 'target_action': 2, 'prev_risk': 0.0, 'risk': 0.0}
[ep=00 t=0070] choose_plan=4 action=2 reward=0.329 info={'t': 71, 'max_steps': 100, 'dominant_type': 'proc_spawn', 'target_action': 2, 'prev_risk': 0.0, 'risk': 0.0}
[ep=00 t=0071] choose_plan=1 action=2 reward=-0.200 info={'t': 72, 'max_steps': 100, 'dominant_type': 'port_scan', 'target_action': 1, 'prev_risk': 0.0, 'risk': 0.0}
[ep=00 t=0072] choose_plan=2 action=1 reward=0.018 info={'t': 73, 'max_steps': 100, 'dominant_type': 'proc_spawn', 'target_action': 2, 'prev_risk': 0.0, 'risk': 0.0}
[ep=00 t=0073] choose_plan=0 action=2 reward=-0.204 info={'t': 74, 'max_steps': 100, 'dominant_type': 'auth_fail', 'target_action': 1, 'prev_risk': 0.0, 'risk': 0.0}
[ep=00 t=0074] choose_plan=5 action=1 reward=0.505 info={'t': 75, 'max_steps': 100, 'dominant_type': 'port_scan', 'target_action': 1, 'prev_risk': 0.0, 'risk': 0.0}
[ep=00 t=0075] choose_plan=1 action=1 reward=0.505 info={'t': 76, 'max_steps': 100, 'dominant_type': 'auth_fail', 'target_action': 1, 'prev_risk': 0.0, 'risk': 0.0}
[ep=00 t=0076] choose_plan=3 action=1 reward=0.032 info={'t': 77, 'max_steps': 100, 'dominant_type': 'outbound_conn', 'target_action': 2, 'prev_risk': 0.0, 'risk': 0.0}
[ep=00 t=0077] choose_plan=2 action=2 reward=0.347 info={'t': 78, 'max_steps': 100, 'dominant_type': 'proc_spawn', 'target_action': 2, 'prev_risk': 0.0, 'risk': 0.0}
[ep=00 t=0078] choose_plan=3 action=2 reward=0.295 info={'t': 79, 'max_steps': 100, 'dominant_type': 'outbound_conn', 'target_action': 2, 'prev_risk': 0.0, 'risk': 0.0}
[ep=00 t=0079] choose_plan=1 action=2 reward=-0.196 info={'t': 80, 'max_steps': 100, 'dominant_type': 'auth_fail', 'target_action': 1, 'prev_risk': 0.0, 'risk': 0.0}
[ep=00 t=0080] choose_plan=0 action=1 reward=0.536 info={'t': 81, 'max_steps': 100, 'dominant_type': 'port_scan', 'target_action': 1, 'prev_risk': 0.0, 'risk': 0.0}
[ep=00 t=0081] choose_plan=1 action=1 reward=-0.005 info={'t': 82, 'max_steps': 100, 'dominant_type': 'outbound_conn', 'target_action': 2, 'prev_risk': 0.0, 'risk': 0.0}
[ep=00 t=0082] choose_plan=0 action=2 reward=0.297 info={'t': 83, 'max_steps': 100, 'dominant_type': 'outbound_conn', 'target_action': 2, 'prev_risk': 0.0, 'risk': 0.0}
[ep=00 t=0083] choose_plan=5 action=2 reward=-0.194 info={'t': 84, 'max_steps': 100, 'dominant_type': 'port_scan', 'target_action': 1, 'prev_risk': 0.0, 'risk': 0.0}
[ep=00 t=0084] choose_plan=1 action=1 reward=0.537 info={'t': 85, 'max_steps': 100, 'dominant_type': 'port_scan', 'target_action': 1, 'prev_risk': 0.0, 'risk': 0.0}
[ep=00 t=0085] choose_plan=2 action=1 reward=-0.005 info={'t': 86, 'max_steps': 100, 'dominant_type': 'proc_spawn', 'target_action': 2, 'prev_risk': 0.0, 'risk': 0.0}
[ep=00 t=0086] choose_plan=4 action=2 reward=-0.215 info={'t': 87, 'max_steps': 100, 'dominant_type': 'auth_fail', 'target_action': 1, 'prev_risk': 0.0, 'risk': 0.0}
[ep=00 t=0087] choose_plan=2 action=1 reward=0.516 info={'t': 88, 'max_steps': 100, 'dominant_type': 'auth_fail', 'target_action': 1, 'prev_risk': 0.0, 'risk': 0.01193518299691524}
[ep=00 t=0088] choose_plan=0 action=1 reward=0.591 info={'t': 89, 'max_steps': 100, 'dominant_type': 'port_scan', 'target_action': 1, 'prev_risk': 0.01193518299691524, 'risk': 0.0}
[ep=00 t=0089] choose_plan=5 action=1 reward=0.054 info={'t': 90, 'max_steps': 100, 'dominant_type': 'proc_spawn', 'target_action': 2, 'prev_risk': 0.0, 'risk': 0.0}
[ep=00 t=0090] choose_plan=1 action=2 reward=-0.212 info={'t': 91, 'max_steps': 100, 'dominant_type': 'auth_fail', 'target_action': 1, 'prev_risk': 0.0, 'risk': 0.0}
[ep=00 t=0091] choose_plan=0 action=1 reward=0.371 info={'t': 92, 'max_steps': 100, 'dominant_type': 'auth_fail', 'target_action': 1, 'prev_risk': 0.0, 'risk': 0.054590587999573954}
[ep=00 t=0092] choose_plan=0 action=1 reward=0.187 info={'t': 93, 'max_steps': 100, 'dominant_type': 'proc_spawn', 'target_action': 2, 'prev_risk': 0.054590587999573954, 'risk': 0.016445745384157086}
[ep=00 t=0093] choose_plan=5 action=2 reward=-0.108 info={'t': 94, 'max_steps': 100, 'dominant_type': 'auth_fail', 'target_action': 1, 'prev_risk': 0.016445745384157086, 'risk': 0.0}
[ep=00 t=0094] choose_plan=2 action=1 reward=-0.002 info={'t': 95, 'max_steps': 100, 'dominant_type': 'proc_spawn', 'target_action': 2, 'prev_risk': 0.0, 'risk': 0.0}
[ep=00 t=0095] choose_plan=2 action=2 reward=-0.162 info={'t': 96, 'max_steps': 100, 'dominant_type': 'auth_fail', 'target_action': 1, 'prev_risk': 0.0, 'risk': 0.0}
[ep=00 t=0096] choose_plan=2 action=1 reward=0.021 info={'t': 97, 'max_steps': 100, 'dominant_type': 'proc_spawn', 'target_action': 2, 'prev_risk': 0.0, 'risk': 0.0}
[ep=00 t=0097] choose_plan=1 action=2 reward=-0.201 info={'t': 98, 'max_steps': 100, 'dominant_type': 'port_scan', 'target_action': 1, 'prev_risk': 0.0, 'risk': 0.0}
[ep=00 t=0098] choose_plan=2 action=1 reward=0.510 info={'t': 99, 'max_steps': 100, 'dominant_type': 'port_scan', 'target_action': 1, 'prev_risk': 0.0, 'risk': 0.0}
[ep=00 t=0099] choose_plan=4 action=1 reward=0.034 info={'t': 100, 'max_steps': 100, 'dominant_type': 'outbound_conn', 'target_action': 2, 'prev_risk': 0.0, 'risk': 0.0}
# done at t=99
# episode_summary {"episode": 0, "episode_return": 13.560689082352624, "reward_mean": 0.13560689082352625, "reward_min": -0.21500000000000002, "reward_max": 0.7135934904621832, "steps": 100, "unique_actions": 2, "top5_actions": [[2, 50], [1, 50]]}

# ===== EPISODE 1 =====
[ep=01 t=0000] choose_plan=4 action=2 reward=0.533 info={'t': 1, 'max_steps': 100, 'dominant_type': 'outbound_conn', 'target_action': 2, 'prev_risk': 0.2883404400940515, 'risk': 0.17352968060406804}
[ep=01 t=0001] choose_plan=4 action=2 reward=-0.048 info={'t': 2, 'max_steps': 100, 'dominant_type': 'auth_fail', 'target_action': 1, 'prev_risk': 0.17352968060406804, 'risk': 0.09843408617089922}
[ep=01 t=0002] choose_plan=4 action=1 reward=0.377 info={'t': 3, 'max_steps': 100, 'dominant_type': 'auth_fail', 'target_action': 1, 'prev_risk': 0.09843408617089922, 'risk': 0.08872688861499398}
[ep=01 t=0003] choose_plan=0 action=1 reward=-0.055 info={'t': 4, 'max_steps': 100, 'dominant_type': 'proc_spawn', 'target_action': 2, 'prev_risk': 0.08872688861499398, 'risk': 0.06752630770763046}
[ep=01 t=0004] choose_plan=5 action=2 reward=0.673 info={'t': 5, 'max_steps': 100, 'dominant_type': 'outbound_conn', 'target_action': 2, 'prev_risk': 0.06752630770763046, 'risk': 0.0}
[ep=01 t=0005] choose_plan=1 action=2 reward=0.319 info={'t': 6, 'max_steps': 100, 'dominant_type': 'proc_spawn', 'target_action': 2, 'prev_risk': 0.0, 'risk': 0.0}
[ep=01 t=0006] choose_plan=5 action=2 reward=0.312 info={'t': 7, 'max_steps': 100, 'dominant_type': 'outbound_conn', 'target_action': 2, 'prev_risk': 0.0, 'risk': 0.0}
[ep=01 t=0007] choose_plan=2 action=2 reward=-0.201 info={'t': 8, 'max_steps': 100, 'dominant_type': 'port_scan', 'target_action': 1, 'prev_risk': 0.0, 'risk': 0.0}
[ep=01 t=0008] choose_plan=0 action=1 reward=0.515 info={'t': 9, 'max_steps': 100, 'dominant_type': 'port_scan', 'target_action': 1, 'prev_risk': 0.0, 'risk': 0.0}
[ep=01 t=0009] choose_plan=1 action=1 reward=-0.091 info={'t': 10, 'max_steps': 100, 'dominant_type': 'proc_spawn', 'target_action': 2, 'prev_risk': 0.0, 'risk': 0.0428733809994791}
[ep=01 t=0010] choose_plan=0 action=2 reward=-0.004 info={'t': 11, 'max_steps': 100, 'dominant_type': 'port_scan', 'target_action': 1, 'prev_risk': 0.0428733809994791, 'risk': 0.003474111646265654}
[ep=01 t=0011] choose_plan=1 action=1 reward=0.074 info={'t': 12, 'max_steps': 100, 'dominant_type': 'proc_spawn', 'target_action': 2, 'prev_risk': 0.003474111646265654, 'risk': 0.0}
[ep=01 t=0012] choose_plan=0 action=2 reward=-0.193 info={'t': 13, 'max_steps': 100, 'dominant_type': 'auth_fail', 'target_action': 1, 'prev_risk': 0.0, 'risk': 0.0}
[ep=01 t=0013] choose_plan=2 action=1 reward=0.505 info={'t': 14, 'max_steps': 100, 'dominant_type': 'auth_fail', 'target_action': 1, 'prev_risk': 0.0, 'risk': 0.0}
[ep=01 t=0014] choose_plan=0 action=1 reward=0.011 info={'t': 15, 'max_steps': 100, 'dominant_type': 'proc_spawn', 'target_action': 2, 'prev_risk': 0.0, 'risk': 0.0}
[ep=01 t=0015] choose_plan=2 action=2 reward=-0.215 info={'t': 16, 'max_steps': 100, 'dominant_type': 'port_scan', 'target_action': 1, 'prev_risk': 0.0, 'risk': 0.0}
[ep=01 t=0016] choose_plan=1 action=1 reward=-0.069 info={'t': 17, 'max_steps': 100, 'dominant_type': 'outbound_conn', 'target_action': 2, 'prev_risk': 0.0, 'risk': 0.02206547929029009}
[ep=01 t=0017] choose_plan=1 action=2 reward=0.441 info={'t': 18, 'max_steps': 100, 'dominant_type': 'outbound_conn', 'target_action': 2, 'prev_risk': 0.02206547929029009, 'risk': 0.0}
[ep=01 t=0018] choose_plan=0 action=2 reward=-0.215 info={'t': 19, 'max_steps': 100, 'dominant_type': 'port_scan', 'target_action': 1, 'prev_risk': 0.0, 'risk': 0.0}
[ep=01 t=0019] choose_plan=3 action=1 reward=-0.137 info={'t': 20, 'max_steps': 100, 'dominant_type': 'outbound_conn', 'target_action': 2, 'prev_risk': 0.0, 'risk': 0.04539005815661103}
[ep=01 t=0020] choose_plan=0 action=2 reward=0.077 info={'t': 21, 'max_steps': 100, 'dominant_type': 'auth_fail', 'target_action': 1, 'prev_risk': 0.04539005815661103, 'risk': 0.0}
[ep=01 t=0021] choose_plan=5 action=1 reward=0.568 info={'t': 22, 'max_steps': 100, 'dominant_type': 'auth_fail', 'target_action': 1, 'prev_risk': 0.0, 'risk': 0.0}
[ep=01 t=0022] choose_plan=0 action=1 reward=0.505 info={'t': 23, 'max_steps': 100, 'dominant_type': 'auth_fail', 'target_action': 1, 'prev_risk': 0.0, 'risk': 0.0}
[ep=01 t=0023] choose_plan=0 action=1 reward=0.043 info={'t': 24, 'max_steps': 100, 'dominant_type': 'outbound_conn', 'target_action': 2, 'prev_risk': 0.0, 'risk': 0.0}
[ep=01 t=0024] choose_plan=2 action=2 reward=-0.183 info={'t': 25, 'max_steps': 100, 'dominant_type': 'port_scan', 'target_action': 1, 'prev_risk': 0.0, 'risk': 0.0}
[ep=01 t=0025] choose_plan=0 action=1 reward=0.512 info={'t': 26, 'max_steps': 100, 'dominant_type': 'auth_fail', 'target_action': 1, 'prev_risk': 0.0, 'risk': 0.0}
[ep=01 t=0026] choose_plan=2 action=1 reward=0.012 info={'t': 27, 'max_steps': 100, 'dominant_type': 'outbound_conn', 'target_action': 2, 'prev_risk': 0.0, 'risk': 0.0}
[ep=01 t=0027] choose_plan=0 action=2 reward=-0.215 info={'t': 28, 'max_steps': 100, 'dominant_type': 'port_scan', 'target_action': 1, 'prev_risk': 0.0, 'risk': 0.0}
[ep=01 t=0028] choose_plan=1 action=1 reward=0.529 info={'t': 29, 'max_steps': 100, 'dominant_type': 'auth_fail', 'target_action': 1, 'prev_risk': 0.0, 'risk': 0.0}
[ep=01 t=0029] choose_plan=0 action=1 reward=0.006 info={'t': 30, 'max_steps': 100, 'dominant_type': 'outbound_conn', 'target_action': 2, 'prev_risk': 0.0, 'risk': 0.0}
[ep=01 t=0030] choose_plan=2 action=2 reward=-0.173 info={'t': 31, 'max_steps': 100, 'dominant_type': 'port_scan', 'target_action': 1, 'prev_risk': 0.0, 'risk': 0.0}
[ep=01 t=0031] choose_plan=1 action=1 reward=0.569 info={'t': 32, 'max_steps': 100, 'dominant_type': 'port_scan', 'target_action': 1, 'prev_risk': 0.0, 'risk': 0.0}
[ep=01 t=0032] choose_plan=0 action=1 reward=0.034 info={'t': 33, 'max_steps': 100, 'dominant_type': 'outbound_conn', 'target_action': 2, 'prev_risk': 0.0, 'risk': 0.0}
[ep=01 t=0033] choose_plan=1 action=2 reward=-0.191 info={'t': 34, 'max_steps': 100, 'dominant_type': 'port_scan', 'target_action': 1, 'prev_risk': 0.0, 'risk': 0.0}
[ep=01 t=0034] choose_plan=2 action=1 reward=0.543 info={'t': 35, 'max_steps': 100, 'dominant_type': 'auth_fail', 'target_action': 1, 'prev_risk': 0.0, 'risk': 0.0}
[ep=01 t=0035] choose_plan=3 action=1 reward=0.057 info={'t': 36, 'max_steps': 100, 'dominant_type': 'proc_spawn', 'target_action': 2, 'prev_risk': 0.0, 'risk': 0.0}
[ep=01 t=0036] choose_plan=1 action=2 reward=-0.203 info={'t': 37, 'max_steps': 100, 'dominant_type': 'auth_fail', 'target_action': 1, 'prev_risk': 0.0, 'risk': 0.0}
[ep=01 t=0037] choose_plan=2 action=1 reward=0.063 info={'t': 38, 'max_steps': 100, 'dominant_type': 'outbound_conn', 'target_action': 2, 'prev_risk': 0.0, 'risk': 0.0}
[ep=01 t=0038] choose_plan=4 action=2 reward=0.361 info={'t': 39, 'max_steps': 100, 'dominant_type': 'outbound_conn', 'target_action': 2, 'prev_risk': 0.0, 'risk': 0.0}
[ep=01 t=0039] choose_plan=1 action=2 reward=-0.203 info={'t': 40, 'max_steps': 100, 'dominant_type': 'port_scan', 'target_action': 1, 'prev_risk': 0.0, 'risk': 0.0}
[ep=01 t=0040] choose_plan=0 action=1 reward=0.511 info={'t': 41, 'max_steps': 100, 'dominant_type': 'port_scan', 'target_action': 1, 'prev_risk': 0.0, 'risk': 0.0}
[ep=01 t=0041] choose_plan=0 action=1 reward=0.012 info={'t': 42, 'max_steps': 100, 'dominant_type': 'outbound_conn', 'target_action': 2, 'prev_risk': 0.0, 'risk': 0.0}
[ep=01 t=0042] choose_plan=1 action=2 reward=-0.200 info={'t': 43, 'max_steps': 100, 'dominant_type': 'port_scan', 'target_action': 1, 'prev_risk': 0.0, 'risk': 0.0}
[ep=01 t=0043] choose_plan=3 action=1 reward=0.531 info={'t': 44, 'max_steps': 100, 'dominant_type': 'auth_fail', 'target_action': 1, 'prev_risk': 0.0, 'risk': 0.0}
[ep=01 t=0044] choose_plan=1 action=1 reward=-0.005 info={'t': 45, 'max_steps': 100, 'dominant_type': 'outbound_conn', 'target_action': 2, 'prev_risk': 0.0, 'risk': 0.0}
[ep=01 t=0045] choose_plan=0 action=2 reward=0.400 info={'t': 46, 'max_steps': 100, 'dominant_type': 'proc_spawn', 'target_action': 2, 'prev_risk': 0.0, 'risk': 0.0}
[ep=01 t=0046] choose_plan=0 action=2 reward=0.306 info={'t': 47, 'max_steps': 100, 'dominant_type': 'outbound_conn', 'target_action': 2, 'prev_risk': 0.0, 'risk': 0.0}
[ep=01 t=0047] choose_plan=1 action=2 reward=0.333 info={'t': 48, 'max_steps': 100, 'dominant_type': 'outbound_conn', 'target_action': 2, 'prev_risk': 0.0, 'risk': 0.0}
[ep=01 t=0048] choose_plan=2 action=2 reward=0.348 info={'t': 49, 'max_steps': 100, 'dominant_type': 'proc_spawn', 'target_action': 2, 'prev_risk': 0.0, 'risk': 0.0}
[ep=01 t=0049] choose_plan=0 action=2 reward=0.301 info={'t': 50, 'max_steps': 100, 'dominant_type': 'proc_spawn', 'target_action': 2, 'prev_risk': 0.0, 'risk': 0.00506417688885262}
[ep=01 t=0050] choose_plan=0 action=2 reward=-0.181 info={'t': 51, 'max_steps': 100, 'dominant_type': 'port_scan', 'target_action': 1, 'prev_risk': 0.00506417688885262, 'risk': 0.0}
[ep=01 t=0051] choose_plan=5 action=1 reward=0.547 info={'t': 52, 'max_steps': 100, 'dominant_type': 'auth_fail', 'target_action': 1, 'prev_risk': 0.0, 'risk': 0.0}
[ep=01 t=0052] choose_plan=4 action=1 reward=0.539 info={'t': 53, 'max_steps': 100, 'dominant_type': 'auth_fail', 'target_action': 1, 'prev_risk': 0.0, 'risk': 0.0}
[ep=01 t=0053] choose_plan=1 action=1 reward=0.055 info={'t': 54, 'max_steps': 100, 'dominant_type': 'proc_spawn', 'target_action': 2, 'prev_risk': 0.0, 'risk': 0.0}
[ep=01 t=0054] choose_plan=4 action=2 reward=0.318 info={'t': 55, 'max_steps': 100, 'dominant_type': 'proc_spawn', 'target_action': 2, 'prev_risk': 0.0, 'risk': 0.0}
[ep=01 t=0055] choose_plan=0 action=2 reward=-0.247 info={'t': 56, 'max_steps': 100, 'dominant_type': 'port_scan', 'target_action': 1, 'prev_risk': 0.0, 'risk': 0.011470866830110601}
[ep=01 t=0056] choose_plan=1 action=1 reward=0.098 info={'t': 57, 'max_steps': 100, 'dominant_type': 'proc_spawn', 'target_action': 2, 'prev_risk': 0.011470866830110601, 'risk': 0.0}
[ep=01 t=0057] choose_plan=3 action=2 reward=-0.189 info={'t': 58, 'max_steps': 100, 'dominant_type': 'port_scan', 'target_action': 1, 'prev_risk': 0.0, 'risk': 0.0}
[ep=01 t=0058] choose_plan=1 action=1 reward=-0.064 info={'t': 59, 'max_steps': 100, 'dominant_type': 'proc_spawn', 'target_action': 2, 'prev_risk': 0.0, 'risk': 0.020970118618748416}
[ep=01 t=0059] choose_plan=1 action=2 reward=0.452 info={'t': 60, 'max_steps': 100, 'dominant_type': 'proc_spawn', 'target_action': 2, 'prev_risk': 0.020970118618748416, 'risk': 0.0}
[ep=01 t=0060] choose_plan=0 action=2 reward=-0.202 info={'t': 61, 'max_steps': 100, 'dominant_type': 'auth_fail', 'target_action': 1, 'prev_risk': 0.0, 'risk': 0.0}
[ep=01 t=0061] choose_plan=2 action=1 reward=-0.005 info={'t': 62, 'max_steps': 100, 'dominant_type': 'outbound_conn', 'target_action': 2, 'prev_risk': 0.0, 'risk': 0.0}
[ep=01 t=0062] choose_plan=1 action=2 reward=0.309 info={'t': 63, 'max_steps': 100, 'dominant_type': 'outbound_conn', 'target_action': 2, 'prev_risk': 0.0, 'risk': 0.0}
[ep=01 t=0063] choose_plan=1 action=2 reward=-0.209 info={'t': 64, 'max_steps': 100, 'dominant_type': 'auth_fail', 'target_action': 1, 'prev_risk': 0.0, 'risk': 0.0}
[ep=01 t=0064] choose_plan=2 action=1 reward=0.001 info={'t': 65, 'max_steps': 100, 'dominant_type': 'proc_spawn', 'target_action': 2, 'prev_risk': 0.0, 'risk': 0.0}
[ep=01 t=0065] choose_plan=1 action=2 reward=-0.215 info={'t': 66, 'max_steps': 100, 'dominant_type': 'port_scan', 'target_action': 1, 'prev_risk': 0.0, 'risk': 0.0}
[ep=01 t=0066] choose_plan=1 action=1 reward=0.506 info={'t': 67, 'max_steps': 100, 'dominant_type': 'port_scan', 'target_action': 1, 'prev_risk': 0.0, 'risk': 0.0}
[ep=01 t=0067] choose_plan=5 action=1 reward=0.024 info={'t': 68, 'max_steps': 100, 'dominant_type': 'outbound_conn', 'target_action': 2, 'prev_risk': 0.0, 'risk': 0.013475531665579257}
[ep=01 t=0068] choose_plan=1 action=2 reward=-0.100 info={'t': 69, 'max_steps': 100, 'dominant_type': 'port_scan', 'target_action': 1, 'prev_risk': 0.013475531665579257, 'risk': 0.0}
[ep=01 t=0069] choose_plan=4 action=1 reward=0.549 info={'t': 70, 'max_steps': 100, 'dominant_type': 'port_scan', 'target_action': 1, 'prev_risk': 0.0, 'risk': 0.0}
[ep=01 t=0070] choose_plan=4 action=1 reward=0.052 info={'t': 71, 'max_steps': 100, 'dominant_type': 'proc_spawn', 'target_action': 2, 'prev_risk': 0.0, 'risk': 0.0026652284886347563}
[ep=01 t=0071] choose_plan=0 action=2 reward=-0.178 info={'t': 72, 'max_steps': 100, 'dominant_type': 'auth_fail', 'target_action': 1, 'prev_risk': 0.0026652284886347563, 'risk': 0.0}
[ep=01 t=0072] choose_plan=3 action=1 reward=0.505 info={'t': 73, 'max_steps': 100, 'dominant_type': 'port_scan', 'target_action': 1, 'prev_risk': 0.0, 'risk': 0.0}
[ep=01 t=0073] choose_plan=2 action=1 reward=0.557 info={'t': 74, 'max_steps': 100, 'dominant_type': 'auth_fail', 'target_action': 1, 'prev_risk': 0.0, 'risk': 0.0}
[ep=01 t=0074] choose_plan=3 action=1 reward=-0.005 info={'t': 75, 'max_steps': 100, 'dominant_type': 'outbound_conn', 'target_action': 2, 'prev_risk': 0.0, 'risk': 0.0}
[ep=01 t=0075] choose_plan=3 action=2 reward=0.295 info={'t': 76, 'max_steps': 100, 'dominant_type': 'outbound_conn', 'target_action': 2, 'prev_risk': 0.0, 'risk': 0.0}
[ep=01 t=0076] choose_plan=4 action=2 reward=-0.197 info={'t': 77, 'max_steps': 100, 'dominant_type': 'port_scan', 'target_action': 1, 'prev_risk': 0.0, 'risk': 0.0}
[ep=01 t=0077] choose_plan=3 action=1 reward=0.570 info={'t': 78, 'max_steps': 100, 'dominant_type': 'auth_fail', 'target_action': 1, 'prev_risk': 0.0, 'risk': 0.0}
[ep=01 t=0078] choose_plan=2 action=1 reward=0.524 info={'t': 79, 'max_steps': 100, 'dominant_type': 'port_scan', 'target_action': 1, 'prev_risk': 0.0, 'risk': 0.0}
[ep=01 t=0079] choose_plan=4 action=1 reward=0.556 info={'t': 80, 'max_steps': 100, 'dominant_type': 'port_scan', 'target_action': 1, 'prev_risk': 0.0, 'risk': 0.0}
[ep=01 t=0080] choose_plan=2 action=1 reward=0.026 info={'t': 81, 'max_steps': 100, 'dominant_type': 'outbound_conn', 'target_action': 2, 'prev_risk': 0.0, 'risk': 0.0}
[ep=01 t=0081] choose_plan=2 action=2 reward=0.304 info={'t': 82, 'max_steps': 100, 'dominant_type': 'proc_spawn', 'target_action': 2, 'prev_risk': 0.0, 'risk': 0.0}
[ep=01 t=0082] choose_plan=0 action=2 reward=-0.170 info={'t': 83, 'max_steps': 100, 'dominant_type': 'port_scan', 'target_action': 1, 'prev_risk': 0.0, 'risk': 0.0}
[ep=01 t=0083] choose_plan=3 action=1 reward=0.505 info={'t': 84, 'max_steps': 100, 'dominant_type': 'port_scan', 'target_action': 1, 'prev_risk': 0.0, 'risk': 0.0}
[ep=01 t=0084] choose_plan=3 action=1 reward=0.526 info={'t': 85, 'max_steps': 100, 'dominant_type': 'auth_fail', 'target_action': 1, 'prev_risk': 0.0, 'risk': 0.0}
[ep=01 t=0085] choose_plan=1 action=1 reward=0.559 info={'t': 86, 'max_steps': 100, 'dominant_type': 'auth_fail', 'target_action': 1, 'prev_risk': 0.0, 'risk': 0.0}
[ep=01 t=0086] choose_plan=4 action=1 reward=-0.005 info={'t': 87, 'max_steps': 100, 'dominant_type': 'outbound_conn', 'target_action': 2, 'prev_risk': 0.0, 'risk': 0.0}
[ep=01 t=0087] choose_plan=2 action=2 reward=-0.198 info={'t': 88, 'max_steps': 100, 'dominant_type': 'auth_fail', 'target_action': 1, 'prev_risk': 0.0, 'risk': 0.0}
[ep=01 t=0088] choose_plan=1 action=1 reward=0.023 info={'t': 89, 'max_steps': 100, 'dominant_type': 'outbound_conn', 'target_action': 2, 'prev_risk': 0.0, 'risk': 0.0}
[ep=01 t=0089] choose_plan=3 action=2 reward=0.315 info={'t': 90, 'max_steps': 100, 'dominant_type': 'outbound_conn', 'target_action': 2, 'prev_risk': 0.0, 'risk': 0.0}
[ep=01 t=0090] choose_plan=2 action=2 reward=-0.197 info={'t': 91, 'max_steps': 100, 'dominant_type': 'port_scan', 'target_action': 1, 'prev_risk': 0.0, 'risk': 0.0}
[ep=01 t=0091] choose_plan=2 action=1 reward=0.517 info={'t': 92, 'max_steps': 100, 'dominant_type': 'auth_fail', 'target_action': 1, 'prev_risk': 0.0, 'risk': 0.0}
[ep=01 t=0092] choose_plan=1 action=1 reward=0.531 info={'t': 93, 'max_steps': 100, 'dominant_type': 'port_scan', 'target_action': 1, 'prev_risk': 0.0, 'risk': 0.0}
[ep=01 t=0093] choose_plan=5 action=1 reward=0.526 info={'t': 94, 'max_steps': 100, 'dominant_type': 'port_scan', 'target_action': 1, 'prev_risk': 0.0, 'risk': 0.0}
[ep=01 t=0094] choose_plan=1 action=1 reward=0.560 info={'t': 95, 'max_steps': 100, 'dominant_type': 'port_scan', 'target_action': 1, 'prev_risk': 0.0, 'risk': 0.0}
[ep=01 t=0095] choose_plan=5 action=1 reward=0.582 info={'t': 96, 'max_steps': 100, 'dominant_type': 'auth_fail', 'target_action': 1, 'prev_risk': 0.0, 'risk': 0.0}
[ep=01 t=0096] choose_plan=3 action=1 reward=0.552 info={'t': 97, 'max_steps': 100, 'dominant_type': 'port_scan', 'target_action': 1, 'prev_risk': 0.0, 'risk': 0.0}
[ep=01 t=0097] choose_plan=3 action=1 reward=0.062 info={'t': 98, 'max_steps': 100, 'dominant_type': 'outbound_conn', 'target_action': 2, 'prev_risk': 0.0, 'risk': 0.0}
[ep=01 t=0098] choose_plan=4 action=2 reward=0.318 info={'t': 99, 'max_steps': 100, 'dominant_type': 'proc_spawn', 'target_action': 2, 'prev_risk': 0.0, 'risk': 0.0}
[ep=01 t=0099] choose_plan=1 action=2 reward=-0.203 info={'t': 100, 'max_steps': 100, 'dominant_type': 'auth_fail', 'target_action': 1, 'prev_risk': 0.0, 'risk': 0.0}
# done at t=99
# episode_summary {"episode": 1, "episode_return": 17.576119502027694, "reward_mean": 0.17576119502027696, "reward_min": -0.24692899246330918, "reward_max": 0.6731473231627305, "steps": 100, "unique_actions": 2, "top5_actions": [[1, 55], [2, 45]]}

# ===== EPISODE 2 =====
[ep=02 t=0000] choose_plan=1 action=1 reward=-0.087 info={'t': 1, 'max_steps': 100, 'dominant_type': 'port_scan', 'target_action': 1, 'prev_risk': 0.2887198980428401, 'risk': 0.2482338846288203}
[ep=02 t=0001] choose_plan=0 action=1 reward=-0.441 info={'t': 2, 'max_steps': 100, 'dominant_type': 'proc_spawn', 'target_action': 2, 'prev_risk': 0.2482338846288203, 'risk': 0.20166192976528327}
[ep=02 t=0002] choose_plan=0 action=2 reward=-0.071 info={'t': 3, 'max_steps': 100, 'dominant_type': 'port_scan', 'target_action': 1, 'prev_risk': 0.20166192976528327, 'risk': 0.12381190207607179}
[ep=02 t=0003] choose_plan=3 action=1 reward=0.563 info={'t': 4, 'max_steps': 100, 'dominant_type': 'port_scan', 'target_action': 1, 'prev_risk': 0.12381190207607179, 'risk': 0.08217435407736126}
[ep=02 t=0004] choose_plan=3 action=1 reward=0.267 info={'t': 5, 'max_steps': 100, 'dominant_type': 'proc_spawn', 'target_action': 2, 'prev_risk': 0.08217435407736126, 'risk': 0.023062754895723278}
[ep=02 t=0005] choose_plan=3 action=2 reward=0.424 info={'t': 6, 'max_steps': 100, 'dominant_type': 'proc_spawn', 'target_action': 2, 'prev_risk': 0.023062754895723278, 'risk': 0.0}
[ep=02 t=0006] choose_plan=1 action=2 reward=0.326 info={'t': 7, 'max_steps': 100, 'dominant_type': 'outbound_conn', 'target_action': 2, 'prev_risk': 0.0, 'risk': 0.0}
[ep=02 t=0007] choose_plan=3 action=2 reward=0.295 info={'t': 8, 'max_steps': 100, 'dominant_type': 'outbound_conn', 'target_action': 2, 'prev_risk': 0.0, 'risk': 0.0}
[ep=02 t=0008] choose_plan=0 action=2 reward=-0.181 info={'t': 9, 'max_steps': 100, 'dominant_type': 'auth_fail', 'target_action': 1, 'prev_risk': 0.0, 'risk': 0.0}
[ep=02 t=0009] choose_plan=5 action=1 reward=0.546 info={'t': 10, 'max_steps': 100, 'dominant_type': 'auth_fail', 'target_action': 1, 'prev_risk': 0.0, 'risk': 0.0}
[ep=02 t=0010] choose_plan=2 action=1 reward=0.510 info={'t': 11, 'max_steps': 100, 'dominant_type': 'auth_fail', 'target_action': 1, 'prev_risk': 0.0, 'risk': 0.0}
[ep=02 t=0011] choose_plan=1 action=1 reward=0.517 info={'t': 12, 'max_steps': 100, 'dominant_type': 'port_scan', 'target_action': 1, 'prev_risk': 0.0, 'risk': 0.0}
[ep=02 t=0012] choose_plan=5 action=1 reward=0.505 info={'t': 13, 'max_steps': 100, 'dominant_type': 'auth_fail', 'target_action': 1, 'prev_risk': 0.0, 'risk': 0.0}
[ep=02 t=0013] choose_plan=5 action=1 reward=0.532 info={'t': 14, 'max_steps': 100, 'dominant_type': 'port_scan', 'target_action': 1, 'prev_risk': 0.0, 'risk': 0.0}
[ep=02 t=0014] choose_plan=1 action=1 reward=0.131 info={'t': 15, 'max_steps': 100, 'dominant_type': 'proc_spawn', 'target_action': 2, 'prev_risk': 0.0, 'risk': 0.0}
[ep=02 t=0015] choose_plan=3 action=2 reward=0.339 info={'t': 16, 'max_steps': 100, 'dominant_type': 'outbound_conn', 'target_action': 2, 'prev_risk': 0.0, 'risk': 0.0}
[ep=02 t=0016] choose_plan=1 action=2 reward=-0.189 info={'t': 17, 'max_steps': 100, 'dominant_type': 'port_scan', 'target_action': 1, 'prev_risk': 0.0, 'risk': 0.0}
[ep=02 t=0017] choose_plan=4 action=1 reward=0.522 info={'t': 18, 'max_steps': 100, 'dominant_type': 'auth_fail', 'target_action': 1, 'prev_risk': 0.0, 'risk': 0.0}
[ep=02 t=0018] choose_plan=2 action=1 reward=0.519 info={'t': 19, 'max_steps': 100, 'dominant_type': 'port_scan', 'target_action': 1, 'prev_risk': 0.0, 'risk': 0.0}
[ep=02 t=0019] choose_plan=2 action=1 reward=0.505 info={'t': 20, 'max_steps': 100, 'dominant_type': 'port_scan', 'target_action': 1, 'prev_risk': 0.0, 'risk': 0.0}
[ep=02 t=0020] choose_plan=5 action=1 reward=0.525 info={'t': 21, 'max_steps': 100, 'dominant_type': 'auth_fail', 'target_action': 1, 'prev_risk': 0.0, 'risk': 0.0}
[ep=02 t=0021] choose_plan=1 action=1 reward=0.012 info={'t': 22, 'max_steps': 100, 'dominant_type': 'outbound_conn', 'target_action': 2, 'prev_risk': 0.0, 'risk': 0.0}
[ep=02 t=0022] choose_plan=3 action=2 reward=-0.215 info={'t': 23, 'max_steps': 100, 'dominant_type': 'port_scan', 'target_action': 1, 'prev_risk': 0.0, 'risk': 0.0}
[ep=02 t=0023] choose_plan=3 action=1 reward=-0.032 info={'t': 24, 'max_steps': 100, 'dominant_type': 'proc_spawn', 'target_action': 2, 'prev_risk': 0.0, 'risk': 0.009564557051775384}
[ep=02 t=0024] choose_plan=2 action=2 reward=-0.125 info={'t': 25, 'max_steps': 100, 'dominant_type': 'port_scan', 'target_action': 1, 'prev_risk': 0.009564557051775384, 'risk': 0.0}
[ep=02 t=0025] choose_plan=1 action=1 reward=-0.005 info={'t': 26, 'max_steps': 100, 'dominant_type': 'proc_spawn', 'target_action': 2, 'prev_risk': 0.0, 'risk': 0.0}
[ep=02 t=0026] choose_plan=5 action=2 reward=-0.215 info={'t': 27, 'max_steps': 100, 'dominant_type': 'auth_fail', 'target_action': 1, 'prev_risk': 0.0, 'risk': 0.0}
[ep=02 t=0027] choose_plan=1 action=1 reward=0.040 info={'t': 28, 'max_steps': 100, 'dominant_type': 'proc_spawn', 'target_action': 2, 'prev_risk': 0.0, 'risk': 0.0}
[ep=02 t=0028] choose_plan=3 action=2 reward=0.312 info={'t': 29, 'max_steps': 100, 'dominant_type': 'outbound_conn', 'target_action': 2, 'prev_risk': 0.0, 'risk': 0.0}
[ep=02 t=0029] choose_plan=3 action=2 reward=0.330 info={'t': 30, 'max_steps': 100, 'dominant_type': 'outbound_conn', 'target_action': 2, 'prev_risk': 0.0, 'risk': 0.0}
[ep=02 t=0030] choose_plan=3 action=2 reward=0.295 info={'t': 31, 'max_steps': 100, 'dominant_type': 'outbound_conn', 'target_action': 2, 'prev_risk': 0.0, 'risk': 0.0}
[ep=02 t=0031] choose_plan=5 action=2 reward=0.340 info={'t': 32, 'max_steps': 100, 'dominant_type': 'proc_spawn', 'target_action': 2, 'prev_risk': 0.0, 'risk': 0.0}
[ep=02 t=0032] choose_plan=0 action=2 reward=-0.191 info={'t': 33, 'max_steps': 100, 'dominant_type': 'port_scan', 'target_action': 1, 'prev_risk': 0.0, 'risk': 0.0}
[ep=02 t=0033] choose_plan=1 action=1 reward=-0.005 info={'t': 34, 'max_steps': 100, 'dominant_type': 'proc_spawn', 'target_action': 2, 'prev_risk': 0.0, 'risk': 0.0}
[ep=02 t=0034] choose_plan=1 action=2 reward=0.357 info={'t': 35, 'max_steps': 100, 'dominant_type': 'outbound_conn', 'target_action': 2, 'prev_risk': 0.0, 'risk': 0.0}
[ep=02 t=0035] choose_plan=0 action=2 reward=0.295 info={'t': 36, 'max_steps': 100, 'dominant_type': 'proc_spawn', 'target_action': 2, 'prev_risk': 0.0, 'risk': 0.0}
[ep=02 t=0036] choose_plan=5 action=2 reward=-0.215 info={'t': 37, 'max_steps': 100, 'dominant_type': 'port_scan', 'target_action': 1, 'prev_risk': 0.0, 'risk': 0.0}
[ep=02 t=0037] choose_plan=5 action=1 reward=0.034 info={'t': 38, 'max_steps': 100, 'dominant_type': 'proc_spawn', 'target_action': 2, 'prev_risk': 0.0, 'risk': 0.0}
[ep=02 t=0038] choose_plan=3 action=2 reward=-0.215 info={'t': 39, 'max_steps': 100, 'dominant_type': 'port_scan', 'target_action': 1, 'prev_risk': 0.0, 'risk': 0.0}
[ep=02 t=0039] choose_plan=0 action=1 reward=0.044 info={'t': 40, 'max_steps': 100, 'dominant_type': 'proc_spawn', 'target_action': 2, 'prev_risk': 0.0, 'risk': 0.012368081726536993}
[ep=02 t=0040] choose_plan=0 action=2 reward=-0.126 info={'t': 41, 'max_steps': 100, 'dominant_type': 'port_scan', 'target_action': 1, 'prev_risk': 0.012368081726536993, 'risk': 0.0}
[ep=02 t=0041] choose_plan=3 action=1 reward=0.555 info={'t': 42, 'max_steps': 100, 'dominant_type': 'port_scan', 'target_action': 1, 'prev_risk': 0.0, 'risk': 0.0}
[ep=02 t=0042] choose_plan=0 action=1 reward=-0.069 info={'t': 43, 'max_steps': 100, 'dominant_type': 'proc_spawn', 'target_action': 2, 'prev_risk': 0.0, 'risk': 0.02204587858739327}
[ep=02 t=0043] choose_plan=5 action=2 reward=-0.115 info={'t': 44, 'max_steps': 100, 'dominant_type': 'auth_fail', 'target_action': 1, 'prev_risk': 0.02204587858739327, 'risk': 0.0028184170865639124}
[ep=02 t=0044] choose_plan=1 action=1 reward=0.521 info={'t': 45, 'max_steps': 100, 'dominant_type': 'auth_fail', 'target_action': 1, 'prev_risk': 0.0028184170865639124, 'risk': 0.0}
[ep=02 t=0045] choose_plan=0 action=1 reward=-0.005 info={'t': 46, 'max_steps': 100, 'dominant_type': 'outbound_conn', 'target_action': 2, 'prev_risk': 0.0, 'risk': 0.0}
[ep=02 t=0046] choose_plan=2 action=2 reward=0.295 info={'t': 47, 'max_steps': 100, 'dominant_type': 'outbound_conn', 'target_action': 2, 'prev_risk': 0.0, 'risk': 0.0}
[ep=02 t=0047] choose_plan=0 action=2 reward=-0.205 info={'t': 48, 'max_steps': 100, 'dominant_type': 'auth_fail', 'target_action': 1, 'prev_risk': 0.0, 'risk': 0.0}
[ep=02 t=0048] choose_plan=3 action=1 reward=0.044 info={'t': 49, 'max_steps': 100, 'dominant_type': 'outbound_conn', 'target_action': 2, 'prev_risk': 0.0, 'risk': 0.0}
[ep=02 t=0049] choose_plan=5 action=2 reward=-0.198 info={'t': 50, 'max_steps': 100, 'dominant_type': 'port_scan', 'target_action': 1, 'prev_risk': 0.0, 'risk': 0.0}
[ep=02 t=0050] choose_plan=4 action=1 reward=0.047 info={'t': 51, 'max_steps': 100, 'dominant_type': 'proc_spawn', 'target_action': 2, 'prev_risk': 0.0, 'risk': 0.0}
[ep=02 t=0051] choose_plan=5 action=2 reward=0.297 info={'t': 52, 'max_steps': 100, 'dominant_type': 'outbound_conn', 'target_action': 2, 'prev_risk': 0.0, 'risk': 0.0}
[ep=02 t=0052] choose_plan=3 action=2 reward=0.295 info={'t': 53, 'max_steps': 100, 'dominant_type': 'proc_spawn', 'target_action': 2, 'prev_risk': 0.0, 'risk': 0.0}
[ep=02 t=0053] choose_plan=4 action=2 reward=0.299 info={'t': 54, 'max_steps': 100, 'dominant_type': 'proc_spawn', 'target_action': 2, 'prev_risk': 0.0, 'risk': 0.0}
[ep=02 t=0054] choose_plan=2 action=2 reward=-0.150 info={'t': 55, 'max_steps': 100, 'dominant_type': 'auth_fail', 'target_action': 1, 'prev_risk': 0.0, 'risk': 0.0}
[ep=02 t=0055] choose_plan=2 action=1 reward=0.539 info={'t': 56, 'max_steps': 100, 'dominant_type': 'port_scan', 'target_action': 1, 'prev_risk': 0.0, 'risk': 0.0}
[ep=02 t=0056] choose_plan=5 action=1 reward=0.505 info={'t': 57, 'max_steps': 100, 'dominant_type': 'port_scan', 'target_action': 1, 'prev_risk': 0.0, 'risk': 0.0}
[ep=02 t=0057] choose_plan=3 action=1 reward=0.505 info={'t': 58, 'max_steps': 100, 'dominant_type': 'auth_fail', 'target_action': 1, 'prev_risk': 0.0, 'risk': 0.0}
[ep=02 t=0058] choose_plan=3 action=1 reward=0.043 info={'t': 59, 'max_steps': 100, 'dominant_type': 'proc_spawn', 'target_action': 2, 'prev_risk': 0.0, 'risk': 0.0}
[ep=02 t=0059] choose_plan=0 action=2 reward=0.295 info={'t': 60, 'max_steps': 100, 'dominant_type': 'proc_spawn', 'target_action': 2, 'prev_risk': 0.0, 'risk': 0.0}
[ep=02 t=0060] choose_plan=5 action=2 reward=0.319 info={'t': 61, 'max_steps': 100, 'dominant_type': 'outbound_conn', 'target_action': 2, 'prev_risk': 0.0, 'risk': 0.0}
[ep=02 t=0061] choose_plan=5 action=2 reward=-0.215 info={'t': 62, 'max_steps': 100, 'dominant_type': 'auth_fail', 'target_action': 1, 'prev_risk': 0.0, 'risk': 0.0}
[ep=02 t=0062] choose_plan=3 action=1 reward=0.030 info={'t': 63, 'max_steps': 100, 'dominant_type': 'proc_spawn', 'target_action': 2, 'prev_risk': 0.0, 'risk': 0.0}
[ep=02 t=0063] choose_plan=5 action=2 reward=0.333 info={'t': 64, 'max_steps': 100, 'dominant_type': 'outbound_conn', 'target_action': 2, 'prev_risk': 0.0, 'risk': 0.0}
[ep=02 t=0064] choose_plan=2 action=2 reward=-0.210 info={'t': 65, 'max_steps': 100, 'dominant_type': 'port_scan', 'target_action': 1, 'prev_risk': 0.0, 'risk': 0.0}
[ep=02 t=0065] choose_plan=1 action=1 reward=0.055 info={'t': 66, 'max_steps': 100, 'dominant_type': 'outbound_conn', 'target_action': 2, 'prev_risk': 0.0, 'risk': 0.0}
[ep=02 t=0066] choose_plan=1 action=2 reward=0.306 info={'t': 67, 'max_steps': 100, 'dominant_type': 'proc_spawn', 'target_action': 2, 'prev_risk': 0.0, 'risk': 0.0}
[ep=02 t=0067] choose_plan=0 action=2 reward=-0.215 info={'t': 68, 'max_steps': 100, 'dominant_type': 'port_scan', 'target_action': 1, 'prev_risk': 0.0, 'risk': 0.0}
[ep=02 t=0068] choose_plan=3 action=1 reward=0.542 info={'t': 69, 'max_steps': 100, 'dominant_type': 'auth_fail', 'target_action': 1, 'prev_risk': 0.0, 'risk': 0.0}
[ep=02 t=0069] choose_plan=1 action=1 reward=0.534 info={'t': 70, 'max_steps': 100, 'dominant_type': 'auth_fail', 'target_action': 1, 'prev_risk': 0.0, 'risk': 0.0}
[ep=02 t=0070] choose_plan=0 action=1 reward=0.015 info={'t': 71, 'max_steps': 100, 'dominant_type': 'proc_spawn', 'target_action': 2, 'prev_risk': 0.0, 'risk': 0.0}
[ep=02 t=0071] choose_plan=0 action=2 reward=-0.215 info={'t': 72, 'max_steps': 100, 'dominant_type': 'port_scan', 'target_action': 1, 'prev_risk': 0.0, 'risk': 0.0}
[ep=02 t=0072] choose_plan=2 action=1 reward=0.511 info={'t': 73, 'max_steps': 100, 'dominant_type': 'port_scan', 'target_action': 1, 'prev_risk': 0.0, 'risk': 0.0}
[ep=02 t=0073] choose_plan=3 action=1 reward=0.035 info={'t': 74, 'max_steps': 100, 'dominant_type': 'proc_spawn', 'target_action': 2, 'prev_risk': 0.0, 'risk': 0.0}
[ep=02 t=0074] choose_plan=1 action=2 reward=-0.207 info={'t': 75, 'max_steps': 100, 'dominant_type': 'port_scan', 'target_action': 1, 'prev_risk': 0.0, 'risk': 0.0}
[ep=02 t=0075] choose_plan=3 action=1 reward=0.538 info={'t': 76, 'max_steps': 100, 'dominant_type': 'port_scan', 'target_action': 1, 'prev_risk': 0.0, 'risk': 0.0}
[ep=02 t=0076] choose_plan=0 action=1 reward=0.003 info={'t': 77, 'max_steps': 100, 'dominant_type': 'proc_spawn', 'target_action': 2, 'prev_risk': 0.0, 'risk': 0.0}
[ep=02 t=0077] choose_plan=5 action=2 reward=-0.193 info={'t': 78, 'max_steps': 100, 'dominant_type': 'port_scan', 'target_action': 1, 'prev_risk': 0.0, 'risk': 0.0}
[ep=02 t=0078] choose_plan=0 action=1 reward=0.019 info={'t': 79, 'max_steps': 100, 'dominant_type': 'outbound_conn', 'target_action': 2, 'prev_risk': 0.0, 'risk': 0.0}
[ep=02 t=0079] choose_plan=3 action=2 reward=0.297 info={'t': 80, 'max_steps': 100, 'dominant_type': 'proc_spawn', 'target_action': 2, 'prev_risk': 0.0, 'risk': 0.0}
[ep=02 t=0080] choose_plan=2 action=2 reward=0.295 info={'t': 81, 'max_steps': 100, 'dominant_type': 'proc_spawn', 'target_action': 2, 'prev_risk': 0.0, 'risk': 0.0}
[ep=02 t=0081] choose_plan=4 action=2 reward=0.295 info={'t': 82, 'max_steps': 100, 'dominant_type': 'outbound_conn', 'target_action': 2, 'prev_risk': 0.0, 'risk': 0.0}
[ep=02 t=0082] choose_plan=4 action=2 reward=0.309 info={'t': 83, 'max_steps': 100, 'dominant_type': 'outbound_conn', 'target_action': 2, 'prev_risk': 0.0, 'risk': 0.0}
[ep=02 t=0083] choose_plan=2 action=2 reward=-0.182 info={'t': 84, 'max_steps': 100, 'dominant_type': 'port_scan', 'target_action': 1, 'prev_risk': 0.0, 'risk': 0.0}
[ep=02 t=0084] choose_plan=4 action=1 reward=-0.005 info={'t': 85, 'max_steps': 100, 'dominant_type': 'outbound_conn', 'target_action': 2, 'prev_risk': 0.0, 'risk': 0.0}
[ep=02 t=0085] choose_plan=1 action=2 reward=-0.185 info={'t': 86, 'max_steps': 100, 'dominant_type': 'auth_fail', 'target_action': 1, 'prev_risk': 0.0, 'risk': 0.0}
[ep=02 t=0086] choose_plan=2 action=1 reward=0.505 info={'t': 87, 'max_steps': 100, 'dominant_type': 'port_scan', 'target_action': 1, 'prev_risk': 0.0, 'risk': 0.0}
[ep=02 t=0087] choose_plan=4 action=1 reward=0.045 info={'t': 88, 'max_steps': 100, 'dominant_type': 'outbound_conn', 'target_action': 2, 'prev_risk': 0.0, 'risk': 0.0}
[ep=02 t=0088] choose_plan=0 action=2 reward=0.311 info={'t': 89, 'max_steps': 100, 'dominant_type': 'proc_spawn', 'target_action': 2, 'prev_risk': 0.0, 'risk': 0.0}
[ep=02 t=0089] choose_plan=4 action=2 reward=-0.215 info={'t': 90, 'max_steps': 100, 'dominant_type': 'auth_fail', 'target_action': 1, 'prev_risk': 0.0, 'risk': 0.0}
[ep=02 t=0090] choose_plan=4 action=1 reward=0.553 info={'t': 91, 'max_steps': 100, 'dominant_type': 'port_scan', 'target_action': 1, 'prev_risk': 0.0, 'risk': 0.0}
[ep=02 t=0091] choose_plan=4 action=1 reward=0.016 info={'t': 92, 'max_steps': 100, 'dominant_type': 'proc_spawn', 'target_action': 2, 'prev_risk': 0.0, 'risk': 0.0}
[ep=02 t=0092] choose_plan=3 action=2 reward=0.310 info={'t': 93, 'max_steps': 100, 'dominant_type': 'proc_spawn', 'target_action': 2, 'prev_risk': 0.0, 'risk': 0.0}
[ep=02 t=0093] choose_plan=2 action=2 reward=-0.199 info={'t': 94, 'max_steps': 100, 'dominant_type': 'auth_fail', 'target_action': 1, 'prev_risk': 0.0, 'risk': 0.0}
[ep=02 t=0094] choose_plan=1 action=1 reward=0.505 info={'t': 95, 'max_steps': 100, 'dominant_type': 'port_scan', 'target_action': 1, 'prev_risk': 0.0, 'risk': 0.0}
[ep=02 t=0095] choose_plan=0 action=1 reward=0.505 info={'t': 96, 'max_steps': 100, 'dominant_type': 'auth_fail', 'target_action': 1, 'prev_risk': 0.0, 'risk': 0.0}
[ep=02 t=0096] choose_plan=0 action=1 reward=0.528 info={'t': 97, 'max_steps': 100, 'dominant_type': 'port_scan', 'target_action': 1, 'prev_risk': 0.0, 'risk': 0.0}
[ep=02 t=0097] choose_plan=4 action=1 reward=0.017 info={'t': 98, 'max_steps': 100, 'dominant_type': 'outbound_conn', 'target_action': 2, 'prev_risk': 0.0, 'risk': 0.0}
[ep=02 t=0098] choose_plan=1 action=2 reward=-0.201 info={'t': 99, 'max_steps': 100, 'dominant_type': 'port_scan', 'target_action': 1, 'prev_risk': 0.0, 'risk': 0.0}
[ep=02 t=0099] choose_plan=5 action=1 reward=0.520 info={'t': 100, 'max_steps': 100, 'dominant_type': 'auth_fail', 'target_action': 1, 'prev_risk': 0.0, 'risk': 0.015480334060040318}
# done at t=99
# episode_summary {"episode": 2, "episode_return": 16.28225881740861, "reward_mean": 0.1628225881740861, "reward_min": -0.44123373289961465, "reward_max": 0.5628152902616603, "steps": 100, "unique_actions": 2, "top5_actions": [[1, 51], [2, 49]]}

# ===== EPISODE 3 =====
[ep=03 t=0000] choose_plan=0 action=2 reward=-0.042 info={'t': 1, 'max_steps': 100, 'dominant_type': 'port_scan', 'target_action': 1, 'prev_risk': 0.29101595805149155, 'risk': 0.18084622627840918}
[ep=03 t=0001] choose_plan=0 action=1 reward=0.356 info={'t': 2, 'max_steps': 100, 'dominant_type': 'auth_fail', 'target_action': 1, 'prev_risk': 0.18084622627840918, 'risk': 0.13939434170760048}
[ep=03 t=0002] choose_plan=1 action=1 reward=0.443 info={'t': 3, 'max_steps': 100, 'dominant_type': 'auth_fail', 'target_action': 1, 'prev_risk': 0.13939434170760048, 'risk': 0.09941113653185193}
[ep=03 t=0003] choose_plan=0 action=1 reward=0.238 info={'t': 4, 'max_steps': 100, 'dominant_type': 'auth_fail', 'target_action': 1, 'prev_risk': 0.09941113653185193, 'risk': 0.11876538840025049}
[ep=03 t=0004] choose_plan=1 action=1 reward=0.409 info={'t': 5, 'max_steps': 100, 'dominant_type': 'port_scan', 'target_action': 1, 'prev_risk': 0.11876538840025049, 'risk': 0.0985598610376346}
[ep=03 t=0005] choose_plan=4 action=1 reward=0.036 info={'t': 6, 'max_steps': 100, 'dominant_type': 'proc_spawn', 'target_action': 2, 'prev_risk': 0.0985598610376346, 'risk': 0.06133722513670613}
[ep=03 t=0006] choose_plan=2 action=2 reward=0.033 info={'t': 7, 'max_steps': 100, 'dominant_type': 'port_scan', 'target_action': 1, 'prev_risk': 0.06133722513670613, 'risk': 0.01621265949434937}
[ep=03 t=0007] choose_plan=3 action=1 reward=0.140 info={'t': 8, 'max_steps': 100, 'dominant_type': 'proc_spawn', 'target_action': 2, 'prev_risk': 0.01621265949434937, 'risk': 0.0}
[ep=03 t=0008] choose_plan=1 action=2 reward=-0.206 info={'t': 9, 'max_steps': 100, 'dominant_type': 'port_scan', 'target_action': 1, 'prev_risk': 0.0, 'risk': 0.0}
[ep=03 t=0009] choose_plan=2 action=1 reward=0.505 info={'t': 10, 'max_steps': 100, 'dominant_type': 'port_scan', 'target_action': 1, 'prev_risk': 0.0, 'risk': 0.0}
[ep=03 t=0010] choose_plan=5 action=1 reward=0.587 info={'t': 11, 'max_steps': 100, 'dominant_type': 'port_scan', 'target_action': 1, 'prev_risk': 0.0, 'risk': 0.0}
[ep=03 t=0011] choose_plan=3 action=1 reward=0.029 info={'t': 12, 'max_steps': 100, 'dominant_type': 'outbound_conn', 'target_action': 2, 'prev_risk': 0.0, 'risk': 0.0}
[ep=03 t=0012] choose_plan=3 action=2 reward=-0.154 info={'t': 13, 'max_steps': 100, 'dominant_type': 'port_scan', 'target_action': 1, 'prev_risk': 0.0, 'risk': 0.0}
[ep=03 t=0013] choose_plan=4 action=1 reward=0.509 info={'t': 14, 'max_steps': 100, 'dominant_type': 'port_scan', 'target_action': 1, 'prev_risk': 0.0, 'risk': 0.0}
[ep=03 t=0014] choose_plan=4 action=1 reward=0.033 info={'t': 15, 'max_steps': 100, 'dominant_type': 'proc_spawn', 'target_action': 2, 'prev_risk': 0.0, 'risk': 0.0}
[ep=03 t=0015] choose_plan=1 action=2 reward=0.295 info={'t': 16, 'max_steps': 100, 'dominant_type': 'outbound_conn', 'target_action': 2, 'prev_risk': 0.0, 'risk': 0.0}
[ep=03 t=0016] choose_plan=5 action=2 reward=-0.197 info={'t': 17, 'max_steps': 100, 'dominant_type': 'auth_fail', 'target_action': 1, 'prev_risk': 0.0, 'risk': 0.0}
[ep=03 t=0017] choose_plan=0 action=1 reward=-0.074 info={'t': 18, 'max_steps': 100, 'dominant_type': 'proc_spawn', 'target_action': 2, 'prev_risk': 0.0, 'risk': 0.023760628442649742}
[ep=03 t=0018] choose_plan=4 action=2 reward=-0.072 info={'t': 19, 'max_steps': 100, 'dominant_type': 'auth_fail', 'target_action': 1, 'prev_risk': 0.023760628442649742, 'risk': 0.0}
[ep=03 t=0019] choose_plan=1 action=1 reward=0.505 info={'t': 20, 'max_steps': 100, 'dominant_type': 'auth_fail', 'target_action': 1, 'prev_risk': 0.0, 'risk': 0.0}
[ep=03 t=0020] choose_plan=2 action=1 reward=0.505 info={'t': 21, 'max_steps': 100, 'dominant_type': 'auth_fail', 'target_action': 1, 'prev_risk': 0.0, 'risk': 0.0}
[ep=03 t=0021] choose_plan=2 action=1 reward=-0.115 info={'t': 22, 'max_steps': 100, 'dominant_type': 'outbound_conn', 'target_action': 2, 'prev_risk': 0.0, 'risk': 0.05461913001379557}
[ep=03 t=0022] choose_plan=0 action=2 reward=0.113 info={'t': 23, 'max_steps': 100, 'dominant_type': 'port_scan', 'target_action': 1, 'prev_risk': 0.05461913001379557, 'risk': 0.0}
[ep=03 t=0023] choose_plan=5 action=1 reward=0.505 info={'t': 24, 'max_steps': 100, 'dominant_type': 'auth_fail', 'target_action': 1, 'prev_risk': 0.0, 'risk': 0.0}
[ep=03 t=0024] choose_plan=0 action=1 reward=0.532 info={'t': 25, 'max_steps': 100, 'dominant_type': 'auth_fail', 'target_action': 1, 'prev_risk': 0.0, 'risk': 0.0}
[ep=03 t=0025] choose_plan=3 action=1 reward=0.505 info={'t': 26, 'max_steps': 100, 'dominant_type': 'auth_fail', 'target_action': 1, 'prev_risk': 0.0, 'risk': 0.0}
[ep=03 t=0026] choose_plan=3 action=1 reward=0.542 info={'t': 27, 'max_steps': 100, 'dominant_type': 'port_scan', 'target_action': 1, 'prev_risk': 0.0, 'risk': 0.0}
[ep=03 t=0027] choose_plan=0 action=1 reward=0.056 info={'t': 28, 'max_steps': 100, 'dominant_type': 'outbound_conn', 'target_action': 2, 'prev_risk': 0.0, 'risk': 0.0}
[ep=03 t=0028] choose_plan=3 action=2 reward=-0.213 info={'t': 29, 'max_steps': 100, 'dominant_type': 'auth_fail', 'target_action': 1, 'prev_risk': 0.0, 'risk': 0.0}
[ep=03 t=0029] choose_plan=5 action=1 reward=0.543 info={'t': 30, 'max_steps': 100, 'dominant_type': 'port_scan', 'target_action': 1, 'prev_risk': 0.0, 'risk': 0.0}
[ep=03 t=0030] choose_plan=4 action=1 reward=0.561 info={'t': 31, 'max_steps': 100, 'dominant_type': 'port_scan', 'target_action': 1, 'prev_risk': 0.0, 'risk': 0.0}
[ep=03 t=0031] choose_plan=0 action=1 reward=0.505 info={'t': 32, 'max_steps': 100, 'dominant_type': 'port_scan', 'target_action': 1, 'prev_risk': 0.0, 'risk': 0.0}
[ep=03 t=0032] choose_plan=1 action=1 reward=0.492 info={'t': 33, 'max_steps': 100, 'dominant_type': 'port_scan', 'target_action': 1, 'prev_risk': 0.0, 'risk': 0.004525536463236411}
[ep=03 t=0033] choose_plan=3 action=1 reward=0.020 info={'t': 34, 'max_steps': 100, 'dominant_type': 'proc_spawn', 'target_action': 2, 'prev_risk': 0.004525536463236411, 'risk': 0.0}
[ep=03 t=0034] choose_plan=0 action=2 reward=0.295 info={'t': 35, 'max_steps': 100, 'dominant_type': 'proc_spawn', 'target_action': 2, 'prev_risk': 0.0, 'risk': 0.0}
[ep=03 t=0035] choose_plan=0 action=2 reward=-0.168 info={'t': 36, 'max_steps': 100, 'dominant_type': 'port_scan', 'target_action': 1, 'prev_risk': 0.0, 'risk': 0.0}
[ep=03 t=0036] choose_plan=5 action=1 reward=0.030 info={'t': 37, 'max_steps': 100, 'dominant_type': 'outbound_conn', 'target_action': 2, 'prev_risk': 0.0, 'risk': 0.0}
[ep=03 t=0037] choose_plan=2 action=2 reward=0.303 info={'t': 38, 'max_steps': 100, 'dominant_type': 'proc_spawn', 'target_action': 2, 'prev_risk': 0.0, 'risk': 0.0}
[ep=03 t=0038] choose_plan=1 action=2 reward=-0.207 info={'t': 39, 'max_steps': 100, 'dominant_type': 'auth_fail', 'target_action': 1, 'prev_risk': 0.0, 'risk': 0.0}
[ep=03 t=0039] choose_plan=3 action=1 reward=0.009 info={'t': 40, 'max_steps': 100, 'dominant_type': 'outbound_conn', 'target_action': 2, 'prev_risk': 0.0, 'risk': 0.0}
[ep=03 t=0040] choose_plan=0 action=2 reward=0.295 info={'t': 41, 'max_steps': 100, 'dominant_type': 'outbound_conn', 'target_action': 2, 'prev_risk': 0.0, 'risk': 0.0}
[ep=03 t=0041] choose_plan=1 action=2 reward=0.333 info={'t': 42, 'max_steps': 100, 'dominant_type': 'proc_spawn', 'target_action': 2, 'prev_risk': 0.0, 'risk': 0.0}
[ep=03 t=0042] choose_plan=0 action=2 reward=0.339 info={'t': 43, 'max_steps': 100, 'dominant_type': 'outbound_conn', 'target_action': 2, 'prev_risk': 0.0, 'risk': 0.0}
[ep=03 t=0043] choose_plan=0 action=2 reward=-0.187 info={'t': 44, 'max_steps': 100, 'dominant_type': 'port_scan', 'target_action': 1, 'prev_risk': 0.0, 'risk': 0.0}
[ep=03 t=0044] choose_plan=4 action=1 reward=-0.005 info={'t': 45, 'max_steps': 100, 'dominant_type': 'proc_spawn', 'target_action': 2, 'prev_risk': 0.0, 'risk': 0.0}
[ep=03 t=0045] choose_plan=0 action=2 reward=-0.202 info={'t': 46, 'max_steps': 100, 'dominant_type': 'port_scan', 'target_action': 1, 'prev_risk': 0.0, 'risk': 0.0}
[ep=03 t=0046] choose_plan=0 action=1 reward=-0.005 info={'t': 47, 'max_steps': 100, 'dominant_type': 'outbound_conn', 'target_action': 2, 'prev_risk': 0.0, 'risk': 0.0}
[ep=03 t=0047] choose_plan=5 action=2 reward=0.348 info={'t': 48, 'max_steps': 100, 'dominant_type': 'proc_spawn', 'target_action': 2, 'prev_risk': 0.0, 'risk': 0.0}
[ep=03 t=0048] choose_plan=4 action=2 reward=0.349 info={'t': 49, 'max_steps': 100, 'dominant_type': 'outbound_conn', 'target_action': 2, 'prev_risk': 0.0, 'risk': 0.0}
[ep=03 t=0049] choose_plan=3 action=2 reward=-0.215 info={'t': 50, 'max_steps': 100, 'dominant_type': 'port_scan', 'target_action': 1, 'prev_risk': 0.0, 'risk': 0.0}
[ep=03 t=0050] choose_plan=5 action=1 reward=0.030 info={'t': 51, 'max_steps': 100, 'dominant_type': 'outbound_conn', 'target_action': 2, 'prev_risk': 0.0, 'risk': 0.0}
[ep=03 t=0051] choose_plan=0 action=2 reward=-0.207 info={'t': 52, 'max_steps': 100, 'dominant_type': 'port_scan', 'target_action': 1, 'prev_risk': 0.0, 'risk': 0.0}
[ep=03 t=0052] choose_plan=1 action=1 reward=0.025 info={'t': 53, 'max_steps': 100, 'dominant_type': 'outbound_conn', 'target_action': 2, 'prev_risk': 0.0, 'risk': 0.0}
[ep=03 t=0053] choose_plan=5 action=2 reward=0.295 info={'t': 54, 'max_steps': 100, 'dominant_type': 'proc_spawn', 'target_action': 2, 'prev_risk': 0.0, 'risk': 0.0}
[ep=03 t=0054] choose_plan=0 action=2 reward=-0.160 info={'t': 55, 'max_steps': 100, 'dominant_type': 'port_scan', 'target_action': 1, 'prev_risk': 0.0, 'risk': 0.0}
[ep=03 t=0055] choose_plan=4 action=1 reward=0.505 info={'t': 56, 'max_steps': 100, 'dominant_type': 'port_scan', 'target_action': 1, 'prev_risk': 0.0, 'risk': 0.0}
[ep=03 t=0056] choose_plan=1 action=1 reward=0.010 info={'t': 57, 'max_steps': 100, 'dominant_type': 'proc_spawn', 'target_action': 2, 'prev_risk': 0.0, 'risk': 0.0}
[ep=03 t=0057] choose_plan=3 action=2 reward=-0.154 info={'t': 58, 'max_steps': 100, 'dominant_type': 'port_scan', 'target_action': 1, 'prev_risk': 0.0, 'risk': 0.0}
[ep=03 t=0058] choose_plan=1 action=1 reward=0.505 info={'t': 59, 'max_steps': 100, 'dominant_type': 'auth_fail', 'target_action': 1, 'prev_risk': 0.0, 'risk': 0.0}
[ep=03 t=0059] choose_plan=1 action=1 reward=0.511 info={'t': 60, 'max_steps': 100, 'dominant_type': 'port_scan', 'target_action': 1, 'prev_risk': 0.0, 'risk': 0.0}
[ep=03 t=0060] choose_plan=4 action=1 reward=0.505 info={'t': 61, 'max_steps': 100, 'dominant_type': 'auth_fail', 'target_action': 1, 'prev_risk': 0.0, 'risk': 0.0}
[ep=03 t=0061] choose_plan=4 action=1 reward=-0.067 info={'t': 62, 'max_steps': 100, 'dominant_type': 'outbound_conn', 'target_action': 2, 'prev_risk': 0.0, 'risk': 0.03446944204418382}
[ep=03 t=0062] choose_plan=3 action=2 reward=0.568 info={'t': 63, 'max_steps': 100, 'dominant_type': 'proc_spawn', 'target_action': 2, 'prev_risk': 0.03446944204418382, 'risk': 0.0}
[ep=03 t=0063] choose_plan=0 action=2 reward=0.339 info={'t': 64, 'max_steps': 100, 'dominant_type': 'outbound_conn', 'target_action': 2, 'prev_risk': 0.0, 'risk': 0.0}
[ep=03 t=0064] choose_plan=2 action=2 reward=-0.181 info={'t': 65, 'max_steps': 100, 'dominant_type': 'port_scan', 'target_action': 1, 'prev_risk': 0.0, 'risk': 0.0}
[ep=03 t=0065] choose_plan=1 action=1 reward=-0.005 info={'t': 66, 'max_steps': 100, 'dominant_type': 'outbound_conn', 'target_action': 2, 'prev_risk': 0.0, 'risk': 0.0}
[ep=03 t=0066] choose_plan=5 action=2 reward=-0.168 info={'t': 67, 'max_steps': 100, 'dominant_type': 'auth_fail', 'target_action': 1, 'prev_risk': 0.0, 'risk': 0.0}
[ep=03 t=0067] choose_plan=0 action=1 reward=0.511 info={'t': 68, 'max_steps': 100, 'dominant_type': 'auth_fail', 'target_action': 1, 'prev_risk': 0.0, 'risk': 0.0}
[ep=03 t=0068] choose_plan=2 action=1 reward=0.537 info={'t': 69, 'max_steps': 100, 'dominant_type': 'port_scan', 'target_action': 1, 'prev_risk': 0.0, 'risk': 0.0}
[ep=03 t=0069] choose_plan=0 action=1 reward=0.505 info={'t': 70, 'max_steps': 100, 'dominant_type': 'auth_fail', 'target_action': 1, 'prev_risk': 0.0, 'risk': 0.0}
[ep=03 t=0070] choose_plan=3 action=1 reward=0.536 info={'t': 71, 'max_steps': 100, 'dominant_type': 'port_scan', 'target_action': 1, 'prev_risk': 0.0, 'risk': 0.0}
[ep=03 t=0071] choose_plan=4 action=1 reward=0.505 info={'t': 72, 'max_steps': 100, 'dominant_type': 'port_scan', 'target_action': 1, 'prev_risk': 0.0, 'risk': 0.0}
[ep=03 t=0072] choose_plan=4 action=1 reward=-0.005 info={'t': 73, 'max_steps': 100, 'dominant_type': 'proc_spawn', 'target_action': 2, 'prev_risk': 0.0, 'risk': 0.0}
[ep=03 t=0073] choose_plan=3 action=2 reward=-0.151 info={'t': 74, 'max_steps': 100, 'dominant_type': 'auth_fail', 'target_action': 1, 'prev_risk': 0.0, 'risk': 0.0}
[ep=03 t=0074] choose_plan=1 action=1 reward=0.540 info={'t': 75, 'max_steps': 100, 'dominant_type': 'port_scan', 'target_action': 1, 'prev_risk': 0.0, 'risk': 0.0}
[ep=03 t=0075] choose_plan=4 action=1 reward=0.512 info={'t': 76, 'max_steps': 100, 'dominant_type': 'auth_fail', 'target_action': 1, 'prev_risk': 0.0, 'risk': 0.0}
[ep=03 t=0076] choose_plan=1 action=1 reward=0.520 info={'t': 77, 'max_steps': 100, 'dominant_type': 'auth_fail', 'target_action': 1, 'prev_risk': 0.0, 'risk': 0.0}
[ep=03 t=0077] choose_plan=1 action=1 reward=0.011 info={'t': 78, 'max_steps': 100, 'dominant_type': 'outbound_conn', 'target_action': 2, 'prev_risk': 0.0, 'risk': 0.0}
[ep=03 t=0078] choose_plan=2 action=2 reward=0.319 info={'t': 79, 'max_steps': 100, 'dominant_type': 'proc_spawn', 'target_action': 2, 'prev_risk': 0.0, 'risk': 0.0}
[ep=03 t=0079] choose_plan=2 action=2 reward=-0.176 info={'t': 80, 'max_steps': 100, 'dominant_type': 'auth_fail', 'target_action': 1, 'prev_risk': 0.0, 'risk': 0.0}
[ep=03 t=0080] choose_plan=2 action=1 reward=0.581 info={'t': 81, 'max_steps': 100, 'dominant_type': 'port_scan', 'target_action': 1, 'prev_risk': 0.0, 'risk': 0.0}
[ep=03 t=0081] choose_plan=5 action=1 reward=0.532 info={'t': 82, 'max_steps': 100, 'dominant_type': 'port_scan', 'target_action': 1, 'prev_risk': 0.0, 'risk': 0.0}
[ep=03 t=0082] choose_plan=0 action=1 reward=0.505 info={'t': 83, 'max_steps': 100, 'dominant_type': 'auth_fail', 'target_action': 1, 'prev_risk': 0.0, 'risk': 0.0}
[ep=03 t=0083] choose_plan=1 action=1 reward=0.527 info={'t': 84, 'max_steps': 100, 'dominant_type': 'port_scan', 'target_action': 1, 'prev_risk': 0.0, 'risk': 0.0}
[ep=03 t=0084] choose_plan=4 action=1 reward=0.527 info={'t': 85, 'max_steps': 100, 'dominant_type': 'auth_fail', 'target_action': 1, 'prev_risk': 0.0, 'risk': 0.0}
[ep=03 t=0085] choose_plan=4 action=1 reward=0.018 info={'t': 86, 'max_steps': 100, 'dominant_type': 'proc_spawn', 'target_action': 2, 'prev_risk': 0.0, 'risk': 0.0}
[ep=03 t=0086] choose_plan=3 action=2 reward=-0.215 info={'t': 87, 'max_steps': 100, 'dominant_type': 'port_scan', 'target_action': 1, 'prev_risk': 0.0, 'risk': 0.0}
[ep=03 t=0087] choose_plan=1 action=1 reward=0.425 info={'t': 88, 'max_steps': 100, 'dominant_type': 'port_scan', 'target_action': 1, 'prev_risk': 0.0, 'risk': 0.04172149006518329}
[ep=03 t=0088] choose_plan=4 action=1 reward=0.046 info={'t': 89, 'max_steps': 100, 'dominant_type': 'proc_spawn', 'target_action': 2, 'prev_risk': 0.04172149006518329, 'risk': 0.025153901883910527}
[ep=03 t=0089] choose_plan=2 action=2 reward=-0.050 info={'t': 90, 'max_steps': 100, 'dominant_type': 'auth_fail', 'target_action': 1, 'prev_risk': 0.025153901883910527, 'risk': 0.0}
[ep=03 t=0090] choose_plan=0 action=1 reward=0.476 info={'t': 91, 'max_steps': 100, 'dominant_type': 'port_scan', 'target_action': 1, 'prev_risk': 0.0, 'risk': 0.013076057942075343}
[ep=03 t=0091] choose_plan=3 action=1 reward=0.609 info={'t': 92, 'max_steps': 100, 'dominant_type': 'auth_fail', 'target_action': 1, 'prev_risk': 0.013076057942075343, 'risk': 0.0}
[ep=03 t=0092] choose_plan=4 action=1 reward=0.567 info={'t': 93, 'max_steps': 100, 'dominant_type': 'port_scan', 'target_action': 1, 'prev_risk': 0.0, 'risk': 0.0}
[ep=03 t=0093] choose_plan=5 action=1 reward=0.003 info={'t': 94, 'max_steps': 100, 'dominant_type': 'outbound_conn', 'target_action': 2, 'prev_risk': 0.0, 'risk': 0.0}
[ep=03 t=0094] choose_plan=1 action=2 reward=0.341 info={'t': 95, 'max_steps': 100, 'dominant_type': 'outbound_conn', 'target_action': 2, 'prev_risk': 0.0, 'risk': 0.0}
[ep=03 t=0095] choose_plan=1 action=2 reward=-0.215 info={'t': 96, 'max_steps': 100, 'dominant_type': 'port_scan', 'target_action': 1, 'prev_risk': 0.0, 'risk': 0.0}
[ep=03 t=0096] choose_plan=2 action=1 reward=-0.064 info={'t': 97, 'max_steps': 100, 'dominant_type': 'proc_spawn', 'target_action': 2, 'prev_risk': 0.0, 'risk': 0.03921711990711049}
[ep=03 t=0097] choose_plan=4 action=2 reward=0.527 info={'t': 98, 'max_steps': 100, 'dominant_type': 'outbound_conn', 'target_action': 2, 'prev_risk': 0.03921711990711049, 'risk': 0.0}
[ep=03 t=0098] choose_plan=1 action=2 reward=-0.196 info={'t': 99, 'max_steps': 100, 'dominant_type': 'port_scan', 'target_action': 1, 'prev_risk': 0.0, 'risk': 0.0}
[ep=03 t=0099] choose_plan=0 action=1 reward=0.541 info={'t': 100, 'max_steps': 100, 'dominant_type': 'port_scan', 'target_action': 1, 'prev_risk': 0.0, 'risk': 0.0}
# done at t=99
# episode_summary {"episode": 3, "episode_return": 21.23471080962324, "reward_mean": 0.21234710809623242, "reward_min": -0.21500000000000002, "reward_max": 0.6090085423712783, "steps": 100, "unique_actions": 2, "top5_actions": [[1, 62], [2, 38]]}

# ===== EPISODE 4 =====
[ep=04 t=0000] choose_plan=2 action=2 reward=-0.208 info={'t': 1, 'max_steps': 100, 'dominant_type': 'port_scan', 'target_action': 1, 'prev_risk': 0.2993405967802736, 'risk': 0.20259648937913705}
[ep=04 t=0001] choose_plan=0 action=1 reward=-0.263 info={'t': 2, 'max_steps': 100, 'dominant_type': 'proc_spawn', 'target_action': 2, 'prev_risk': 0.20259648937913705, 'risk': 0.17611789672840442}
[ep=04 t=0002] choose_plan=0 action=2 reward=-0.064 info={'t': 3, 'max_steps': 100, 'dominant_type': 'auth_fail', 'target_action': 1, 'prev_risk': 0.17611789672840442, 'risk': 0.10467363546221851}
[ep=04 t=0003] choose_plan=0 action=1 reward=-0.095 info={'t': 4, 'max_steps': 100, 'dominant_type': 'proc_spawn', 'target_action': 2, 'prev_risk': 0.10467363546221851, 'risk': 0.08401404645659867}
[ep=04 t=0004] choose_plan=1 action=2 reward=0.772 info={'t': 5, 'max_steps': 100, 'dominant_type': 'outbound_conn', 'target_action': 2, 'prev_risk': 0.08401404645659867, 'risk': 0.00040529842791701964}
[ep=04 t=0005] choose_plan=2 action=2 reward=-0.165 info={'t': 6, 'max_steps': 100, 'dominant_type': 'port_scan', 'target_action': 1, 'prev_risk': 0.00040529842791701964, 'risk': 0.0}
[ep=04 t=0006] choose_plan=3 action=1 reward=0.531 info={'t': 7, 'max_steps': 100, 'dominant_type': 'port_scan', 'target_action': 1, 'prev_risk': 0.0, 'risk': 0.0}
[ep=04 t=0007] choose_plan=0 action=1 reward=0.023 info={'t': 8, 'max_steps': 100, 'dominant_type': 'proc_spawn', 'target_action': 2, 'prev_risk': 0.0, 'risk': 0.0}
[ep=04 t=0008] choose_plan=1 action=2 reward=0.309 info={'t': 9, 'max_steps': 100, 'dominant_type': 'proc_spawn', 'target_action': 2, 'prev_risk': 0.0, 'risk': 0.0}
[ep=04 t=0009] choose_plan=5 action=2 reward=0.295 info={'t': 10, 'max_steps': 100, 'dominant_type': 'proc_spawn', 'target_action': 2, 'prev_risk': 0.0, 'risk': 0.0}
[ep=04 t=0010] choose_plan=5 action=2 reward=0.295 info={'t': 11, 'max_steps': 100, 'dominant_type': 'outbound_conn', 'target_action': 2, 'prev_risk': 0.0, 'risk': 0.0}
[ep=04 t=0011] choose_plan=0 action=2 reward=0.344 info={'t': 12, 'max_steps': 100, 'dominant_type': 'proc_spawn', 'target_action': 2, 'prev_risk': 0.0, 'risk': 0.0}
[ep=04 t=0012] choose_plan=2 action=2 reward=-0.164 info={'t': 13, 'max_steps': 100, 'dominant_type': 'port_scan', 'target_action': 1, 'prev_risk': 0.0, 'risk': 0.0}
[ep=04 t=0013] choose_plan=0 action=1 reward=0.534 info={'t': 14, 'max_steps': 100, 'dominant_type': 'auth_fail', 'target_action': 1, 'prev_risk': 0.0, 'risk': 0.0}
[ep=04 t=0014] choose_plan=3 action=1 reward=0.528 info={'t': 15, 'max_steps': 100, 'dominant_type': 'auth_fail', 'target_action': 1, 'prev_risk': 0.0, 'risk': 0.0}
[ep=04 t=0015] choose_plan=2 action=1 reward=0.562 info={'t': 16, 'max_steps': 100, 'dominant_type': 'port_scan', 'target_action': 1, 'prev_risk': 0.0, 'risk': 0.0}
[ep=04 t=0016] choose_plan=5 action=1 reward=-0.005 info={'t': 17, 'max_steps': 100, 'dominant_type': 'outbound_conn', 'target_action': 2, 'prev_risk': 0.0, 'risk': 0.0}
[ep=04 t=0017] choose_plan=2 action=2 reward=-0.195 info={'t': 18, 'max_steps': 100, 'dominant_type': 'auth_fail', 'target_action': 1, 'prev_risk': 0.0, 'risk': 0.0}
[ep=04 t=0018] choose_plan=2 action=1 reward=0.013 info={'t': 19, 'max_steps': 100, 'dominant_type': 'proc_spawn', 'target_action': 2, 'prev_risk': 0.0, 'risk': 0.0}
[ep=04 t=0019] choose_plan=4 action=2 reward=-0.190 info={'t': 20, 'max_steps': 100, 'dominant_type': 'auth_fail', 'target_action': 1, 'prev_risk': 0.0, 'risk': 0.0}
[ep=04 t=0020] choose_plan=5 action=1 reward=0.514 info={'t': 21, 'max_steps': 100, 'dominant_type': 'port_scan', 'target_action': 1, 'prev_risk': 0.0, 'risk': 0.0}
[ep=04 t=0021] choose_plan=3 action=1 reward=0.505 info={'t': 22, 'max_steps': 100, 'dominant_type': 'port_scan', 'target_action': 1, 'prev_risk': 0.0, 'risk': 0.0}
[ep=04 t=0022] choose_plan=2 action=1 reward=0.531 info={'t': 23, 'max_steps': 100, 'dominant_type': 'port_scan', 'target_action': 1, 'prev_risk': 0.0, 'risk': 0.0}
[ep=04 t=0023] choose_plan=0 action=1 reward=0.567 info={'t': 24, 'max_steps': 100, 'dominant_type': 'port_scan', 'target_action': 1, 'prev_risk': 0.0, 'risk': 0.0}
[ep=04 t=0024] choose_plan=4 action=1 reward=0.524 info={'t': 25, 'max_steps': 100, 'dominant_type': 'port_scan', 'target_action': 1, 'prev_risk': 0.0, 'risk': 0.005295185259875525}
[ep=04 t=0025] choose_plan=5 action=1 reward=0.025 info={'t': 26, 'max_steps': 100, 'dominant_type': 'proc_spawn', 'target_action': 2, 'prev_risk': 0.005295185259875525, 'risk': 0.0}
[ep=04 t=0026] choose_plan=4 action=2 reward=-0.189 info={'t': 27, 'max_steps': 100, 'dominant_type': 'port_scan', 'target_action': 1, 'prev_risk': 0.0, 'risk': 0.0}
[ep=04 t=0027] choose_plan=3 action=1 reward=0.041 info={'t': 28, 'max_steps': 100, 'dominant_type': 'outbound_conn', 'target_action': 2, 'prev_risk': 0.0, 'risk': 0.0}
[ep=04 t=0028] choose_plan=4 action=2 reward=0.300 info={'t': 29, 'max_steps': 100, 'dominant_type': 'outbound_conn', 'target_action': 2, 'prev_risk': 0.0, 'risk': 0.0}
[ep=04 t=0029] choose_plan=1 action=2 reward=-0.215 info={'t': 30, 'max_steps': 100, 'dominant_type': 'auth_fail', 'target_action': 1, 'prev_risk': 0.0, 'risk': 0.0}
[ep=04 t=0030] choose_plan=1 action=1 reward=0.012 info={'t': 31, 'max_steps': 100, 'dominant_type': 'outbound_conn', 'target_action': 2, 'prev_risk': 0.0, 'risk': 0.0}
[ep=04 t=0031] choose_plan=3 action=2 reward=0.314 info={'t': 32, 'max_steps': 100, 'dominant_type': 'proc_spawn', 'target_action': 2, 'prev_risk': 0.0, 'risk': 0.0}
[ep=04 t=0032] choose_plan=0 action=2 reward=0.295 info={'t': 33, 'max_steps': 100, 'dominant_type': 'proc_spawn', 'target_action': 2, 'prev_risk': 0.0, 'risk': 0.0}
[ep=04 t=0033] choose_plan=0 action=2 reward=-0.215 info={'t': 34, 'max_steps': 100, 'dominant_type': 'auth_fail', 'target_action': 1, 'prev_risk': 0.0, 'risk': 0.0}
[ep=04 t=0034] choose_plan=2 action=1 reward=-0.005 info={'t': 35, 'max_steps': 100, 'dominant_type': 'outbound_conn', 'target_action': 2, 'prev_risk': 0.0, 'risk': 0.0}
[ep=04 t=0035] choose_plan=5 action=2 reward=-0.187 info={'t': 36, 'max_steps': 100, 'dominant_type': 'auth_fail', 'target_action': 1, 'prev_risk': 0.0, 'risk': 0.0}
[ep=04 t=0036] choose_plan=4 action=1 reward=0.537 info={'t': 37, 'max_steps': 100, 'dominant_type': 'port_scan', 'target_action': 1, 'prev_risk': 0.0, 'risk': 0.0}
[ep=04 t=0037] choose_plan=4 action=1 reward=-0.005 info={'t': 38, 'max_steps': 100, 'dominant_type': 'proc_spawn', 'target_action': 2, 'prev_risk': 0.0, 'risk': 0.0}
[ep=04 t=0038] choose_plan=0 action=2 reward=-0.215 info={'t': 39, 'max_steps': 100, 'dominant_type': 'port_scan', 'target_action': 1, 'prev_risk': 0.0, 'risk': 0.0}
[ep=04 t=0039] choose_plan=1 action=1 reward=0.505 info={'t': 40, 'max_steps': 100, 'dominant_type': 'port_scan', 'target_action': 1, 'prev_risk': 0.0, 'risk': 0.0}
[ep=04 t=0040] choose_plan=5 action=1 reward=0.005 info={'t': 41, 'max_steps': 100, 'dominant_type': 'proc_spawn', 'target_action': 2, 'prev_risk': 0.0, 'risk': 0.0}
[ep=04 t=0041] choose_plan=4 action=2 reward=0.309 info={'t': 42, 'max_steps': 100, 'dominant_type': 'outbound_conn', 'target_action': 2, 'prev_risk': 0.0, 'risk': 0.0}
[ep=04 t=0042] choose_plan=2 action=2 reward=-0.215 info={'t': 43, 'max_steps': 100, 'dominant_type': 'port_scan', 'target_action': 1, 'prev_risk': 0.0, 'risk': 0.0}
[ep=04 t=0043] choose_plan=0 action=1 reward=-0.005 info={'t': 44, 'max_steps': 100, 'dominant_type': 'outbound_conn', 'target_action': 2, 'prev_risk': 0.0, 'risk': 0.0}
[ep=04 t=0044] choose_plan=4 action=2 reward=0.311 info={'t': 45, 'max_steps': 100, 'dominant_type': 'outbound_conn', 'target_action': 2, 'prev_risk': 0.0, 'risk': 0.0}
[ep=04 t=0045] choose_plan=4 action=2 reward=0.295 info={'t': 46, 'max_steps': 100, 'dominant_type': 'proc_spawn', 'target_action': 2, 'prev_risk': 0.0, 'risk': 0.0}
[ep=04 t=0046] choose_plan=3 action=2 reward=-0.215 info={'t': 47, 'max_steps': 100, 'dominant_type': 'port_scan', 'target_action': 1, 'prev_risk': 0.0, 'risk': 0.0}
[ep=04 t=0047] choose_plan=3 action=1 reward=0.505 info={'t': 48, 'max_steps': 100, 'dominant_type': 'port_scan', 'target_action': 1, 'prev_risk': 0.0, 'risk': 0.0}
[ep=04 t=0048] choose_plan=3 action=1 reward=0.513 info={'t': 49, 'max_steps': 100, 'dominant_type': 'auth_fail', 'target_action': 1, 'prev_risk': 0.0, 'risk': 0.0}
[ep=04 t=0049] choose_plan=5 action=1 reward=0.062 info={'t': 50, 'max_steps': 100, 'dominant_type': 'proc_spawn', 'target_action': 2, 'prev_risk': 0.0, 'risk': 0.0}
[ep=04 t=0050] choose_plan=2 action=2 reward=-0.166 info={'t': 51, 'max_steps': 100, 'dominant_type': 'auth_fail', 'target_action': 1, 'prev_risk': 0.0, 'risk': 0.0}
[ep=04 t=0051] choose_plan=1 action=1 reward=0.505 info={'t': 52, 'max_steps': 100, 'dominant_type': 'port_scan', 'target_action': 1, 'prev_risk': 0.0, 'risk': 0.0}
[ep=04 t=0052] choose_plan=3 action=1 reward=0.525 info={'t': 53, 'max_steps': 100, 'dominant_type': 'auth_fail', 'target_action': 1, 'prev_risk': 0.0, 'risk': 0.0}
[ep=04 t=0053] choose_plan=3 action=1 reward=0.528 info={'t': 54, 'max_steps': 100, 'dominant_type': 'auth_fail', 'target_action': 1, 'prev_risk': 0.0, 'risk': 0.0}
[ep=04 t=0054] choose_plan=1 action=1 reward=0.545 info={'t': 55, 'max_steps': 100, 'dominant_type': 'auth_fail', 'target_action': 1, 'prev_risk': 0.0, 'risk': 0.0}
[ep=04 t=0055] choose_plan=1 action=1 reward=0.459 info={'t': 56, 'max_steps': 100, 'dominant_type': 'auth_fail', 'target_action': 1, 'prev_risk': 0.0, 'risk': 0.020193947396782597}
[ep=04 t=0056] choose_plan=1 action=1 reward=0.618 info={'t': 57, 'max_steps': 100, 'dominant_type': 'port_scan', 'target_action': 1, 'prev_risk': 0.020193947396782597, 'risk': 0.0}
[ep=04 t=0057] choose_plan=3 action=1 reward=0.531 info={'t': 58, 'max_steps': 100, 'dominant_type': 'port_scan', 'target_action': 1, 'prev_risk': 0.0, 'risk': 0.0}
[ep=04 t=0058] choose_plan=3 action=1 reward=0.509 info={'t': 59, 'max_steps': 100, 'dominant_type': 'auth_fail', 'target_action': 1, 'prev_risk': 0.0, 'risk': 0.0}
[ep=04 t=0059] choose_plan=0 action=1 reward=-0.005 info={'t': 60, 'max_steps': 100, 'dominant_type': 'proc_spawn', 'target_action': 2, 'prev_risk': 0.0, 'risk': 0.0}
[ep=04 t=0060] choose_plan=1 action=2 reward=0.337 info={'t': 61, 'max_steps': 100, 'dominant_type': 'proc_spawn', 'target_action': 2, 'prev_risk': 0.0, 'risk': 0.0}
[ep=04 t=0061] choose_plan=1 action=2 reward=-0.178 info={'t': 62, 'max_steps': 100, 'dominant_type': 'port_scan', 'target_action': 1, 'prev_risk': 0.0, 'risk': 0.0}
[ep=04 t=0062] choose_plan=2 action=1 reward=-0.005 info={'t': 63, 'max_steps': 100, 'dominant_type': 'proc_spawn', 'target_action': 2, 'prev_risk': 0.0, 'risk': 0.0}
[ep=04 t=0063] choose_plan=1 action=2 reward=0.295 info={'t': 64, 'max_steps': 100, 'dominant_type': 'outbound_conn', 'target_action': 2, 'prev_risk': 0.0, 'risk': 0.0}
[ep=04 t=0064] choose_plan=0 action=2 reward=0.352 info={'t': 65, 'max_steps': 100, 'dominant_type': 'proc_spawn', 'target_action': 2, 'prev_risk': 0.0, 'risk': 0.0}
[ep=04 t=0065] choose_plan=4 action=2 reward=0.295 info={'t': 66, 'max_steps': 100, 'dominant_type': 'proc_spawn', 'target_action': 2, 'prev_risk': 0.0, 'risk': 0.0}
[ep=04 t=0066] choose_plan=1 action=2 reward=-0.166 info={'t': 67, 'max_steps': 100, 'dominant_type': 'port_scan', 'target_action': 1, 'prev_risk': 0.0, 'risk': 0.0}
[ep=04 t=0067] choose_plan=3 action=1 reward=0.030 info={'t': 68, 'max_steps': 100, 'dominant_type': 'proc_spawn', 'target_action': 2, 'prev_risk': 0.0, 'risk': 0.0}
[ep=04 t=0068] choose_plan=2 action=2 reward=-0.192 info={'t': 69, 'max_steps': 100, 'dominant_type': 'port_scan', 'target_action': 1, 'prev_risk': 0.0, 'risk': 0.0}
[ep=04 t=0069] choose_plan=5 action=1 reward=-0.005 info={'t': 70, 'max_steps': 100, 'dominant_type': 'proc_spawn', 'target_action': 2, 'prev_risk': 0.0, 'risk': 0.0}
[ep=04 t=0070] choose_plan=4 action=2 reward=0.330 info={'t': 71, 'max_steps': 100, 'dominant_type': 'proc_spawn', 'target_action': 2, 'prev_risk': 0.0, 'risk': 0.0}
[ep=04 t=0071] choose_plan=4 action=2 reward=-0.178 info={'t': 72, 'max_steps': 100, 'dominant_type': 'port_scan', 'target_action': 1, 'prev_risk': 0.0, 'risk': 0.0}
[ep=04 t=0072] choose_plan=0 action=1 reward=0.505 info={'t': 73, 'max_steps': 100, 'dominant_type': 'port_scan', 'target_action': 1, 'prev_risk': 0.0, 'risk': 0.0}
[ep=04 t=0073] choose_plan=5 action=1 reward=-0.005 info={'t': 74, 'max_steps': 100, 'dominant_type': 'outbound_conn', 'target_action': 2, 'prev_risk': 0.0, 'risk': 0.0}
[ep=04 t=0074] choose_plan=0 action=2 reward=0.315 info={'t': 75, 'max_steps': 100, 'dominant_type': 'proc_spawn', 'target_action': 2, 'prev_risk': 0.0, 'risk': 0.0}
[ep=04 t=0075] choose_plan=0 action=2 reward=-0.173 info={'t': 76, 'max_steps': 100, 'dominant_type': 'auth_fail', 'target_action': 1, 'prev_risk': 0.0, 'risk': 0.0}
[ep=04 t=0076] choose_plan=0 action=1 reward=0.004 info={'t': 77, 'max_steps': 100, 'dominant_type': 'proc_spawn', 'target_action': 2, 'prev_risk': 0.0, 'risk': 0.0}
[ep=04 t=0077] choose_plan=2 action=2 reward=0.295 info={'t': 78, 'max_steps': 100, 'dominant_type': 'outbound_conn', 'target_action': 2, 'prev_risk': 0.0, 'risk': 0.0}
[ep=04 t=0078] choose_plan=0 action=2 reward=0.295 info={'t': 79, 'max_steps': 100, 'dominant_type': 'outbound_conn', 'target_action': 2, 'prev_risk': 0.0, 'risk': 0.0}
[ep=04 t=0079] choose_plan=5 action=2 reward=0.301 info={'t': 80, 'max_steps': 100, 'dominant_type': 'proc_spawn', 'target_action': 2, 'prev_risk': 0.0, 'risk': 0.0}
[ep=04 t=0080] choose_plan=4 action=2 reward=-0.215 info={'t': 81, 'max_steps': 100, 'dominant_type': 'port_scan', 'target_action': 1, 'prev_risk': 0.0, 'risk': 0.0}
[ep=04 t=0081] choose_plan=4 action=1 reward=0.576 info={'t': 82, 'max_steps': 100, 'dominant_type': 'port_scan', 'target_action': 1, 'prev_risk': 0.0, 'risk': 0.0}
[ep=04 t=0082] choose_plan=2 action=1 reward=0.050 info={'t': 83, 'max_steps': 100, 'dominant_type': 'proc_spawn', 'target_action': 2, 'prev_risk': 0.0, 'risk': 0.0}
[ep=04 t=0083] choose_plan=4 action=2 reward=-0.215 info={'t': 84, 'max_steps': 100, 'dominant_type': 'port_scan', 'target_action': 1, 'prev_risk': 0.0, 'risk': 0.0}
[ep=04 t=0084] choose_plan=2 action=1 reward=0.545 info={'t': 85, 'max_steps': 100, 'dominant_type': 'port_scan', 'target_action': 1, 'prev_risk': 0.0, 'risk': 0.0}
[ep=04 t=0085] choose_plan=0 action=1 reward=0.517 info={'t': 86, 'max_steps': 100, 'dominant_type': 'port_scan', 'target_action': 1, 'prev_risk': 0.0, 'risk': 0.0}
[ep=04 t=0086] choose_plan=2 action=1 reward=0.526 info={'t': 87, 'max_steps': 100, 'dominant_type': 'port_scan', 'target_action': 1, 'prev_risk': 0.0, 'risk': 0.0}
[ep=04 t=0087] choose_plan=0 action=1 reward=-0.078 info={'t': 88, 'max_steps': 100, 'dominant_type': 'proc_spawn', 'target_action': 2, 'prev_risk': 0.0, 'risk': 0.04331870723779724}
[ep=04 t=0088] choose_plan=1 action=2 reward=0.037 info={'t': 89, 'max_steps': 100, 'dominant_type': 'auth_fail', 'target_action': 1, 'prev_risk': 0.04331870723779724, 'risk': 0.0}
[ep=04 t=0089] choose_plan=3 action=1 reward=0.505 info={'t': 90, 'max_steps': 100, 'dominant_type': 'port_scan', 'target_action': 1, 'prev_risk': 0.0, 'risk': 0.0}
[ep=04 t=0090] choose_plan=0 action=1 reward=0.523 info={'t': 91, 'max_steps': 100, 'dominant_type': 'port_scan', 'target_action': 1, 'prev_risk': 0.0, 'risk': 0.0}
[ep=04 t=0091] choose_plan=4 action=1 reward=0.035 info={'t': 92, 'max_steps': 100, 'dominant_type': 'proc_spawn', 'target_action': 2, 'prev_risk': 0.0, 'risk': 0.0}
[ep=04 t=0092] choose_plan=3 action=2 reward=0.295 info={'t': 93, 'max_steps': 100, 'dominant_type': 'proc_spawn', 'target_action': 2, 'prev_risk': 0.0, 'risk': 0.0}
[ep=04 t=0093] choose_plan=3 action=2 reward=0.345 info={'t': 94, 'max_steps': 100, 'dominant_type': 'outbound_conn', 'target_action': 2, 'prev_risk': 0.0, 'risk': 0.0}
[ep=04 t=0094] choose_plan=4 action=2 reward=0.303 info={'t': 95, 'max_steps': 100, 'dominant_type': 'proc_spawn', 'target_action': 2, 'prev_risk': 0.0, 'risk': 0.0}
[ep=04 t=0095] choose_plan=0 action=2 reward=0.333 info={'t': 96, 'max_steps': 100, 'dominant_type': 'proc_spawn', 'target_action': 2, 'prev_risk': 0.0, 'risk': 0.0}
[ep=04 t=0096] choose_plan=3 action=2 reward=0.299 info={'t': 97, 'max_steps': 100, 'dominant_type': 'outbound_conn', 'target_action': 2, 'prev_risk': 0.0, 'risk': 0.0}
[ep=04 t=0097] choose_plan=5 action=2 reward=0.318 info={'t': 98, 'max_steps': 100, 'dominant_type': 'outbound_conn', 'target_action': 2, 'prev_risk': 0.0, 'risk': 0.0}
[ep=04 t=0098] choose_plan=3 action=2 reward=-0.179 info={'t': 99, 'max_steps': 100, 'dominant_type': 'auth_fail', 'target_action': 1, 'prev_risk': 0.0, 'risk': 0.0}
[ep=04 t=0099] choose_plan=4 action=1 reward=-0.058 info={'t': 100, 'max_steps': 100, 'dominant_type': 'outbound_conn', 'target_action': 2, 'prev_risk': 0.0, 'risk': 0.025628762328252487}
# done at t=99
# episode_summary {"episode": 4, "episode_return": 19.026053413071775, "reward_mean": 0.19026053413071775, "reward_min": -0.2633543414774519, "reward_max": 0.7724002108331544, "steps": 100, "unique_actions": 2, "top5_actions": [[1, 51], [2, 49]]}

# ===== EPISODE 5 =====
[ep=05 t=0000] choose_plan=0 action=2 reward=-0.003 info={'t': 1, 'max_steps': 100, 'dominant_type': 'auth_fail', 'target_action': 1, 'prev_risk': 0.28443986342179484, 'risk': 0.16936422630054324}
[ep=05 t=0001] choose_plan=0 action=1 reward=0.336 info={'t': 2, 'max_steps': 100, 'dominant_type': 'port_scan', 'target_action': 1, 'prev_risk': 0.16936422630054324, 'risk': 0.1396528619884469}
[ep=05 t=0002] choose_plan=1 action=1 reward=0.424 info={'t': 3, 'max_steps': 100, 'dominant_type': 'auth_fail', 'target_action': 1, 'prev_risk': 0.1396528619884469, 'risk': 0.10495545802949757}
[ep=05 t=0003] choose_plan=2 action=1 reward=-0.066 info={'t': 4, 'max_steps': 100, 'dominant_type': 'proc_spawn', 'target_action': 2, 'prev_risk': 0.10495545802949757, 'risk': 0.07958020855494004}
[ep=05 t=0004] choose_plan=2 action=2 reward=0.237 info={'t': 5, 'max_steps': 100, 'dominant_type': 'port_scan', 'target_action': 1, 'prev_risk': 0.07958020855494004, 'risk': 0.0}
[ep=05 t=0005] choose_plan=1 action=1 reward=0.491 info={'t': 6, 'max_steps': 100, 'dominant_type': 'auth_fail', 'target_action': 1, 'prev_risk': 0.0, 'risk': 0.023494996799644223}
[ep=05 t=0006] choose_plan=4 action=1 reward=0.220 info={'t': 7, 'max_steps': 100, 'dominant_type': 'outbound_conn', 'target_action': 2, 'prev_risk': 0.023494996799644223, 'risk': 0.0}
[ep=05 t=0007] choose_plan=1 action=2 reward=-0.215 info={'t': 8, 'max_steps': 100, 'dominant_type': 'auth_fail', 'target_action': 1, 'prev_risk': 0.0, 'risk': 0.0}
[ep=05 t=0008] choose_plan=5 action=1 reward=0.544 info={'t': 9, 'max_steps': 100, 'dominant_type': 'auth_fail', 'target_action': 1, 'prev_risk': 0.0, 'risk': 0.0}
[ep=05 t=0009] choose_plan=5 action=1 reward=-0.074 info={'t': 10, 'max_steps': 100, 'dominant_type': 'outbound_conn', 'target_action': 2, 'prev_risk': 0.0, 'risk': 0.030190562512602}
[ep=05 t=0010] choose_plan=4 action=2 reward=0.476 info={'t': 11, 'max_steps': 100, 'dominant_type': 'outbound_conn', 'target_action': 2, 'prev_risk': 0.030190562512602, 'risk': 0.0}
[ep=05 t=0011] choose_plan=2 action=2 reward=0.306 info={'t': 12, 'max_steps': 100, 'dominant_type': 'proc_spawn', 'target_action': 2, 'prev_risk': 0.0, 'risk': 0.0}
[ep=05 t=0012] choose_plan=3 action=2 reward=-0.215 info={'t': 13, 'max_steps': 100, 'dominant_type': 'auth_fail', 'target_action': 1, 'prev_risk': 0.0, 'risk': 0.0}
[ep=05 t=0013] choose_plan=0 action=1 reward=0.045 info={'t': 14, 'max_steps': 100, 'dominant_type': 'proc_spawn', 'target_action': 2, 'prev_risk': 0.0, 'risk': 0.0}
[ep=05 t=0014] choose_plan=3 action=2 reward=-0.204 info={'t': 15, 'max_steps': 100, 'dominant_type': 'port_scan', 'target_action': 1, 'prev_risk': 0.0, 'risk': 0.0}
[ep=05 t=0015] choose_plan=2 action=1 reward=-0.019 info={'t': 16, 'max_steps': 100, 'dominant_type': 'proc_spawn', 'target_action': 2, 'prev_risk': 0.0, 'risk': 0.012393448556067}
[ep=05 t=0016] choose_plan=0 action=2 reward=0.365 info={'t': 17, 'max_steps': 100, 'dominant_type': 'outbound_conn', 'target_action': 2, 'prev_risk': 0.012393448556067, 'risk': 0.0}
[ep=05 t=0017] choose_plan=2 action=2 reward=0.319 info={'t': 18, 'max_steps': 100, 'dominant_type': 'proc_spawn', 'target_action': 2, 'prev_risk': 0.0, 'risk': 0.0}
[ep=05 t=0018] choose_plan=3 action=2 reward=0.345 info={'t': 19, 'max_steps': 100, 'dominant_type': 'outbound_conn', 'target_action': 2, 'prev_risk': 0.0, 'risk': 0.0}
[ep=05 t=0019] choose_plan=3 action=2 reward=-0.181 info={'t': 20, 'max_steps': 100, 'dominant_type': 'auth_fail', 'target_action': 1, 'prev_risk': 0.0, 'risk': 0.0}
[ep=05 t=0020] choose_plan=5 action=1 reward=0.002 info={'t': 21, 'max_steps': 100, 'dominant_type': 'proc_spawn', 'target_action': 2, 'prev_risk': 0.0, 'risk': 0.0}
[ep=05 t=0021] choose_plan=2 action=2 reward=-0.176 info={'t': 22, 'max_steps': 100, 'dominant_type': 'auth_fail', 'target_action': 1, 'prev_risk': 0.0, 'risk': 0.0}
[ep=05 t=0022] choose_plan=3 action=1 reward=0.527 info={'t': 23, 'max_steps': 100, 'dominant_type': 'port_scan', 'target_action': 1, 'prev_risk': 0.0, 'risk': 0.0}
[ep=05 t=0023] choose_plan=1 action=1 reward=-0.084 info={'t': 24, 'max_steps': 100, 'dominant_type': 'outbound_conn', 'target_action': 2, 'prev_risk': 0.0, 'risk': 0.0545027527414144}
[ep=05 t=0024] choose_plan=5 action=2 reward=0.142 info={'t': 25, 'max_steps': 100, 'dominant_type': 'auth_fail', 'target_action': 1, 'prev_risk': 0.0545027527414144, 'risk': 0.0}
[ep=05 t=0025] choose_plan=5 action=1 reward=0.530 info={'t': 26, 'max_steps': 100, 'dominant_type': 'auth_fail', 'target_action': 1, 'prev_risk': 0.0, 'risk': 0.0}
[ep=05 t=0026] choose_plan=0 action=1 reward=-0.087 info={'t': 27, 'max_steps': 100, 'dominant_type': 'outbound_conn', 'target_action': 2, 'prev_risk': 0.0, 'risk': 0.042005227477200036}
[ep=05 t=0027] choose_plan=0 action=2 reward=0.035 info={'t': 28, 'max_steps': 100, 'dominant_type': 'port_scan', 'target_action': 1, 'prev_risk': 0.042005227477200036, 'risk': 0.0}
[ep=05 t=0028] choose_plan=1 action=1 reward=0.525 info={'t': 29, 'max_steps': 100, 'dominant_type': 'port_scan', 'target_action': 1, 'prev_risk': 0.0, 'risk': 0.0}
[ep=05 t=0029] choose_plan=5 action=1 reward=-0.005 info={'t': 30, 'max_steps': 100, 'dominant_type': 'outbound_conn', 'target_action': 2, 'prev_risk': 0.0, 'risk': 0.0}
[ep=05 t=0030] choose_plan=4 action=2 reward=0.316 info={'t': 31, 'max_steps': 100, 'dominant_type': 'proc_spawn', 'target_action': 2, 'prev_risk': 0.0, 'risk': 0.0}
[ep=05 t=0031] choose_plan=3 action=2 reward=-0.188 info={'t': 32, 'max_steps': 100, 'dominant_type': 'port_scan', 'target_action': 1, 'prev_risk': 0.0, 'risk': 0.0}
[ep=05 t=0032] choose_plan=1 action=1 reward=-0.010 info={'t': 33, 'max_steps': 100, 'dominant_type': 'proc_spawn', 'target_action': 2, 'prev_risk': 0.0, 'risk': 0.0031789851634079908}
[ep=05 t=0033] choose_plan=0 action=2 reward=0.315 info={'t': 34, 'max_steps': 100, 'dominant_type': 'outbound_conn', 'target_action': 2, 'prev_risk': 0.0031789851634079908, 'risk': 0.0}
[ep=05 t=0034] choose_plan=5 action=2 reward=-0.193 info={'t': 35, 'max_steps': 100, 'dominant_type': 'port_scan', 'target_action': 1, 'prev_risk': 0.0, 'risk': 0.0}
[ep=05 t=0035] choose_plan=2 action=1 reward=0.519 info={'t': 36, 'max_steps': 100, 'dominant_type': 'auth_fail', 'target_action': 1, 'prev_risk': 0.0, 'risk': 0.0}
[ep=05 t=0036] choose_plan=5 action=1 reward=0.553 info={'t': 37, 'max_steps': 100, 'dominant_type': 'port_scan', 'target_action': 1, 'prev_risk': 0.0, 'risk': 0.0}
[ep=05 t=0037] choose_plan=3 action=1 reward=-0.069 info={'t': 38, 'max_steps': 100, 'dominant_type': 'outbound_conn', 'target_action': 2, 'prev_risk': 0.0, 'risk': 0.027606158123574427}
[ep=05 t=0038] choose_plan=1 action=2 reward=-0.060 info={'t': 39, 'max_steps': 100, 'dominant_type': 'port_scan', 'target_action': 1, 'prev_risk': 0.027606158123574427, 'risk': 0.0}
[ep=05 t=0039] choose_plan=5 action=1 reward=0.505 info={'t': 40, 'max_steps': 100, 'dominant_type': 'auth_fail', 'target_action': 1, 'prev_risk': 0.0, 'risk': 0.0}
[ep=05 t=0040] choose_plan=3 action=1 reward=0.017 info={'t': 41, 'max_steps': 100, 'dominant_type': 'proc_spawn', 'target_action': 2, 'prev_risk': 0.0, 'risk': 0.0}
[ep=05 t=0041] choose_plan=2 action=2 reward=-0.176 info={'t': 42, 'max_steps': 100, 'dominant_type': 'port_scan', 'target_action': 1, 'prev_risk': 0.0, 'risk': 0.0}
[ep=05 t=0042] choose_plan=2 action=1 reward=0.511 info={'t': 43, 'max_steps': 100, 'dominant_type': 'auth_fail', 'target_action': 1, 'prev_risk': 0.0, 'risk': 0.0}
[ep=05 t=0043] choose_plan=2 action=1 reward=0.534 info={'t': 44, 'max_steps': 100, 'dominant_type': 'port_scan', 'target_action': 1, 'prev_risk': 0.0, 'risk': 0.0}
[ep=05 t=0044] choose_plan=4 action=1 reward=0.563 info={'t': 45, 'max_steps': 100, 'dominant_type': 'port_scan', 'target_action': 1, 'prev_risk': 0.0, 'risk': 0.0}
[ep=05 t=0045] choose_plan=1 action=1 reward=0.037 info={'t': 46, 'max_steps': 100, 'dominant_type': 'outbound_conn', 'target_action': 2, 'prev_risk': 0.0, 'risk': 0.0}
[ep=05 t=0046] choose_plan=0 action=2 reward=-0.215 info={'t': 47, 'max_steps': 100, 'dominant_type': 'port_scan', 'target_action': 1, 'prev_risk': 0.0, 'risk': 0.0}
[ep=05 t=0047] choose_plan=4 action=1 reward=-0.001 info={'t': 48, 'max_steps': 100, 'dominant_type': 'proc_spawn', 'target_action': 2, 'prev_risk': 0.0, 'risk': 0.0}
[ep=05 t=0048] choose_plan=5 action=2 reward=0.295 info={'t': 49, 'max_steps': 100, 'dominant_type': 'outbound_conn', 'target_action': 2, 'prev_risk': 0.0, 'risk': 0.0}
[ep=05 t=0049] choose_plan=0 action=2 reward=0.295 info={'t': 50, 'max_steps': 100, 'dominant_type': 'outbound_conn', 'target_action': 2, 'prev_risk': 0.0, 'risk': 0.0}
[ep=05 t=0050] choose_plan=5 action=2 reward=0.295 info={'t': 51, 'max_steps': 100, 'dominant_type': 'outbound_conn', 'target_action': 2, 'prev_risk': 0.0, 'risk': 0.0}
[ep=05 t=0051] choose_plan=3 action=2 reward=0.338 info={'t': 52, 'max_steps': 100, 'dominant_type': 'outbound_conn', 'target_action': 2, 'prev_risk': 0.0, 'risk': 0.0}
[ep=05 t=0052] choose_plan=4 action=2 reward=0.315 info={'t': 53, 'max_steps': 100, 'dominant_type': 'outbound_conn', 'target_action': 2, 'prev_risk': 0.0, 'risk': 0.0}
[ep=05 t=0053] choose_plan=4 action=2 reward=-0.198 info={'t': 54, 'max_steps': 100, 'dominant_type': 'auth_fail', 'target_action': 1, 'prev_risk': 0.0, 'risk': 0.0}
[ep=05 t=0054] choose_plan=1 action=1 reward=0.509 info={'t': 55, 'max_steps': 100, 'dominant_type': 'auth_fail', 'target_action': 1, 'prev_risk': 0.0, 'risk': 0.0}
[ep=05 t=0055] choose_plan=3 action=1 reward=0.532 info={'t': 56, 'max_steps': 100, 'dominant_type': 'port_scan', 'target_action': 1, 'prev_risk': 0.0, 'risk': 0.0}
[ep=05 t=0056] choose_plan=3 action=1 reward=0.006 info={'t': 57, 'max_steps': 100, 'dominant_type': 'proc_spawn', 'target_action': 2, 'prev_risk': 0.0, 'risk': 0.0}
[ep=05 t=0057] choose_plan=0 action=2 reward=0.295 info={'t': 58, 'max_steps': 100, 'dominant_type': 'proc_spawn', 'target_action': 2, 'prev_risk': 0.0, 'risk': 0.0}
[ep=05 t=0058] choose_plan=0 action=2 reward=-0.195 info={'t': 59, 'max_steps': 100, 'dominant_type': 'port_scan', 'target_action': 1, 'prev_risk': 0.0, 'risk': 0.0}
[ep=05 t=0059] choose_plan=4 action=1 reward=-0.090 info={'t': 60, 'max_steps': 100, 'dominant_type': 'outbound_conn', 'target_action': 2, 'prev_risk': 0.0, 'risk': 0.038040874882612645}
[ep=05 t=0060] choose_plan=4 action=2 reward=0.410 info={'t': 61, 'max_steps': 100, 'dominant_type': 'outbound_conn', 'target_action': 2, 'prev_risk': 0.038040874882612645, 'risk': 0.011574014846706296}
[ep=05 t=0061] choose_plan=0 action=2 reward=-0.104 info={'t': 62, 'max_steps': 100, 'dominant_type': 'auth_fail', 'target_action': 1, 'prev_risk': 0.011574014846706296, 'risk': 0.0}
[ep=05 t=0062] choose_plan=0 action=1 reward=-0.060 info={'t': 63, 'max_steps': 100, 'dominant_type': 'proc_spawn', 'target_action': 2, 'prev_risk': 0.0, 'risk': 0.019044146803085756}
[ep=05 t=0063] choose_plan=4 action=2 reward=-0.108 info={'t': 64, 'max_steps': 100, 'dominant_type': 'port_scan', 'target_action': 1, 'prev_risk': 0.019044146803085756, 'risk': 0.0}
[ep=05 t=0064] choose_plan=5 action=1 reward=0.505 info={'t': 65, 'max_steps': 100, 'dominant_type': 'port_scan', 'target_action': 1, 'prev_risk': 0.0, 'risk': 0.0}
[ep=05 t=0065] choose_plan=1 action=1 reward=0.505 info={'t': 66, 'max_steps': 100, 'dominant_type': 'port_scan', 'target_action': 1, 'prev_risk': 0.0, 'risk': 0.0}
[ep=05 t=0066] choose_plan=2 action=1 reward=-0.005 info={'t': 67, 'max_steps': 100, 'dominant_type': 'proc_spawn', 'target_action': 2, 'prev_risk': 0.0, 'risk': 0.0}
[ep=05 t=0067] choose_plan=0 action=2 reward=0.333 info={'t': 68, 'max_steps': 100, 'dominant_type': 'outbound_conn', 'target_action': 2, 'prev_risk': 0.0, 'risk': 0.0}
[ep=05 t=0068] choose_plan=1 action=2 reward=0.331 info={'t': 69, 'max_steps': 100, 'dominant_type': 'proc_spawn', 'target_action': 2, 'prev_risk': 0.0, 'risk': 0.0}
[ep=05 t=0069] choose_plan=4 action=2 reward=-0.197 info={'t': 70, 'max_steps': 100, 'dominant_type': 'auth_fail', 'target_action': 1, 'prev_risk': 0.0, 'risk': 0.0}
[ep=05 t=0070] choose_plan=2 action=1 reward=0.549 info={'t': 71, 'max_steps': 100, 'dominant_type': 'auth_fail', 'target_action': 1, 'prev_risk': 0.0, 'risk': 0.0}
[ep=05 t=0071] choose_plan=4 action=1 reward=-0.005 info={'t': 72, 'max_steps': 100, 'dominant_type': 'outbound_conn', 'target_action': 2, 'prev_risk': 0.0, 'risk': 0.0}
[ep=05 t=0072] choose_plan=5 action=2 reward=0.295 info={'t': 73, 'max_steps': 100, 'dominant_type': 'proc_spawn', 'target_action': 2, 'prev_risk': 0.0, 'risk': 0.0}
[ep=05 t=0073] choose_plan=0 action=2 reward=0.346 info={'t': 74, 'max_steps': 100, 'dominant_type': 'outbound_conn', 'target_action': 2, 'prev_risk': 0.0, 'risk': 0.0}
[ep=05 t=0074] choose_plan=4 action=2 reward=0.327 info={'t': 75, 'max_steps': 100, 'dominant_type': 'proc_spawn', 'target_action': 2, 'prev_risk': 0.0, 'risk': 0.0}
[ep=05 t=0075] choose_plan=3 action=2 reward=0.327 info={'t': 76, 'max_steps': 100, 'dominant_type': 'proc_spawn', 'target_action': 2, 'prev_risk': 0.0, 'risk': 0.0}
[ep=05 t=0076] choose_plan=2 action=2 reward=-0.184 info={'t': 77, 'max_steps': 100, 'dominant_type': 'auth_fail', 'target_action': 1, 'prev_risk': 0.0, 'risk': 0.0}
[ep=05 t=0077] choose_plan=1 action=1 reward=0.529 info={'t': 78, 'max_steps': 100, 'dominant_type': 'port_scan', 'target_action': 1, 'prev_risk': 0.0, 'risk': 0.0}
[ep=05 t=0078] choose_plan=1 action=1 reward=0.004 info={'t': 79, 'max_steps': 100, 'dominant_type': 'proc_spawn', 'target_action': 2, 'prev_risk': 0.0, 'risk': 0.0}
[ep=05 t=0079] choose_plan=0 action=2 reward=-0.215 info={'t': 80, 'max_steps': 100, 'dominant_type': 'port_scan', 'target_action': 1, 'prev_risk': 0.0, 'risk': 0.0}
[ep=05 t=0080] choose_plan=5 action=1 reward=0.034 info={'t': 81, 'max_steps': 100, 'dominant_type': 'proc_spawn', 'target_action': 2, 'prev_risk': 0.0, 'risk': 0.0}
[ep=05 t=0081] choose_plan=2 action=2 reward=0.295 info={'t': 82, 'max_steps': 100, 'dominant_type': 'outbound_conn', 'target_action': 2, 'prev_risk': 0.0, 'risk': 0.0}
[ep=05 t=0082] choose_plan=0 action=2 reward=0.295 info={'t': 83, 'max_steps': 100, 'dominant_type': 'proc_spawn', 'target_action': 2, 'prev_risk': 0.0, 'risk': 0.0}
[ep=05 t=0083] choose_plan=5 action=2 reward=-0.211 info={'t': 84, 'max_steps': 100, 'dominant_type': 'auth_fail', 'target_action': 1, 'prev_risk': 0.0, 'risk': 0.0}
[ep=05 t=0084] choose_plan=2 action=1 reward=0.505 info={'t': 85, 'max_steps': 100, 'dominant_type': 'auth_fail', 'target_action': 1, 'prev_risk': 0.0, 'risk': 0.0}
[ep=05 t=0085] choose_plan=1 action=1 reward=-0.005 info={'t': 86, 'max_steps': 100, 'dominant_type': 'outbound_conn', 'target_action': 2, 'prev_risk': 0.0, 'risk': 0.0}
[ep=05 t=0086] choose_plan=4 action=2 reward=-0.175 info={'t': 87, 'max_steps': 100, 'dominant_type': 'auth_fail', 'target_action': 1, 'prev_risk': 0.0, 'risk': 0.0}
[ep=05 t=0087] choose_plan=5 action=1 reward=0.505 info={'t': 88, 'max_steps': 100, 'dominant_type': 'port_scan', 'target_action': 1, 'prev_risk': 0.0, 'risk': 0.0}
[ep=05 t=0088] choose_plan=0 action=1 reward=0.543 info={'t': 89, 'max_steps': 100, 'dominant_type': 'auth_fail', 'target_action': 1, 'prev_risk': 0.0, 'risk': 0.0}
[ep=05 t=0089] choose_plan=2 action=1 reward=-0.003 info={'t': 90, 'max_steps': 100, 'dominant_type': 'outbound_conn', 'target_action': 2, 'prev_risk': 0.0, 'risk': 0.0}
[ep=05 t=0090] choose_plan=1 action=2 reward=-0.191 info={'t': 91, 'max_steps': 100, 'dominant_type': 'auth_fail', 'target_action': 1, 'prev_risk': 0.0, 'risk': 0.0}
[ep=05 t=0091] choose_plan=4 action=1 reward=0.505 info={'t': 92, 'max_steps': 100, 'dominant_type': 'port_scan', 'target_action': 1, 'prev_risk': 0.0, 'risk': 0.0}
[ep=05 t=0092] choose_plan=2 action=1 reward=0.534 info={'t': 93, 'max_steps': 100, 'dominant_type': 'auth_fail', 'target_action': 1, 'prev_risk': 0.0, 'risk': 0.0}
[ep=05 t=0093] choose_plan=3 action=1 reward=0.576 info={'t': 94, 'max_steps': 100, 'dominant_type': 'auth_fail', 'target_action': 1, 'prev_risk': 0.0, 'risk': 0.0}
[ep=05 t=0094] choose_plan=2 action=1 reward=0.509 info={'t': 95, 'max_steps': 100, 'dominant_type': 'auth_fail', 'target_action': 1, 'prev_risk': 0.0, 'risk': 0.0}
[ep=05 t=0095] choose_plan=4 action=1 reward=0.058 info={'t': 96, 'max_steps': 100, 'dominant_type': 'outbound_conn', 'target_action': 2, 'prev_risk': 0.0, 'risk': 0.0}
[ep=05 t=0096] choose_plan=3 action=2 reward=0.305 info={'t': 97, 'max_steps': 100, 'dominant_type': 'outbound_conn', 'target_action': 2, 'prev_risk': 0.0, 'risk': 0.0}
[ep=05 t=0097] choose_plan=1 action=2 reward=0.332 info={'t': 98, 'max_steps': 100, 'dominant_type': 'proc_spawn', 'target_action': 2, 'prev_risk': 0.0, 'risk': 0.0}
[ep=05 t=0098] choose_plan=2 action=2 reward=-0.188 info={'t': 99, 'max_steps': 100, 'dominant_type': 'port_scan', 'target_action': 1, 'prev_risk': 0.0, 'risk': 0.0}
[ep=05 t=0099] choose_plan=3 action=1 reward=0.493 info={'t': 100, 'max_steps': 100, 'dominant_type': 'port_scan', 'target_action': 1, 'prev_risk': 0.0, 'risk': 0.004110869180756163}
# done at t=99
# episode_summary {"episode": 5, "episode_return": 18.193509069647167, "reward_mean": 0.18193509069647168, "reward_min": -0.21500000000000002, "reward_max": 0.5764308920827403, "steps": 100, "unique_actions": 2, "top5_actions": [[1, 51], [2, 49]]}

# ===== EPISODE 6 =====
[ep=06 t=0000] choose_plan=1 action=2 reward=-0.171 info={'t': 1, 'max_steps': 100, 'dominant_type': 'port_scan', 'target_action': 1, 'prev_risk': 0.29785720302872004, 'risk': 0.19981161963900856}
[ep=06 t=0001] choose_plan=1 action=1 reward=0.203 info={'t': 2, 'max_steps': 100, 'dominant_type': 'port_scan', 'target_action': 1, 'prev_risk': 0.19981161963900856, 'risk': 0.17580541657459628}
[ep=06 t=0002] choose_plan=1 action=1 reward=-0.161 info={'t': 3, 'max_steps': 100, 'dominant_type': 'proc_spawn', 'target_action': 2, 'prev_risk': 0.17580541657459628, 'risk': 0.1402243989073573}
[ep=06 t=0003] choose_plan=1 action=2 reward=0.217 info={'t': 4, 'max_steps': 100, 'dominant_type': 'auth_fail', 'target_action': 1, 'prev_risk': 0.1402243989073573, 'risk': 0.04530768717875722}
[ep=06 t=0004] choose_plan=2 action=1 reward=0.168 info={'t': 5, 'max_steps': 100, 'dominant_type': 'outbound_conn', 'target_action': 2, 'prev_risk': 0.04530768717875722, 'risk': 0.011810660031391307}
[ep=06 t=0005] choose_plan=4 action=2 reward=-0.134 info={'t': 6, 'max_steps': 100, 'dominant_type': 'port_scan', 'target_action': 1, 'prev_risk': 0.011810660031391307, 'risk': 0.0}
[ep=06 t=0006] choose_plan=2 action=1 reward=0.519 info={'t': 7, 'max_steps': 100, 'dominant_type': 'auth_fail', 'target_action': 1, 'prev_risk': 0.0, 'risk': 0.0}
[ep=06 t=0007] choose_plan=3 action=1 reward=0.522 info={'t': 8, 'max_steps': 100, 'dominant_type': 'auth_fail', 'target_action': 1, 'prev_risk': 0.0, 'risk': 0.023194282465217986}
[ep=06 t=0008] choose_plan=1 action=1 reward=0.503 info={'t': 9, 'max_steps': 100, 'dominant_type': 'port_scan', 'target_action': 1, 'prev_risk': 0.023194282465217986, 'risk': 0.01898664696783206}
[ep=06 t=0009] choose_plan=0 action=1 reward=0.660 info={'t': 10, 'max_steps': 100, 'dominant_type': 'port_scan', 'target_action': 1, 'prev_risk': 0.01898664696783206, 'risk': 0.0}
[ep=06 t=0010] choose_plan=2 action=1 reward=0.505 info={'t': 11, 'max_steps': 100, 'dominant_type': 'port_scan', 'target_action': 1, 'prev_risk': 0.0, 'risk': 0.0}
[ep=06 t=0011] choose_plan=4 action=1 reward=-0.004 info={'t': 12, 'max_steps': 100, 'dominant_type': 'proc_spawn', 'target_action': 2, 'prev_risk': 0.0, 'risk': 0.0}
[ep=06 t=0012] choose_plan=5 action=2 reward=-0.169 info={'t': 13, 'max_steps': 100, 'dominant_type': 'port_scan', 'target_action': 1, 'prev_risk': 0.0, 'risk': 0.0}
[ep=06 t=0013] choose_plan=1 action=1 reward=0.518 info={'t': 14, 'max_steps': 100, 'dominant_type': 'port_scan', 'target_action': 1, 'prev_risk': 0.0, 'risk': 0.0}
[ep=06 t=0014] choose_plan=1 action=1 reward=-0.005 info={'t': 15, 'max_steps': 100, 'dominant_type': 'outbound_conn', 'target_action': 2, 'prev_risk': 0.0, 'risk': 0.0}
[ep=06 t=0015] choose_plan=1 action=2 reward=-0.194 info={'t': 16, 'max_steps': 100, 'dominant_type': 'port_scan', 'target_action': 1, 'prev_risk': 0.0, 'risk': 0.0}
[ep=06 t=0016] choose_plan=0 action=1 reward=0.015 info={'t': 17, 'max_steps': 100, 'dominant_type': 'proc_spawn', 'target_action': 2, 'prev_risk': 0.0, 'risk': 0.0}
[ep=06 t=0017] choose_plan=2 action=2 reward=0.352 info={'t': 18, 'max_steps': 100, 'dominant_type': 'proc_spawn', 'target_action': 2, 'prev_risk': 0.0, 'risk': 0.0}
[ep=06 t=0018] choose_plan=2 action=2 reward=0.297 info={'t': 19, 'max_steps': 100, 'dominant_type': 'outbound_conn', 'target_action': 2, 'prev_risk': 0.0, 'risk': 0.0}
[ep=06 t=0019] choose_plan=5 action=2 reward=0.342 info={'t': 20, 'max_steps': 100, 'dominant_type': 'proc_spawn', 'target_action': 2, 'prev_risk': 0.0, 'risk': 0.0}
[ep=06 t=0020] choose_plan=2 action=2 reward=-0.207 info={'t': 21, 'max_steps': 100, 'dominant_type': 'port_scan', 'target_action': 1, 'prev_risk': 0.0, 'risk': 0.0}
[ep=06 t=0021] choose_plan=3 action=1 reward=0.505 info={'t': 22, 'max_steps': 100, 'dominant_type': 'auth_fail', 'target_action': 1, 'prev_risk': 0.0, 'risk': 0.0}
[ep=06 t=0022] choose_plan=3 action=1 reward=0.014 info={'t': 23, 'max_steps': 100, 'dominant_type': 'proc_spawn', 'target_action': 2, 'prev_risk': 0.0, 'risk': 0.0011946162957130954}
[ep=06 t=0023] choose_plan=3 action=2 reward=0.302 info={'t': 24, 'max_steps': 100, 'dominant_type': 'proc_spawn', 'target_action': 2, 'prev_risk': 0.0011946162957130954, 'risk': 0.0}
[ep=06 t=0024] choose_plan=5 action=2 reward=0.360 info={'t': 25, 'max_steps': 100, 'dominant_type': 'outbound_conn', 'target_action': 2, 'prev_risk': 0.0, 'risk': 0.0}
[ep=06 t=0025] choose_plan=4 action=2 reward=0.300 info={'t': 26, 'max_steps': 100, 'dominant_type': 'outbound_conn', 'target_action': 2, 'prev_risk': 0.0, 'risk': 0.0}
[ep=06 t=0026] choose_plan=5 action=2 reward=0.354 info={'t': 27, 'max_steps': 100, 'dominant_type': 'outbound_conn', 'target_action': 2, 'prev_risk': 0.0, 'risk': 0.0}
[ep=06 t=0027] choose_plan=3 action=2 reward=-0.199 info={'t': 28, 'max_steps': 100, 'dominant_type': 'port_scan', 'target_action': 1, 'prev_risk': 0.0, 'risk': 0.0}
[ep=06 t=0028] choose_plan=1 action=1 reward=0.505 info={'t': 29, 'max_steps': 100, 'dominant_type': 'port_scan', 'target_action': 1, 'prev_risk': 0.0, 'risk': 0.0}
[ep=06 t=0029] choose_plan=0 action=1 reward=0.430 info={'t': 30, 'max_steps': 100, 'dominant_type': 'auth_fail', 'target_action': 1, 'prev_risk': 0.0, 'risk': 0.029839106410497862}
[ep=06 t=0030] choose_plan=5 action=1 reward=0.490 info={'t': 31, 'max_steps': 100, 'dominant_type': 'port_scan', 'target_action': 1, 'prev_risk': 0.029839106410497862, 'risk': 0.021367653464734224}
[ep=06 t=0031] choose_plan=1 action=1 reward=0.137 info={'t': 32, 'max_steps': 100, 'dominant_type': 'outbound_conn', 'target_action': 2, 'prev_risk': 0.021367653464734224, 'risk': 0.0}
[ep=06 t=0032] choose_plan=0 action=2 reward=-0.195 info={'t': 33, 'max_steps': 100, 'dominant_type': 'port_scan', 'target_action': 1, 'prev_risk': 0.0, 'risk': 0.0}
[ep=06 t=0033] choose_plan=3 action=1 reward=0.524 info={'t': 34, 'max_steps': 100, 'dominant_type': 'auth_fail', 'target_action': 1, 'prev_risk': 0.0, 'risk': 0.0}
[ep=06 t=0034] choose_plan=0 action=1 reward=0.074 info={'t': 35, 'max_steps': 100, 'dominant_type': 'proc_spawn', 'target_action': 2, 'prev_risk': 0.0, 'risk': 0.0}
[ep=06 t=0035] choose_plan=1 action=2 reward=0.295 info={'t': 36, 'max_steps': 100, 'dominant_type': 'proc_spawn', 'target_action': 2, 'prev_risk': 0.0, 'risk': 0.0}
[ep=06 t=0036] choose_plan=2 action=2 reward=-0.215 info={'t': 37, 'max_steps': 100, 'dominant_type': 'port_scan', 'target_action': 1, 'prev_risk': 0.0, 'risk': 0.0}
[ep=06 t=0037] choose_plan=1 action=1 reward=0.007 info={'t': 38, 'max_steps': 100, 'dominant_type': 'outbound_conn', 'target_action': 2, 'prev_risk': 0.0, 'risk': 0.0}
[ep=06 t=0038] choose_plan=5 action=2 reward=0.295 info={'t': 39, 'max_steps': 100, 'dominant_type': 'outbound_conn', 'target_action': 2, 'prev_risk': 0.0, 'risk': 0.0}
[ep=06 t=0039] choose_plan=2 action=2 reward=-0.176 info={'t': 40, 'max_steps': 100, 'dominant_type': 'port_scan', 'target_action': 1, 'prev_risk': 0.0, 'risk': 0.0}
[ep=06 t=0040] choose_plan=0 action=1 reward=0.510 info={'t': 41, 'max_steps': 100, 'dominant_type': 'auth_fail', 'target_action': 1, 'prev_risk': 0.0, 'risk': 0.0}
[ep=06 t=0041] choose_plan=5 action=1 reward=0.510 info={'t': 42, 'max_steps': 100, 'dominant_type': 'port_scan', 'target_action': 1, 'prev_risk': 0.0, 'risk': 0.0}
[ep=06 t=0042] choose_plan=3 action=1 reward=0.505 info={'t': 43, 'max_steps': 100, 'dominant_type': 'auth_fail', 'target_action': 1, 'prev_risk': 0.0, 'risk': 0.0}
[ep=06 t=0043] choose_plan=0 action=1 reward=0.526 info={'t': 44, 'max_steps': 100, 'dominant_type': 'auth_fail', 'target_action': 1, 'prev_risk': 0.0, 'risk': 0.0}
[ep=06 t=0044] choose_plan=5 action=1 reward=0.033 info={'t': 45, 'max_steps': 100, 'dominant_type': 'outbound_conn', 'target_action': 2, 'prev_risk': 0.0, 'risk': 0.0}
[ep=06 t=0045] choose_plan=3 action=2 reward=-0.198 info={'t': 46, 'max_steps': 100, 'dominant_type': 'auth_fail', 'target_action': 1, 'prev_risk': 0.0, 'risk': 0.0}
[ep=06 t=0046] choose_plan=0 action=1 reward=0.510 info={'t': 47, 'max_steps': 100, 'dominant_type': 'auth_fail', 'target_action': 1, 'prev_risk': 0.0, 'risk': 0.0}
[ep=06 t=0047] choose_plan=3 action=1 reward=0.578 info={'t': 48, 'max_steps': 100, 'dominant_type': 'auth_fail', 'target_action': 1, 'prev_risk': 0.0, 'risk': 0.0}
[ep=06 t=0048] choose_plan=5 action=1 reward=0.540 info={'t': 49, 'max_steps': 100, 'dominant_type': 'auth_fail', 'target_action': 1, 'prev_risk': 0.0, 'risk': 0.0}
[ep=06 t=0049] choose_plan=3 action=1 reward=0.545 info={'t': 50, 'max_steps': 100, 'dominant_type': 'port_scan', 'target_action': 1, 'prev_risk': 0.0, 'risk': 0.0}
[ep=06 t=0050] choose_plan=3 action=1 reward=0.505 info={'t': 51, 'max_steps': 100, 'dominant_type': 'auth_fail', 'target_action': 1, 'prev_risk': 0.0, 'risk': 0.0}
[ep=06 t=0051] choose_plan=3 action=1 reward=0.035 info={'t': 52, 'max_steps': 100, 'dominant_type': 'outbound_conn', 'target_action': 2, 'prev_risk': 0.0, 'risk': 0.0}
[ep=06 t=0052] choose_plan=3 action=2 reward=0.321 info={'t': 53, 'max_steps': 100, 'dominant_type': 'proc_spawn', 'target_action': 2, 'prev_risk': 0.0, 'risk': 0.0}
[ep=06 t=0053] choose_plan=3 action=2 reward=0.317 info={'t': 54, 'max_steps': 100, 'dominant_type': 'proc_spawn', 'target_action': 2, 'prev_risk': 0.0, 'risk': 0.0}
[ep=06 t=0054] choose_plan=4 action=2 reward=-0.198 info={'t': 55, 'max_steps': 100, 'dominant_type': 'port_scan', 'target_action': 1, 'prev_risk': 0.0, 'risk': 0.0007183180233332614}
[ep=06 t=0055] choose_plan=0 action=1 reward=0.015 info={'t': 56, 'max_steps': 100, 'dominant_type': 'outbound_conn', 'target_action': 2, 'prev_risk': 0.0007183180233332614, 'risk': 0.0}
[ep=06 t=0056] choose_plan=2 action=2 reward=-0.163 info={'t': 57, 'max_steps': 100, 'dominant_type': 'port_scan', 'target_action': 1, 'prev_risk': 0.0, 'risk': 0.0}
[ep=06 t=0057] choose_plan=3 action=1 reward=0.505 info={'t': 58, 'max_steps': 100, 'dominant_type': 'port_scan', 'target_action': 1, 'prev_risk': 0.0, 'risk': 0.0}
[ep=06 t=0058] choose_plan=3 action=1 reward=0.041 info={'t': 59, 'max_steps': 100, 'dominant_type': 'outbound_conn', 'target_action': 2, 'prev_risk': 0.0, 'risk': 0.0}
[ep=06 t=0059] choose_plan=2 action=2 reward=-0.159 info={'t': 60, 'max_steps': 100, 'dominant_type': 'port_scan', 'target_action': 1, 'prev_risk': 0.0, 'risk': 0.0}
[ep=06 t=0060] choose_plan=1 action=1 reward=0.014 info={'t': 61, 'max_steps': 100, 'dominant_type': 'proc_spawn', 'target_action': 2, 'prev_risk': 0.0, 'risk': 0.0}
[ep=06 t=0061] choose_plan=4 action=2 reward=-0.181 info={'t': 62, 'max_steps': 100, 'dominant_type': 'port_scan', 'target_action': 1, 'prev_risk': 0.0, 'risk': 0.0}
[ep=06 t=0062] choose_plan=3 action=1 reward=-0.005 info={'t': 63, 'max_steps': 100, 'dominant_type': 'proc_spawn', 'target_action': 2, 'prev_risk': 0.0, 'risk': 0.0}
[ep=06 t=0063] choose_plan=2 action=2 reward=-0.215 info={'t': 64, 'max_steps': 100, 'dominant_type': 'port_scan', 'target_action': 1, 'prev_risk': 0.0, 'risk': 0.0}
[ep=06 t=0064] choose_plan=4 action=1 reward=-0.005 info={'t': 65, 'max_steps': 100, 'dominant_type': 'proc_spawn', 'target_action': 2, 'prev_risk': 0.0, 'risk': 0.0}
[ep=06 t=0065] choose_plan=4 action=2 reward=-0.203 info={'t': 66, 'max_steps': 100, 'dominant_type': 'port_scan', 'target_action': 1, 'prev_risk': 0.0, 'risk': 0.0}
[ep=06 t=0066] choose_plan=4 action=1 reward=0.505 info={'t': 67, 'max_steps': 100, 'dominant_type': 'auth_fail', 'target_action': 1, 'prev_risk': 0.0, 'risk': 0.0}
[ep=06 t=0067] choose_plan=0 action=1 reward=0.524 info={'t': 68, 'max_steps': 100, 'dominant_type': 'auth_fail', 'target_action': 1, 'prev_risk': 0.0, 'risk': 0.0}
[ep=06 t=0068] choose_plan=3 action=1 reward=0.505 info={'t': 69, 'max_steps': 100, 'dominant_type': 'port_scan', 'target_action': 1, 'prev_risk': 0.0, 'risk': 0.0}
[ep=06 t=0069] choose_plan=3 action=1 reward=-0.005 info={'t': 70, 'max_steps': 100, 'dominant_type': 'outbound_conn', 'target_action': 2, 'prev_risk': 0.0, 'risk': 0.0}
[ep=06 t=0070] choose_plan=0 action=2 reward=-0.207 info={'t': 71, 'max_steps': 100, 'dominant_type': 'port_scan', 'target_action': 1, 'prev_risk': 0.0, 'risk': 0.0}
[ep=06 t=0071] choose_plan=3 action=1 reward=0.022 info={'t': 72, 'max_steps': 100, 'dominant_type': 'outbound_conn', 'target_action': 2, 'prev_risk': 0.0, 'risk': 0.0}
[ep=06 t=0072] choose_plan=4 action=2 reward=-0.177 info={'t': 73, 'max_steps': 100, 'dominant_type': 'auth_fail', 'target_action': 1, 'prev_risk': 0.0, 'risk': 0.0}
[ep=06 t=0073] choose_plan=0 action=1 reward=0.004 info={'t': 74, 'max_steps': 100, 'dominant_type': 'proc_spawn', 'target_action': 2, 'prev_risk': 0.0, 'risk': 0.0}
[ep=06 t=0074] choose_plan=2 action=2 reward=-0.208 info={'t': 75, 'max_steps': 100, 'dominant_type': 'port_scan', 'target_action': 1, 'prev_risk': 0.0, 'risk': 0.0}
[ep=06 t=0075] choose_plan=3 action=1 reward=0.509 info={'t': 76, 'max_steps': 100, 'dominant_type': 'auth_fail', 'target_action': 1, 'prev_risk': 0.0, 'risk': 0.0}
[ep=06 t=0076] choose_plan=2 action=1 reward=0.505 info={'t': 77, 'max_steps': 100, 'dominant_type': 'port_scan', 'target_action': 1, 'prev_risk': 0.0, 'risk': 0.0}
[ep=06 t=0077] choose_plan=1 action=1 reward=-0.005 info={'t': 78, 'max_steps': 100, 'dominant_type': 'outbound_conn', 'target_action': 2, 'prev_risk': 0.0, 'risk': 0.0}
[ep=06 t=0078] choose_plan=0 action=2 reward=-0.175 info={'t': 79, 'max_steps': 100, 'dominant_type': 'port_scan', 'target_action': 1, 'prev_risk': 0.0, 'risk': 0.0}
[ep=06 t=0079] choose_plan=4 action=1 reward=-0.002 info={'t': 80, 'max_steps': 100, 'dominant_type': 'proc_spawn', 'target_action': 2, 'prev_risk': 0.0, 'risk': 0.0}
[ep=06 t=0080] choose_plan=3 action=2 reward=-0.179 info={'t': 81, 'max_steps': 100, 'dominant_type': 'port_scan', 'target_action': 1, 'prev_risk': 0.0, 'risk': 0.0}
[ep=06 t=0081] choose_plan=1 action=1 reward=0.020 info={'t': 82, 'max_steps': 100, 'dominant_type': 'proc_spawn', 'target_action': 2, 'prev_risk': 0.0, 'risk': 0.0}
[ep=06 t=0082] choose_plan=2 action=2 reward=0.295 info={'t': 83, 'max_steps': 100, 'dominant_type': 'proc_spawn', 'target_action': 2, 'prev_risk': 0.0, 'risk': 0.0}
[ep=06 t=0083] choose_plan=5 action=2 reward=0.306 info={'t': 84, 'max_steps': 100, 'dominant_type': 'proc_spawn', 'target_action': 2, 'prev_risk': 0.0, 'risk': 0.0}
[ep=06 t=0084] choose_plan=1 action=2 reward=-0.215 info={'t': 85, 'max_steps': 100, 'dominant_type': 'port_scan', 'target_action': 1, 'prev_risk': 0.0, 'risk': 0.0}
[ep=06 t=0085] choose_plan=1 action=1 reward=0.037 info={'t': 86, 'max_steps': 100, 'dominant_type': 'proc_spawn', 'target_action': 2, 'prev_risk': 0.0, 'risk': 0.0}
[ep=06 t=0086] choose_plan=0 action=2 reward=0.310 info={'t': 87, 'max_steps': 100, 'dominant_type': 'proc_spawn', 'target_action': 2, 'prev_risk': 0.0, 'risk': 0.0}
[ep=06 t=0087] choose_plan=3 action=2 reward=0.301 info={'t': 88, 'max_steps': 100, 'dominant_type': 'proc_spawn', 'target_action': 2, 'prev_risk': 0.0, 'risk': 0.0}
[ep=06 t=0088] choose_plan=4 action=2 reward=0.326 info={'t': 89, 'max_steps': 100, 'dominant_type': 'outbound_conn', 'target_action': 2, 'prev_risk': 0.0, 'risk': 0.0}
[ep=06 t=0089] choose_plan=2 action=2 reward=0.311 info={'t': 90, 'max_steps': 100, 'dominant_type': 'proc_spawn', 'target_action': 2, 'prev_risk': 0.0, 'risk': 0.0}
[ep=06 t=0090] choose_plan=4 action=2 reward=0.317 info={'t': 91, 'max_steps': 100, 'dominant_type': 'proc_spawn', 'target_action': 2, 'prev_risk': 0.0, 'risk': 0.0}
[ep=06 t=0091] choose_plan=2 action=2 reward=0.306 info={'t': 92, 'max_steps': 100, 'dominant_type': 'outbound_conn', 'target_action': 2, 'prev_risk': 0.0, 'risk': 0.0}
[ep=06 t=0092] choose_plan=1 action=2 reward=0.326 info={'t': 93, 'max_steps': 100, 'dominant_type': 'outbound_conn', 'target_action': 2, 'prev_risk': 0.0, 'risk': 0.0}
[ep=06 t=0093] choose_plan=0 action=2 reward=0.295 info={'t': 94, 'max_steps': 100, 'dominant_type': 'proc_spawn', 'target_action': 2, 'prev_risk': 0.0, 'risk': 0.0}
[ep=06 t=0094] choose_plan=5 action=2 reward=0.347 info={'t': 95, 'max_steps': 100, 'dominant_type': 'outbound_conn', 'target_action': 2, 'prev_risk': 0.0, 'risk': 0.0}
[ep=06 t=0095] choose_plan=2 action=2 reward=-0.203 info={'t': 96, 'max_steps': 100, 'dominant_type': 'port_scan', 'target_action': 1, 'prev_risk': 0.0, 'risk': 0.0}
[ep=06 t=0096] choose_plan=2 action=1 reward=-0.005 info={'t': 97, 'max_steps': 100, 'dominant_type': 'outbound_conn', 'target_action': 2, 'prev_risk': 0.0, 'risk': 0.0}
[ep=06 t=0097] choose_plan=1 action=2 reward=-0.147 info={'t': 98, 'max_steps': 100, 'dominant_type': 'auth_fail', 'target_action': 1, 'prev_risk': 0.0, 'risk': 0.0}
[ep=06 t=0098] choose_plan=2 action=1 reward=0.514 info={'t': 99, 'max_steps': 100, 'dominant_type': 'auth_fail', 'target_action': 1, 'prev_risk': 0.0, 'risk': 0.0}
[ep=06 t=0099] choose_plan=3 action=1 reward=-0.087 info={'t': 100, 'max_steps': 100, 'dominant_type': 'proc_spawn', 'target_action': 2, 'prev_risk': 0.0, 'risk': 0.03792685008354148}
# done at t=99
# episode_summary {"episode": 6, "episode_return": 17.237744444199244, "reward_mean": 0.17237744444199243, "reward_min": -0.21500000000000002, "reward_max": 0.6596233545015993, "steps": 100, "unique_actions": 2, "top5_actions": [[1, 53], [2, 47]]}

# ===== EPISODE 7 =====
[ep=07 t=0000] choose_plan=0 action=2 reward=-0.229 info={'t': 1, 'max_steps': 100, 'dominant_type': 'auth_fail', 'target_action': 1, 'prev_risk': 0.2815261657874792, 'risk': 0.188512629268324}
[ep=07 t=0001] choose_plan=3 action=1 reward=0.455 info={'t': 2, 'max_steps': 100, 'dominant_type': 'port_scan', 'target_action': 1, 'prev_risk': 0.188512629268324, 'risk': 0.13910684319741629}
[ep=07 t=0002] choose_plan=2 action=1 reward=-0.059 info={'t': 3, 'max_steps': 100, 'dominant_type': 'proc_spawn', 'target_action': 2, 'prev_risk': 0.13910684319741629, 'risk': 0.09996330308495674}
[ep=07 t=0003] choose_plan=0 action=2 reward=0.889 info={'t': 4, 'max_steps': 100, 'dominant_type': 'outbound_conn', 'target_action': 2, 'prev_risk': 0.09996330308495674, 'risk': 0.0}
[ep=07 t=0004] choose_plan=2 action=2 reward=0.372 info={'t': 5, 'max_steps': 100, 'dominant_type': 'outbound_conn', 'target_action': 2, 'prev_risk': 0.0, 'risk': 0.0}
[ep=07 t=0005] choose_plan=5 action=2 reward=0.316 info={'t': 6, 'max_steps': 100, 'dominant_type': 'outbound_conn', 'target_action': 2, 'prev_risk': 0.0, 'risk': 0.0}
[ep=07 t=0006] choose_plan=4 action=2 reward=0.309 info={'t': 7, 'max_steps': 100, 'dominant_type': 'proc_spawn', 'target_action': 2, 'prev_risk': 0.0, 'risk': 0.0}
[ep=07 t=0007] choose_plan=3 action=2 reward=-0.215 info={'t': 8, 'max_steps': 100, 'dominant_type': 'auth_fail', 'target_action': 1, 'prev_risk': 0.0, 'risk': 0.0}
[ep=07 t=0008] choose_plan=1 action=1 reward=0.543 info={'t': 9, 'max_steps': 100, 'dominant_type': 'port_scan', 'target_action': 1, 'prev_risk': 0.0, 'risk': 0.0}
[ep=07 t=0009] choose_plan=1 action=1 reward=0.526 info={'t': 10, 'max_steps': 100, 'dominant_type': 'port_scan', 'target_action': 1, 'prev_risk': 0.0, 'risk': 0.0}
[ep=07 t=0010] choose_plan=2 action=1 reward=0.522 info={'t': 11, 'max_steps': 100, 'dominant_type': 'port_scan', 'target_action': 1, 'prev_risk': 0.0, 'risk': 0.0}
[ep=07 t=0011] choose_plan=5 action=1 reward=0.008 info={'t': 12, 'max_steps': 100, 'dominant_type': 'proc_spawn', 'target_action': 2, 'prev_risk': 0.0, 'risk': 0.0}
[ep=07 t=0012] choose_plan=1 action=2 reward=-0.185 info={'t': 13, 'max_steps': 100, 'dominant_type': 'auth_fail', 'target_action': 1, 'prev_risk': 0.0, 'risk': 0.0}
[ep=07 t=0013] choose_plan=1 action=1 reward=0.574 info={'t': 14, 'max_steps': 100, 'dominant_type': 'auth_fail', 'target_action': 1, 'prev_risk': 0.0, 'risk': 0.0}
[ep=07 t=0014] choose_plan=4 action=1 reward=0.013 info={'t': 15, 'max_steps': 100, 'dominant_type': 'outbound_conn', 'target_action': 2, 'prev_risk': 0.0, 'risk': 0.0}
[ep=07 t=0015] choose_plan=3 action=2 reward=0.350 info={'t': 16, 'max_steps': 100, 'dominant_type': 'outbound_conn', 'target_action': 2, 'prev_risk': 0.0, 'risk': 0.0}
[ep=07 t=0016] choose_plan=4 action=2 reward=0.324 info={'t': 17, 'max_steps': 100, 'dominant_type': 'proc_spawn', 'target_action': 2, 'prev_risk': 0.0, 'risk': 0.0}
[ep=07 t=0017] choose_plan=2 action=2 reward=-0.211 info={'t': 18, 'max_steps': 100, 'dominant_type': 'auth_fail', 'target_action': 1, 'prev_risk': 0.0, 'risk': 0.0}
[ep=07 t=0018] choose_plan=5 action=1 reward=-0.005 info={'t': 19, 'max_steps': 100, 'dominant_type': 'outbound_conn', 'target_action': 2, 'prev_risk': 0.0, 'risk': 0.0}
[ep=07 t=0019] choose_plan=2 action=2 reward=0.323 info={'t': 20, 'max_steps': 100, 'dominant_type': 'proc_spawn', 'target_action': 2, 'prev_risk': 0.0, 'risk': 0.0}
[ep=07 t=0020] choose_plan=0 action=2 reward=-0.215 info={'t': 21, 'max_steps': 100, 'dominant_type': 'auth_fail', 'target_action': 1, 'prev_risk': 0.0, 'risk': 0.0}
[ep=07 t=0021] choose_plan=1 action=1 reward=-0.111 info={'t': 22, 'max_steps': 100, 'dominant_type': 'proc_spawn', 'target_action': 2, 'prev_risk': 0.0, 'risk': 0.049473526046689725}
[ep=07 t=0022] choose_plan=0 action=2 reward=0.572 info={'t': 23, 'max_steps': 100, 'dominant_type': 'proc_spawn', 'target_action': 2, 'prev_risk': 0.049473526046689725, 'risk': 0.0}
[ep=07 t=0023] choose_plan=5 action=2 reward=0.328 info={'t': 24, 'max_steps': 100, 'dominant_type': 'outbound_conn', 'target_action': 2, 'prev_risk': 0.0, 'risk': 0.0}
[ep=07 t=0024] choose_plan=2 action=2 reward=-0.212 info={'t': 25, 'max_steps': 100, 'dominant_type': 'auth_fail', 'target_action': 1, 'prev_risk': 0.0, 'risk': 0.0}
[ep=07 t=0025] choose_plan=4 action=1 reward=0.545 info={'t': 26, 'max_steps': 100, 'dominant_type': 'auth_fail', 'target_action': 1, 'prev_risk': 0.0, 'risk': 0.0}
[ep=07 t=0026] choose_plan=2 action=1 reward=0.036 info={'t': 27, 'max_steps': 100, 'dominant_type': 'proc_spawn', 'target_action': 2, 'prev_risk': 0.0, 'risk': 0.0}
[ep=07 t=0027] choose_plan=3 action=2 reward=0.305 info={'t': 28, 'max_steps': 100, 'dominant_type': 'proc_spawn', 'target_action': 2, 'prev_risk': 0.0, 'risk': 0.0}
[ep=07 t=0028] choose_plan=0 action=2 reward=0.247 info={'t': 29, 'max_steps': 100, 'dominant_type': 'outbound_conn', 'target_action': 2, 'prev_risk': 0.0, 'risk': 0.01667442170132792}
[ep=07 t=0029] choose_plan=1 action=2 reward=-0.198 info={'t': 30, 'max_steps': 100, 'dominant_type': 'port_scan', 'target_action': 1, 'prev_risk': 0.01667442170132792, 'risk': 0.008944544455074713}
[ep=07 t=0030] choose_plan=5 action=1 reward=0.085 info={'t': 31, 'max_steps': 100, 'dominant_type': 'proc_spawn', 'target_action': 2, 'prev_risk': 0.008944544455074713, 'risk': 0.0}
[ep=07 t=0031] choose_plan=2 action=2 reward=-0.166 info={'t': 32, 'max_steps': 100, 'dominant_type': 'port_scan', 'target_action': 1, 'prev_risk': 0.0, 'risk': 0.0}
[ep=07 t=0032] choose_plan=2 action=1 reward=0.568 info={'t': 33, 'max_steps': 100, 'dominant_type': 'auth_fail', 'target_action': 1, 'prev_risk': 0.0, 'risk': 0.0}
[ep=07 t=0033] choose_plan=4 action=1 reward=0.523 info={'t': 34, 'max_steps': 100, 'dominant_type': 'auth_fail', 'target_action': 1, 'prev_risk': 0.0, 'risk': 0.0}
[ep=07 t=0034] choose_plan=1 action=1 reward=0.010 info={'t': 35, 'max_steps': 100, 'dominant_type': 'outbound_conn', 'target_action': 2, 'prev_risk': 0.0, 'risk': 0.0}
[ep=07 t=0035] choose_plan=3 action=2 reward=0.295 info={'t': 36, 'max_steps': 100, 'dominant_type': 'outbound_conn', 'target_action': 2, 'prev_risk': 0.0, 'risk': 0.0}
[ep=07 t=0036] choose_plan=2 action=2 reward=0.295 info={'t': 37, 'max_steps': 100, 'dominant_type': 'outbound_conn', 'target_action': 2, 'prev_risk': 0.0, 'risk': 0.0}
[ep=07 t=0037] choose_plan=0 action=2 reward=0.297 info={'t': 38, 'max_steps': 100, 'dominant_type': 'outbound_conn', 'target_action': 2, 'prev_risk': 0.0, 'risk': 0.0}
[ep=07 t=0038] choose_plan=4 action=2 reward=-0.215 info={'t': 39, 'max_steps': 100, 'dominant_type': 'auth_fail', 'target_action': 1, 'prev_risk': 0.0, 'risk': 0.0}
[ep=07 t=0039] choose_plan=5 action=1 reward=0.539 info={'t': 40, 'max_steps': 100, 'dominant_type': 'port_scan', 'target_action': 1, 'prev_risk': 0.0, 'risk': 0.0}
[ep=07 t=0040] choose_plan=1 action=1 reward=0.487 info={'t': 41, 'max_steps': 100, 'dominant_type': 'port_scan', 'target_action': 1, 'prev_risk': 0.0, 'risk': 0.025004367356951607}
[ep=07 t=0041] choose_plan=5 action=1 reward=0.400 info={'t': 42, 'max_steps': 100, 'dominant_type': 'auth_fail', 'target_action': 1, 'prev_risk': 0.025004367356951607, 'risk': 0.05010668027400817}
[ep=07 t=0042] choose_plan=1 action=1 reward=0.092 info={'t': 43, 'max_steps': 100, 'dominant_type': 'outbound_conn', 'target_action': 2, 'prev_risk': 0.05010668027400817, 'risk': 0.025133122974591443}
[ep=07 t=0043] choose_plan=0 action=2 reward=0.444 info={'t': 44, 'max_steps': 100, 'dominant_type': 'proc_spawn', 'target_action': 2, 'prev_risk': 0.025133122974591443, 'risk': 0.0}
[ep=07 t=0044] choose_plan=0 action=2 reward=-0.201 info={'t': 45, 'max_steps': 100, 'dominant_type': 'port_scan', 'target_action': 1, 'prev_risk': 0.0, 'risk': 0.0}
[ep=07 t=0045] choose_plan=5 action=1 reward=0.517 info={'t': 46, 'max_steps': 100, 'dominant_type': 'port_scan', 'target_action': 1, 'prev_risk': 0.0, 'risk': 0.0}
[ep=07 t=0046] choose_plan=4 action=1 reward=0.521 info={'t': 47, 'max_steps': 100, 'dominant_type': 'auth_fail', 'target_action': 1, 'prev_risk': 0.0, 'risk': 0.0}
[ep=07 t=0047] choose_plan=5 action=1 reward=0.540 info={'t': 48, 'max_steps': 100, 'dominant_type': 'auth_fail', 'target_action': 1, 'prev_risk': 0.0, 'risk': 0.0}
[ep=07 t=0048] choose_plan=3 action=1 reward=0.539 info={'t': 49, 'max_steps': 100, 'dominant_type': 'auth_fail', 'target_action': 1, 'prev_risk': 0.0, 'risk': 0.0}
[ep=07 t=0049] choose_plan=3 action=1 reward=0.014 info={'t': 50, 'max_steps': 100, 'dominant_type': 'proc_spawn', 'target_action': 2, 'prev_risk': 0.0, 'risk': 0.0}
[ep=07 t=0050] choose_plan=0 action=2 reward=0.338 info={'t': 51, 'max_steps': 100, 'dominant_type': 'outbound_conn', 'target_action': 2, 'prev_risk': 0.0, 'risk': 0.0}
[ep=07 t=0051] choose_plan=3 action=2 reward=0.295 info={'t': 52, 'max_steps': 100, 'dominant_type': 'outbound_conn', 'target_action': 2, 'prev_risk': 0.0, 'risk': 0.0}
[ep=07 t=0052] choose_plan=2 action=2 reward=0.322 info={'t': 53, 'max_steps': 100, 'dominant_type': 'outbound_conn', 'target_action': 2, 'prev_risk': 0.0, 'risk': 0.0}
[ep=07 t=0053] choose_plan=0 action=2 reward=0.318 info={'t': 54, 'max_steps': 100, 'dominant_type': 'outbound_conn', 'target_action': 2, 'prev_risk': 0.0, 'risk': 0.0}
[ep=07 t=0054] choose_plan=5 action=2 reward=-0.203 info={'t': 55, 'max_steps': 100, 'dominant_type': 'auth_fail', 'target_action': 1, 'prev_risk': 0.0, 'risk': 0.0}
[ep=07 t=0055] choose_plan=2 action=1 reward=0.552 info={'t': 56, 'max_steps': 100, 'dominant_type': 'port_scan', 'target_action': 1, 'prev_risk': 0.0, 'risk': 0.0}
[ep=07 t=0056] choose_plan=0 action=1 reward=-0.005 info={'t': 57, 'max_steps': 100, 'dominant_type': 'outbound_conn', 'target_action': 2, 'prev_risk': 0.0, 'risk': 0.0}
[ep=07 t=0057] choose_plan=1 action=2 reward=0.314 info={'t': 58, 'max_steps': 100, 'dominant_type': 'proc_spawn', 'target_action': 2, 'prev_risk': 0.0, 'risk': 0.0}
[ep=07 t=0058] choose_plan=1 action=2 reward=0.333 info={'t': 59, 'max_steps': 100, 'dominant_type': 'proc_spawn', 'target_action': 2, 'prev_risk': 0.0, 'risk': 0.0}
[ep=07 t=0059] choose_plan=4 action=2 reward=0.332 info={'t': 60, 'max_steps': 100, 'dominant_type': 'proc_spawn', 'target_action': 2, 'prev_risk': 0.0, 'risk': 0.0}
[ep=07 t=0060] choose_plan=1 action=2 reward=-0.117 info={'t': 61, 'max_steps': 100, 'dominant_type': 'auth_fail', 'target_action': 1, 'prev_risk': 0.0, 'risk': 0.0}
[ep=07 t=0061] choose_plan=1 action=1 reward=0.580 info={'t': 62, 'max_steps': 100, 'dominant_type': 'auth_fail', 'target_action': 1, 'prev_risk': 0.0, 'risk': 0.0}
[ep=07 t=0062] choose_plan=5 action=1 reward=-0.003 info={'t': 63, 'max_steps': 100, 'dominant_type': 'outbound_conn', 'target_action': 2, 'prev_risk': 0.0, 'risk': 0.0}
[ep=07 t=0063] choose_plan=4 action=2 reward=-0.198 info={'t': 64, 'max_steps': 100, 'dominant_type': 'auth_fail', 'target_action': 1, 'prev_risk': 0.0, 'risk': 0.0}
[ep=07 t=0064] choose_plan=2 action=1 reward=0.557 info={'t': 65, 'max_steps': 100, 'dominant_type': 'port_scan', 'target_action': 1, 'prev_risk': 0.0, 'risk': 0.0}
[ep=07 t=0065] choose_plan=3 action=1 reward=0.505 info={'t': 66, 'max_steps': 100, 'dominant_type': 'auth_fail', 'target_action': 1, 'prev_risk': 0.0, 'risk': 0.0}
[ep=07 t=0066] choose_plan=3 action=1 reward=-0.005 info={'t': 67, 'max_steps': 100, 'dominant_type': 'proc_spawn', 'target_action': 2, 'prev_risk': 0.0, 'risk': 0.0}
[ep=07 t=0067] choose_plan=4 action=2 reward=0.324 info={'t': 68, 'max_steps': 100, 'dominant_type': 'outbound_conn', 'target_action': 2, 'prev_risk': 0.0, 'risk': 0.0}
[ep=07 t=0068] choose_plan=1 action=2 reward=-0.215 info={'t': 69, 'max_steps': 100, 'dominant_type': 'port_scan', 'target_action': 1, 'prev_risk': 0.0, 'risk': 0.0}
[ep=07 t=0069] choose_plan=5 action=1 reward=0.412 info={'t': 70, 'max_steps': 100, 'dominant_type': 'port_scan', 'target_action': 1, 'prev_risk': 0.0, 'risk': 0.04395229994556661}
[ep=07 t=0070] choose_plan=1 action=1 reward=0.257 info={'t': 71, 'max_steps': 100, 'dominant_type': 'outbound_conn', 'target_action': 2, 'prev_risk': 0.04395229994556661, 'risk': 0.0032250537487341843}
[ep=07 t=0071] choose_plan=0 action=2 reward=-0.197 info={'t': 72, 'max_steps': 100, 'dominant_type': 'port_scan', 'target_action': 1, 'prev_risk': 0.0032250537487341843, 'risk': 0.0}
[ep=07 t=0072] choose_plan=1 action=1 reward=0.080 info={'t': 73, 'max_steps': 100, 'dominant_type': 'outbound_conn', 'target_action': 2, 'prev_risk': 0.0, 'risk': 0.0}
[ep=07 t=0073] choose_plan=2 action=2 reward=-0.215 info={'t': 74, 'max_steps': 100, 'dominant_type': 'auth_fail', 'target_action': 1, 'prev_risk': 0.0, 'risk': 0.0}
[ep=07 t=0074] choose_plan=1 action=1 reward=0.000 info={'t': 75, 'max_steps': 100, 'dominant_type': 'proc_spawn', 'target_action': 2, 'prev_risk': 0.0, 'risk': 0.0}
[ep=07 t=0075] choose_plan=3 action=2 reward=0.295 info={'t': 76, 'max_steps': 100, 'dominant_type': 'proc_spawn', 'target_action': 2, 'prev_risk': 0.0, 'risk': 0.0}
[ep=07 t=0076] choose_plan=3 action=2 reward=0.295 info={'t': 77, 'max_steps': 100, 'dominant_type': 'outbound_conn', 'target_action': 2, 'prev_risk': 0.0, 'risk': 0.0}
[ep=07 t=0077] choose_plan=0 action=2 reward=-0.174 info={'t': 78, 'max_steps': 100, 'dominant_type': 'port_scan', 'target_action': 1, 'prev_risk': 0.0, 'risk': 0.0}
[ep=07 t=0078] choose_plan=2 action=1 reward=0.023 info={'t': 79, 'max_steps': 100, 'dominant_type': 'outbound_conn', 'target_action': 2, 'prev_risk': 0.0, 'risk': 0.0}
[ep=07 t=0079] choose_plan=3 action=2 reward=0.300 info={'t': 80, 'max_steps': 100, 'dominant_type': 'proc_spawn', 'target_action': 2, 'prev_risk': 0.0, 'risk': 0.0}
[ep=07 t=0080] choose_plan=1 action=2 reward=0.301 info={'t': 81, 'max_steps': 100, 'dominant_type': 'proc_spawn', 'target_action': 2, 'prev_risk': 0.0, 'risk': 0.0}
[ep=07 t=0081] choose_plan=2 action=2 reward=0.316 info={'t': 82, 'max_steps': 100, 'dominant_type': 'outbound_conn', 'target_action': 2, 'prev_risk': 0.0, 'risk': 0.0}
[ep=07 t=0082] choose_plan=1 action=2 reward=-0.188 info={'t': 83, 'max_steps': 100, 'dominant_type': 'auth_fail', 'target_action': 1, 'prev_risk': 0.0, 'risk': 0.0}
[ep=07 t=0083] choose_plan=3 action=1 reward=0.560 info={'t': 84, 'max_steps': 100, 'dominant_type': 'port_scan', 'target_action': 1, 'prev_risk': 0.0, 'risk': 0.0}
[ep=07 t=0084] choose_plan=0 action=1 reward=0.016 info={'t': 85, 'max_steps': 100, 'dominant_type': 'outbound_conn', 'target_action': 2, 'prev_risk': 0.0, 'risk': 0.0}
[ep=07 t=0085] choose_plan=3 action=2 reward=-0.195 info={'t': 86, 'max_steps': 100, 'dominant_type': 'port_scan', 'target_action': 1, 'prev_risk': 0.0, 'risk': 0.0}
[ep=07 t=0086] choose_plan=4 action=1 reward=0.411 info={'t': 87, 'max_steps': 100, 'dominant_type': 'auth_fail', 'target_action': 1, 'prev_risk': 0.0, 'risk': 0.035132772725916986}
[ep=07 t=0087] choose_plan=2 action=1 reward=0.187 info={'t': 88, 'max_steps': 100, 'dominant_type': 'outbound_conn', 'target_action': 2, 'prev_risk': 0.035132772725916986, 'risk': 0.0023823493184479405}
[ep=07 t=0088] choose_plan=3 action=2 reward=0.308 info={'t': 89, 'max_steps': 100, 'dominant_type': 'outbound_conn', 'target_action': 2, 'prev_risk': 0.0023823493184479405, 'risk': 0.0}
[ep=07 t=0089] choose_plan=1 action=2 reward=0.313 info={'t': 90, 'max_steps': 100, 'dominant_type': 'outbound_conn', 'target_action': 2, 'prev_risk': 0.0, 'risk': 0.0}
[ep=07 t=0090] choose_plan=2 action=2 reward=-0.202 info={'t': 91, 'max_steps': 100, 'dominant_type': 'auth_fail', 'target_action': 1, 'prev_risk': 0.0, 'risk': 0.0}
[ep=07 t=0091] choose_plan=1 action=1 reward=0.001 info={'t': 92, 'max_steps': 100, 'dominant_type': 'outbound_conn', 'target_action': 2, 'prev_risk': 0.0, 'risk': 0.0}
[ep=07 t=0092] choose_plan=5 action=2 reward=0.295 info={'t': 93, 'max_steps': 100, 'dominant_type': 'proc_spawn', 'target_action': 2, 'prev_risk': 0.0, 'risk': 0.0}
[ep=07 t=0093] choose_plan=0 action=2 reward=-0.171 info={'t': 94, 'max_steps': 100, 'dominant_type': 'port_scan', 'target_action': 1, 'prev_risk': 0.0, 'risk': 0.0}
[ep=07 t=0094] choose_plan=5 action=1 reward=0.029 info={'t': 95, 'max_steps': 100, 'dominant_type': 'proc_spawn', 'target_action': 2, 'prev_risk': 0.0, 'risk': 0.0}
[ep=07 t=0095] choose_plan=2 action=2 reward=0.295 info={'t': 96, 'max_steps': 100, 'dominant_type': 'proc_spawn', 'target_action': 2, 'prev_risk': 0.0, 'risk': 0.0}
[ep=07 t=0096] choose_plan=0 action=2 reward=0.303 info={'t': 97, 'max_steps': 100, 'dominant_type': 'proc_spawn', 'target_action': 2, 'prev_risk': 0.0, 'risk': 0.0}
[ep=07 t=0097] choose_plan=3 action=2 reward=-0.193 info={'t': 98, 'max_steps': 100, 'dominant_type': 'port_scan', 'target_action': 1, 'prev_risk': 0.0, 'risk': 0.0}
[ep=07 t=0098] choose_plan=0 action=1 reward=0.548 info={'t': 99, 'max_steps': 100, 'dominant_type': 'port_scan', 'target_action': 1, 'prev_risk': 0.0, 'risk': 0.0}
[ep=07 t=0099] choose_plan=3 action=1 reward=0.525 info={'t': 100, 'max_steps': 100, 'dominant_type': 'auth_fail', 'target_action': 1, 'prev_risk': 0.0, 'risk': 0.0}
# done at t=99
# episode_summary {"episode": 7, "episode_return": 20.06089007504962, "reward_mean": 0.2006089007504962, "reward_min": -0.22902163479116794, "reward_max": 0.8888282450616044, "steps": 100, "unique_actions": 2, "top5_actions": [[2, 55], [1, 45]]}

# ===== EPISODE 8 =====
[ep=08 t=0000] choose_plan=0 action=2 reward=0.168 info={'t': 1, 'max_steps': 100, 'dominant_type': 'outbound_conn', 'target_action': 2, 'prev_risk': 0.29746858805583637, 'risk': 0.22243284343532943}
[ep=08 t=0001] choose_plan=1 action=1 reward=-0.145 info={'t': 2, 'max_steps': 100, 'dominant_type': 'auth_fail', 'target_action': 1, 'prev_risk': 0.22243284343532943, 'risk': 0.214795743585725}
[ep=08 t=0002] choose_plan=2 action=1 reward=0.189 info={'t': 3, 'max_steps': 100, 'dominant_type': 'port_scan', 'target_action': 1, 'prev_risk': 0.214795743585725, 'risk': 0.18542468503150833}
[ep=08 t=0003] choose_plan=2 action=1 reward=-0.690 info={'t': 4, 'max_steps': 100, 'dominant_type': 'outbound_conn', 'target_action': 2, 'prev_risk': 0.18542468503150833, 'risk': 0.20286593247611753}
[ep=08 t=0004] choose_plan=3 action=2 reward=0.015 info={'t': 5, 'max_steps': 100, 'dominant_type': 'port_scan', 'target_action': 1, 'prev_risk': 0.20286593247611753, 'risk': 0.1073051856735247}
[ep=08 t=0005] choose_plan=1 action=1 reward=0.412 info={'t': 6, 'max_steps': 100, 'dominant_type': 'port_scan', 'target_action': 1, 'prev_risk': 0.1073051856735247, 'risk': 0.08590842926560083}
[ep=08 t=0006] choose_plan=1 action=1 reward=-0.254 info={'t': 7, 'max_steps': 100, 'dominant_type': 'proc_spawn', 'target_action': 2, 'prev_risk': 0.08590842926560083, 'risk': 0.10353387156172039}
[ep=08 t=0007] choose_plan=0 action=2 reward=0.809 info={'t': 8, 'max_steps': 100, 'dominant_type': 'outbound_conn', 'target_action': 2, 'prev_risk': 0.10353387156172039, 'risk': 0.015975350099557}
[ep=08 t=0008] choose_plan=1 action=2 reward=-0.126 info={'t': 9, 'max_steps': 100, 'dominant_type': 'port_scan', 'target_action': 1, 'prev_risk': 0.015975350099557, 'risk': 0.0}
[ep=08 t=0009] choose_plan=1 action=1 reward=0.551 info={'t': 10, 'max_steps': 100, 'dominant_type': 'port_scan', 'target_action': 1, 'prev_risk': 0.0, 'risk': 0.0}
[ep=08 t=0010] choose_plan=2 action=1 reward=0.530 info={'t': 11, 'max_steps': 100, 'dominant_type': 'auth_fail', 'target_action': 1, 'prev_risk': 0.0, 'risk': 0.010197953608168435}
[ep=08 t=0011] choose_plan=1 action=1 reward=0.597 info={'t': 12, 'max_steps': 100, 'dominant_type': 'port_scan', 'target_action': 1, 'prev_risk': 0.010197953608168435, 'risk': 0.0}
[ep=08 t=0012] choose_plan=2 action=1 reward=-0.005 info={'t': 13, 'max_steps': 100, 'dominant_type': 'proc_spawn', 'target_action': 2, 'prev_risk': 0.0, 'risk': 0.0}
[ep=08 t=0013] choose_plan=0 action=2 reward=-0.161 info={'t': 14, 'max_steps': 100, 'dominant_type': 'auth_fail', 'target_action': 1, 'prev_risk': 0.0, 'risk': 0.0}
[ep=08 t=0014] choose_plan=5 action=1 reward=0.027 info={'t': 15, 'max_steps': 100, 'dominant_type': 'proc_spawn', 'target_action': 2, 'prev_risk': 0.0, 'risk': 0.0}
[ep=08 t=0015] choose_plan=0 action=2 reward=-0.183 info={'t': 16, 'max_steps': 100, 'dominant_type': 'auth_fail', 'target_action': 1, 'prev_risk': 0.0, 'risk': 0.0}
[ep=08 t=0016] choose_plan=0 action=1 reward=-0.005 info={'t': 17, 'max_steps': 100, 'dominant_type': 'proc_spawn', 'target_action': 2, 'prev_risk': 0.0, 'risk': 0.0}
[ep=08 t=0017] choose_plan=1 action=2 reward=-0.210 info={'t': 18, 'max_steps': 100, 'dominant_type': 'auth_fail', 'target_action': 1, 'prev_risk': 0.0, 'risk': 0.0}
[ep=08 t=0018] choose_plan=1 action=1 reward=0.063 info={'t': 19, 'max_steps': 100, 'dominant_type': 'proc_spawn', 'target_action': 2, 'prev_risk': 0.0, 'risk': 0.0}
[ep=08 t=0019] choose_plan=4 action=2 reward=0.297 info={'t': 20, 'max_steps': 100, 'dominant_type': 'proc_spawn', 'target_action': 2, 'prev_risk': 0.0, 'risk': 0.0}
[ep=08 t=0020] choose_plan=0 action=2 reward=0.295 info={'t': 21, 'max_steps': 100, 'dominant_type': 'proc_spawn', 'target_action': 2, 'prev_risk': 0.0, 'risk': 0.0}
[ep=08 t=0021] choose_plan=3 action=2 reward=-0.144 info={'t': 22, 'max_steps': 100, 'dominant_type': 'auth_fail', 'target_action': 1, 'prev_risk': 0.0, 'risk': 0.0}
[ep=08 t=0022] choose_plan=5 action=1 reward=0.505 info={'t': 23, 'max_steps': 100, 'dominant_type': 'port_scan', 'target_action': 1, 'prev_risk': 0.0, 'risk': 0.0}
[ep=08 t=0023] choose_plan=0 action=1 reward=0.012 info={'t': 24, 'max_steps': 100, 'dominant_type': 'proc_spawn', 'target_action': 2, 'prev_risk': 0.0, 'risk': 0.0}
[ep=08 t=0024] choose_plan=3 action=2 reward=0.295 info={'t': 25, 'max_steps': 100, 'dominant_type': 'proc_spawn', 'target_action': 2, 'prev_risk': 0.0, 'risk': 0.0}
[ep=08 t=0025] choose_plan=2 action=2 reward=0.303 info={'t': 26, 'max_steps': 100, 'dominant_type': 'outbound_conn', 'target_action': 2, 'prev_risk': 0.0, 'risk': 0.0}
[ep=08 t=0026] choose_plan=0 action=2 reward=-0.184 info={'t': 27, 'max_steps': 100, 'dominant_type': 'port_scan', 'target_action': 1, 'prev_risk': 0.0, 'risk': 0.0}
[ep=08 t=0027] choose_plan=0 action=1 reward=0.017 info={'t': 28, 'max_steps': 100, 'dominant_type': 'outbound_conn', 'target_action': 2, 'prev_risk': 0.0, 'risk': 0.0}
[ep=08 t=0028] choose_plan=0 action=2 reward=-0.190 info={'t': 29, 'max_steps': 100, 'dominant_type': 'port_scan', 'target_action': 1, 'prev_risk': 0.0, 'risk': 0.0}
[ep=08 t=0029] choose_plan=1 action=1 reward=0.044 info={'t': 30, 'max_steps': 100, 'dominant_type': 'proc_spawn', 'target_action': 2, 'prev_risk': 0.0, 'risk': 0.0}
[ep=08 t=0030] choose_plan=3 action=2 reward=-0.212 info={'t': 31, 'max_steps': 100, 'dominant_type': 'port_scan', 'target_action': 1, 'prev_risk': 0.0, 'risk': 0.0}
[ep=08 t=0031] choose_plan=2 action=1 reward=0.021 info={'t': 32, 'max_steps': 100, 'dominant_type': 'outbound_conn', 'target_action': 2, 'prev_risk': 0.0, 'risk': 0.0}
[ep=08 t=0032] choose_plan=0 action=2 reward=0.295 info={'t': 33, 'max_steps': 100, 'dominant_type': 'proc_spawn', 'target_action': 2, 'prev_risk': 0.0, 'risk': 0.0}
[ep=08 t=0033] choose_plan=3 action=2 reward=0.295 info={'t': 34, 'max_steps': 100, 'dominant_type': 'proc_spawn', 'target_action': 2, 'prev_risk': 0.0, 'risk': 0.0}
[ep=08 t=0034] choose_plan=5 action=2 reward=-0.150 info={'t': 35, 'max_steps': 100, 'dominant_type': 'auth_fail', 'target_action': 1, 'prev_risk': 0.0, 'risk': 0.0}
[ep=08 t=0035] choose_plan=3 action=1 reward=-0.006 info={'t': 36, 'max_steps': 100, 'dominant_type': 'proc_spawn', 'target_action': 2, 'prev_risk': 0.0, 'risk': 0.0002567955051061624}
[ep=08 t=0036] choose_plan=2 action=2 reward=-0.214 info={'t': 37, 'max_steps': 100, 'dominant_type': 'auth_fail', 'target_action': 1, 'prev_risk': 0.0002567955051061624, 'risk': 0.0}
[ep=08 t=0037] choose_plan=1 action=1 reward=0.523 info={'t': 38, 'max_steps': 100, 'dominant_type': 'port_scan', 'target_action': 1, 'prev_risk': 0.0, 'risk': 0.0}
[ep=08 t=0038] choose_plan=1 action=1 reward=-0.003 info={'t': 39, 'max_steps': 100, 'dominant_type': 'proc_spawn', 'target_action': 2, 'prev_risk': 0.0, 'risk': 0.0}
[ep=08 t=0039] choose_plan=4 action=2 reward=0.320 info={'t': 40, 'max_steps': 100, 'dominant_type': 'outbound_conn', 'target_action': 2, 'prev_risk': 0.0, 'risk': 0.0}
[ep=08 t=0040] choose_plan=1 action=2 reward=0.353 info={'t': 41, 'max_steps': 100, 'dominant_type': 'proc_spawn', 'target_action': 2, 'prev_risk': 0.0, 'risk': 0.0}
[ep=08 t=0041] choose_plan=5 action=2 reward=-0.215 info={'t': 42, 'max_steps': 100, 'dominant_type': 'auth_fail', 'target_action': 1, 'prev_risk': 0.0, 'risk': 0.0}
[ep=08 t=0042] choose_plan=0 action=1 reward=0.515 info={'t': 43, 'max_steps': 100, 'dominant_type': 'port_scan', 'target_action': 1, 'prev_risk': 0.0, 'risk': 0.0}
[ep=08 t=0043] choose_plan=3 action=1 reward=0.547 info={'t': 44, 'max_steps': 100, 'dominant_type': 'auth_fail', 'target_action': 1, 'prev_risk': 0.0, 'risk': 0.0}
[ep=08 t=0044] choose_plan=2 action=1 reward=0.034 info={'t': 45, 'max_steps': 100, 'dominant_type': 'outbound_conn', 'target_action': 2, 'prev_risk': 0.0, 'risk': 0.0}
[ep=08 t=0045] choose_plan=5 action=2 reward=-0.192 info={'t': 46, 'max_steps': 100, 'dominant_type': 'port_scan', 'target_action': 1, 'prev_risk': 0.0, 'risk': 0.0}
[ep=08 t=0046] choose_plan=1 action=1 reward=0.493 info={'t': 47, 'max_steps': 100, 'dominant_type': 'port_scan', 'target_action': 1, 'prev_risk': 0.0, 'risk': 0.004165022685888697}
[ep=08 t=0047] choose_plan=5 action=1 reward=0.528 info={'t': 48, 'max_steps': 100, 'dominant_type': 'port_scan', 'target_action': 1, 'prev_risk': 0.004165022685888697, 'risk': 0.0}
[ep=08 t=0048] choose_plan=5 action=1 reward=0.523 info={'t': 49, 'max_steps': 100, 'dominant_type': 'port_scan', 'target_action': 1, 'prev_risk': 0.0, 'risk': 0.0007595973527887087}
[ep=08 t=0049] choose_plan=0 action=1 reward=0.056 info={'t': 50, 'max_steps': 100, 'dominant_type': 'proc_spawn', 'target_action': 2, 'prev_risk': 0.0007595973527887087, 'risk': 0.0}
[ep=08 t=0050] choose_plan=2 action=2 reward=-0.172 info={'t': 51, 'max_steps': 100, 'dominant_type': 'port_scan', 'target_action': 1, 'prev_risk': 0.0, 'risk': 0.0}
[ep=08 t=0051] choose_plan=0 action=1 reward=0.552 info={'t': 52, 'max_steps': 100, 'dominant_type': 'port_scan', 'target_action': 1, 'prev_risk': 0.0, 'risk': 0.0}
[ep=08 t=0052] choose_plan=5 action=1 reward=0.552 info={'t': 53, 'max_steps': 100, 'dominant_type': 'port_scan', 'target_action': 1, 'prev_risk': 0.0, 'risk': 0.0}
[ep=08 t=0053] choose_plan=4 action=1 reward=-0.005 info={'t': 54, 'max_steps': 100, 'dominant_type': 'outbound_conn', 'target_action': 2, 'prev_risk': 0.0, 'risk': 0.0}
[ep=08 t=0054] choose_plan=3 action=2 reward=0.295 info={'t': 55, 'max_steps': 100, 'dominant_type': 'outbound_conn', 'target_action': 2, 'prev_risk': 0.0, 'risk': 0.0}
[ep=08 t=0055] choose_plan=1 action=2 reward=0.295 info={'t': 56, 'max_steps': 100, 'dominant_type': 'proc_spawn', 'target_action': 2, 'prev_risk': 0.0, 'risk': 0.0}
[ep=08 t=0056] choose_plan=2 action=2 reward=-0.167 info={'t': 57, 'max_steps': 100, 'dominant_type': 'port_scan', 'target_action': 1, 'prev_risk': 0.0, 'risk': 0.0}
[ep=08 t=0057] choose_plan=0 action=1 reward=0.534 info={'t': 58, 'max_steps': 100, 'dominant_type': 'auth_fail', 'target_action': 1, 'prev_risk': 0.0, 'risk': 0.0}
[ep=08 t=0058] choose_plan=0 action=1 reward=0.011 info={'t': 59, 'max_steps': 100, 'dominant_type': 'outbound_conn', 'target_action': 2, 'prev_risk': 0.0, 'risk': 0.0}
[ep=08 t=0059] choose_plan=1 action=2 reward=-0.215 info={'t': 60, 'max_steps': 100, 'dominant_type': 'port_scan', 'target_action': 1, 'prev_risk': 0.0, 'risk': 0.0}
[ep=08 t=0060] choose_plan=1 action=1 reward=0.505 info={'t': 61, 'max_steps': 100, 'dominant_type': 'auth_fail', 'target_action': 1, 'prev_risk': 0.0, 'risk': 0.0}
[ep=08 t=0061] choose_plan=2 action=1 reward=0.033 info={'t': 62, 'max_steps': 100, 'dominant_type': 'proc_spawn', 'target_action': 2, 'prev_risk': 0.0, 'risk': 0.0}
[ep=08 t=0062] choose_plan=1 action=2 reward=-0.198 info={'t': 63, 'max_steps': 100, 'dominant_type': 'auth_fail', 'target_action': 1, 'prev_risk': 0.0, 'risk': 0.0}
[ep=08 t=0063] choose_plan=0 action=1 reward=0.505 info={'t': 64, 'max_steps': 100, 'dominant_type': 'port_scan', 'target_action': 1, 'prev_risk': 0.0, 'risk': 0.0}
[ep=08 t=0064] choose_plan=3 action=1 reward=-0.005 info={'t': 65, 'max_steps': 100, 'dominant_type': 'outbound_conn', 'target_action': 2, 'prev_risk': 0.0, 'risk': 0.0}
[ep=08 t=0065] choose_plan=1 action=2 reward=-0.215 info={'t': 66, 'max_steps': 100, 'dominant_type': 'port_scan', 'target_action': 1, 'prev_risk': 0.0, 'risk': 0.0}
[ep=08 t=0066] choose_plan=2 action=1 reward=-0.005 info={'t': 67, 'max_steps': 100, 'dominant_type': 'outbound_conn', 'target_action': 2, 'prev_risk': 0.0, 'risk': 0.0}
[ep=08 t=0067] choose_plan=1 action=2 reward=0.338 info={'t': 68, 'max_steps': 100, 'dominant_type': 'proc_spawn', 'target_action': 2, 'prev_risk': 0.0, 'risk': 0.0}
[ep=08 t=0068] choose_plan=3 action=2 reward=0.346 info={'t': 69, 'max_steps': 100, 'dominant_type': 'outbound_conn', 'target_action': 2, 'prev_risk': 0.0, 'risk': 0.0}
[ep=08 t=0069] choose_plan=3 action=2 reward=0.314 info={'t': 70, 'max_steps': 100, 'dominant_type': 'outbound_conn', 'target_action': 2, 'prev_risk': 0.0, 'risk': 0.0}
[ep=08 t=0070] choose_plan=1 action=2 reward=0.333 info={'t': 71, 'max_steps': 100, 'dominant_type': 'outbound_conn', 'target_action': 2, 'prev_risk': 0.0, 'risk': 0.0}
[ep=08 t=0071] choose_plan=4 action=2 reward=-0.193 info={'t': 72, 'max_steps': 100, 'dominant_type': 'port_scan', 'target_action': 1, 'prev_risk': 0.0, 'risk': 0.0}
[ep=08 t=0072] choose_plan=5 action=1 reward=0.505 info={'t': 73, 'max_steps': 100, 'dominant_type': 'port_scan', 'target_action': 1, 'prev_risk': 0.0, 'risk': 0.0}
[ep=08 t=0073] choose_plan=5 action=1 reward=0.540 info={'t': 74, 'max_steps': 100, 'dominant_type': 'port_scan', 'target_action': 1, 'prev_risk': 0.0, 'risk': 0.0}
[ep=08 t=0074] choose_plan=2 action=1 reward=0.526 info={'t': 75, 'max_steps': 100, 'dominant_type': 'port_scan', 'target_action': 1, 'prev_risk': 0.0, 'risk': 0.0}
[ep=08 t=0075] choose_plan=4 action=1 reward=0.004 info={'t': 76, 'max_steps': 100, 'dominant_type': 'outbound_conn', 'target_action': 2, 'prev_risk': 0.0, 'risk': 0.0}
[ep=08 t=0076] choose_plan=2 action=2 reward=-0.165 info={'t': 77, 'max_steps': 100, 'dominant_type': 'port_scan', 'target_action': 1, 'prev_risk': 0.0, 'risk': 0.0}
[ep=08 t=0077] choose_plan=4 action=1 reward=0.505 info={'t': 78, 'max_steps': 100, 'dominant_type': 'port_scan', 'target_action': 1, 'prev_risk': 0.0, 'risk': 0.0}
[ep=08 t=0078] choose_plan=1 action=1 reward=0.047 info={'t': 79, 'max_steps': 100, 'dominant_type': 'outbound_conn', 'target_action': 2, 'prev_risk': 0.0, 'risk': 0.0}
[ep=08 t=0079] choose_plan=4 action=2 reward=0.329 info={'t': 80, 'max_steps': 100, 'dominant_type': 'outbound_conn', 'target_action': 2, 'prev_risk': 0.0, 'risk': 0.0}
[ep=08 t=0080] choose_plan=2 action=2 reward=-0.193 info={'t': 81, 'max_steps': 100, 'dominant_type': 'port_scan', 'target_action': 1, 'prev_risk': 0.0, 'risk': 0.0}
[ep=08 t=0081] choose_plan=0 action=1 reward=0.046 info={'t': 82, 'max_steps': 100, 'dominant_type': 'proc_spawn', 'target_action': 2, 'prev_risk': 0.0, 'risk': 0.0}
[ep=08 t=0082] choose_plan=3 action=2 reward=0.295 info={'t': 83, 'max_steps': 100, 'dominant_type': 'outbound_conn', 'target_action': 2, 'prev_risk': 0.0, 'risk': 0.0}
[ep=08 t=0083] choose_plan=0 action=2 reward=0.353 info={'t': 84, 'max_steps': 100, 'dominant_type': 'outbound_conn', 'target_action': 2, 'prev_risk': 0.0, 'risk': 0.0}
[ep=08 t=0084] choose_plan=3 action=2 reward=0.339 info={'t': 85, 'max_steps': 100, 'dominant_type': 'outbound_conn', 'target_action': 2, 'prev_risk': 0.0, 'risk': 0.0}
[ep=08 t=0085] choose_plan=5 action=2 reward=0.317 info={'t': 86, 'max_steps': 100, 'dominant_type': 'outbound_conn', 'target_action': 2, 'prev_risk': 0.0, 'risk': 0.0}
[ep=08 t=0086] choose_plan=3 action=2 reward=0.304 info={'t': 87, 'max_steps': 100, 'dominant_type': 'proc_spawn', 'target_action': 2, 'prev_risk': 0.0, 'risk': 0.0}
[ep=08 t=0087] choose_plan=0 action=2 reward=-0.193 info={'t': 88, 'max_steps': 100, 'dominant_type': 'port_scan', 'target_action': 1, 'prev_risk': 0.0, 'risk': 0.0}
[ep=08 t=0088] choose_plan=0 action=1 reward=0.505 info={'t': 89, 'max_steps': 100, 'dominant_type': 'port_scan', 'target_action': 1, 'prev_risk': 0.0, 'risk': 0.0}
[ep=08 t=0089] choose_plan=1 action=1 reward=0.009 info={'t': 90, 'max_steps': 100, 'dominant_type': 'proc_spawn', 'target_action': 2, 'prev_risk': 0.0, 'risk': 0.0}
[ep=08 t=0090] choose_plan=0 action=2 reward=-0.215 info={'t': 91, 'max_steps': 100, 'dominant_type': 'auth_fail', 'target_action': 1, 'prev_risk': 0.0, 'risk': 0.0}
[ep=08 t=0091] choose_plan=2 action=1 reward=0.563 info={'t': 92, 'max_steps': 100, 'dominant_type': 'auth_fail', 'target_action': 1, 'prev_risk': 0.0, 'risk': 0.0}
[ep=08 t=0092] choose_plan=5 action=1 reward=0.536 info={'t': 93, 'max_steps': 100, 'dominant_type': 'auth_fail', 'target_action': 1, 'prev_risk': 0.0, 'risk': 0.0}
[ep=08 t=0093] choose_plan=2 action=1 reward=0.425 info={'t': 94, 'max_steps': 100, 'dominant_type': 'port_scan', 'target_action': 1, 'prev_risk': 0.0, 'risk': 0.027701807942548548}
[ep=08 t=0094] choose_plan=0 action=1 reward=0.660 info={'t': 95, 'max_steps': 100, 'dominant_type': 'auth_fail', 'target_action': 1, 'prev_risk': 0.027701807942548548, 'risk': 0.0}
[ep=08 t=0095] choose_plan=1 action=1 reward=-0.005 info={'t': 96, 'max_steps': 100, 'dominant_type': 'outbound_conn', 'target_action': 2, 'prev_risk': 0.0, 'risk': 0.0}
[ep=08 t=0096] choose_plan=0 action=2 reward=-0.181 info={'t': 97, 'max_steps': 100, 'dominant_type': 'auth_fail', 'target_action': 1, 'prev_risk': 0.0, 'risk': 0.0}
[ep=08 t=0097] choose_plan=1 action=1 reward=-0.005 info={'t': 98, 'max_steps': 100, 'dominant_type': 'proc_spawn', 'target_action': 2, 'prev_risk': 0.0, 'risk': 0.0}
[ep=08 t=0098] choose_plan=5 action=2 reward=0.296 info={'t': 99, 'max_steps': 100, 'dominant_type': 'outbound_conn', 'target_action': 2, 'prev_risk': 0.0, 'risk': 0.0}
[ep=08 t=0099] choose_plan=0 action=2 reward=-0.215 info={'t': 100, 'max_steps': 100, 'dominant_type': 'port_scan', 'target_action': 1, 'prev_risk': 0.0, 'risk': 0.0}
# done at t=99
# episode_summary {"episode": 8, "episode_return": 15.711955234590336, "reward_mean": 0.15711955234590336, "reward_min": -0.6896538431838223, "reward_max": 0.8086193260224884, "steps": 100, "unique_actions": 2, "top5_actions": [[1, 52], [2, 48]]}

# ===== EPISODE 9 =====
[ep=09 t=0000] choose_plan=0 action=2 reward=0.304 info={'t': 1, 'max_steps': 100, 'dominant_type': 'proc_spawn', 'target_action': 2, 'prev_risk': 0.28020748307771404, 'risk': 0.1892693810760938}
[ep=09 t=0001] choose_plan=0 action=2 reward=-0.464 info={'t': 2, 'max_steps': 100, 'dominant_type': 'auth_fail', 'target_action': 1, 'prev_risk': 0.1892693810760938, 'risk': 0.16777591890453702}
[ep=09 t=0002] choose_plan=3 action=1 reward=0.532 info={'t': 3, 'max_steps': 100, 'dominant_type': 'auth_fail', 'target_action': 1, 'prev_risk': 0.16777591890453702, 'risk': 0.11110200797446595}
[ep=09 t=0003] choose_plan=0 action=1 reward=-0.107 info={'t': 4, 'max_steps': 100, 'dominant_type': 'outbound_conn', 'target_action': 2, 'prev_risk': 0.11110200797446595, 'risk': 0.08557329055967847}
[ep=09 t=0004] choose_plan=0 action=2 reward=0.165 info={'t': 5, 'max_steps': 100, 'dominant_type': 'auth_fail', 'target_action': 1, 'prev_risk': 0.08557329055967847, 'risk': 0.01168843554726473}
[ep=09 t=0005] choose_plan=0 action=1 reward=0.063 info={'t': 6, 'max_steps': 100, 'dominant_type': 'outbound_conn', 'target_action': 2, 'prev_risk': 0.01168843554726473, 'risk': 0.0}
[ep=09 t=0006] choose_plan=1 action=2 reward=-0.191 info={'t': 7, 'max_steps': 100, 'dominant_type': 'auth_fail', 'target_action': 1, 'prev_risk': 0.0, 'risk': 0.0}
[ep=09 t=0007] choose_plan=5 action=1 reward=0.044 info={'t': 8, 'max_steps': 100, 'dominant_type': 'outbound_conn', 'target_action': 2, 'prev_risk': 0.0, 'risk': 0.0}
[ep=09 t=0008] choose_plan=4 action=2 reward=-0.163 info={'t': 9, 'max_steps': 100, 'dominant_type': 'port_scan', 'target_action': 1, 'prev_risk': 0.0, 'risk': 0.0}
[ep=09 t=0009] choose_plan=3 action=1 reward=-0.005 info={'t': 10, 'max_steps': 100, 'dominant_type': 'outbound_conn', 'target_action': 2, 'prev_risk': 0.0, 'risk': 0.0}
[ep=09 t=0010] choose_plan=1 action=2 reward=0.325 info={'t': 11, 'max_steps': 100, 'dominant_type': 'proc_spawn', 'target_action': 2, 'prev_risk': 0.0, 'risk': 0.0}
[ep=09 t=0011] choose_plan=3 action=2 reward=-0.182 info={'t': 12, 'max_steps': 100, 'dominant_type': 'auth_fail', 'target_action': 1, 'prev_risk': 0.0, 'risk': 0.0}
[ep=09 t=0012] choose_plan=3 action=1 reward=0.505 info={'t': 13, 'max_steps': 100, 'dominant_type': 'auth_fail', 'target_action': 1, 'prev_risk': 0.0, 'risk': 0.0}
[ep=09 t=0013] choose_plan=0 action=1 reward=0.505 info={'t': 14, 'max_steps': 100, 'dominant_type': 'port_scan', 'target_action': 1, 'prev_risk': 0.0, 'risk': 0.0}
[ep=09 t=0014] choose_plan=4 action=1 reward=0.047 info={'t': 15, 'max_steps': 100, 'dominant_type': 'proc_spawn', 'target_action': 2, 'prev_risk': 0.0, 'risk': 0.0}
[ep=09 t=0015] choose_plan=5 action=2 reward=-0.163 info={'t': 16, 'max_steps': 100, 'dominant_type': 'auth_fail', 'target_action': 1, 'prev_risk': 0.0, 'risk': 0.0}
[ep=09 t=0016] choose_plan=4 action=1 reward=0.032 info={'t': 17, 'max_steps': 100, 'dominant_type': 'proc_spawn', 'target_action': 2, 'prev_risk': 0.0, 'risk': 0.0}
[ep=09 t=0017] choose_plan=5 action=2 reward=0.308 info={'t': 18, 'max_steps': 100, 'dominant_type': 'outbound_conn', 'target_action': 2, 'prev_risk': 0.0, 'risk': 0.0}
[ep=09 t=0018] choose_plan=2 action=2 reward=-0.207 info={'t': 19, 'max_steps': 100, 'dominant_type': 'auth_fail', 'target_action': 1, 'prev_risk': 0.0, 'risk': 0.0}
[ep=09 t=0019] choose_plan=5 action=1 reward=0.540 info={'t': 20, 'max_steps': 100, 'dominant_type': 'port_scan', 'target_action': 1, 'prev_risk': 0.0, 'risk': 0.0}
[ep=09 t=0020] choose_plan=5 action=1 reward=0.064 info={'t': 21, 'max_steps': 100, 'dominant_type': 'proc_spawn', 'target_action': 2, 'prev_risk': 0.0, 'risk': 0.0}
[ep=09 t=0021] choose_plan=5 action=2 reward=0.303 info={'t': 22, 'max_steps': 100, 'dominant_type': 'outbound_conn', 'target_action': 2, 'prev_risk': 0.0, 'risk': 0.0}
[ep=09 t=0022] choose_plan=3 action=2 reward=-0.215 info={'t': 23, 'max_steps': 100, 'dominant_type': 'port_scan', 'target_action': 1, 'prev_risk': 0.0, 'risk': 0.0}
[ep=09 t=0023] choose_plan=5 action=1 reward=0.005 info={'t': 24, 'max_steps': 100, 'dominant_type': 'outbound_conn', 'target_action': 2, 'prev_risk': 0.0, 'risk': 0.0}
[ep=09 t=0024] choose_plan=1 action=2 reward=-0.213 info={'t': 25, 'max_steps': 100, 'dominant_type': 'auth_fail', 'target_action': 1, 'prev_risk': 0.0, 'risk': 0.0}
[ep=09 t=0025] choose_plan=1 action=1 reward=-0.005 info={'t': 26, 'max_steps': 100, 'dominant_type': 'proc_spawn', 'target_action': 2, 'prev_risk': 0.0, 'risk': 0.0}
[ep=09 t=0026] choose_plan=2 action=2 reward=0.322 info={'t': 27, 'max_steps': 100, 'dominant_type': 'proc_spawn', 'target_action': 2, 'prev_risk': 0.0, 'risk': 0.0}
[ep=09 t=0027] choose_plan=0 action=2 reward=-0.159 info={'t': 28, 'max_steps': 100, 'dominant_type': 'port_scan', 'target_action': 1, 'prev_risk': 0.0, 'risk': 0.0}
[ep=09 t=0028] choose_plan=4 action=1 reward=0.013 info={'t': 29, 'max_steps': 100, 'dominant_type': 'outbound_conn', 'target_action': 2, 'prev_risk': 0.0, 'risk': 0.0}
[ep=09 t=0029] choose_plan=0 action=2 reward=-0.215 info={'t': 30, 'max_steps': 100, 'dominant_type': 'port_scan', 'target_action': 1, 'prev_risk': 0.0, 'risk': 0.0}
[ep=09 t=0030] choose_plan=4 action=1 reward=0.035 info={'t': 31, 'max_steps': 100, 'dominant_type': 'proc_spawn', 'target_action': 2, 'prev_risk': 0.0, 'risk': 0.0}
[ep=09 t=0031] choose_plan=3 action=2 reward=-0.185 info={'t': 32, 'max_steps': 100, 'dominant_type': 'auth_fail', 'target_action': 1, 'prev_risk': 0.0, 'risk': 0.0}
[ep=09 t=0032] choose_plan=4 action=1 reward=0.000 info={'t': 33, 'max_steps': 100, 'dominant_type': 'outbound_conn', 'target_action': 2, 'prev_risk': 0.0, 'risk': 0.0}
[ep=09 t=0033] choose_plan=1 action=2 reward=0.299 info={'t': 34, 'max_steps': 100, 'dominant_type': 'outbound_conn', 'target_action': 2, 'prev_risk': 0.0, 'risk': 0.0}
[ep=09 t=0034] choose_plan=1 action=2 reward=-0.215 info={'t': 35, 'max_steps': 100, 'dominant_type': 'auth_fail', 'target_action': 1, 'prev_risk': 0.0, 'risk': 0.0}
[ep=09 t=0035] choose_plan=4 action=1 reward=0.071 info={'t': 36, 'max_steps': 100, 'dominant_type': 'proc_spawn', 'target_action': 2, 'prev_risk': 0.0, 'risk': 0.0}
[ep=09 t=0036] choose_plan=2 action=2 reward=0.311 info={'t': 37, 'max_steps': 100, 'dominant_type': 'outbound_conn', 'target_action': 2, 'prev_risk': 0.0, 'risk': 0.0}
[ep=09 t=0037] choose_plan=3 action=2 reward=0.295 info={'t': 38, 'max_steps': 100, 'dominant_type': 'proc_spawn', 'target_action': 2, 'prev_risk': 0.0, 'risk': 0.0}
[ep=09 t=0038] choose_plan=0 action=2 reward=-0.215 info={'t': 39, 'max_steps': 100, 'dominant_type': 'port_scan', 'target_action': 1, 'prev_risk': 0.0, 'risk': 0.0}
[ep=09 t=0039] choose_plan=3 action=1 reward=0.028 info={'t': 40, 'max_steps': 100, 'dominant_type': 'proc_spawn', 'target_action': 2, 'prev_risk': 0.0, 'risk': 0.0}
[ep=09 t=0040] choose_plan=0 action=2 reward=0.295 info={'t': 41, 'max_steps': 100, 'dominant_type': 'outbound_conn', 'target_action': 2, 'prev_risk': 0.0, 'risk': 0.0}
[ep=09 t=0041] choose_plan=1 action=2 reward=0.320 info={'t': 42, 'max_steps': 100, 'dominant_type': 'proc_spawn', 'target_action': 2, 'prev_risk': 0.0, 'risk': 0.0}
[ep=09 t=0042] choose_plan=1 action=2 reward=-0.198 info={'t': 43, 'max_steps': 100, 'dominant_type': 'port_scan', 'target_action': 1, 'prev_risk': 0.0, 'risk': 0.0}
[ep=09 t=0043] choose_plan=1 action=1 reward=0.545 info={'t': 44, 'max_steps': 100, 'dominant_type': 'port_scan', 'target_action': 1, 'prev_risk': 0.0, 'risk': 0.0}
[ep=09 t=0044] choose_plan=2 action=1 reward=0.517 info={'t': 45, 'max_steps': 100, 'dominant_type': 'port_scan', 'target_action': 1, 'prev_risk': 0.0, 'risk': 0.0}
[ep=09 t=0045] choose_plan=0 action=1 reward=0.038 info={'t': 46, 'max_steps': 100, 'dominant_type': 'outbound_conn', 'target_action': 2, 'prev_risk': 0.0, 'risk': 0.0}
[ep=09 t=0046] choose_plan=5 action=2 reward=0.372 info={'t': 47, 'max_steps': 100, 'dominant_type': 'proc_spawn', 'target_action': 2, 'prev_risk': 0.0, 'risk': 0.0}
[ep=09 t=0047] choose_plan=5 action=2 reward=-0.171 info={'t': 48, 'max_steps': 100, 'dominant_type': 'port_scan', 'target_action': 1, 'prev_risk': 0.0, 'risk': 0.0}
[ep=09 t=0048] choose_plan=3 action=1 reward=0.529 info={'t': 49, 'max_steps': 100, 'dominant_type': 'auth_fail', 'target_action': 1, 'prev_risk': 0.0, 'risk': 0.0}
[ep=09 t=0049] choose_plan=4 action=1 reward=0.015 info={'t': 50, 'max_steps': 100, 'dominant_type': 'proc_spawn', 'target_action': 2, 'prev_risk': 0.0, 'risk': 0.0}
[ep=09 t=0050] choose_plan=1 action=2 reward=-0.174 info={'t': 51, 'max_steps': 100, 'dominant_type': 'port_scan', 'target_action': 1, 'prev_risk': 0.0, 'risk': 0.0}
[ep=09 t=0051] choose_plan=4 action=1 reward=-0.005 info={'t': 52, 'max_steps': 100, 'dominant_type': 'proc_spawn', 'target_action': 2, 'prev_risk': 0.0, 'risk': 0.0}
[ep=09 t=0052] choose_plan=2 action=2 reward=0.303 info={'t': 53, 'max_steps': 100, 'dominant_type': 'proc_spawn', 'target_action': 2, 'prev_risk': 0.0, 'risk': 0.0}
[ep=09 t=0053] choose_plan=0 action=2 reward=0.342 info={'t': 54, 'max_steps': 100, 'dominant_type': 'proc_spawn', 'target_action': 2, 'prev_risk': 0.0, 'risk': 0.0}
[ep=09 t=0054] choose_plan=5 action=2 reward=-0.215 info={'t': 55, 'max_steps': 100, 'dominant_type': 'port_scan', 'target_action': 1, 'prev_risk': 0.0, 'risk': 0.0}
[ep=09 t=0055] choose_plan=0 action=1 reward=0.042 info={'t': 56, 'max_steps': 100, 'dominant_type': 'outbound_conn', 'target_action': 2, 'prev_risk': 0.0, 'risk': 0.0}
[ep=09 t=0056] choose_plan=4 action=2 reward=0.303 info={'t': 57, 'max_steps': 100, 'dominant_type': 'outbound_conn', 'target_action': 2, 'prev_risk': 0.0, 'risk': 0.0}
[ep=09 t=0057] choose_plan=5 action=2 reward=-0.215 info={'t': 58, 'max_steps': 100, 'dominant_type': 'port_scan', 'target_action': 1, 'prev_risk': 0.0, 'risk': 0.0}
[ep=09 t=0058] choose_plan=4 action=1 reward=0.515 info={'t': 59, 'max_steps': 100, 'dominant_type': 'port_scan', 'target_action': 1, 'prev_risk': 0.0, 'risk': 0.0}
[ep=09 t=0059] choose_plan=5 action=1 reward=-0.005 info={'t': 60, 'max_steps': 100, 'dominant_type': 'outbound_conn', 'target_action': 2, 'prev_risk': 0.0, 'risk': 0.0}
[ep=09 t=0060] choose_plan=2 action=2 reward=-0.215 info={'t': 61, 'max_steps': 100, 'dominant_type': 'port_scan', 'target_action': 1, 'prev_risk': 0.0, 'risk': 0.0}
[ep=09 t=0061] choose_plan=5 action=1 reward=0.514 info={'t': 62, 'max_steps': 100, 'dominant_type': 'port_scan', 'target_action': 1, 'prev_risk': 0.0, 'risk': 0.0}
[ep=09 t=0062] choose_plan=4 action=1 reward=0.554 info={'t': 63, 'max_steps': 100, 'dominant_type': 'port_scan', 'target_action': 1, 'prev_risk': 0.0, 'risk': 0.0}
[ep=09 t=0063] choose_plan=3 action=1 reward=0.552 info={'t': 64, 'max_steps': 100, 'dominant_type': 'auth_fail', 'target_action': 1, 'prev_risk': 0.0, 'risk': 0.0}
[ep=09 t=0064] choose_plan=1 action=1 reward=0.548 info={'t': 65, 'max_steps': 100, 'dominant_type': 'auth_fail', 'target_action': 1, 'prev_risk': 0.0, 'risk': 0.0}
[ep=09 t=0065] choose_plan=2 action=1 reward=-0.012 info={'t': 66, 'max_steps': 100, 'dominant_type': 'proc_spawn', 'target_action': 2, 'prev_risk': 0.0, 'risk': 0.01052374847463007}
[ep=09 t=0066] choose_plan=1 action=2 reward=0.389 info={'t': 67, 'max_steps': 100, 'dominant_type': 'outbound_conn', 'target_action': 2, 'prev_risk': 0.01052374847463007, 'risk': 0.0}
[ep=09 t=0067] choose_plan=4 action=2 reward=0.295 info={'t': 68, 'max_steps': 100, 'dominant_type': 'proc_spawn', 'target_action': 2, 'prev_risk': 0.0, 'risk': 0.0}
[ep=09 t=0068] choose_plan=4 action=2 reward=-0.204 info={'t': 69, 'max_steps': 100, 'dominant_type': 'port_scan', 'target_action': 1, 'prev_risk': 0.0, 'risk': 0.0}
[ep=09 t=0069] choose_plan=4 action=1 reward=0.521 info={'t': 70, 'max_steps': 100, 'dominant_type': 'port_scan', 'target_action': 1, 'prev_risk': 0.0, 'risk': 0.0}
[ep=09 t=0070] choose_plan=4 action=1 reward=0.010 info={'t': 71, 'max_steps': 100, 'dominant_type': 'outbound_conn', 'target_action': 2, 'prev_risk': 0.0, 'risk': 0.0}
[ep=09 t=0071] choose_plan=3 action=2 reward=-0.176 info={'t': 72, 'max_steps': 100, 'dominant_type': 'port_scan', 'target_action': 1, 'prev_risk': 0.0, 'risk': 0.0}
[ep=09 t=0072] choose_plan=1 action=1 reward=0.443 info={'t': 73, 'max_steps': 100, 'dominant_type': 'port_scan', 'target_action': 1, 'prev_risk': 0.0, 'risk': 0.024597785673005433}
[ep=09 t=0073] choose_plan=4 action=1 reward=0.191 info={'t': 74, 'max_steps': 100, 'dominant_type': 'proc_spawn', 'target_action': 2, 'prev_risk': 0.024597785673005433, 'risk': 0.0}
[ep=09 t=0074] choose_plan=1 action=2 reward=-0.201 info={'t': 75, 'max_steps': 100, 'dominant_type': 'port_scan', 'target_action': 1, 'prev_risk': 0.0, 'risk': 0.0}
[ep=09 t=0075] choose_plan=4 action=1 reward=0.035 info={'t': 76, 'max_steps': 100, 'dominant_type': 'outbound_conn', 'target_action': 2, 'prev_risk': 0.0, 'risk': 0.0}
[ep=09 t=0076] choose_plan=2 action=2 reward=0.312 info={'t': 77, 'max_steps': 100, 'dominant_type': 'proc_spawn', 'target_action': 2, 'prev_risk': 0.0, 'risk': 0.0}
[ep=09 t=0077] choose_plan=4 action=2 reward=0.349 info={'t': 78, 'max_steps': 100, 'dominant_type': 'proc_spawn', 'target_action': 2, 'prev_risk': 0.0, 'risk': 0.0}
[ep=09 t=0078] choose_plan=0 action=2 reward=-0.203 info={'t': 79, 'max_steps': 100, 'dominant_type': 'auth_fail', 'target_action': 1, 'prev_risk': 0.0, 'risk': 0.0}
[ep=09 t=0079] choose_plan=3 action=1 reward=0.526 info={'t': 80, 'max_steps': 100, 'dominant_type': 'port_scan', 'target_action': 1, 'prev_risk': 0.0, 'risk': 0.0}
[ep=09 t=0080] choose_plan=3 action=1 reward=0.045 info={'t': 81, 'max_steps': 100, 'dominant_type': 'outbound_conn', 'target_action': 2, 'prev_risk': 0.0, 'risk': 0.0}
[ep=09 t=0081] choose_plan=3 action=2 reward=0.329 info={'t': 82, 'max_steps': 100, 'dominant_type': 'outbound_conn', 'target_action': 2, 'prev_risk': 0.0, 'risk': 0.0}
[ep=09 t=0082] choose_plan=4 action=2 reward=-0.202 info={'t': 83, 'max_steps': 100, 'dominant_type': 'auth_fail', 'target_action': 1, 'prev_risk': 0.0, 'risk': 0.0}
[ep=09 t=0083] choose_plan=5 action=1 reward=-0.005 info={'t': 84, 'max_steps': 100, 'dominant_type': 'outbound_conn', 'target_action': 2, 'prev_risk': 0.0, 'risk': 0.0}
[ep=09 t=0084] choose_plan=5 action=2 reward=0.325 info={'t': 85, 'max_steps': 100, 'dominant_type': 'proc_spawn', 'target_action': 2, 'prev_risk': 0.0, 'risk': 0.0}
[ep=09 t=0085] choose_plan=2 action=2 reward=0.331 info={'t': 86, 'max_steps': 100, 'dominant_type': 'proc_spawn', 'target_action': 2, 'prev_risk': 0.0, 'risk': 0.0}
[ep=09 t=0086] choose_plan=5 action=2 reward=-0.207 info={'t': 87, 'max_steps': 100, 'dominant_type': 'port_scan', 'target_action': 1, 'prev_risk': 0.0, 'risk': 0.0}
[ep=09 t=0087] choose_plan=4 action=1 reward=-0.005 info={'t': 88, 'max_steps': 100, 'dominant_type': 'proc_spawn', 'target_action': 2, 'prev_risk': 0.0, 'risk': 0.0}
[ep=09 t=0088] choose_plan=5 action=2 reward=-0.194 info={'t': 89, 'max_steps': 100, 'dominant_type': 'port_scan', 'target_action': 1, 'prev_risk': 0.0, 'risk': 0.0}
[ep=09 t=0089] choose_plan=1 action=1 reward=-0.013 info={'t': 90, 'max_steps': 100, 'dominant_type': 'proc_spawn', 'target_action': 2, 'prev_risk': 0.0, 'risk': 0.019694642691320388}
[ep=09 t=0090] choose_plan=3 action=2 reward=-0.308 info={'t': 91, 'max_steps': 100, 'dominant_type': 'port_scan', 'target_action': 1, 'prev_risk': 0.019694642691320388, 'risk': 0.03209395584827497}
[ep=09 t=0091] choose_plan=0 action=1 reward=0.716 info={'t': 92, 'max_steps': 100, 'dominant_type': 'port_scan', 'target_action': 1, 'prev_risk': 0.03209395584827497, 'risk': 0.0}
[ep=09 t=0092] choose_plan=4 action=1 reward=0.546 info={'t': 93, 'max_steps': 100, 'dominant_type': 'port_scan', 'target_action': 1, 'prev_risk': 0.0, 'risk': 0.0}
[ep=09 t=0093] choose_plan=2 action=1 reward=0.056 info={'t': 94, 'max_steps': 100, 'dominant_type': 'outbound_conn', 'target_action': 2, 'prev_risk': 0.0, 'risk': 0.0}
[ep=09 t=0094] choose_plan=5 action=2 reward=-0.194 info={'t': 95, 'max_steps': 100, 'dominant_type': 'port_scan', 'target_action': 1, 'prev_risk': 0.0, 'risk': 0.0}
[ep=09 t=0095] choose_plan=3 action=1 reward=0.505 info={'t': 96, 'max_steps': 100, 'dominant_type': 'port_scan', 'target_action': 1, 'prev_risk': 0.0, 'risk': 0.0}
[ep=09 t=0096] choose_plan=5 action=1 reward=0.396 info={'t': 97, 'max_steps': 100, 'dominant_type': 'auth_fail', 'target_action': 1, 'prev_risk': 0.0, 'risk': 0.039939434341154115}
[ep=09 t=0097] choose_plan=0 action=1 reward=-0.062 info={'t': 98, 'max_steps': 100, 'dominant_type': 'proc_spawn', 'target_action': 2, 'prev_risk': 0.039939434341154115, 'risk': 0.03451202241281393}
[ep=09 t=0098] choose_plan=4 action=2 reward=-0.021 info={'t': 99, 'max_steps': 100, 'dominant_type': 'port_scan', 'target_action': 1, 'prev_risk': 0.03451202241281393, 'risk': 0.0}
[ep=09 t=0099] choose_plan=2 action=1 reward=0.027 info={'t': 100, 'max_steps': 100, 'dominant_type': 'outbound_conn', 'target_action': 2, 'prev_risk': 0.0, 'risk': 0.0}
# done at t=99
# episode_summary {"episode": 9, "episode_return": 11.656292483856692, "reward_mean": 0.11656292483856692, "reward_min": -0.4636322081134985, "reward_max": 0.7155881997032467, "steps": 100, "unique_actions": 2, "top5_actions": [[2, 51], [1, 49]]}

# ===== EPISODE 10 =====
[ep=10 t=0000] choose_plan=1 action=1 reward=-0.070 info={'t': 1, 'max_steps': 100, 'dominant_type': 'port_scan', 'target_action': 1, 'prev_risk': 0.29542641286533494, 'risk': 0.25450868780147395}
[ep=10 t=0001] choose_plan=4 action=1 reward=-0.593 info={'t': 2, 'max_steps': 100, 'dominant_type': 'outbound_conn', 'target_action': 2, 'prev_risk': 0.25450868780147395, 'risk': 0.22467725231478977}
[ep=10 t=0002] choose_plan=3 action=2 reward=0.443 info={'t': 3, 'max_steps': 100, 'dominant_type': 'proc_spawn', 'target_action': 2, 'prev_risk': 0.22467725231478977, 'risk': 0.13246357247013812}
[ep=10 t=0003] choose_plan=5 action=2 reward=0.079 info={'t': 4, 'max_steps': 100, 'dominant_type': 'port_scan', 'target_action': 1, 'prev_risk': 0.13246357247013812, 'risk': 0.05623072445043267}
[ep=10 t=0004] choose_plan=4 action=1 reward=0.701 info={'t': 5, 'max_steps': 100, 'dominant_type': 'port_scan', 'target_action': 1, 'prev_risk': 0.05623072445043267, 'risk': 0.01394407734168087}
[ep=10 t=0005] choose_plan=5 action=1 reward=0.610 info={'t': 6, 'max_steps': 100, 'dominant_type': 'port_scan', 'target_action': 1, 'prev_risk': 0.01394407734168087, 'risk': 0.0}
[ep=10 t=0006] choose_plan=0 action=1 reward=0.003 info={'t': 7, 'max_steps': 100, 'dominant_type': 'outbound_conn', 'target_action': 2, 'prev_risk': 0.0, 'risk': 0.0}
[ep=10 t=0007] choose_plan=0 action=2 reward=0.295 info={'t': 8, 'max_steps': 100, 'dominant_type': 'proc_spawn', 'target_action': 2, 'prev_risk': 0.0, 'risk': 0.0}
[ep=10 t=0008] choose_plan=5 action=2 reward=0.295 info={'t': 9, 'max_steps': 100, 'dominant_type': 'proc_spawn', 'target_action': 2, 'prev_risk': 0.0, 'risk': 0.0}
[ep=10 t=0009] choose_plan=4 action=2 reward=-0.206 info={'t': 10, 'max_steps': 100, 'dominant_type': 'port_scan', 'target_action': 1, 'prev_risk': 0.0, 'risk': 0.0}
[ep=10 t=0010] choose_plan=3 action=1 reward=0.522 info={'t': 11, 'max_steps': 100, 'dominant_type': 'auth_fail', 'target_action': 1, 'prev_risk': 0.0, 'risk': 0.0}
[ep=10 t=0011] choose_plan=3 action=1 reward=0.552 info={'t': 12, 'max_steps': 100, 'dominant_type': 'auth_fail', 'target_action': 1, 'prev_risk': 0.0, 'risk': 0.0}
[ep=10 t=0012] choose_plan=0 action=1 reward=0.505 info={'t': 13, 'max_steps': 100, 'dominant_type': 'auth_fail', 'target_action': 1, 'prev_risk': 0.0, 'risk': 0.0}
[ep=10 t=0013] choose_plan=4 action=1 reward=0.008 info={'t': 14, 'max_steps': 100, 'dominant_type': 'proc_spawn', 'target_action': 2, 'prev_risk': 0.0, 'risk': 0.0}
[ep=10 t=0014] choose_plan=0 action=2 reward=-0.209 info={'t': 15, 'max_steps': 100, 'dominant_type': 'port_scan', 'target_action': 1, 'prev_risk': 0.0, 'risk': 0.0}
[ep=10 t=0015] choose_plan=4 action=1 reward=0.039 info={'t': 16, 'max_steps': 100, 'dominant_type': 'proc_spawn', 'target_action': 2, 'prev_risk': 0.0, 'risk': 0.0}
[ep=10 t=0016] choose_plan=5 action=2 reward=-0.206 info={'t': 17, 'max_steps': 100, 'dominant_type': 'port_scan', 'target_action': 1, 'prev_risk': 0.0, 'risk': 0.0}
[ep=10 t=0017] choose_plan=3 action=1 reward=-0.005 info={'t': 18, 'max_steps': 100, 'dominant_type': 'outbound_conn', 'target_action': 2, 'prev_risk': 0.0, 'risk': 0.0}
[ep=10 t=0018] choose_plan=0 action=2 reward=0.346 info={'t': 19, 'max_steps': 100, 'dominant_type': 'proc_spawn', 'target_action': 2, 'prev_risk': 0.0, 'risk': 0.0}
[ep=10 t=0019] choose_plan=3 action=2 reward=-0.215 info={'t': 20, 'max_steps': 100, 'dominant_type': 'port_scan', 'target_action': 1, 'prev_risk': 0.0, 'risk': 0.0}
[ep=10 t=0020] choose_plan=2 action=1 reward=0.007 info={'t': 21, 'max_steps': 100, 'dominant_type': 'outbound_conn', 'target_action': 2, 'prev_risk': 0.0, 'risk': 0.0}
[ep=10 t=0021] choose_plan=3 action=2 reward=-0.215 info={'t': 22, 'max_steps': 100, 'dominant_type': 'port_scan', 'target_action': 1, 'prev_risk': 0.0, 'risk': 0.0}
[ep=10 t=0022] choose_plan=4 action=1 reward=0.521 info={'t': 23, 'max_steps': 100, 'dominant_type': 'port_scan', 'target_action': 1, 'prev_risk': 0.0, 'risk': 0.0}
[ep=10 t=0023] choose_plan=5 action=1 reward=-0.075 info={'t': 24, 'max_steps': 100, 'dominant_type': 'outbound_conn', 'target_action': 2, 'prev_risk': 0.0, 'risk': 0.03226096895252704}
[ep=10 t=0024] choose_plan=2 action=2 reward=0.476 info={'t': 25, 'max_steps': 100, 'dominant_type': 'proc_spawn', 'target_action': 2, 'prev_risk': 0.03226096895252704, 'risk': 0.0}
[ep=10 t=0025] choose_plan=1 action=2 reward=0.305 info={'t': 26, 'max_steps': 100, 'dominant_type': 'outbound_conn', 'target_action': 2, 'prev_risk': 0.0, 'risk': 0.0}
[ep=10 t=0026] choose_plan=2 action=2 reward=0.322 info={'t': 27, 'max_steps': 100, 'dominant_type': 'outbound_conn', 'target_action': 2, 'prev_risk': 0.0, 'risk': 0.0}
[ep=10 t=0027] choose_plan=0 action=2 reward=0.299 info={'t': 28, 'max_steps': 100, 'dominant_type': 'outbound_conn', 'target_action': 2, 'prev_risk': 0.0, 'risk': 0.0}
[ep=10 t=0028] choose_plan=5 action=2 reward=0.305 info={'t': 29, 'max_steps': 100, 'dominant_type': 'outbound_conn', 'target_action': 2, 'prev_risk': 0.0, 'risk': 0.0}
[ep=10 t=0029] choose_plan=3 action=2 reward=0.337 info={'t': 30, 'max_steps': 100, 'dominant_type': 'proc_spawn', 'target_action': 2, 'prev_risk': 0.0, 'risk': 0.0}
[ep=10 t=0030] choose_plan=1 action=2 reward=-0.194 info={'t': 31, 'max_steps': 100, 'dominant_type': 'auth_fail', 'target_action': 1, 'prev_risk': 0.0, 'risk': 0.0}
[ep=10 t=0031] choose_plan=5 action=1 reward=0.505 info={'t': 32, 'max_steps': 100, 'dominant_type': 'port_scan', 'target_action': 1, 'prev_risk': 0.0, 'risk': 0.0}
[ep=10 t=0032] choose_plan=4 action=1 reward=-0.005 info={'t': 33, 'max_steps': 100, 'dominant_type': 'outbound_conn', 'target_action': 2, 'prev_risk': 0.0, 'risk': 0.0}
[ep=10 t=0033] choose_plan=5 action=2 reward=-0.202 info={'t': 34, 'max_steps': 100, 'dominant_type': 'port_scan', 'target_action': 1, 'prev_risk': 0.0, 'risk': 0.0}
[ep=10 t=0034] choose_plan=3 action=1 reward=0.529 info={'t': 35, 'max_steps': 100, 'dominant_type': 'auth_fail', 'target_action': 1, 'prev_risk': 0.0, 'risk': 0.0}
[ep=10 t=0035] choose_plan=5 action=1 reward=0.514 info={'t': 36, 'max_steps': 100, 'dominant_type': 'auth_fail', 'target_action': 1, 'prev_risk': 0.0, 'risk': 0.0}
[ep=10 t=0036] choose_plan=2 action=1 reward=-0.013 info={'t': 37, 'max_steps': 100, 'dominant_type': 'outbound_conn', 'target_action': 2, 'prev_risk': 0.0, 'risk': 0.034646640704204194}
[ep=10 t=0037] choose_plan=1 action=2 reward=0.496 info={'t': 38, 'max_steps': 100, 'dominant_type': 'outbound_conn', 'target_action': 2, 'prev_risk': 0.034646640704204194, 'risk': 0.0}
[ep=10 t=0038] choose_plan=5 action=2 reward=0.295 info={'t': 39, 'max_steps': 100, 'dominant_type': 'proc_spawn', 'target_action': 2, 'prev_risk': 0.0, 'risk': 0.0}
[ep=10 t=0039] choose_plan=1 action=2 reward=0.316 info={'t': 40, 'max_steps': 100, 'dominant_type': 'outbound_conn', 'target_action': 2, 'prev_risk': 0.0, 'risk': 0.0}
[ep=10 t=0040] choose_plan=3 action=2 reward=0.297 info={'t': 41, 'max_steps': 100, 'dominant_type': 'proc_spawn', 'target_action': 2, 'prev_risk': 0.0, 'risk': 0.0}
[ep=10 t=0041] choose_plan=5 action=2 reward=-0.215 info={'t': 42, 'max_steps': 100, 'dominant_type': 'port_scan', 'target_action': 1, 'prev_risk': 0.0, 'risk': 0.0}
[ep=10 t=0042] choose_plan=2 action=1 reward=-0.081 info={'t': 43, 'max_steps': 100, 'dominant_type': 'proc_spawn', 'target_action': 2, 'prev_risk': 0.0, 'risk': 0.04284672288054559}
[ep=10 t=0043] choose_plan=1 action=2 reward=0.535 info={'t': 44, 'max_steps': 100, 'dominant_type': 'proc_spawn', 'target_action': 2, 'prev_risk': 0.04284672288054559, 'risk': 0.0}
[ep=10 t=0044] choose_plan=1 action=2 reward=-0.175 info={'t': 45, 'max_steps': 100, 'dominant_type': 'port_scan', 'target_action': 1, 'prev_risk': 0.0, 'risk': 0.0}
[ep=10 t=0045] choose_plan=5 action=1 reward=0.505 info={'t': 46, 'max_steps': 100, 'dominant_type': 'auth_fail', 'target_action': 1, 'prev_risk': 0.0, 'risk': 0.0}
[ep=10 t=0046] choose_plan=0 action=1 reward=0.515 info={'t': 47, 'max_steps': 100, 'dominant_type': 'auth_fail', 'target_action': 1, 'prev_risk': 0.0, 'risk': 0.0}
[ep=10 t=0047] choose_plan=1 action=1 reward=-0.029 info={'t': 48, 'max_steps': 100, 'dominant_type': 'proc_spawn', 'target_action': 2, 'prev_risk': 0.0, 'risk': 0.018162107505642094}
[ep=10 t=0048] choose_plan=0 action=2 reward=0.414 info={'t': 49, 'max_steps': 100, 'dominant_type': 'proc_spawn', 'target_action': 2, 'prev_risk': 0.018162107505642094, 'risk': 0.0}
[ep=10 t=0049] choose_plan=4 action=2 reward=-0.200 info={'t': 50, 'max_steps': 100, 'dominant_type': 'port_scan', 'target_action': 1, 'prev_risk': 0.0, 'risk': 0.0}
[ep=10 t=0050] choose_plan=4 action=1 reward=0.028 info={'t': 51, 'max_steps': 100, 'dominant_type': 'proc_spawn', 'target_action': 2, 'prev_risk': 0.0, 'risk': 0.0}
[ep=10 t=0051] choose_plan=5 action=2 reward=0.332 info={'t': 52, 'max_steps': 100, 'dominant_type': 'outbound_conn', 'target_action': 2, 'prev_risk': 0.0, 'risk': 0.0}
[ep=10 t=0052] choose_plan=4 action=2 reward=-0.233 info={'t': 53, 'max_steps': 100, 'dominant_type': 'auth_fail', 'target_action': 1, 'prev_risk': 0.0, 'risk': 0.0063526383403833125}
[ep=10 t=0053] choose_plan=0 action=1 reward=0.544 info={'t': 54, 'max_steps': 100, 'dominant_type': 'auth_fail', 'target_action': 1, 'prev_risk': 0.0063526383403833125, 'risk': 0.0}
[ep=10 t=0054] choose_plan=2 action=1 reward=0.520 info={'t': 55, 'max_steps': 100, 'dominant_type': 'port_scan', 'target_action': 1, 'prev_risk': 0.0, 'risk': 0.0}
[ep=10 t=0055] choose_plan=2 action=1 reward=0.505 info={'t': 56, 'max_steps': 100, 'dominant_type': 'port_scan', 'target_action': 1, 'prev_risk': 0.0, 'risk': 0.0}
[ep=10 t=0056] choose_plan=0 action=1 reward=0.552 info={'t': 57, 'max_steps': 100, 'dominant_type': 'port_scan', 'target_action': 1, 'prev_risk': 0.0, 'risk': 0.0}
[ep=10 t=0057] choose_plan=0 action=1 reward=0.011 info={'t': 58, 'max_steps': 100, 'dominant_type': 'proc_spawn', 'target_action': 2, 'prev_risk': 0.0, 'risk': 0.0}
[ep=10 t=0058] choose_plan=5 action=2 reward=-0.254 info={'t': 59, 'max_steps': 100, 'dominant_type': 'port_scan', 'target_action': 1, 'prev_risk': 0.0, 'risk': 0.020379269834862615}
[ep=10 t=0059] choose_plan=2 action=1 reward=0.660 info={'t': 60, 'max_steps': 100, 'dominant_type': 'port_scan', 'target_action': 1, 'prev_risk': 0.020379269834862615, 'risk': 0.0}
[ep=10 t=0060] choose_plan=4 action=1 reward=0.024 info={'t': 61, 'max_steps': 100, 'dominant_type': 'outbound_conn', 'target_action': 2, 'prev_risk': 0.0, 'risk': 0.0}
[ep=10 t=0061] choose_plan=2 action=2 reward=0.295 info={'t': 62, 'max_steps': 100, 'dominant_type': 'proc_spawn', 'target_action': 2, 'prev_risk': 0.0, 'risk': 0.0}
[ep=10 t=0062] choose_plan=0 action=2 reward=0.302 info={'t': 63, 'max_steps': 100, 'dominant_type': 'proc_spawn', 'target_action': 2, 'prev_risk': 0.0, 'risk': 0.0}
[ep=10 t=0063] choose_plan=0 action=2 reward=-0.215 info={'t': 64, 'max_steps': 100, 'dominant_type': 'port_scan', 'target_action': 1, 'prev_risk': 0.0, 'risk': 0.0}
[ep=10 t=0064] choose_plan=5 action=1 reward=0.036 info={'t': 65, 'max_steps': 100, 'dominant_type': 'outbound_conn', 'target_action': 2, 'prev_risk': 0.0, 'risk': 0.0}
[ep=10 t=0065] choose_plan=1 action=2 reward=0.329 info={'t': 66, 'max_steps': 100, 'dominant_type': 'proc_spawn', 'target_action': 2, 'prev_risk': 0.0, 'risk': 0.0031433856364999346}
[ep=10 t=0066] choose_plan=0 action=2 reward=-0.184 info={'t': 67, 'max_steps': 100, 'dominant_type': 'port_scan', 'target_action': 1, 'prev_risk': 0.0031433856364999346, 'risk': 0.0}
[ep=10 t=0067] choose_plan=0 action=1 reward=0.028 info={'t': 68, 'max_steps': 100, 'dominant_type': 'outbound_conn', 'target_action': 2, 'prev_risk': 0.0, 'risk': 0.0}
[ep=10 t=0068] choose_plan=3 action=2 reward=0.322 info={'t': 69, 'max_steps': 100, 'dominant_type': 'proc_spawn', 'target_action': 2, 'prev_risk': 0.0, 'risk': 0.0}
[ep=10 t=0069] choose_plan=2 action=2 reward=0.315 info={'t': 70, 'max_steps': 100, 'dominant_type': 'proc_spawn', 'target_action': 2, 'prev_risk': 0.0, 'risk': 0.0}
[ep=10 t=0070] choose_plan=3 action=2 reward=0.317 info={'t': 71, 'max_steps': 100, 'dominant_type': 'outbound_conn', 'target_action': 2, 'prev_risk': 0.0, 'risk': 0.0}
[ep=10 t=0071] choose_plan=5 action=2 reward=-0.171 info={'t': 72, 'max_steps': 100, 'dominant_type': 'port_scan', 'target_action': 1, 'prev_risk': 0.0, 'risk': 0.0}
[ep=10 t=0072] choose_plan=1 action=1 reward=0.033 info={'t': 73, 'max_steps': 100, 'dominant_type': 'proc_spawn', 'target_action': 2, 'prev_risk': 0.0, 'risk': 0.0}
[ep=10 t=0073] choose_plan=4 action=2 reward=0.295 info={'t': 74, 'max_steps': 100, 'dominant_type': 'outbound_conn', 'target_action': 2, 'prev_risk': 0.0, 'risk': 0.0}
[ep=10 t=0074] choose_plan=2 action=2 reward=-0.175 info={'t': 75, 'max_steps': 100, 'dominant_type': 'port_scan', 'target_action': 1, 'prev_risk': 0.0, 'risk': 0.0}
[ep=10 t=0075] choose_plan=1 action=1 reward=0.022 info={'t': 76, 'max_steps': 100, 'dominant_type': 'proc_spawn', 'target_action': 2, 'prev_risk': 0.0, 'risk': 0.0}
[ep=10 t=0076] choose_plan=0 action=2 reward=-0.179 info={'t': 77, 'max_steps': 100, 'dominant_type': 'port_scan', 'target_action': 1, 'prev_risk': 0.0, 'risk': 0.0}
[ep=10 t=0077] choose_plan=0 action=1 reward=0.505 info={'t': 78, 'max_steps': 100, 'dominant_type': 'port_scan', 'target_action': 1, 'prev_risk': 0.0, 'risk': 0.0}
[ep=10 t=0078] choose_plan=2 action=1 reward=0.042 info={'t': 79, 'max_steps': 100, 'dominant_type': 'outbound_conn', 'target_action': 2, 'prev_risk': 0.0, 'risk': 0.0}
[ep=10 t=0079] choose_plan=1 action=2 reward=0.295 info={'t': 80, 'max_steps': 100, 'dominant_type': 'outbound_conn', 'target_action': 2, 'prev_risk': 0.0, 'risk': 0.0}
[ep=10 t=0080] choose_plan=0 action=2 reward=-0.215 info={'t': 81, 'max_steps': 100, 'dominant_type': 'port_scan', 'target_action': 1, 'prev_risk': 0.0, 'risk': 0.0}
[ep=10 t=0081] choose_plan=2 action=1 reward=0.533 info={'t': 82, 'max_steps': 100, 'dominant_type': 'port_scan', 'target_action': 1, 'prev_risk': 0.0, 'risk': 0.0}
[ep=10 t=0082] choose_plan=5 action=1 reward=-0.005 info={'t': 83, 'max_steps': 100, 'dominant_type': 'proc_spawn', 'target_action': 2, 'prev_risk': 0.0, 'risk': 0.0}
[ep=10 t=0083] choose_plan=0 action=2 reward=-0.195 info={'t': 84, 'max_steps': 100, 'dominant_type': 'auth_fail', 'target_action': 1, 'prev_risk': 0.0, 'risk': 0.0}
[ep=10 t=0084] choose_plan=0 action=1 reward=0.011 info={'t': 85, 'max_steps': 100, 'dominant_type': 'proc_spawn', 'target_action': 2, 'prev_risk': 0.0, 'risk': 0.0}
[ep=10 t=0085] choose_plan=0 action=2 reward=0.314 info={'t': 86, 'max_steps': 100, 'dominant_type': 'proc_spawn', 'target_action': 2, 'prev_risk': 0.0, 'risk': 0.0}
[ep=10 t=0086] choose_plan=3 action=2 reward=0.295 info={'t': 87, 'max_steps': 100, 'dominant_type': 'outbound_conn', 'target_action': 2, 'prev_risk': 0.0, 'risk': 0.0}
[ep=10 t=0087] choose_plan=2 action=2 reward=-0.146 info={'t': 88, 'max_steps': 100, 'dominant_type': 'auth_fail', 'target_action': 1, 'prev_risk': 0.0, 'risk': 0.0}
[ep=10 t=0088] choose_plan=3 action=1 reward=0.487 info={'t': 89, 'max_steps': 100, 'dominant_type': 'port_scan', 'target_action': 1, 'prev_risk': 0.0, 'risk': 0.013084922625400577}
[ep=10 t=0089] choose_plan=2 action=1 reward=0.068 info={'t': 90, 'max_steps': 100, 'dominant_type': 'proc_spawn', 'target_action': 2, 'prev_risk': 0.013084922625400577, 'risk': 0.0}
[ep=10 t=0090] choose_plan=3 action=2 reward=0.361 info={'t': 91, 'max_steps': 100, 'dominant_type': 'proc_spawn', 'target_action': 2, 'prev_risk': 0.0, 'risk': 0.0}
[ep=10 t=0091] choose_plan=2 action=2 reward=-0.215 info={'t': 92, 'max_steps': 100, 'dominant_type': 'port_scan', 'target_action': 1, 'prev_risk': 0.0, 'risk': 0.0}
[ep=10 t=0092] choose_plan=2 action=1 reward=0.029 info={'t': 93, 'max_steps': 100, 'dominant_type': 'outbound_conn', 'target_action': 2, 'prev_risk': 0.0, 'risk': 0.0014573159828677115}
[ep=10 t=0093] choose_plan=3 action=2 reward=0.324 info={'t': 94, 'max_steps': 100, 'dominant_type': 'outbound_conn', 'target_action': 2, 'prev_risk': 0.0014573159828677115, 'risk': 0.0}
[ep=10 t=0094] choose_plan=0 action=2 reward=0.322 info={'t': 95, 'max_steps': 100, 'dominant_type': 'outbound_conn', 'target_action': 2, 'prev_risk': 0.0, 'risk': 0.0}
[ep=10 t=0095] choose_plan=1 action=2 reward=0.295 info={'t': 96, 'max_steps': 100, 'dominant_type': 'outbound_conn', 'target_action': 2, 'prev_risk': 0.0, 'risk': 0.0}
[ep=10 t=0096] choose_plan=5 action=2 reward=-0.215 info={'t': 97, 'max_steps': 100, 'dominant_type': 'port_scan', 'target_action': 1, 'prev_risk': 0.0, 'risk': 0.0}
[ep=10 t=0097] choose_plan=3 action=1 reward=0.505 info={'t': 98, 'max_steps': 100, 'dominant_type': 'port_scan', 'target_action': 1, 'prev_risk': 0.0, 'risk': 0.0}
[ep=10 t=0098] choose_plan=4 action=1 reward=-0.004 info={'t': 99, 'max_steps': 100, 'dominant_type': 'proc_spawn', 'target_action': 2, 'prev_risk': 0.0, 'risk': 0.0}
[ep=10 t=0099] choose_plan=1 action=2 reward=-0.215 info={'t': 100, 'max_steps': 100, 'dominant_type': 'port_scan', 'target_action': 1, 'prev_risk': 0.0, 'risk': 0.0}
# done at t=99
# episode_summary {"episode": 10, "episode_return": 16.217899354070926, "reward_mean": 0.16217899354070928, "reward_min": -0.5928392329625086, "reward_max": 0.7013673995181355, "steps": 100, "unique_actions": 2, "top5_actions": [[2, 55], [1, 45]]}

# ===== EPISODE 11 =====
[ep=11 t=0000] choose_plan=4 action=2 reward=0.288 info={'t': 1, 'max_steps': 100, 'dominant_type': 'outbound_conn', 'target_action': 2, 'prev_risk': 0.2836053937775354, 'risk': 0.19293818814025204}
[ep=11 t=0001] choose_plan=3 action=2 reward=0.670 info={'t': 2, 'max_steps': 100, 'dominant_type': 'outbound_conn', 'target_action': 2, 'prev_risk': 0.19293818814025204, 'risk': 0.09543282106977904}
[ep=11 t=0002] choose_plan=0 action=2 reward=0.389 info={'t': 3, 'max_steps': 100, 'dominant_type': 'outbound_conn', 'target_action': 2, 'prev_risk': 0.09543282106977904, 'risk': 0.05712544628647183}
[ep=11 t=0003] choose_plan=0 action=2 reward=0.643 info={'t': 4, 'max_steps': 100, 'dominant_type': 'outbound_conn', 'target_action': 2, 'prev_risk': 0.05712544628647183, 'risk': 0.0}
[ep=11 t=0004] choose_plan=3 action=2 reward=-0.215 info={'t': 5, 'max_steps': 100, 'dominant_type': 'auth_fail', 'target_action': 1, 'prev_risk': 0.0, 'risk': 0.0}
[ep=11 t=0005] choose_plan=5 action=1 reward=0.527 info={'t': 6, 'max_steps': 100, 'dominant_type': 'port_scan', 'target_action': 1, 'prev_risk': 0.0, 'risk': 0.0}
[ep=11 t=0006] choose_plan=2 action=1 reward=0.505 info={'t': 7, 'max_steps': 100, 'dominant_type': 'auth_fail', 'target_action': 1, 'prev_risk': 0.0, 'risk': 0.0}
[ep=11 t=0007] choose_plan=1 action=1 reward=0.012 info={'t': 8, 'max_steps': 100, 'dominant_type': 'outbound_conn', 'target_action': 2, 'prev_risk': 0.0, 'risk': 0.0}
[ep=11 t=0008] choose_plan=3 action=2 reward=-0.185 info={'t': 9, 'max_steps': 100, 'dominant_type': 'port_scan', 'target_action': 1, 'prev_risk': 0.0, 'risk': 0.0}
[ep=11 t=0009] choose_plan=5 action=1 reward=-0.005 info={'t': 10, 'max_steps': 100, 'dominant_type': 'outbound_conn', 'target_action': 2, 'prev_risk': 0.0, 'risk': 0.0}
[ep=11 t=0010] choose_plan=4 action=2 reward=-0.212 info={'t': 11, 'max_steps': 100, 'dominant_type': 'auth_fail', 'target_action': 1, 'prev_risk': 0.0, 'risk': 0.0}
[ep=11 t=0011] choose_plan=3 action=1 reward=0.531 info={'t': 12, 'max_steps': 100, 'dominant_type': 'auth_fail', 'target_action': 1, 'prev_risk': 0.0, 'risk': 0.009052827490781228}
[ep=11 t=0012] choose_plan=4 action=1 reward=0.046 info={'t': 13, 'max_steps': 100, 'dominant_type': 'outbound_conn', 'target_action': 2, 'prev_risk': 0.009052827490781228, 'risk': 0.0}
[ep=11 t=0013] choose_plan=2 action=2 reward=0.295 info={'t': 14, 'max_steps': 100, 'dominant_type': 'proc_spawn', 'target_action': 2, 'prev_risk': 0.0, 'risk': 0.0}
[ep=11 t=0014] choose_plan=5 action=2 reward=0.295 info={'t': 15, 'max_steps': 100, 'dominant_type': 'proc_spawn', 'target_action': 2, 'prev_risk': 0.0, 'risk': 0.0}
[ep=11 t=0015] choose_plan=5 action=2 reward=-0.143 info={'t': 16, 'max_steps': 100, 'dominant_type': 'port_scan', 'target_action': 1, 'prev_risk': 0.0, 'risk': 0.0}
[ep=11 t=0016] choose_plan=2 action=1 reward=0.521 info={'t': 17, 'max_steps': 100, 'dominant_type': 'port_scan', 'target_action': 1, 'prev_risk': 0.0, 'risk': 0.0}
[ep=11 t=0017] choose_plan=0 action=1 reward=0.505 info={'t': 18, 'max_steps': 100, 'dominant_type': 'port_scan', 'target_action': 1, 'prev_risk': 0.0, 'risk': 0.0}
[ep=11 t=0018] choose_plan=5 action=1 reward=-0.005 info={'t': 19, 'max_steps': 100, 'dominant_type': 'proc_spawn', 'target_action': 2, 'prev_risk': 0.0, 'risk': 0.0}
[ep=11 t=0019] choose_plan=1 action=2 reward=-0.215 info={'t': 20, 'max_steps': 100, 'dominant_type': 'port_scan', 'target_action': 1, 'prev_risk': 0.0, 'risk': 0.0}
[ep=11 t=0020] choose_plan=1 action=1 reward=0.003 info={'t': 21, 'max_steps': 100, 'dominant_type': 'outbound_conn', 'target_action': 2, 'prev_risk': 0.0, 'risk': 0.0}
[ep=11 t=0021] choose_plan=3 action=2 reward=-0.155 info={'t': 22, 'max_steps': 100, 'dominant_type': 'port_scan', 'target_action': 1, 'prev_risk': 0.0, 'risk': 0.0}
[ep=11 t=0022] choose_plan=1 action=1 reward=-0.005 info={'t': 23, 'max_steps': 100, 'dominant_type': 'outbound_conn', 'target_action': 2, 'prev_risk': 0.0, 'risk': 0.0}
[ep=11 t=0023] choose_plan=0 action=2 reward=-0.148 info={'t': 24, 'max_steps': 100, 'dominant_type': 'auth_fail', 'target_action': 1, 'prev_risk': 0.0, 'risk': 0.0}
[ep=11 t=0024] choose_plan=0 action=1 reward=0.505 info={'t': 25, 'max_steps': 100, 'dominant_type': 'port_scan', 'target_action': 1, 'prev_risk': 0.0, 'risk': 0.0}
[ep=11 t=0025] choose_plan=1 action=1 reward=0.563 info={'t': 26, 'max_steps': 100, 'dominant_type': 'port_scan', 'target_action': 1, 'prev_risk': 0.0, 'risk': 0.0}
[ep=11 t=0026] choose_plan=3 action=1 reward=0.531 info={'t': 27, 'max_steps': 100, 'dominant_type': 'port_scan', 'target_action': 1, 'prev_risk': 0.0, 'risk': 0.0}
[ep=11 t=0027] choose_plan=3 action=1 reward=0.505 info={'t': 28, 'max_steps': 100, 'dominant_type': 'auth_fail', 'target_action': 1, 'prev_risk': 0.0, 'risk': 0.0}
[ep=11 t=0028] choose_plan=0 action=1 reward=0.538 info={'t': 29, 'max_steps': 100, 'dominant_type': 'port_scan', 'target_action': 1, 'prev_risk': 0.0, 'risk': 0.0}
[ep=11 t=0029] choose_plan=2 action=1 reward=0.526 info={'t': 30, 'max_steps': 100, 'dominant_type': 'auth_fail', 'target_action': 1, 'prev_risk': 0.0, 'risk': 0.0}
[ep=11 t=0030] choose_plan=0 action=1 reward=0.030 info={'t': 31, 'max_steps': 100, 'dominant_type': 'outbound_conn', 'target_action': 2, 'prev_risk': 0.0, 'risk': 0.00908646191518208}
[ep=11 t=0031] choose_plan=0 action=2 reward=-0.148 info={'t': 32, 'max_steps': 100, 'dominant_type': 'port_scan', 'target_action': 1, 'prev_risk': 0.00908646191518208, 'risk': 0.0}
[ep=11 t=0032] choose_plan=1 action=1 reward=0.522 info={'t': 33, 'max_steps': 100, 'dominant_type': 'auth_fail', 'target_action': 1, 'prev_risk': 0.0, 'risk': 0.0}
[ep=11 t=0033] choose_plan=1 action=1 reward=0.027 info={'t': 34, 'max_steps': 100, 'dominant_type': 'outbound_conn', 'target_action': 2, 'prev_risk': 0.0, 'risk': 0.0}
[ep=11 t=0034] choose_plan=5 action=2 reward=-0.154 info={'t': 35, 'max_steps': 100, 'dominant_type': 'auth_fail', 'target_action': 1, 'prev_risk': 0.0, 'risk': 0.0}
[ep=11 t=0035] choose_plan=0 action=1 reward=-0.005 info={'t': 36, 'max_steps': 100, 'dominant_type': 'proc_spawn', 'target_action': 2, 'prev_risk': 0.0, 'risk': 0.0}
[ep=11 t=0036] choose_plan=2 action=2 reward=0.323 info={'t': 37, 'max_steps': 100, 'dominant_type': 'proc_spawn', 'target_action': 2, 'prev_risk': 0.0, 'risk': 0.0}
[ep=11 t=0037] choose_plan=1 action=2 reward=0.335 info={'t': 38, 'max_steps': 100, 'dominant_type': 'outbound_conn', 'target_action': 2, 'prev_risk': 0.0, 'risk': 0.0}
[ep=11 t=0038] choose_plan=4 action=2 reward=0.302 info={'t': 39, 'max_steps': 100, 'dominant_type': 'proc_spawn', 'target_action': 2, 'prev_risk': 0.0, 'risk': 0.0}
[ep=11 t=0039] choose_plan=3 action=2 reward=0.295 info={'t': 40, 'max_steps': 100, 'dominant_type': 'outbound_conn', 'target_action': 2, 'prev_risk': 0.0, 'risk': 0.0}
[ep=11 t=0040] choose_plan=3 action=2 reward=0.319 info={'t': 41, 'max_steps': 100, 'dominant_type': 'outbound_conn', 'target_action': 2, 'prev_risk': 0.0, 'risk': 0.0}
[ep=11 t=0041] choose_plan=4 action=2 reward=0.355 info={'t': 42, 'max_steps': 100, 'dominant_type': 'proc_spawn', 'target_action': 2, 'prev_risk': 0.0, 'risk': 0.0}
[ep=11 t=0042] choose_plan=0 action=2 reward=0.326 info={'t': 43, 'max_steps': 100, 'dominant_type': 'outbound_conn', 'target_action': 2, 'prev_risk': 0.0, 'risk': 0.0}
[ep=11 t=0043] choose_plan=2 action=2 reward=0.301 info={'t': 44, 'max_steps': 100, 'dominant_type': 'outbound_conn', 'target_action': 2, 'prev_risk': 0.0, 'risk': 0.0}
[ep=11 t=0044] choose_plan=4 action=2 reward=0.295 info={'t': 45, 'max_steps': 100, 'dominant_type': 'proc_spawn', 'target_action': 2, 'prev_risk': 0.0, 'risk': 0.0}
[ep=11 t=0045] choose_plan=4 action=2 reward=0.363 info={'t': 46, 'max_steps': 100, 'dominant_type': 'outbound_conn', 'target_action': 2, 'prev_risk': 0.0, 'risk': 0.0}
[ep=11 t=0046] choose_plan=2 action=2 reward=0.304 info={'t': 47, 'max_steps': 100, 'dominant_type': 'proc_spawn', 'target_action': 2, 'prev_risk': 0.0, 'risk': 0.0}
[ep=11 t=0047] choose_plan=2 action=2 reward=-0.167 info={'t': 48, 'max_steps': 100, 'dominant_type': 'port_scan', 'target_action': 1, 'prev_risk': 0.0, 'risk': 0.0}
[ep=11 t=0048] choose_plan=0 action=1 reward=0.543 info={'t': 49, 'max_steps': 100, 'dominant_type': 'port_scan', 'target_action': 1, 'prev_risk': 0.0, 'risk': 0.0}
[ep=11 t=0049] choose_plan=3 action=1 reward=-0.005 info={'t': 50, 'max_steps': 100, 'dominant_type': 'proc_spawn', 'target_action': 2, 'prev_risk': 0.0, 'risk': 0.0}
[ep=11 t=0050] choose_plan=1 action=2 reward=0.303 info={'t': 51, 'max_steps': 100, 'dominant_type': 'proc_spawn', 'target_action': 2, 'prev_risk': 0.0, 'risk': 0.0}
[ep=11 t=0051] choose_plan=3 action=2 reward=-0.177 info={'t': 52, 'max_steps': 100, 'dominant_type': 'auth_fail', 'target_action': 1, 'prev_risk': 0.0, 'risk': 0.0}
[ep=11 t=0052] choose_plan=3 action=1 reward=0.006 info={'t': 53, 'max_steps': 100, 'dominant_type': 'proc_spawn', 'target_action': 2, 'prev_risk': 0.0, 'risk': 0.0}
[ep=11 t=0053] choose_plan=3 action=2 reward=0.323 info={'t': 54, 'max_steps': 100, 'dominant_type': 'outbound_conn', 'target_action': 2, 'prev_risk': 0.0, 'risk': 0.0}
[ep=11 t=0054] choose_plan=0 action=2 reward=-0.197 info={'t': 55, 'max_steps': 100, 'dominant_type': 'port_scan', 'target_action': 1, 'prev_risk': 0.0, 'risk': 0.0}
[ep=11 t=0055] choose_plan=5 action=1 reward=0.548 info={'t': 56, 'max_steps': 100, 'dominant_type': 'auth_fail', 'target_action': 1, 'prev_risk': 0.0, 'risk': 0.0}
[ep=11 t=0056] choose_plan=5 action=1 reward=0.534 info={'t': 57, 'max_steps': 100, 'dominant_type': 'port_scan', 'target_action': 1, 'prev_risk': 0.0, 'risk': 0.0}
[ep=11 t=0057] choose_plan=5 action=1 reward=0.505 info={'t': 58, 'max_steps': 100, 'dominant_type': 'auth_fail', 'target_action': 1, 'prev_risk': 0.0, 'risk': 0.0}
[ep=11 t=0058] choose_plan=2 action=1 reward=0.551 info={'t': 59, 'max_steps': 100, 'dominant_type': 'port_scan', 'target_action': 1, 'prev_risk': 0.0, 'risk': 0.0}
[ep=11 t=0059] choose_plan=2 action=1 reward=0.056 info={'t': 60, 'max_steps': 100, 'dominant_type': 'outbound_conn', 'target_action': 2, 'prev_risk': 0.0, 'risk': 0.0}
[ep=11 t=0060] choose_plan=3 action=2 reward=-0.188 info={'t': 61, 'max_steps': 100, 'dominant_type': 'auth_fail', 'target_action': 1, 'prev_risk': 0.0, 'risk': 0.0}
[ep=11 t=0061] choose_plan=0 action=1 reward=-0.005 info={'t': 62, 'max_steps': 100, 'dominant_type': 'proc_spawn', 'target_action': 2, 'prev_risk': 0.0, 'risk': 0.0}
[ep=11 t=0062] choose_plan=5 action=2 reward=-0.168 info={'t': 63, 'max_steps': 100, 'dominant_type': 'auth_fail', 'target_action': 1, 'prev_risk': 0.0, 'risk': 0.0}
[ep=11 t=0063] choose_plan=1 action=1 reward=0.021 info={'t': 64, 'max_steps': 100, 'dominant_type': 'outbound_conn', 'target_action': 2, 'prev_risk': 0.0, 'risk': 0.0}
[ep=11 t=0064] choose_plan=4 action=2 reward=0.295 info={'t': 65, 'max_steps': 100, 'dominant_type': 'proc_spawn', 'target_action': 2, 'prev_risk': 0.0, 'risk': 0.0}
[ep=11 t=0065] choose_plan=4 action=2 reward=0.319 info={'t': 66, 'max_steps': 100, 'dominant_type': 'outbound_conn', 'target_action': 2, 'prev_risk': 0.0, 'risk': 0.0}
[ep=11 t=0066] choose_plan=1 action=2 reward=0.295 info={'t': 67, 'max_steps': 100, 'dominant_type': 'proc_spawn', 'target_action': 2, 'prev_risk': 0.0, 'risk': 0.0}
[ep=11 t=0067] choose_plan=0 action=2 reward=0.329 info={'t': 68, 'max_steps': 100, 'dominant_type': 'proc_spawn', 'target_action': 2, 'prev_risk': 0.0, 'risk': 0.0}
[ep=11 t=0068] choose_plan=5 action=2 reward=0.347 info={'t': 69, 'max_steps': 100, 'dominant_type': 'outbound_conn', 'target_action': 2, 'prev_risk': 0.0, 'risk': 0.0}
[ep=11 t=0069] choose_plan=0 action=2 reward=-0.186 info={'t': 70, 'max_steps': 100, 'dominant_type': 'auth_fail', 'target_action': 1, 'prev_risk': 0.0, 'risk': 0.0}
[ep=11 t=0070] choose_plan=2 action=1 reward=0.038 info={'t': 71, 'max_steps': 100, 'dominant_type': 'outbound_conn', 'target_action': 2, 'prev_risk': 0.0, 'risk': 0.0010881713584738675}
[ep=11 t=0071] choose_plan=4 action=2 reward=-0.206 info={'t': 72, 'max_steps': 100, 'dominant_type': 'port_scan', 'target_action': 1, 'prev_risk': 0.0010881713584738675, 'risk': 0.0}
[ep=11 t=0072] choose_plan=1 action=1 reward=0.505 info={'t': 73, 'max_steps': 100, 'dominant_type': 'auth_fail', 'target_action': 1, 'prev_risk': 0.0, 'risk': 0.0}
[ep=11 t=0073] choose_plan=4 action=1 reward=0.041 info={'t': 74, 'max_steps': 100, 'dominant_type': 'outbound_conn', 'target_action': 2, 'prev_risk': 0.0, 'risk': 0.0}
[ep=11 t=0074] choose_plan=5 action=2 reward=0.295 info={'t': 75, 'max_steps': 100, 'dominant_type': 'outbound_conn', 'target_action': 2, 'prev_risk': 0.0, 'risk': 0.0}
[ep=11 t=0075] choose_plan=1 action=2 reward=0.304 info={'t': 76, 'max_steps': 100, 'dominant_type': 'outbound_conn', 'target_action': 2, 'prev_risk': 0.0, 'risk': 0.0}
[ep=11 t=0076] choose_plan=4 action=2 reward=-0.215 info={'t': 77, 'max_steps': 100, 'dominant_type': 'auth_fail', 'target_action': 1, 'prev_risk': 0.0, 'risk': 0.0}
[ep=11 t=0077] choose_plan=2 action=1 reward=0.553 info={'t': 78, 'max_steps': 100, 'dominant_type': 'auth_fail', 'target_action': 1, 'prev_risk': 0.0, 'risk': 0.0}
[ep=11 t=0078] choose_plan=3 action=1 reward=0.505 info={'t': 79, 'max_steps': 100, 'dominant_type': 'port_scan', 'target_action': 1, 'prev_risk': 0.0, 'risk': 0.0}
[ep=11 t=0079] choose_plan=2 action=1 reward=0.533 info={'t': 80, 'max_steps': 100, 'dominant_type': 'port_scan', 'target_action': 1, 'prev_risk': 0.0, 'risk': 0.0}
[ep=11 t=0080] choose_plan=3 action=1 reward=0.010 info={'t': 81, 'max_steps': 100, 'dominant_type': 'proc_spawn', 'target_action': 2, 'prev_risk': 0.0, 'risk': 0.0}
[ep=11 t=0081] choose_plan=5 action=2 reward=-0.215 info={'t': 82, 'max_steps': 100, 'dominant_type': 'port_scan', 'target_action': 1, 'prev_risk': 0.0, 'risk': 0.0}
[ep=11 t=0082] choose_plan=0 action=1 reward=0.541 info={'t': 83, 'max_steps': 100, 'dominant_type': 'port_scan', 'target_action': 1, 'prev_risk': 0.0, 'risk': 0.0}
[ep=11 t=0083] choose_plan=0 action=1 reward=0.044 info={'t': 84, 'max_steps': 100, 'dominant_type': 'proc_spawn', 'target_action': 2, 'prev_risk': 0.0, 'risk': 0.0}
[ep=11 t=0084] choose_plan=1 action=2 reward=-0.198 info={'t': 85, 'max_steps': 100, 'dominant_type': 'port_scan', 'target_action': 1, 'prev_risk': 0.0, 'risk': 0.0}
[ep=11 t=0085] choose_plan=1 action=1 reward=-0.033 info={'t': 86, 'max_steps': 100, 'dominant_type': 'outbound_conn', 'target_action': 2, 'prev_risk': 0.0, 'risk': 0.01383981966344864}
[ep=11 t=0086] choose_plan=5 action=2 reward=-0.052 info={'t': 87, 'max_steps': 100, 'dominant_type': 'port_scan', 'target_action': 1, 'prev_risk': 0.01383981966344864, 'risk': 0.0}
[ep=11 t=0087] choose_plan=5 action=1 reward=0.009 info={'t': 88, 'max_steps': 100, 'dominant_type': 'outbound_conn', 'target_action': 2, 'prev_risk': 0.0, 'risk': 0.011457467924670173}
[ep=11 t=0088] choose_plan=3 action=2 reward=-0.111 info={'t': 89, 'max_steps': 100, 'dominant_type': 'port_scan', 'target_action': 1, 'prev_risk': 0.011457467924670173, 'risk': 0.0}
[ep=11 t=0089] choose_plan=1 action=1 reward=0.513 info={'t': 90, 'max_steps': 100, 'dominant_type': 'port_scan', 'target_action': 1, 'prev_risk': 0.0, 'risk': 0.0}
[ep=11 t=0090] choose_plan=1 action=1 reward=-0.024 info={'t': 91, 'max_steps': 100, 'dominant_type': 'outbound_conn', 'target_action': 2, 'prev_risk': 0.0, 'risk': 0.02041290127591451}
[ep=11 t=0091] choose_plan=0 action=2 reward=0.409 info={'t': 92, 'max_steps': 100, 'dominant_type': 'proc_spawn', 'target_action': 2, 'prev_risk': 0.02041290127591451, 'risk': 0.0}
[ep=11 t=0092] choose_plan=3 action=2 reward=0.315 info={'t': 93, 'max_steps': 100, 'dominant_type': 'proc_spawn', 'target_action': 2, 'prev_risk': 0.0, 'risk': 0.0}
[ep=11 t=0093] choose_plan=2 action=2 reward=-0.181 info={'t': 94, 'max_steps': 100, 'dominant_type': 'port_scan', 'target_action': 1, 'prev_risk': 0.0, 'risk': 0.0}
[ep=11 t=0094] choose_plan=0 action=1 reward=0.505 info={'t': 95, 'max_steps': 100, 'dominant_type': 'auth_fail', 'target_action': 1, 'prev_risk': 0.0, 'risk': 0.0}
[ep=11 t=0095] choose_plan=1 action=1 reward=0.529 info={'t': 96, 'max_steps': 100, 'dominant_type': 'port_scan', 'target_action': 1, 'prev_risk': 0.0, 'risk': 0.0}
[ep=11 t=0096] choose_plan=5 action=1 reward=0.013 info={'t': 97, 'max_steps': 100, 'dominant_type': 'outbound_conn', 'target_action': 2, 'prev_risk': 0.0, 'risk': 0.0}
[ep=11 t=0097] choose_plan=1 action=2 reward=-0.215 info={'t': 98, 'max_steps': 100, 'dominant_type': 'port_scan', 'target_action': 1, 'prev_risk': 0.0, 'risk': 0.0}
[ep=11 t=0098] choose_plan=1 action=1 reward=0.505 info={'t': 99, 'max_steps': 100, 'dominant_type': 'auth_fail', 'target_action': 1, 'prev_risk': 0.0, 'risk': 0.0}
[ep=11 t=0099] choose_plan=0 action=1 reward=0.537 info={'t': 100, 'max_steps': 100, 'dominant_type': 'auth_fail', 'target_action': 1, 'prev_risk': 0.0, 'risk': 0.0}
# done at t=99
# episode_summary {"episode": 11, "episode_return": 20.03591036799801, "reward_mean": 0.2003591036799801, "reward_min": -0.21500000000000002, "reward_max": 0.670277467694411, "steps": 100, "unique_actions": 2, "top5_actions": [[2, 51], [1, 49]]}

# ===== EPISODE 12 =====
[ep=12 t=0000] choose_plan=5 action=2 reward=-0.278 info={'t': 1, 'max_steps': 100, 'dominant_type': 'auth_fail', 'target_action': 1, 'prev_risk': 0.2830832568475935, 'risk': 0.20466535956951293}
[ep=12 t=0001] choose_plan=1 action=1 reward=0.289 info={'t': 2, 'max_steps': 100, 'dominant_type': 'port_scan', 'target_action': 1, 'prev_risk': 0.20466535956951293, 'risk': 0.16867616857992293}
[ep=12 t=0002] choose_plan=2 action=1 reward=0.515 info={'t': 3, 'max_steps': 100, 'dominant_type': 'auth_fail', 'target_action': 1, 'prev_risk': 0.16867616857992293, 'risk': 0.10998153059410024}
[ep=12 t=0003] choose_plan=1 action=1 reward=-0.121 info={'t': 4, 'max_steps': 100, 'dominant_type': 'proc_spawn', 'target_action': 2, 'prev_risk': 0.10998153059410024, 'risk': 0.0921782497091041}
[ep=12 t=0004] choose_plan=4 action=2 reward=0.336 info={'t': 5, 'max_steps': 100, 'dominant_type': 'port_scan', 'target_action': 1, 'prev_risk': 0.0921782497091041, 'risk': 0.0}
[ep=12 t=0005] choose_plan=3 action=1 reward=-0.005 info={'t': 6, 'max_steps': 100, 'dominant_type': 'proc_spawn', 'target_action': 2, 'prev_risk': 0.0, 'risk': 0.0}
[ep=12 t=0006] choose_plan=5 action=2 reward=-0.187 info={'t': 7, 'max_steps': 100, 'dominant_type': 'port_scan', 'target_action': 1, 'prev_risk': 0.0, 'risk': 0.0}
[ep=12 t=0007] choose_plan=2 action=1 reward=0.005 info={'t': 8, 'max_steps': 100, 'dominant_type': 'outbound_conn', 'target_action': 2, 'prev_risk': 0.0, 'risk': 0.0}
[ep=12 t=0008] choose_plan=1 action=2 reward=-0.171 info={'t': 9, 'max_steps': 100, 'dominant_type': 'auth_fail', 'target_action': 1, 'prev_risk': 0.0, 'risk': 0.0}
[ep=12 t=0009] choose_plan=4 action=1 reward=0.505 info={'t': 10, 'max_steps': 100, 'dominant_type': 'auth_fail', 'target_action': 1, 'prev_risk': 0.0, 'risk': 0.0}
[ep=12 t=0010] choose_plan=4 action=1 reward=0.527 info={'t': 11, 'max_steps': 100, 'dominant_type': 'port_scan', 'target_action': 1, 'prev_risk': 0.0, 'risk': 0.0}
[ep=12 t=0011] choose_plan=4 action=1 reward=0.010 info={'t': 12, 'max_steps': 100, 'dominant_type': 'outbound_conn', 'target_action': 2, 'prev_risk': 0.0, 'risk': 0.0}
[ep=12 t=0012] choose_plan=3 action=2 reward=-0.215 info={'t': 13, 'max_steps': 100, 'dominant_type': 'port_scan', 'target_action': 1, 'prev_risk': 0.0, 'risk': 0.0}
[ep=12 t=0013] choose_plan=2 action=1 reward=0.062 info={'t': 14, 'max_steps': 100, 'dominant_type': 'outbound_conn', 'target_action': 2, 'prev_risk': 0.0, 'risk': 0.0}
[ep=12 t=0014] choose_plan=0 action=2 reward=-0.179 info={'t': 15, 'max_steps': 100, 'dominant_type': 'port_scan', 'target_action': 1, 'prev_risk': 0.0, 'risk': 0.0}
[ep=12 t=0015] choose_plan=5 action=1 reward=-0.004 info={'t': 16, 'max_steps': 100, 'dominant_type': 'proc_spawn', 'target_action': 2, 'prev_risk': 0.0, 'risk': 0.0}
[ep=12 t=0016] choose_plan=1 action=2 reward=-0.200 info={'t': 17, 'max_steps': 100, 'dominant_type': 'auth_fail', 'target_action': 1, 'prev_risk': 0.0, 'risk': 0.0}
[ep=12 t=0017] choose_plan=2 action=1 reward=0.510 info={'t': 18, 'max_steps': 100, 'dominant_type': 'auth_fail', 'target_action': 1, 'prev_risk': 0.0, 'risk': 0.0}
[ep=12 t=0018] choose_plan=5 action=1 reward=0.001 info={'t': 19, 'max_steps': 100, 'dominant_type': 'proc_spawn', 'target_action': 2, 'prev_risk': 0.0, 'risk': 0.0}
[ep=12 t=0019] choose_plan=1 action=2 reward=-0.140 info={'t': 20, 'max_steps': 100, 'dominant_type': 'auth_fail', 'target_action': 1, 'prev_risk': 0.0, 'risk': 0.0}
[ep=12 t=0020] choose_plan=0 action=1 reward=0.000 info={'t': 21, 'max_steps': 100, 'dominant_type': 'proc_spawn', 'target_action': 2, 'prev_risk': 0.0, 'risk': 0.0}
[ep=12 t=0021] choose_plan=2 action=2 reward=0.300 info={'t': 22, 'max_steps': 100, 'dominant_type': 'outbound_conn', 'target_action': 2, 'prev_risk': 0.0, 'risk': 0.0}
[ep=12 t=0022] choose_plan=0 action=2 reward=0.317 info={'t': 23, 'max_steps': 100, 'dominant_type': 'outbound_conn', 'target_action': 2, 'prev_risk': 0.0, 'risk': 0.0}
[ep=12 t=0023] choose_plan=4 action=2 reward=0.376 info={'t': 24, 'max_steps': 100, 'dominant_type': 'outbound_conn', 'target_action': 2, 'prev_risk': 0.0, 'risk': 0.0}
[ep=12 t=0024] choose_plan=2 action=2 reward=-0.200 info={'t': 25, 'max_steps': 100, 'dominant_type': 'auth_fail', 'target_action': 1, 'prev_risk': 0.0, 'risk': 0.0}
[ep=12 t=0025] choose_plan=1 action=1 reward=0.505 info={'t': 26, 'max_steps': 100, 'dominant_type': 'port_scan', 'target_action': 1, 'prev_risk': 0.0, 'risk': 0.0}
[ep=12 t=0026] choose_plan=5 action=1 reward=0.505 info={'t': 27, 'max_steps': 100, 'dominant_type': 'port_scan', 'target_action': 1, 'prev_risk': 0.0, 'risk': 0.0}
[ep=12 t=0027] choose_plan=0 action=1 reward=0.505 info={'t': 28, 'max_steps': 100, 'dominant_type': 'auth_fail', 'target_action': 1, 'prev_risk': 0.0, 'risk': 0.0}
[ep=12 t=0028] choose_plan=5 action=1 reward=0.009 info={'t': 29, 'max_steps': 100, 'dominant_type': 'outbound_conn', 'target_action': 2, 'prev_risk': 0.0, 'risk': 0.0}
[ep=12 t=0029] choose_plan=5 action=2 reward=0.310 info={'t': 30, 'max_steps': 100, 'dominant_type': 'proc_spawn', 'target_action': 2, 'prev_risk': 0.0, 'risk': 0.0}
[ep=12 t=0030] choose_plan=0 action=2 reward=-0.184 info={'t': 31, 'max_steps': 100, 'dominant_type': 'port_scan', 'target_action': 1, 'prev_risk': 0.0, 'risk': 0.0}
[ep=12 t=0031] choose_plan=2 action=1 reward=-0.104 info={'t': 32, 'max_steps': 100, 'dominant_type': 'outbound_conn', 'target_action': 2, 'prev_risk': 0.0, 'risk': 0.046917064814221025}
[ep=12 t=0032] choose_plan=5 action=2 reward=0.076 info={'t': 33, 'max_steps': 100, 'dominant_type': 'auth_fail', 'target_action': 1, 'prev_risk': 0.046917064814221025, 'risk': 0.0}
[ep=12 t=0033] choose_plan=2 action=1 reward=0.045 info={'t': 34, 'max_steps': 100, 'dominant_type': 'proc_spawn', 'target_action': 2, 'prev_risk': 0.0, 'risk': 0.0}
[ep=12 t=0034] choose_plan=1 action=2 reward=-0.165 info={'t': 35, 'max_steps': 100, 'dominant_type': 'port_scan', 'target_action': 1, 'prev_risk': 0.0, 'risk': 0.0}
[ep=12 t=0035] choose_plan=2 action=1 reward=0.551 info={'t': 36, 'max_steps': 100, 'dominant_type': 'auth_fail', 'target_action': 1, 'prev_risk': 0.0, 'risk': 0.0}
[ep=12 t=0036] choose_plan=5 action=1 reward=0.541 info={'t': 37, 'max_steps': 100, 'dominant_type': 'port_scan', 'target_action': 1, 'prev_risk': 0.0, 'risk': 0.0}
[ep=12 t=0037] choose_plan=1 action=1 reward=0.037 info={'t': 38, 'max_steps': 100, 'dominant_type': 'outbound_conn', 'target_action': 2, 'prev_risk': 0.0, 'risk': 0.0}
[ep=12 t=0038] choose_plan=0 action=2 reward=0.295 info={'t': 39, 'max_steps': 100, 'dominant_type': 'outbound_conn', 'target_action': 2, 'prev_risk': 0.0, 'risk': 0.0}
[ep=12 t=0039] choose_plan=2 action=2 reward=0.307 info={'t': 40, 'max_steps': 100, 'dominant_type': 'outbound_conn', 'target_action': 2, 'prev_risk': 0.0, 'risk': 0.0}
[ep=12 t=0040] choose_plan=4 action=2 reward=-0.207 info={'t': 41, 'max_steps': 100, 'dominant_type': 'port_scan', 'target_action': 1, 'prev_risk': 0.0, 'risk': 0.0}
[ep=12 t=0041] choose_plan=5 action=1 reward=-0.005 info={'t': 42, 'max_steps': 100, 'dominant_type': 'outbound_conn', 'target_action': 2, 'prev_risk': 0.0, 'risk': 0.0}
[ep=12 t=0042] choose_plan=3 action=2 reward=0.319 info={'t': 43, 'max_steps': 100, 'dominant_type': 'proc_spawn', 'target_action': 2, 'prev_risk': 0.0, 'risk': 0.0}
[ep=12 t=0043] choose_plan=4 action=2 reward=0.295 info={'t': 44, 'max_steps': 100, 'dominant_type': 'outbound_conn', 'target_action': 2, 'prev_risk': 0.0, 'risk': 0.0}
[ep=12 t=0044] choose_plan=5 action=2 reward=-0.179 info={'t': 45, 'max_steps': 100, 'dominant_type': 'port_scan', 'target_action': 1, 'prev_risk': 0.0, 'risk': 0.0011508954246223502}
[ep=12 t=0045] choose_plan=4 action=1 reward=0.545 info={'t': 46, 'max_steps': 100, 'dominant_type': 'port_scan', 'target_action': 1, 'prev_risk': 0.0011508954246223502, 'risk': 0.0}
[ep=12 t=0046] choose_plan=1 action=1 reward=0.558 info={'t': 47, 'max_steps': 100, 'dominant_type': 'port_scan', 'target_action': 1, 'prev_risk': 0.0, 'risk': 0.0}
[ep=12 t=0047] choose_plan=3 action=1 reward=-0.005 info={'t': 48, 'max_steps': 100, 'dominant_type': 'outbound_conn', 'target_action': 2, 'prev_risk': 0.0, 'risk': 0.0}
[ep=12 t=0048] choose_plan=5 action=2 reward=0.295 info={'t': 49, 'max_steps': 100, 'dominant_type': 'outbound_conn', 'target_action': 2, 'prev_risk': 0.0, 'risk': 0.0}
[ep=12 t=0049] choose_plan=5 action=2 reward=-0.215 info={'t': 50, 'max_steps': 100, 'dominant_type': 'port_scan', 'target_action': 1, 'prev_risk': 0.0, 'risk': 0.0}
[ep=12 t=0050] choose_plan=2 action=1 reward=0.029 info={'t': 51, 'max_steps': 100, 'dominant_type': 'proc_spawn', 'target_action': 2, 'prev_risk': 0.0, 'risk': 0.0}
[ep=12 t=0051] choose_plan=1 action=2 reward=-0.201 info={'t': 52, 'max_steps': 100, 'dominant_type': 'port_scan', 'target_action': 1, 'prev_risk': 0.0, 'risk': 0.0}
[ep=12 t=0052] choose_plan=0 action=1 reward=0.369 info={'t': 53, 'max_steps': 100, 'dominant_type': 'auth_fail', 'target_action': 1, 'prev_risk': 0.0, 'risk': 0.058338141521917276}
[ep=12 t=0053] choose_plan=1 action=1 reward=0.738 info={'t': 54, 'max_steps': 100, 'dominant_type': 'auth_fail', 'target_action': 1, 'prev_risk': 0.058338141521917276, 'risk': 0.014240403622384344}
[ep=12 t=0054] choose_plan=4 action=1 reward=0.075 info={'t': 55, 'max_steps': 100, 'dominant_type': 'outbound_conn', 'target_action': 2, 'prev_risk': 0.014240403622384344, 'risk': 0.0}
[ep=12 t=0055] choose_plan=3 action=2 reward=0.398 info={'t': 56, 'max_steps': 100, 'dominant_type': 'proc_spawn', 'target_action': 2, 'prev_risk': 0.0, 'risk': 0.0}
[ep=12 t=0056] choose_plan=1 action=2 reward=0.295 info={'t': 57, 'max_steps': 100, 'dominant_type': 'proc_spawn', 'target_action': 2, 'prev_risk': 0.0, 'risk': 0.0}
[ep=12 t=0057] choose_plan=4 action=2 reward=0.303 info={'t': 58, 'max_steps': 100, 'dominant_type': 'outbound_conn', 'target_action': 2, 'prev_risk': 0.0, 'risk': 0.0}
[ep=12 t=0058] choose_plan=2 action=2 reward=0.302 info={'t': 59, 'max_steps': 100, 'dominant_type': 'outbound_conn', 'target_action': 2, 'prev_risk': 0.0, 'risk': 0.0}
[ep=12 t=0059] choose_plan=2 action=2 reward=0.303 info={'t': 60, 'max_steps': 100, 'dominant_type': 'outbound_conn', 'target_action': 2, 'prev_risk': 0.0, 'risk': 0.0}
[ep=12 t=0060] choose_plan=0 action=2 reward=-0.204 info={'t': 61, 'max_steps': 100, 'dominant_type': 'auth_fail', 'target_action': 1, 'prev_risk': 0.0, 'risk': 0.0}
[ep=12 t=0061] choose_plan=2 action=1 reward=0.588 info={'t': 62, 'max_steps': 100, 'dominant_type': 'auth_fail', 'target_action': 1, 'prev_risk': 0.0, 'risk': 0.0}
[ep=12 t=0062] choose_plan=1 action=1 reward=0.510 info={'t': 63, 'max_steps': 100, 'dominant_type': 'auth_fail', 'target_action': 1, 'prev_risk': 0.0, 'risk': 0.0}
[ep=12 t=0063] choose_plan=2 action=1 reward=0.520 info={'t': 64, 'max_steps': 100, 'dominant_type': 'auth_fail', 'target_action': 1, 'prev_risk': 0.0, 'risk': 0.0}
[ep=12 t=0064] choose_plan=3 action=1 reward=0.524 info={'t': 65, 'max_steps': 100, 'dominant_type': 'auth_fail', 'target_action': 1, 'prev_risk': 0.0, 'risk': 0.0}
[ep=12 t=0065] choose_plan=2 action=1 reward=-0.005 info={'t': 66, 'max_steps': 100, 'dominant_type': 'outbound_conn', 'target_action': 2, 'prev_risk': 0.0, 'risk': 0.0}
[ep=12 t=0066] choose_plan=0 action=2 reward=0.303 info={'t': 67, 'max_steps': 100, 'dominant_type': 'outbound_conn', 'target_action': 2, 'prev_risk': 0.0, 'risk': 0.0}
[ep=12 t=0067] choose_plan=5 action=2 reward=-0.197 info={'t': 68, 'max_steps': 100, 'dominant_type': 'auth_fail', 'target_action': 1, 'prev_risk': 0.0, 'risk': 0.0}
[ep=12 t=0068] choose_plan=4 action=1 reward=-0.005 info={'t': 69, 'max_steps': 100, 'dominant_type': 'proc_spawn', 'target_action': 2, 'prev_risk': 0.0, 'risk': 0.0}
[ep=12 t=0069] choose_plan=1 action=2 reward=0.327 info={'t': 70, 'max_steps': 100, 'dominant_type': 'outbound_conn', 'target_action': 2, 'prev_risk': 0.0, 'risk': 0.0}
[ep=12 t=0070] choose_plan=2 action=2 reward=0.295 info={'t': 71, 'max_steps': 100, 'dominant_type': 'proc_spawn', 'target_action': 2, 'prev_risk': 0.0, 'risk': 0.0}
[ep=12 t=0071] choose_plan=2 action=2 reward=0.347 info={'t': 72, 'max_steps': 100, 'dominant_type': 'outbound_conn', 'target_action': 2, 'prev_risk': 0.0, 'risk': 0.0}
[ep=12 t=0072] choose_plan=0 action=2 reward=0.309 info={'t': 73, 'max_steps': 100, 'dominant_type': 'outbound_conn', 'target_action': 2, 'prev_risk': 0.0, 'risk': 0.0}
[ep=12 t=0073] choose_plan=0 action=2 reward=-0.203 info={'t': 74, 'max_steps': 100, 'dominant_type': 'port_scan', 'target_action': 1, 'prev_risk': 0.0, 'risk': 0.0}
[ep=12 t=0074] choose_plan=1 action=1 reward=-0.011 info={'t': 75, 'max_steps': 100, 'dominant_type': 'outbound_conn', 'target_action': 2, 'prev_risk': 0.0, 'risk': 0.008267236038560465}
[ep=12 t=0075] choose_plan=3 action=2 reward=0.388 info={'t': 76, 'max_steps': 100, 'dominant_type': 'outbound_conn', 'target_action': 2, 'prev_risk': 0.008267236038560465, 'risk': 0.0}
[ep=12 t=0076] choose_plan=0 action=2 reward=-0.190 info={'t': 77, 'max_steps': 100, 'dominant_type': 'port_scan', 'target_action': 1, 'prev_risk': 0.0, 'risk': 0.0}
[ep=12 t=0077] choose_plan=0 action=1 reward=0.027 info={'t': 78, 'max_steps': 100, 'dominant_type': 'outbound_conn', 'target_action': 2, 'prev_risk': 0.0, 'risk': 0.0}
[ep=12 t=0078] choose_plan=3 action=2 reward=-0.215 info={'t': 79, 'max_steps': 100, 'dominant_type': 'auth_fail', 'target_action': 1, 'prev_risk': 0.0, 'risk': 0.0}
[ep=12 t=0079] choose_plan=5 action=1 reward=0.015 info={'t': 80, 'max_steps': 100, 'dominant_type': 'proc_spawn', 'target_action': 2, 'prev_risk': 0.0, 'risk': 0.0}
[ep=12 t=0080] choose_plan=3 action=2 reward=-0.197 info={'t': 81, 'max_steps': 100, 'dominant_type': 'port_scan', 'target_action': 1, 'prev_risk': 0.0, 'risk': 0.0}
[ep=12 t=0081] choose_plan=3 action=1 reward=-0.005 info={'t': 82, 'max_steps': 100, 'dominant_type': 'proc_spawn', 'target_action': 2, 'prev_risk': 0.0, 'risk': 0.0}
[ep=12 t=0082] choose_plan=0 action=2 reward=0.349 info={'t': 83, 'max_steps': 100, 'dominant_type': 'outbound_conn', 'target_action': 2, 'prev_risk': 0.0, 'risk': 0.0}
[ep=12 t=0083] choose_plan=4 action=2 reward=0.355 info={'t': 84, 'max_steps': 100, 'dominant_type': 'proc_spawn', 'target_action': 2, 'prev_risk': 0.0, 'risk': 0.0}
[ep=12 t=0084] choose_plan=3 action=2 reward=0.309 info={'t': 85, 'max_steps': 100, 'dominant_type': 'outbound_conn', 'target_action': 2, 'prev_risk': 0.0, 'risk': 0.0}
[ep=12 t=0085] choose_plan=3 action=2 reward=0.297 info={'t': 86, 'max_steps': 100, 'dominant_type': 'proc_spawn', 'target_action': 2, 'prev_risk': 0.0, 'risk': 0.0}
[ep=12 t=0086] choose_plan=4 action=2 reward=0.295 info={'t': 87, 'max_steps': 100, 'dominant_type': 'outbound_conn', 'target_action': 2, 'prev_risk': 0.0, 'risk': 0.0}
[ep=12 t=0087] choose_plan=2 action=2 reward=-0.206 info={'t': 88, 'max_steps': 100, 'dominant_type': 'port_scan', 'target_action': 1, 'prev_risk': 0.0, 'risk': 0.0}
[ep=12 t=0088] choose_plan=3 action=1 reward=0.517 info={'t': 89, 'max_steps': 100, 'dominant_type': 'auth_fail', 'target_action': 1, 'prev_risk': 0.0, 'risk': 0.0}
[ep=12 t=0089] choose_plan=4 action=1 reward=0.505 info={'t': 90, 'max_steps': 100, 'dominant_type': 'auth_fail', 'target_action': 1, 'prev_risk': 0.0, 'risk': 0.0}
[ep=12 t=0090] choose_plan=1 action=1 reward=0.340 info={'t': 91, 'max_steps': 100, 'dominant_type': 'port_scan', 'target_action': 1, 'prev_risk': 0.0, 'risk': 0.057013114624826645}
[ep=12 t=0091] choose_plan=4 action=1 reward=0.554 info={'t': 92, 'max_steps': 100, 'dominant_type': 'port_scan', 'target_action': 1, 'prev_risk': 0.057013114624826645, 'risk': 0.03330622306168387}
[ep=12 t=0092] choose_plan=3 action=1 reward=0.539 info={'t': 93, 'max_steps': 100, 'dominant_type': 'auth_fail', 'target_action': 1, 'prev_risk': 0.03330622306168387, 'risk': 0.023369221773795454}
[ep=12 t=0093] choose_plan=4 action=1 reward=0.715 info={'t': 94, 'max_steps': 100, 'dominant_type': 'port_scan', 'target_action': 1, 'prev_risk': 0.023369221773795454, 'risk': 0.0}
[ep=12 t=0094] choose_plan=2 action=1 reward=-0.005 info={'t': 95, 'max_steps': 100, 'dominant_type': 'outbound_conn', 'target_action': 2, 'prev_risk': 0.0, 'risk': 0.0}
[ep=12 t=0095] choose_plan=0 action=2 reward=-0.214 info={'t': 96, 'max_steps': 100, 'dominant_type': 'port_scan', 'target_action': 1, 'prev_risk': 0.0, 'risk': 0.0}
[ep=12 t=0096] choose_plan=3 action=1 reward=0.055 info={'t': 97, 'max_steps': 100, 'dominant_type': 'proc_spawn', 'target_action': 2, 'prev_risk': 0.0, 'risk': 0.0}
[ep=12 t=0097] choose_plan=2 action=2 reward=-0.180 info={'t': 98, 'max_steps': 100, 'dominant_type': 'auth_fail', 'target_action': 1, 'prev_risk': 0.0, 'risk': 0.0}
[ep=12 t=0098] choose_plan=1 action=1 reward=0.505 info={'t': 99, 'max_steps': 100, 'dominant_type': 'port_scan', 'target_action': 1, 'prev_risk': 0.0, 'risk': 0.0}
[ep=12 t=0099] choose_plan=1 action=1 reward=-0.005 info={'t': 100, 'max_steps': 100, 'dominant_type': 'proc_spawn', 'target_action': 2, 'prev_risk': 0.0, 'risk': 0.0}
# done at t=99
# episode_summary {"episode": 12, "episode_return": 16.94344679521349, "reward_mean": 0.1694344679521349, "reward_min": -0.27836753801516473, "reward_max": 0.7383836550252156, "steps": 100, "unique_actions": 2, "top5_actions": [[2, 50], [1, 50]]}

# ===== EPISODE 13 =====
[ep=13 t=0000] choose_plan=1 action=2 reward=-0.219 info={'t': 1, 'max_steps': 100, 'dominant_type': 'port_scan', 'target_action': 1, 'prev_risk': 0.2955540482114764, 'risk': 0.21214629474072638}
[ep=13 t=0001] choose_plan=0 action=1 reward=0.340 info={'t': 2, 'max_steps': 100, 'dominant_type': 'auth_fail', 'target_action': 1, 'prev_risk': 0.21214629474072638, 'risk': 0.16723689955878535}
[ep=13 t=0002] choose_plan=4 action=1 reward=0.158 info={'t': 3, 'max_steps': 100, 'dominant_type': 'port_scan', 'target_action': 1, 'prev_risk': 0.16723689955878535, 'risk': 0.16299804128974893}
[ep=13 t=0003] choose_plan=3 action=1 reward=-0.137 info={'t': 4, 'max_steps': 100, 'dominant_type': 'auth_fail', 'target_action': 1, 'prev_risk': 0.16299804128974893, 'risk': 0.2021189881280492}
[ep=13 t=0004] choose_plan=3 action=1 reward=0.204 info={'t': 5, 'max_steps': 100, 'dominant_type': 'port_scan', 'target_action': 1, 'prev_risk': 0.2021189881280492, 'risk': 0.17612227526994}
[ep=13 t=0005] choose_plan=4 action=1 reward=-0.465 info={'t': 6, 'max_steps': 100, 'dominant_type': 'outbound_conn', 'target_action': 2, 'prev_risk': 0.17612227526994, 'risk': 0.18180312057250525}
[ep=13 t=0006] choose_plan=0 action=2 reward=-0.124 info={'t': 7, 'max_steps': 100, 'dominant_type': 'auth_fail', 'target_action': 1, 'prev_risk': 0.18180312057250525, 'risk': 0.11313690691646049}
[ep=13 t=0007] choose_plan=2 action=1 reward=0.500 info={'t': 8, 'max_steps': 100, 'dominant_type': 'port_scan', 'target_action': 1, 'prev_risk': 0.11313690691646049, 'risk': 0.0803860413794891}
[ep=13 t=0008] choose_plan=5 action=1 reward=-0.052 info={'t': 9, 'max_steps': 100, 'dominant_type': 'proc_spawn', 'target_action': 2, 'prev_risk': 0.0803860413794891, 'risk': 0.06341125860876168}
[ep=13 t=0009] choose_plan=0 action=2 reward=0.177 info={'t': 10, 'max_steps': 100, 'dominant_type': 'port_scan', 'target_action': 1, 'prev_risk': 0.06341125860876168, 'risk': 0.0}
[ep=13 t=0010] choose_plan=2 action=1 reward=-0.003 info={'t': 11, 'max_steps': 100, 'dominant_type': 'outbound_conn', 'target_action': 2, 'prev_risk': 0.0, 'risk': 0.0}
[ep=13 t=0011] choose_plan=1 action=2 reward=0.354 info={'t': 12, 'max_steps': 100, 'dominant_type': 'proc_spawn', 'target_action': 2, 'prev_risk': 0.0, 'risk': 0.0}
[ep=13 t=0012] choose_plan=4 action=2 reward=-0.180 info={'t': 13, 'max_steps': 100, 'dominant_type': 'port_scan', 'target_action': 1, 'prev_risk': 0.0, 'risk': 0.0}
[ep=13 t=0013] choose_plan=4 action=1 reward=0.519 info={'t': 14, 'max_steps': 100, 'dominant_type': 'port_scan', 'target_action': 1, 'prev_risk': 0.0, 'risk': 0.0}
[ep=13 t=0014] choose_plan=1 action=1 reward=0.529 info={'t': 15, 'max_steps': 100, 'dominant_type': 'auth_fail', 'target_action': 1, 'prev_risk': 0.0, 'risk': 0.0}
[ep=13 t=0015] choose_plan=2 action=1 reward=0.041 info={'t': 16, 'max_steps': 100, 'dominant_type': 'proc_spawn', 'target_action': 2, 'prev_risk': 0.0, 'risk': 0.0}
[ep=13 t=0016] choose_plan=5 action=2 reward=-0.206 info={'t': 17, 'max_steps': 100, 'dominant_type': 'port_scan', 'target_action': 1, 'prev_risk': 0.0, 'risk': 0.0}
[ep=13 t=0017] choose_plan=5 action=1 reward=0.521 info={'t': 18, 'max_steps': 100, 'dominant_type': 'port_scan', 'target_action': 1, 'prev_risk': 0.0, 'risk': 0.0}
[ep=13 t=0018] choose_plan=4 action=1 reward=0.540 info={'t': 19, 'max_steps': 100, 'dominant_type': 'auth_fail', 'target_action': 1, 'prev_risk': 0.0, 'risk': 0.0}
[ep=13 t=0019] choose_plan=3 action=1 reward=0.032 info={'t': 20, 'max_steps': 100, 'dominant_type': 'outbound_conn', 'target_action': 2, 'prev_risk': 0.0, 'risk': 0.0}
[ep=13 t=0020] choose_plan=1 action=2 reward=0.344 info={'t': 21, 'max_steps': 100, 'dominant_type': 'outbound_conn', 'target_action': 2, 'prev_risk': 0.0, 'risk': 0.0}
[ep=13 t=0021] choose_plan=2 action=2 reward=-0.202 info={'t': 22, 'max_steps': 100, 'dominant_type': 'auth_fail', 'target_action': 1, 'prev_risk': 0.0, 'risk': 0.0}
[ep=13 t=0022] choose_plan=0 action=1 reward=0.515 info={'t': 23, 'max_steps': 100, 'dominant_type': 'auth_fail', 'target_action': 1, 'prev_risk': 0.0, 'risk': 0.0}
[ep=13 t=0023] choose_plan=3 action=1 reward=0.518 info={'t': 24, 'max_steps': 100, 'dominant_type': 'port_scan', 'target_action': 1, 'prev_risk': 0.0, 'risk': 0.0}
[ep=13 t=0024] choose_plan=0 action=1 reward=0.511 info={'t': 25, 'max_steps': 100, 'dominant_type': 'auth_fail', 'target_action': 1, 'prev_risk': 0.0, 'risk': 0.0}
[ep=13 t=0025] choose_plan=4 action=1 reward=0.012 info={'t': 26, 'max_steps': 100, 'dominant_type': 'outbound_conn', 'target_action': 2, 'prev_risk': 0.0, 'risk': 0.0}
[ep=13 t=0026] choose_plan=0 action=2 reward=0.326 info={'t': 27, 'max_steps': 100, 'dominant_type': 'proc_spawn', 'target_action': 2, 'prev_risk': 0.0, 'risk': 0.0}
[ep=13 t=0027] choose_plan=2 action=2 reward=-0.170 info={'t': 28, 'max_steps': 100, 'dominant_type': 'port_scan', 'target_action': 1, 'prev_risk': 0.0, 'risk': 0.0}
[ep=13 t=0028] choose_plan=0 action=1 reward=0.505 info={'t': 29, 'max_steps': 100, 'dominant_type': 'auth_fail', 'target_action': 1, 'prev_risk': 0.0, 'risk': 0.0}
[ep=13 t=0029] choose_plan=0 action=1 reward=0.505 info={'t': 30, 'max_steps': 100, 'dominant_type': 'auth_fail', 'target_action': 1, 'prev_risk': 0.0, 'risk': 0.0}
[ep=13 t=0030] choose_plan=0 action=1 reward=-0.005 info={'t': 31, 'max_steps': 100, 'dominant_type': 'outbound_conn', 'target_action': 2, 'prev_risk': 0.0, 'risk': 0.0}
[ep=13 t=0031] choose_plan=2 action=2 reward=-0.141 info={'t': 32, 'max_steps': 100, 'dominant_type': 'auth_fail', 'target_action': 1, 'prev_risk': 0.0, 'risk': 0.0}
[ep=13 t=0032] choose_plan=1 action=1 reward=-0.005 info={'t': 33, 'max_steps': 100, 'dominant_type': 'proc_spawn', 'target_action': 2, 'prev_risk': 0.0, 'risk': 0.0}
[ep=13 t=0033] choose_plan=5 action=2 reward=-0.207 info={'t': 34, 'max_steps': 100, 'dominant_type': 'port_scan', 'target_action': 1, 'prev_risk': 0.0, 'risk': 0.0}
[ep=13 t=0034] choose_plan=1 action=1 reward=0.564 info={'t': 35, 'max_steps': 100, 'dominant_type': 'auth_fail', 'target_action': 1, 'prev_risk': 0.0, 'risk': 0.0}
[ep=13 t=0035] choose_plan=2 action=1 reward=-0.019 info={'t': 36, 'max_steps': 100, 'dominant_type': 'outbound_conn', 'target_action': 2, 'prev_risk': 0.0, 'risk': 0.026951315503025992}
[ep=13 t=0036] choose_plan=3 action=2 reward=-0.045 info={'t': 37, 'max_steps': 100, 'dominant_type': 'auth_fail', 'target_action': 1, 'prev_risk': 0.026951315503025992, 'risk': 0.0}
[ep=13 t=0037] choose_plan=3 action=1 reward=0.554 info={'t': 38, 'max_steps': 100, 'dominant_type': 'port_scan', 'target_action': 1, 'prev_risk': 0.0, 'risk': 0.0}
[ep=13 t=0038] choose_plan=2 action=1 reward=0.510 info={'t': 39, 'max_steps': 100, 'dominant_type': 'auth_fail', 'target_action': 1, 'prev_risk': 0.0, 'risk': 0.0}
[ep=13 t=0039] choose_plan=3 action=1 reward=0.532 info={'t': 40, 'max_steps': 100, 'dominant_type': 'auth_fail', 'target_action': 1, 'prev_risk': 0.0, 'risk': 0.0}
[ep=13 t=0040] choose_plan=5 action=1 reward=-0.005 info={'t': 41, 'max_steps': 100, 'dominant_type': 'proc_spawn', 'target_action': 2, 'prev_risk': 0.0, 'risk': 0.0}
[ep=13 t=0041] choose_plan=2 action=2 reward=-0.165 info={'t': 42, 'max_steps': 100, 'dominant_type': 'port_scan', 'target_action': 1, 'prev_risk': 0.0, 'risk': 0.0}
[ep=13 t=0042] choose_plan=2 action=1 reward=0.499 info={'t': 43, 'max_steps': 100, 'dominant_type': 'port_scan', 'target_action': 1, 'prev_risk': 0.0, 'risk': 0.020849932303274324}
[ep=13 t=0043] choose_plan=0 action=1 reward=0.683 info={'t': 44, 'max_steps': 100, 'dominant_type': 'port_scan', 'target_action': 1, 'prev_risk': 0.020849932303274324, 'risk': 0.0}
[ep=13 t=0044] choose_plan=1 action=1 reward=0.021 info={'t': 45, 'max_steps': 100, 'dominant_type': 'proc_spawn', 'target_action': 2, 'prev_risk': 0.0, 'risk': 0.0}
[ep=13 t=0045] choose_plan=5 action=2 reward=0.302 info={'t': 46, 'max_steps': 100, 'dominant_type': 'proc_spawn', 'target_action': 2, 'prev_risk': 0.0, 'risk': 0.0}
[ep=13 t=0046] choose_plan=2 action=2 reward=-0.215 info={'t': 47, 'max_steps': 100, 'dominant_type': 'port_scan', 'target_action': 1, 'prev_risk': 0.0, 'risk': 0.0}
[ep=13 t=0047] choose_plan=3 action=1 reward=-0.005 info={'t': 48, 'max_steps': 100, 'dominant_type': 'proc_spawn', 'target_action': 2, 'prev_risk': 0.0, 'risk': 0.0}
[ep=13 t=0048] choose_plan=2 action=2 reward=0.340 info={'t': 49, 'max_steps': 100, 'dominant_type': 'proc_spawn', 'target_action': 2, 'prev_risk': 0.0, 'risk': 0.0}
[ep=13 t=0049] choose_plan=1 action=2 reward=0.322 info={'t': 50, 'max_steps': 100, 'dominant_type': 'proc_spawn', 'target_action': 2, 'prev_risk': 0.0, 'risk': 0.0}
[ep=13 t=0050] choose_plan=0 action=2 reward=-0.154 info={'t': 51, 'max_steps': 100, 'dominant_type': 'port_scan', 'target_action': 1, 'prev_risk': 0.0, 'risk': 0.0}
[ep=13 t=0051] choose_plan=5 action=1 reward=0.528 info={'t': 52, 'max_steps': 100, 'dominant_type': 'port_scan', 'target_action': 1, 'prev_risk': 0.0, 'risk': 0.0}
[ep=13 t=0052] choose_plan=1 action=1 reward=0.505 info={'t': 53, 'max_steps': 100, 'dominant_type': 'auth_fail', 'target_action': 1, 'prev_risk': 0.0, 'risk': 0.0}
[ep=13 t=0053] choose_plan=4 action=1 reward=0.531 info={'t': 54, 'max_steps': 100, 'dominant_type': 'port_scan', 'target_action': 1, 'prev_risk': 0.0, 'risk': 0.0}
[ep=13 t=0054] choose_plan=0 action=1 reward=0.477 info={'t': 55, 'max_steps': 100, 'dominant_type': 'auth_fail', 'target_action': 1, 'prev_risk': 0.0, 'risk': 0.024724318516532243}
[ep=13 t=0055] choose_plan=5 action=1 reward=0.150 info={'t': 56, 'max_steps': 100, 'dominant_type': 'outbound_conn', 'target_action': 2, 'prev_risk': 0.024724318516532243, 'risk': 6.279640899663902e-05}
[ep=13 t=0056] choose_plan=2 action=2 reward=0.317 info={'t': 57, 'max_steps': 100, 'dominant_type': 'outbound_conn', 'target_action': 2, 'prev_risk': 6.279640899663902e-05, 'risk': 0.0}
[ep=13 t=0057] choose_plan=0 action=2 reward=0.350 info={'t': 58, 'max_steps': 100, 'dominant_type': 'outbound_conn', 'target_action': 2, 'prev_risk': 0.0, 'risk': 0.0}
[ep=13 t=0058] choose_plan=3 action=2 reward=0.295 info={'t': 59, 'max_steps': 100, 'dominant_type': 'proc_spawn', 'target_action': 2, 'prev_risk': 0.0, 'risk': 0.0}
[ep=13 t=0059] choose_plan=0 action=2 reward=-0.215 info={'t': 60, 'max_steps': 100, 'dominant_type': 'port_scan', 'target_action': 1, 'prev_risk': 0.0, 'risk': 0.0}
[ep=13 t=0060] choose_plan=1 action=1 reward=0.505 info={'t': 61, 'max_steps': 100, 'dominant_type': 'port_scan', 'target_action': 1, 'prev_risk': 0.0, 'risk': 0.0}
[ep=13 t=0061] choose_plan=1 action=1 reward=0.017 info={'t': 62, 'max_steps': 100, 'dominant_type': 'proc_spawn', 'target_action': 2, 'prev_risk': 0.0, 'risk': 0.0}
[ep=13 t=0062] choose_plan=2 action=2 reward=0.286 info={'t': 63, 'max_steps': 100, 'dominant_type': 'outbound_conn', 'target_action': 2, 'prev_risk': 0.0, 'risk': 0.0032317148736575596}
[ep=13 t=0063] choose_plan=3 action=2 reward=-0.181 info={'t': 64, 'max_steps': 100, 'dominant_type': 'port_scan', 'target_action': 1, 'prev_risk': 0.0032317148736575596, 'risk': 0.0}
[ep=13 t=0064] choose_plan=0 action=1 reward=0.032 info={'t': 65, 'max_steps': 100, 'dominant_type': 'outbound_conn', 'target_action': 2, 'prev_risk': 0.0, 'risk': 0.0}
[ep=13 t=0065] choose_plan=2 action=2 reward=-0.168 info={'t': 66, 'max_steps': 100, 'dominant_type': 'port_scan', 'target_action': 1, 'prev_risk': 0.0, 'risk': 0.0}
[ep=13 t=0066] choose_plan=5 action=1 reward=0.544 info={'t': 67, 'max_steps': 100, 'dominant_type': 'port_scan', 'target_action': 1, 'prev_risk': 0.0, 'risk': 0.0}
[ep=13 t=0067] choose_plan=4 action=1 reward=0.505 info={'t': 68, 'max_steps': 100, 'dominant_type': 'auth_fail', 'target_action': 1, 'prev_risk': 0.0, 'risk': 0.0}
[ep=13 t=0068] choose_plan=4 action=1 reward=-0.005 info={'t': 69, 'max_steps': 100, 'dominant_type': 'outbound_conn', 'target_action': 2, 'prev_risk': 0.0, 'risk': 0.0}
[ep=13 t=0069] choose_plan=3 action=2 reward=-0.215 info={'t': 70, 'max_steps': 100, 'dominant_type': 'port_scan', 'target_action': 1, 'prev_risk': 0.0, 'risk': 0.0}
[ep=13 t=0070] choose_plan=4 action=1 reward=-0.005 info={'t': 71, 'max_steps': 100, 'dominant_type': 'proc_spawn', 'target_action': 2, 'prev_risk': 0.0, 'risk': 0.0}
[ep=13 t=0071] choose_plan=2 action=2 reward=-0.215 info={'t': 72, 'max_steps': 100, 'dominant_type': 'port_scan', 'target_action': 1, 'prev_risk': 0.0, 'risk': 0.0}
[ep=13 t=0072] choose_plan=4 action=1 reward=-0.005 info={'t': 73, 'max_steps': 100, 'dominant_type': 'outbound_conn', 'target_action': 2, 'prev_risk': 0.0, 'risk': 0.0}
[ep=13 t=0073] choose_plan=3 action=2 reward=0.297 info={'t': 74, 'max_steps': 100, 'dominant_type': 'outbound_conn', 'target_action': 2, 'prev_risk': 0.0, 'risk': 0.0}
[ep=13 t=0074] choose_plan=4 action=2 reward=0.295 info={'t': 75, 'max_steps': 100, 'dominant_type': 'outbound_conn', 'target_action': 2, 'prev_risk': 0.0, 'risk': 0.0}
[ep=13 t=0075] choose_plan=3 action=2 reward=-0.196 info={'t': 76, 'max_steps': 100, 'dominant_type': 'auth_fail', 'target_action': 1, 'prev_risk': 0.0, 'risk': 0.0}
[ep=13 t=0076] choose_plan=5 action=1 reward=0.025 info={'t': 77, 'max_steps': 100, 'dominant_type': 'outbound_conn', 'target_action': 2, 'prev_risk': 0.0, 'risk': 0.0}
[ep=13 t=0077] choose_plan=3 action=2 reward=-0.212 info={'t': 78, 'max_steps': 100, 'dominant_type': 'auth_fail', 'target_action': 1, 'prev_risk': 0.0, 'risk': 0.0}
[ep=13 t=0078] choose_plan=1 action=1 reward=0.533 info={'t': 79, 'max_steps': 100, 'dominant_type': 'auth_fail', 'target_action': 1, 'prev_risk': 0.0, 'risk': 0.0}
[ep=13 t=0079] choose_plan=4 action=1 reward=0.539 info={'t': 80, 'max_steps': 100, 'dominant_type': 'auth_fail', 'target_action': 1, 'prev_risk': 0.0, 'risk': 0.0}
[ep=13 t=0080] choose_plan=5 action=1 reward=-0.005 info={'t': 81, 'max_steps': 100, 'dominant_type': 'proc_spawn', 'target_action': 2, 'prev_risk': 0.0, 'risk': 0.0}
[ep=13 t=0081] choose_plan=4 action=2 reward=0.305 info={'t': 82, 'max_steps': 100, 'dominant_type': 'proc_spawn', 'target_action': 2, 'prev_risk': 0.0, 'risk': 0.0}
[ep=13 t=0082] choose_plan=1 action=2 reward=0.298 info={'t': 83, 'max_steps': 100, 'dominant_type': 'proc_spawn', 'target_action': 2, 'prev_risk': 0.0, 'risk': 0.0}
[ep=13 t=0083] choose_plan=4 action=2 reward=0.295 info={'t': 84, 'max_steps': 100, 'dominant_type': 'proc_spawn', 'target_action': 2, 'prev_risk': 0.0, 'risk': 0.0}
[ep=13 t=0084] choose_plan=5 action=2 reward=0.324 info={'t': 85, 'max_steps': 100, 'dominant_type': 'outbound_conn', 'target_action': 2, 'prev_risk': 0.0, 'risk': 0.0}
[ep=13 t=0085] choose_plan=0 action=2 reward=-0.183 info={'t': 86, 'max_steps': 100, 'dominant_type': 'port_scan', 'target_action': 1, 'prev_risk': 0.0, 'risk': 0.0}
[ep=13 t=0086] choose_plan=1 action=1 reward=0.456 info={'t': 87, 'max_steps': 100, 'dominant_type': 'port_scan', 'target_action': 1, 'prev_risk': 0.0, 'risk': 0.025117309266866124}
[ep=13 t=0087] choose_plan=0 action=1 reward=0.117 info={'t': 88, 'max_steps': 100, 'dominant_type': 'proc_spawn', 'target_action': 2, 'prev_risk': 0.025117309266866124, 'risk': 0.0067956670651143775}
[ep=13 t=0088] choose_plan=0 action=2 reward=-0.177 info={'t': 89, 'max_steps': 100, 'dominant_type': 'port_scan', 'target_action': 1, 'prev_risk': 0.0067956670651143775, 'risk': 0.0}
[ep=13 t=0089] choose_plan=5 action=1 reward=-0.120 info={'t': 90, 'max_steps': 100, 'dominant_type': 'proc_spawn', 'target_action': 2, 'prev_risk': 0.0, 'risk': 0.046848666088250966}
[ep=13 t=0090] choose_plan=1 action=2 reward=0.577 info={'t': 91, 'max_steps': 100, 'dominant_type': 'proc_spawn', 'target_action': 2, 'prev_risk': 0.046848666088250966, 'risk': 0.0}
[ep=13 t=0091] choose_plan=4 action=2 reward=-0.186 info={'t': 92, 'max_steps': 100, 'dominant_type': 'port_scan', 'target_action': 1, 'prev_risk': 0.0, 'risk': 0.0}
[ep=13 t=0092] choose_plan=0 action=1 reward=0.566 info={'t': 93, 'max_steps': 100, 'dominant_type': 'auth_fail', 'target_action': 1, 'prev_risk': 0.0, 'risk': 0.0}
[ep=13 t=0093] choose_plan=1 action=1 reward=0.004 info={'t': 94, 'max_steps': 100, 'dominant_type': 'outbound_conn', 'target_action': 2, 'prev_risk': 0.0, 'risk': 0.0}
[ep=13 t=0094] choose_plan=2 action=2 reward=0.324 info={'t': 95, 'max_steps': 100, 'dominant_type': 'outbound_conn', 'target_action': 2, 'prev_risk': 0.0, 'risk': 0.0}
[ep=13 t=0095] choose_plan=3 action=2 reward=0.303 info={'t': 96, 'max_steps': 100, 'dominant_type': 'outbound_conn', 'target_action': 2, 'prev_risk': 0.0, 'risk': 0.0}
[ep=13 t=0096] choose_plan=5 action=2 reward=0.313 info={'t': 97, 'max_steps': 100, 'dominant_type': 'proc_spawn', 'target_action': 2, 'prev_risk': 0.0, 'risk': 0.0}
[ep=13 t=0097] choose_plan=1 action=2 reward=0.295 info={'t': 98, 'max_steps': 100, 'dominant_type': 'outbound_conn', 'target_action': 2, 'prev_risk': 0.0, 'risk': 0.0}
[ep=13 t=0098] choose_plan=3 action=2 reward=0.295 info={'t': 99, 'max_steps': 100, 'dominant_type': 'proc_spawn', 'target_action': 2, 'prev_risk': 0.0, 'risk': 0.0}
[ep=13 t=0099] choose_plan=0 action=2 reward=-0.215 info={'t': 100, 'max_steps': 100, 'dominant_type': 'port_scan', 'target_action': 1, 'prev_risk': 0.0, 'risk': 0.0}
# done at t=99
# episode_summary {"episode": 13, "episode_return": 17.648390324860134, "reward_mean": 0.17648390324860133, "reward_min": -0.46545170663283847, "reward_max": 0.6826758840291642, "steps": 100, "unique_actions": 2, "top5_actions": [[1, 54], [2, 46]]}

# ===== EPISODE 14 =====
[ep=14 t=0000] choose_plan=5 action=2 reward=-0.083 info={'t': 1, 'max_steps': 100, 'dominant_type': 'port_scan', 'target_action': 1, 'prev_risk': 0.29027886687545384, 'risk': 0.18699346839883135}
[ep=14 t=0001] choose_plan=0 action=1 reward=-0.750 info={'t': 2, 'max_steps': 100, 'dominant_type': 'outbound_conn', 'target_action': 2, 'prev_risk': 0.18699346839883135, 'risk': 0.22615288734271566}
[ep=14 t=0002] choose_plan=3 action=2 reward=-0.142 info={'t': 3, 'max_steps': 100, 'dominant_type': 'auth_fail', 'target_action': 1, 'prev_risk': 0.22615288734271566, 'risk': 0.14990452898980713}
[ep=14 t=0003] choose_plan=1 action=1 reward=-0.059 info={'t': 4, 'max_steps': 100, 'dominant_type': 'proc_spawn', 'target_action': 2, 'prev_risk': 0.14990452898980713, 'risk': 0.10967895227687643}
[ep=14 t=0004] choose_plan=4 action=2 reward=0.516 info={'t': 5, 'max_steps': 100, 'dominant_type': 'proc_spawn', 'target_action': 2, 'prev_risk': 0.10967895227687643, 'risk': 0.054621455295120525}
[ep=14 t=0005] choose_plan=1 action=2 reward=-0.055 info={'t': 6, 'max_steps': 100, 'dominant_type': 'port_scan', 'target_action': 1, 'prev_risk': 0.054621455295120525, 'risk': 0.02078685001717745}
[ep=14 t=0006] choose_plan=1 action=1 reward=0.566 info={'t': 7, 'max_steps': 100, 'dominant_type': 'auth_fail', 'target_action': 1, 'prev_risk': 0.02078685001717745, 'risk': 0.007664478814702065}
[ep=14 t=0007] choose_plan=1 action=1 reward=0.549 info={'t': 8, 'max_steps': 100, 'dominant_type': 'port_scan', 'target_action': 1, 'prev_risk': 0.007664478814702065, 'risk': 0.0}
[ep=14 t=0008] choose_plan=5 action=1 reward=-0.005 info={'t': 9, 'max_steps': 100, 'dominant_type': 'outbound_conn', 'target_action': 2, 'prev_risk': 0.0, 'risk': 0.0}
[ep=14 t=0009] choose_plan=3 action=2 reward=-0.202 info={'t': 10, 'max_steps': 100, 'dominant_type': 'port_scan', 'target_action': 1, 'prev_risk': 0.0, 'risk': 0.0}
[ep=14 t=0010] choose_plan=2 action=1 reward=0.548 info={'t': 11, 'max_steps': 100, 'dominant_type': 'port_scan', 'target_action': 1, 'prev_risk': 0.0, 'risk': 0.0}
[ep=14 t=0011] choose_plan=2 action=1 reward=0.583 info={'t': 12, 'max_steps': 100, 'dominant_type': 'auth_fail', 'target_action': 1, 'prev_risk': 0.0, 'risk': 0.0}
[ep=14 t=0012] choose_plan=2 action=1 reward=-0.004 info={'t': 13, 'max_steps': 100, 'dominant_type': 'outbound_conn', 'target_action': 2, 'prev_risk': 0.0, 'risk': 0.0}
[ep=14 t=0013] choose_plan=3 action=2 reward=-0.215 info={'t': 14, 'max_steps': 100, 'dominant_type': 'port_scan', 'target_action': 1, 'prev_risk': 0.0, 'risk': 0.0}
[ep=14 t=0014] choose_plan=4 action=1 reward=0.464 info={'t': 15, 'max_steps': 100, 'dominant_type': 'auth_fail', 'target_action': 1, 'prev_risk': 0.0, 'risk': 0.021761162731229265}
[ep=14 t=0015] choose_plan=2 action=1 reward=0.643 info={'t': 16, 'max_steps': 100, 'dominant_type': 'port_scan', 'target_action': 1, 'prev_risk': 0.021761162731229265, 'risk': 0.0}
[ep=14 t=0016] choose_plan=3 action=1 reward=0.055 info={'t': 17, 'max_steps': 100, 'dominant_type': 'proc_spawn', 'target_action': 2, 'prev_risk': 0.0, 'risk': 0.0}
[ep=14 t=0017] choose_plan=3 action=2 reward=0.312 info={'t': 18, 'max_steps': 100, 'dominant_type': 'proc_spawn', 'target_action': 2, 'prev_risk': 0.0, 'risk': 0.0}
[ep=14 t=0018] choose_plan=1 action=2 reward=-0.168 info={'t': 19, 'max_steps': 100, 'dominant_type': 'port_scan', 'target_action': 1, 'prev_risk': 0.0, 'risk': 0.0}
[ep=14 t=0019] choose_plan=0 action=1 reward=0.533 info={'t': 20, 'max_steps': 100, 'dominant_type': 'auth_fail', 'target_action': 1, 'prev_risk': 0.0, 'risk': 0.0}
[ep=14 t=0020] choose_plan=1 action=1 reward=-0.002 info={'t': 21, 'max_steps': 100, 'dominant_type': 'proc_spawn', 'target_action': 2, 'prev_risk': 0.0, 'risk': 0.0}
[ep=14 t=0021] choose_plan=2 action=2 reward=-0.181 info={'t': 22, 'max_steps': 100, 'dominant_type': 'port_scan', 'target_action': 1, 'prev_risk': 0.0, 'risk': 0.0}
[ep=14 t=0022] choose_plan=1 action=1 reward=0.559 info={'t': 23, 'max_steps': 100, 'dominant_type': 'port_scan', 'target_action': 1, 'prev_risk': 0.0, 'risk': 0.0}
[ep=14 t=0023] choose_plan=4 action=1 reward=0.014 info={'t': 24, 'max_steps': 100, 'dominant_type': 'outbound_conn', 'target_action': 2, 'prev_risk': 0.0, 'risk': 0.0}
[ep=14 t=0024] choose_plan=0 action=2 reward=-0.201 info={'t': 25, 'max_steps': 100, 'dominant_type': 'port_scan', 'target_action': 1, 'prev_risk': 0.0, 'risk': 0.0}
[ep=14 t=0025] choose_plan=5 action=1 reward=0.519 info={'t': 26, 'max_steps': 100, 'dominant_type': 'auth_fail', 'target_action': 1, 'prev_risk': 0.0, 'risk': 0.0}
[ep=14 t=0026] choose_plan=1 action=1 reward=-0.002 info={'t': 27, 'max_steps': 100, 'dominant_type': 'proc_spawn', 'target_action': 2, 'prev_risk': 0.0, 'risk': 0.0}
[ep=14 t=0027] choose_plan=3 action=2 reward=0.323 info={'t': 28, 'max_steps': 100, 'dominant_type': 'proc_spawn', 'target_action': 2, 'prev_risk': 0.0, 'risk': 0.0}
[ep=14 t=0028] choose_plan=2 action=2 reward=-0.152 info={'t': 29, 'max_steps': 100, 'dominant_type': 'port_scan', 'target_action': 1, 'prev_risk': 0.0, 'risk': 0.0}
[ep=14 t=0029] choose_plan=1 action=1 reward=-0.005 info={'t': 30, 'max_steps': 100, 'dominant_type': 'proc_spawn', 'target_action': 2, 'prev_risk': 0.0, 'risk': 0.0}
[ep=14 t=0030] choose_plan=2 action=2 reward=0.295 info={'t': 31, 'max_steps': 100, 'dominant_type': 'proc_spawn', 'target_action': 2, 'prev_risk': 0.0, 'risk': 0.0}
[ep=14 t=0031] choose_plan=3 action=2 reward=0.324 info={'t': 32, 'max_steps': 100, 'dominant_type': 'proc_spawn', 'target_action': 2, 'prev_risk': 0.0, 'risk': 0.0}
[ep=14 t=0032] choose_plan=1 action=2 reward=0.307 info={'t': 33, 'max_steps': 100, 'dominant_type': 'proc_spawn', 'target_action': 2, 'prev_risk': 0.0, 'risk': 0.0}
[ep=14 t=0033] choose_plan=2 action=2 reward=0.368 info={'t': 34, 'max_steps': 100, 'dominant_type': 'outbound_conn', 'target_action': 2, 'prev_risk': 0.0, 'risk': 0.0}
[ep=14 t=0034] choose_plan=3 action=2 reward=0.295 info={'t': 35, 'max_steps': 100, 'dominant_type': 'proc_spawn', 'target_action': 2, 'prev_risk': 0.0, 'risk': 0.0}
[ep=14 t=0035] choose_plan=0 action=2 reward=-0.167 info={'t': 36, 'max_steps': 100, 'dominant_type': 'port_scan', 'target_action': 1, 'prev_risk': 0.0, 'risk': 0.0}
[ep=14 t=0036] choose_plan=3 action=1 reward=0.505 info={'t': 37, 'max_steps': 100, 'dominant_type': 'auth_fail', 'target_action': 1, 'prev_risk': 0.0, 'risk': 0.0}
[ep=14 t=0037] choose_plan=4 action=1 reward=0.520 info={'t': 38, 'max_steps': 100, 'dominant_type': 'auth_fail', 'target_action': 1, 'prev_risk': 0.0, 'risk': 0.0}
[ep=14 t=0038] choose_plan=4 action=1 reward=0.028 info={'t': 39, 'max_steps': 100, 'dominant_type': 'proc_spawn', 'target_action': 2, 'prev_risk': 0.0, 'risk': 0.0}
[ep=14 t=0039] choose_plan=0 action=2 reward=-0.186 info={'t': 40, 'max_steps': 100, 'dominant_type': 'port_scan', 'target_action': 1, 'prev_risk': 0.0, 'risk': 0.0}
[ep=14 t=0040] choose_plan=0 action=1 reward=0.519 info={'t': 41, 'max_steps': 100, 'dominant_type': 'port_scan', 'target_action': 1, 'prev_risk': 0.0, 'risk': 0.0}
[ep=14 t=0041] choose_plan=0 action=1 reward=0.020 info={'t': 42, 'max_steps': 100, 'dominant_type': 'outbound_conn', 'target_action': 2, 'prev_risk': 0.0, 'risk': 0.0}
[ep=14 t=0042] choose_plan=5 action=2 reward=-0.169 info={'t': 43, 'max_steps': 100, 'dominant_type': 'port_scan', 'target_action': 1, 'prev_risk': 0.0, 'risk': 0.0}
[ep=14 t=0043] choose_plan=2 action=1 reward=0.590 info={'t': 44, 'max_steps': 100, 'dominant_type': 'auth_fail', 'target_action': 1, 'prev_risk': 0.0, 'risk': 0.0}
[ep=14 t=0044] choose_plan=2 action=1 reward=-0.005 info={'t': 45, 'max_steps': 100, 'dominant_type': 'proc_spawn', 'target_action': 2, 'prev_risk': 0.0, 'risk': 0.0}
[ep=14 t=0045] choose_plan=2 action=2 reward=0.304 info={'t': 46, 'max_steps': 100, 'dominant_type': 'outbound_conn', 'target_action': 2, 'prev_risk': 0.0, 'risk': 0.0}
[ep=14 t=0046] choose_plan=3 action=2 reward=0.309 info={'t': 47, 'max_steps': 100, 'dominant_type': 'outbound_conn', 'target_action': 2, 'prev_risk': 0.0, 'risk': 0.0}
[ep=14 t=0047] choose_plan=2 action=2 reward=-0.201 info={'t': 48, 'max_steps': 100, 'dominant_type': 'port_scan', 'target_action': 1, 'prev_risk': 0.0, 'risk': 0.0}
[ep=14 t=0048] choose_plan=0 action=1 reward=0.509 info={'t': 49, 'max_steps': 100, 'dominant_type': 'port_scan', 'target_action': 1, 'prev_risk': 0.0, 'risk': 0.0}
[ep=14 t=0049] choose_plan=0 action=1 reward=0.505 info={'t': 50, 'max_steps': 100, 'dominant_type': 'auth_fail', 'target_action': 1, 'prev_risk': 0.0, 'risk': 0.0}
[ep=14 t=0050] choose_plan=4 action=1 reward=0.505 info={'t': 51, 'max_steps': 100, 'dominant_type': 'auth_fail', 'target_action': 1, 'prev_risk': 0.0, 'risk': 0.0}
[ep=14 t=0051] choose_plan=2 action=1 reward=0.511 info={'t': 52, 'max_steps': 100, 'dominant_type': 'port_scan', 'target_action': 1, 'prev_risk': 0.0, 'risk': 0.0}
[ep=14 t=0052] choose_plan=0 action=1 reward=0.544 info={'t': 53, 'max_steps': 100, 'dominant_type': 'port_scan', 'target_action': 1, 'prev_risk': 0.0, 'risk': 0.0}
[ep=14 t=0053] choose_plan=5 action=1 reward=0.020 info={'t': 54, 'max_steps': 100, 'dominant_type': 'proc_spawn', 'target_action': 2, 'prev_risk': 0.0, 'risk': 0.0}
[ep=14 t=0054] choose_plan=1 action=2 reward=-0.178 info={'t': 55, 'max_steps': 100, 'dominant_type': 'auth_fail', 'target_action': 1, 'prev_risk': 0.0, 'risk': 0.0}
[ep=14 t=0055] choose_plan=3 action=1 reward=0.508 info={'t': 56, 'max_steps': 100, 'dominant_type': 'port_scan', 'target_action': 1, 'prev_risk': 0.0, 'risk': 0.0}
[ep=14 t=0056] choose_plan=0 action=1 reward=-0.005 info={'t': 57, 'max_steps': 100, 'dominant_type': 'proc_spawn', 'target_action': 2, 'prev_risk': 0.0, 'risk': 0.0}
[ep=14 t=0057] choose_plan=0 action=2 reward=-0.200 info={'t': 58, 'max_steps': 100, 'dominant_type': 'auth_fail', 'target_action': 1, 'prev_risk': 0.0, 'risk': 0.0}
[ep=14 t=0058] choose_plan=0 action=1 reward=-0.005 info={'t': 59, 'max_steps': 100, 'dominant_type': 'outbound_conn', 'target_action': 2, 'prev_risk': 0.0, 'risk': 0.0}
[ep=14 t=0059] choose_plan=3 action=2 reward=0.295 info={'t': 60, 'max_steps': 100, 'dominant_type': 'outbound_conn', 'target_action': 2, 'prev_risk': 0.0, 'risk': 0.0}
[ep=14 t=0060] choose_plan=2 action=2 reward=-0.215 info={'t': 61, 'max_steps': 100, 'dominant_type': 'auth_fail', 'target_action': 1, 'prev_risk': 0.0, 'risk': 0.0}
[ep=14 t=0061] choose_plan=4 action=1 reward=0.505 info={'t': 62, 'max_steps': 100, 'dominant_type': 'auth_fail', 'target_action': 1, 'prev_risk': 0.0, 'risk': 0.0}
[ep=14 t=0062] choose_plan=0 action=1 reward=0.516 info={'t': 63, 'max_steps': 100, 'dominant_type': 'auth_fail', 'target_action': 1, 'prev_risk': 0.0, 'risk': 0.0}
[ep=14 t=0063] choose_plan=0 action=1 reward=0.523 info={'t': 64, 'max_steps': 100, 'dominant_type': 'port_scan', 'target_action': 1, 'prev_risk': 0.0, 'risk': 0.0}
[ep=14 t=0064] choose_plan=2 action=1 reward=0.564 info={'t': 65, 'max_steps': 100, 'dominant_type': 'port_scan', 'target_action': 1, 'prev_risk': 0.0, 'risk': 0.0}
[ep=14 t=0065] choose_plan=0 action=1 reward=0.524 info={'t': 66, 'max_steps': 100, 'dominant_type': 'auth_fail', 'target_action': 1, 'prev_risk': 0.0, 'risk': 0.0}
[ep=14 t=0066] choose_plan=0 action=1 reward=0.021 info={'t': 67, 'max_steps': 100, 'dominant_type': 'outbound_conn', 'target_action': 2, 'prev_risk': 0.0, 'risk': 0.0}
[ep=14 t=0067] choose_plan=0 action=2 reward=0.276 info={'t': 68, 'max_steps': 100, 'dominant_type': 'outbound_conn', 'target_action': 2, 'prev_risk': 0.0, 'risk': 0.006618659648529854}
[ep=14 t=0068] choose_plan=2 action=2 reward=-0.171 info={'t': 69, 'max_steps': 100, 'dominant_type': 'auth_fail', 'target_action': 1, 'prev_risk': 0.006618659648529854, 'risk': 0.0}
[ep=14 t=0069] choose_plan=2 action=1 reward=0.050 info={'t': 70, 'max_steps': 100, 'dominant_type': 'proc_spawn', 'target_action': 2, 'prev_risk': 0.0, 'risk': 0.0}
[ep=14 t=0070] choose_plan=1 action=2 reward=0.325 info={'t': 71, 'max_steps': 100, 'dominant_type': 'proc_spawn', 'target_action': 2, 'prev_risk': 0.0, 'risk': 0.0}
[ep=14 t=0071] choose_plan=4 action=2 reward=-0.198 info={'t': 72, 'max_steps': 100, 'dominant_type': 'port_scan', 'target_action': 1, 'prev_risk': 0.0, 'risk': 0.0}
[ep=14 t=0072] choose_plan=3 action=1 reward=-0.005 info={'t': 73, 'max_steps': 100, 'dominant_type': 'outbound_conn', 'target_action': 2, 'prev_risk': 0.0, 'risk': 0.0}
[ep=14 t=0073] choose_plan=1 action=2 reward=-0.192 info={'t': 74, 'max_steps': 100, 'dominant_type': 'port_scan', 'target_action': 1, 'prev_risk': 0.0, 'risk': 0.0}
[ep=14 t=0074] choose_plan=5 action=1 reward=0.002 info={'t': 75, 'max_steps': 100, 'dominant_type': 'proc_spawn', 'target_action': 2, 'prev_risk': 0.0, 'risk': 0.0}
[ep=14 t=0075] choose_plan=5 action=2 reward=0.351 info={'t': 76, 'max_steps': 100, 'dominant_type': 'proc_spawn', 'target_action': 2, 'prev_risk': 0.0, 'risk': 0.0}
[ep=14 t=0076] choose_plan=0 action=2 reward=-0.207 info={'t': 77, 'max_steps': 100, 'dominant_type': 'port_scan', 'target_action': 1, 'prev_risk': 0.0, 'risk': 0.0}
[ep=14 t=0077] choose_plan=5 action=1 reward=0.526 info={'t': 78, 'max_steps': 100, 'dominant_type': 'port_scan', 'target_action': 1, 'prev_risk': 0.0, 'risk': 0.0}
[ep=14 t=0078] choose_plan=0 action=1 reward=0.546 info={'t': 79, 'max_steps': 100, 'dominant_type': 'port_scan', 'target_action': 1, 'prev_risk': 0.0, 'risk': 0.0}
[ep=14 t=0079] choose_plan=4 action=1 reward=0.537 info={'t': 80, 'max_steps': 100, 'dominant_type': 'auth_fail', 'target_action': 1, 'prev_risk': 0.0, 'risk': 0.0}
[ep=14 t=0080] choose_plan=2 action=1 reward=-0.005 info={'t': 81, 'max_steps': 100, 'dominant_type': 'outbound_conn', 'target_action': 2, 'prev_risk': 0.0, 'risk': 0.0}
[ep=14 t=0081] choose_plan=3 action=2 reward=-0.179 info={'t': 82, 'max_steps': 100, 'dominant_type': 'port_scan', 'target_action': 1, 'prev_risk': 0.0, 'risk': 0.0}
[ep=14 t=0082] choose_plan=2 action=1 reward=0.535 info={'t': 83, 'max_steps': 100, 'dominant_type': 'port_scan', 'target_action': 1, 'prev_risk': 0.0, 'risk': 0.0}
[ep=14 t=0083] choose_plan=3 action=1 reward=0.003 info={'t': 84, 'max_steps': 100, 'dominant_type': 'proc_spawn', 'target_action': 2, 'prev_risk': 0.0, 'risk': 0.0}
[ep=14 t=0084] choose_plan=5 action=2 reward=-0.205 info={'t': 85, 'max_steps': 100, 'dominant_type': 'port_scan', 'target_action': 1, 'prev_risk': 0.0, 'risk': 0.0}
[ep=14 t=0085] choose_plan=0 action=1 reward=0.569 info={'t': 86, 'max_steps': 100, 'dominant_type': 'port_scan', 'target_action': 1, 'prev_risk': 0.0, 'risk': 0.0}
[ep=14 t=0086] choose_plan=5 action=1 reward=0.505 info={'t': 87, 'max_steps': 100, 'dominant_type': 'auth_fail', 'target_action': 1, 'prev_risk': 0.0, 'risk': 0.0}
[ep=14 t=0087] choose_plan=1 action=1 reward=0.509 info={'t': 88, 'max_steps': 100, 'dominant_type': 'port_scan', 'target_action': 1, 'prev_risk': 0.0, 'risk': 0.0}
[ep=14 t=0088] choose_plan=1 action=1 reward=0.009 info={'t': 89, 'max_steps': 100, 'dominant_type': 'outbound_conn', 'target_action': 2, 'prev_risk': 0.0, 'risk': 0.0}
[ep=14 t=0089] choose_plan=3 action=2 reward=0.314 info={'t': 90, 'max_steps': 100, 'dominant_type': 'proc_spawn', 'target_action': 2, 'prev_risk': 0.0, 'risk': 0.0}
[ep=14 t=0090] choose_plan=0 action=2 reward=-0.202 info={'t': 91, 'max_steps': 100, 'dominant_type': 'auth_fail', 'target_action': 1, 'prev_risk': 0.0, 'risk': 0.0}
[ep=14 t=0091] choose_plan=5 action=1 reward=0.558 info={'t': 92, 'max_steps': 100, 'dominant_type': 'port_scan', 'target_action': 1, 'prev_risk': 0.0, 'risk': 0.0}
[ep=14 t=0092] choose_plan=1 action=1 reward=0.505 info={'t': 93, 'max_steps': 100, 'dominant_type': 'auth_fail', 'target_action': 1, 'prev_risk': 0.0, 'risk': 0.0}
[ep=14 t=0093] choose_plan=5 action=1 reward=0.530 info={'t': 94, 'max_steps': 100, 'dominant_type': 'auth_fail', 'target_action': 1, 'prev_risk': 0.0, 'risk': 0.0}
[ep=14 t=0094] choose_plan=2 action=1 reward=0.004 info={'t': 95, 'max_steps': 100, 'dominant_type': 'proc_spawn', 'target_action': 2, 'prev_risk': 0.0, 'risk': 0.0}
[ep=14 t=0095] choose_plan=0 action=2 reward=-0.176 info={'t': 96, 'max_steps': 100, 'dominant_type': 'auth_fail', 'target_action': 1, 'prev_risk': 0.0, 'risk': 0.0}
[ep=14 t=0096] choose_plan=3 action=1 reward=0.581 info={'t': 97, 'max_steps': 100, 'dominant_type': 'port_scan', 'target_action': 1, 'prev_risk': 0.0, 'risk': 0.0}
[ep=14 t=0097] choose_plan=4 action=1 reward=0.526 info={'t': 98, 'max_steps': 100, 'dominant_type': 'auth_fail', 'target_action': 1, 'prev_risk': 0.0, 'risk': 0.0}
[ep=14 t=0098] choose_plan=2 action=1 reward=0.053 info={'t': 99, 'max_steps': 100, 'dominant_type': 'proc_spawn', 'target_action': 2, 'prev_risk': 0.0, 'risk': 0.0}
[ep=14 t=0099] choose_plan=2 action=2 reward=0.340 info={'t': 100, 'max_steps': 100, 'dominant_type': 'proc_spawn', 'target_action': 2, 'prev_risk': 0.0, 'risk': 0.0}
# done at t=99
# episode_summary {"episode": 14, "episode_return": 19.669848445622495, "reward_mean": 0.19669848445622495, "reward_min": -0.7503674309170552, "reward_max": 0.6427814005295859, "steps": 100, "unique_actions": 2, "top5_actions": [[1, 60], [2, 40]]}

# ===== EPISODE 15 =====
[ep=15 t=0000] choose_plan=5 action=1 reward=-0.956 info={'t': 1, 'max_steps': 100, 'dominant_type': 'proc_spawn', 'target_action': 2, 'prev_risk': 0.2969763539453716, 'risk': 0.2958337297319812}
[ep=15 t=0001] choose_plan=2 action=2 reward=-0.202 info={'t': 2, 'max_steps': 100, 'dominant_type': 'port_scan', 'target_action': 1, 'prev_risk': 0.2958337297319812, 'risk': 0.20466876974303938}
[ep=15 t=0002] choose_plan=4 action=1 reward=-0.770 info={'t': 3, 'max_steps': 100, 'dominant_type': 'proc_spawn', 'target_action': 2, 'prev_risk': 0.20466876974303938, 'risk': 0.2184003258910844}
[ep=15 t=0003] choose_plan=2 action=2 reward=-0.198 info={'t': 4, 'max_steps': 100, 'dominant_type': 'port_scan', 'target_action': 1, 'prev_risk': 0.2184003258910844, 'risk': 0.14964709565104534}
[ep=15 t=0004] choose_plan=4 action=1 reward=0.143 info={'t': 5, 'max_steps': 100, 'dominant_type': 'port_scan', 'target_action': 1, 'prev_risk': 0.14964709565104534, 'risk': 0.14734886296056104}
[ep=15 t=0005] choose_plan=2 action=1 reward=-0.175 info={'t': 6, 'max_steps': 100, 'dominant_type': 'proc_spawn', 'target_action': 2, 'prev_risk': 0.14734886296056104, 'risk': 0.11853082421987696}
[ep=15 t=0006] choose_plan=2 action=2 reward=0.561 info={'t': 7, 'max_steps': 100, 'dominant_type': 'proc_spawn', 'target_action': 2, 'prev_risk': 0.11853082421987696, 'risk': 0.05210613933056077}
[ep=15 t=0007] choose_plan=1 action=2 reward=0.632 info={'t': 8, 'max_steps': 100, 'dominant_type': 'outbound_conn', 'target_action': 2, 'prev_risk': 0.05210613933056077, 'risk': 0.0}
[ep=15 t=0008] choose_plan=2 action=2 reward=-0.188 info={'t': 9, 'max_steps': 100, 'dominant_type': 'auth_fail', 'target_action': 1, 'prev_risk': 0.0, 'risk': 0.0}
[ep=15 t=0009] choose_plan=2 action=1 reward=0.518 info={'t': 10, 'max_steps': 100, 'dominant_type': 'port_scan', 'target_action': 1, 'prev_risk': 0.0, 'risk': 0.0017196859951394278}
[ep=15 t=0010] choose_plan=1 action=1 reward=0.515 info={'t': 11, 'max_steps': 100, 'dominant_type': 'port_scan', 'target_action': 1, 'prev_risk': 0.0017196859951394278, 'risk': 0.0}
[ep=15 t=0011] choose_plan=2 action=1 reward=0.049 info={'t': 12, 'max_steps': 100, 'dominant_type': 'proc_spawn', 'target_action': 2, 'prev_risk': 0.0, 'risk': 0.0}
[ep=15 t=0012] choose_plan=1 action=2 reward=-0.209 info={'t': 13, 'max_steps': 100, 'dominant_type': 'auth_fail', 'target_action': 1, 'prev_risk': 0.0, 'risk': 0.0}
[ep=15 t=0013] choose_plan=3 action=1 reward=0.516 info={'t': 14, 'max_steps': 100, 'dominant_type': 'auth_fail', 'target_action': 1, 'prev_risk': 0.0, 'risk': 0.0}
[ep=15 t=0014] choose_plan=0 action=1 reward=0.052 info={'t': 15, 'max_steps': 100, 'dominant_type': 'outbound_conn', 'target_action': 2, 'prev_risk': 0.0, 'risk': 0.0}
[ep=15 t=0015] choose_plan=1 action=2 reward=-0.178 info={'t': 16, 'max_steps': 100, 'dominant_type': 'port_scan', 'target_action': 1, 'prev_risk': 0.0, 'risk': 0.0}
[ep=15 t=0016] choose_plan=1 action=1 reward=-0.027 info={'t': 17, 'max_steps': 100, 'dominant_type': 'outbound_conn', 'target_action': 2, 'prev_risk': 0.0, 'risk': 0.0074966338024827495}
[ep=15 t=0017] choose_plan=3 action=2 reward=-0.173 info={'t': 18, 'max_steps': 100, 'dominant_type': 'port_scan', 'target_action': 1, 'prev_risk': 0.0074966338024827495, 'risk': 0.0}
[ep=15 t=0018] choose_plan=3 action=1 reward=0.508 info={'t': 19, 'max_steps': 100, 'dominant_type': 'port_scan', 'target_action': 1, 'prev_risk': 0.0, 'risk': 0.0}
[ep=15 t=0019] choose_plan=4 action=1 reward=0.505 info={'t': 20, 'max_steps': 100, 'dominant_type': 'auth_fail', 'target_action': 1, 'prev_risk': 0.0, 'risk': 0.0}
[ep=15 t=0020] choose_plan=0 action=1 reward=0.537 info={'t': 21, 'max_steps': 100, 'dominant_type': 'port_scan', 'target_action': 1, 'prev_risk': 0.0, 'risk': 0.0}
[ep=15 t=0021] choose_plan=4 action=1 reward=0.023 info={'t': 22, 'max_steps': 100, 'dominant_type': 'outbound_conn', 'target_action': 2, 'prev_risk': 0.0, 'risk': 0.0}
[ep=15 t=0022] choose_plan=5 action=2 reward=-0.215 info={'t': 23, 'max_steps': 100, 'dominant_type': 'port_scan', 'target_action': 1, 'prev_risk': 0.0, 'risk': 0.0}
[ep=15 t=0023] choose_plan=4 action=1 reward=-0.005 info={'t': 24, 'max_steps': 100, 'dominant_type': 'outbound_conn', 'target_action': 2, 'prev_risk': 0.0, 'risk': 0.0}
[ep=15 t=0024] choose_plan=4 action=2 reward=0.295 info={'t': 25, 'max_steps': 100, 'dominant_type': 'outbound_conn', 'target_action': 2, 'prev_risk': 0.0, 'risk': 0.0}
[ep=15 t=0025] choose_plan=0 action=2 reward=0.299 info={'t': 26, 'max_steps': 100, 'dominant_type': 'proc_spawn', 'target_action': 2, 'prev_risk': 0.0, 'risk': 0.0}
[ep=15 t=0026] choose_plan=0 action=2 reward=-0.199 info={'t': 27, 'max_steps': 100, 'dominant_type': 'port_scan', 'target_action': 1, 'prev_risk': 0.0, 'risk': 0.0}
[ep=15 t=0027] choose_plan=1 action=1 reward=0.531 info={'t': 28, 'max_steps': 100, 'dominant_type': 'auth_fail', 'target_action': 1, 'prev_risk': 0.0, 'risk': 0.0}
[ep=15 t=0028] choose_plan=5 action=1 reward=-0.005 info={'t': 29, 'max_steps': 100, 'dominant_type': 'outbound_conn', 'target_action': 2, 'prev_risk': 0.0, 'risk': 0.0}
[ep=15 t=0029] choose_plan=4 action=2 reward=0.334 info={'t': 30, 'max_steps': 100, 'dominant_type': 'proc_spawn', 'target_action': 2, 'prev_risk': 0.0, 'risk': 0.0}
[ep=15 t=0030] choose_plan=0 action=2 reward=0.295 info={'t': 31, 'max_steps': 100, 'dominant_type': 'outbound_conn', 'target_action': 2, 'prev_risk': 0.0, 'risk': 0.0}
[ep=15 t=0031] choose_plan=3 action=2 reward=-0.183 info={'t': 32, 'max_steps': 100, 'dominant_type': 'port_scan', 'target_action': 1, 'prev_risk': 0.0, 'risk': 0.0}
[ep=15 t=0032] choose_plan=5 action=1 reward=0.010 info={'t': 33, 'max_steps': 100, 'dominant_type': 'outbound_conn', 'target_action': 2, 'prev_risk': 0.0, 'risk': 0.0}
[ep=15 t=0033] choose_plan=1 action=2 reward=-0.187 info={'t': 34, 'max_steps': 100, 'dominant_type': 'port_scan', 'target_action': 1, 'prev_risk': 0.0, 'risk': 0.0}
[ep=15 t=0034] choose_plan=1 action=1 reward=0.539 info={'t': 35, 'max_steps': 100, 'dominant_type': 'auth_fail', 'target_action': 1, 'prev_risk': 0.0, 'risk': 0.0}
[ep=15 t=0035] choose_plan=2 action=1 reward=0.013 info={'t': 36, 'max_steps': 100, 'dominant_type': 'proc_spawn', 'target_action': 2, 'prev_risk': 0.0, 'risk': 0.0}
[ep=15 t=0036] choose_plan=5 action=2 reward=0.303 info={'t': 37, 'max_steps': 100, 'dominant_type': 'outbound_conn', 'target_action': 2, 'prev_risk': 0.0, 'risk': 0.0}
[ep=15 t=0037] choose_plan=5 action=2 reward=-0.215 info={'t': 38, 'max_steps': 100, 'dominant_type': 'port_scan', 'target_action': 1, 'prev_risk': 0.0, 'risk': 0.0}
[ep=15 t=0038] choose_plan=1 action=1 reward=0.536 info={'t': 39, 'max_steps': 100, 'dominant_type': 'auth_fail', 'target_action': 1, 'prev_risk': 0.0, 'risk': 0.0}
[ep=15 t=0039] choose_plan=1 action=1 reward=0.505 info={'t': 40, 'max_steps': 100, 'dominant_type': 'port_scan', 'target_action': 1, 'prev_risk': 0.0, 'risk': 0.0}
[ep=15 t=0040] choose_plan=1 action=1 reward=0.000 info={'t': 41, 'max_steps': 100, 'dominant_type': 'proc_spawn', 'target_action': 2, 'prev_risk': 0.0, 'risk': 0.0}
[ep=15 t=0041] choose_plan=0 action=2 reward=0.311 info={'t': 42, 'max_steps': 100, 'dominant_type': 'outbound_conn', 'target_action': 2, 'prev_risk': 0.0, 'risk': 0.0}
[ep=15 t=0042] choose_plan=5 action=2 reward=0.295 info={'t': 43, 'max_steps': 100, 'dominant_type': 'proc_spawn', 'target_action': 2, 'prev_risk': 0.0, 'risk': 0.0}
[ep=15 t=0043] choose_plan=0 action=2 reward=0.323 info={'t': 44, 'max_steps': 100, 'dominant_type': 'proc_spawn', 'target_action': 2, 'prev_risk': 0.0, 'risk': 0.0}
[ep=15 t=0044] choose_plan=0 action=2 reward=-0.197 info={'t': 45, 'max_steps': 100, 'dominant_type': 'port_scan', 'target_action': 1, 'prev_risk': 0.0, 'risk': 0.0}
[ep=15 t=0045] choose_plan=4 action=1 reward=0.505 info={'t': 46, 'max_steps': 100, 'dominant_type': 'port_scan', 'target_action': 1, 'prev_risk': 0.0, 'risk': 0.0}
[ep=15 t=0046] choose_plan=2 action=1 reward=0.491 info={'t': 47, 'max_steps': 100, 'dominant_type': 'port_scan', 'target_action': 1, 'prev_risk': 0.0, 'risk': 0.004819861924765696}
[ep=15 t=0047] choose_plan=1 action=1 reward=0.550 info={'t': 48, 'max_steps': 100, 'dominant_type': 'auth_fail', 'target_action': 1, 'prev_risk': 0.004819861924765696, 'risk': 0.0}
[ep=15 t=0048] choose_plan=1 action=1 reward=0.025 info={'t': 49, 'max_steps': 100, 'dominant_type': 'outbound_conn', 'target_action': 2, 'prev_risk': 0.0, 'risk': 0.0}
[ep=15 t=0049] choose_plan=2 action=2 reward=-0.180 info={'t': 50, 'max_steps': 100, 'dominant_type': 'auth_fail', 'target_action': 1, 'prev_risk': 0.0, 'risk': 0.0}
[ep=15 t=0050] choose_plan=5 action=1 reward=0.480 info={'t': 51, 'max_steps': 100, 'dominant_type': 'port_scan', 'target_action': 1, 'prev_risk': 0.0, 'risk': 0.008502271488482982}
[ep=15 t=0051] choose_plan=1 action=1 reward=0.072 info={'t': 52, 'max_steps': 100, 'dominant_type': 'proc_spawn', 'target_action': 2, 'prev_risk': 0.008502271488482982, 'risk': 0.0}
[ep=15 t=0052] choose_plan=1 action=2 reward=-0.168 info={'t': 53, 'max_steps': 100, 'dominant_type': 'auth_fail', 'target_action': 1, 'prev_risk': 0.0, 'risk': 0.0}
[ep=15 t=0053] choose_plan=4 action=1 reward=0.038 info={'t': 54, 'max_steps': 100, 'dominant_type': 'proc_spawn', 'target_action': 2, 'prev_risk': 0.0, 'risk': 0.0}
[ep=15 t=0054] choose_plan=0 action=2 reward=-0.215 info={'t': 55, 'max_steps': 100, 'dominant_type': 'port_scan', 'target_action': 1, 'prev_risk': 0.0, 'risk': 0.0}
[ep=15 t=0055] choose_plan=0 action=1 reward=0.536 info={'t': 56, 'max_steps': 100, 'dominant_type': 'auth_fail', 'target_action': 1, 'prev_risk': 0.0, 'risk': 0.0}
[ep=15 t=0056] choose_plan=0 action=1 reward=0.563 info={'t': 57, 'max_steps': 100, 'dominant_type': 'port_scan', 'target_action': 1, 'prev_risk': 0.0, 'risk': 0.0}
[ep=15 t=0057] choose_plan=1 action=1 reward=0.505 info={'t': 58, 'max_steps': 100, 'dominant_type': 'port_scan', 'target_action': 1, 'prev_risk': 0.0, 'risk': 0.0}
[ep=15 t=0058] choose_plan=0 action=1 reward=0.523 info={'t': 59, 'max_steps': 100, 'dominant_type': 'port_scan', 'target_action': 1, 'prev_risk': 0.0, 'risk': 0.0}
[ep=15 t=0059] choose_plan=3 action=1 reward=0.505 info={'t': 60, 'max_steps': 100, 'dominant_type': 'port_scan', 'target_action': 1, 'prev_risk': 0.0, 'risk': 0.0}
[ep=15 t=0060] choose_plan=1 action=1 reward=0.544 info={'t': 61, 'max_steps': 100, 'dominant_type': 'auth_fail', 'target_action': 1, 'prev_risk': 0.0, 'risk': 0.0}
[ep=15 t=0061] choose_plan=4 action=1 reward=0.530 info={'t': 62, 'max_steps': 100, 'dominant_type': 'port_scan', 'target_action': 1, 'prev_risk': 0.0, 'risk': 0.0}
[ep=15 t=0062] choose_plan=1 action=1 reward=0.523 info={'t': 63, 'max_steps': 100, 'dominant_type': 'auth_fail', 'target_action': 1, 'prev_risk': 0.0, 'risk': 0.0}
[ep=15 t=0063] choose_plan=4 action=1 reward=0.515 info={'t': 64, 'max_steps': 100, 'dominant_type': 'port_scan', 'target_action': 1, 'prev_risk': 0.0, 'risk': 0.0}
[ep=15 t=0064] choose_plan=5 action=1 reward=0.548 info={'t': 65, 'max_steps': 100, 'dominant_type': 'auth_fail', 'target_action': 1, 'prev_risk': 0.0, 'risk': 0.0}
[ep=15 t=0065] choose_plan=0 action=1 reward=-0.001 info={'t': 66, 'max_steps': 100, 'dominant_type': 'outbound_conn', 'target_action': 2, 'prev_risk': 0.0, 'risk': 0.0}
[ep=15 t=0066] choose_plan=3 action=2 reward=-0.215 info={'t': 67, 'max_steps': 100, 'dominant_type': 'auth_fail', 'target_action': 1, 'prev_risk': 0.0, 'risk': 0.0}
[ep=15 t=0067] choose_plan=4 action=1 reward=-0.005 info={'t': 68, 'max_steps': 100, 'dominant_type': 'proc_spawn', 'target_action': 2, 'prev_risk': 0.0, 'risk': 0.0}
[ep=15 t=0068] choose_plan=4 action=2 reward=-0.200 info={'t': 69, 'max_steps': 100, 'dominant_type': 'port_scan', 'target_action': 1, 'prev_risk': 0.0, 'risk': 0.0}
[ep=15 t=0069] choose_plan=1 action=1 reward=0.527 info={'t': 70, 'max_steps': 100, 'dominant_type': 'port_scan', 'target_action': 1, 'prev_risk': 0.0, 'risk': 0.0}
[ep=15 t=0070] choose_plan=5 action=1 reward=0.039 info={'t': 71, 'max_steps': 100, 'dominant_type': 'proc_spawn', 'target_action': 2, 'prev_risk': 0.0, 'risk': 0.0}
[ep=15 t=0071] choose_plan=0 action=2 reward=0.295 info={'t': 72, 'max_steps': 100, 'dominant_type': 'proc_spawn', 'target_action': 2, 'prev_risk': 0.0, 'risk': 0.0}
[ep=15 t=0072] choose_plan=5 action=2 reward=-0.193 info={'t': 73, 'max_steps': 100, 'dominant_type': 'port_scan', 'target_action': 1, 'prev_risk': 0.0, 'risk': 0.0}
[ep=15 t=0073] choose_plan=2 action=1 reward=0.505 info={'t': 74, 'max_steps': 100, 'dominant_type': 'port_scan', 'target_action': 1, 'prev_risk': 0.0, 'risk': 0.0}
[ep=15 t=0074] choose_plan=1 action=1 reward=-0.002 info={'t': 75, 'max_steps': 100, 'dominant_type': 'outbound_conn', 'target_action': 2, 'prev_risk': 0.0, 'risk': 0.0}
[ep=15 t=0075] choose_plan=1 action=2 reward=-0.210 info={'t': 76, 'max_steps': 100, 'dominant_type': 'port_scan', 'target_action': 1, 'prev_risk': 0.0, 'risk': 0.0}
[ep=15 t=0076] choose_plan=3 action=1 reward=0.028 info={'t': 77, 'max_steps': 100, 'dominant_type': 'proc_spawn', 'target_action': 2, 'prev_risk': 0.0, 'risk': 0.0}
[ep=15 t=0077] choose_plan=3 action=2 reward=0.333 info={'t': 78, 'max_steps': 100, 'dominant_type': 'proc_spawn', 'target_action': 2, 'prev_risk': 0.0, 'risk': 0.0}
[ep=15 t=0078] choose_plan=2 action=2 reward=-0.215 info={'t': 79, 'max_steps': 100, 'dominant_type': 'auth_fail', 'target_action': 1, 'prev_risk': 0.0, 'risk': 0.0}
[ep=15 t=0079] choose_plan=0 action=1 reward=0.505 info={'t': 80, 'max_steps': 100, 'dominant_type': 'auth_fail', 'target_action': 1, 'prev_risk': 0.0, 'risk': 0.0}
[ep=15 t=0080] choose_plan=4 action=1 reward=0.505 info={'t': 81, 'max_steps': 100, 'dominant_type': 'port_scan', 'target_action': 1, 'prev_risk': 0.0, 'risk': 0.0}
[ep=15 t=0081] choose_plan=1 action=1 reward=0.505 info={'t': 82, 'max_steps': 100, 'dominant_type': 'port_scan', 'target_action': 1, 'prev_risk': 0.0, 'risk': 0.0}
[ep=15 t=0082] choose_plan=3 action=1 reward=-0.005 info={'t': 83, 'max_steps': 100, 'dominant_type': 'outbound_conn', 'target_action': 2, 'prev_risk': 0.0, 'risk': 0.0}
[ep=15 t=0083] choose_plan=1 action=2 reward=-0.186 info={'t': 84, 'max_steps': 100, 'dominant_type': 'port_scan', 'target_action': 1, 'prev_risk': 0.0, 'risk': 0.0}
[ep=15 t=0084] choose_plan=4 action=1 reward=0.531 info={'t': 85, 'max_steps': 100, 'dominant_type': 'auth_fail', 'target_action': 1, 'prev_risk': 0.0, 'risk': 0.0}
[ep=15 t=0085] choose_plan=2 action=1 reward=-0.005 info={'t': 86, 'max_steps': 100, 'dominant_type': 'outbound_conn', 'target_action': 2, 'prev_risk': 0.0, 'risk': 0.0}
[ep=15 t=0086] choose_plan=5 action=2 reward=-0.205 info={'t': 87, 'max_steps': 100, 'dominant_type': 'port_scan', 'target_action': 1, 'prev_risk': 0.0, 'risk': 0.0}
[ep=15 t=0087] choose_plan=5 action=1 reward=0.505 info={'t': 88, 'max_steps': 100, 'dominant_type': 'port_scan', 'target_action': 1, 'prev_risk': 0.0, 'risk': 0.0}
[ep=15 t=0088] choose_plan=1 action=1 reward=0.461 info={'t': 89, 'max_steps': 100, 'dominant_type': 'port_scan', 'target_action': 1, 'prev_risk': 0.0, 'risk': 0.022913466828282866}
[ep=15 t=0089] choose_plan=5 action=1 reward=0.013 info={'t': 90, 'max_steps': 100, 'dominant_type': 'proc_spawn', 'target_action': 2, 'prev_risk': 0.022913466828282866, 'risk': 0.014825388883130237}
[ep=15 t=0090] choose_plan=5 action=2 reward=0.380 info={'t': 91, 'max_steps': 100, 'dominant_type': 'outbound_conn', 'target_action': 2, 'prev_risk': 0.014825388883130237, 'risk': 0.0}
[ep=15 t=0091] choose_plan=1 action=2 reward=0.343 info={'t': 92, 'max_steps': 100, 'dominant_type': 'outbound_conn', 'target_action': 2, 'prev_risk': 0.0, 'risk': 0.0}
[ep=15 t=0092] choose_plan=2 action=2 reward=0.295 info={'t': 93, 'max_steps': 100, 'dominant_type': 'proc_spawn', 'target_action': 2, 'prev_risk': 0.0, 'risk': 0.0}
[ep=15 t=0093] choose_plan=1 action=2 reward=0.327 info={'t': 94, 'max_steps': 100, 'dominant_type': 'proc_spawn', 'target_action': 2, 'prev_risk': 0.0, 'risk': 0.0}
[ep=15 t=0094] choose_plan=3 action=2 reward=0.313 info={'t': 95, 'max_steps': 100, 'dominant_type': 'proc_spawn', 'target_action': 2, 'prev_risk': 0.0, 'risk': 0.0}
[ep=15 t=0095] choose_plan=3 action=2 reward=-0.215 info={'t': 96, 'max_steps': 100, 'dominant_type': 'port_scan', 'target_action': 1, 'prev_risk': 0.0, 'risk': 0.0}
[ep=15 t=0096] choose_plan=0 action=1 reward=0.534 info={'t': 97, 'max_steps': 100, 'dominant_type': 'port_scan', 'target_action': 1, 'prev_risk': 0.0, 'risk': 0.0}
[ep=15 t=0097] choose_plan=2 action=1 reward=0.531 info={'t': 98, 'max_steps': 100, 'dominant_type': 'auth_fail', 'target_action': 1, 'prev_risk': 0.0, 'risk': 0.0}
[ep=15 t=0098] choose_plan=3 action=1 reward=-0.005 info={'t': 99, 'max_steps': 100, 'dominant_type': 'outbound_conn', 'target_action': 2, 'prev_risk': 0.0, 'risk': 0.0}
[ep=15 t=0099] choose_plan=3 action=2 reward=-0.215 info={'t': 100, 'max_steps': 100, 'dominant_type': 'auth_fail', 'target_action': 1, 'prev_risk': 0.0, 'risk': 0.0}
# done at t=99
# episode_summary {"episode": 15, "episode_return": 17.357879394558275, "reward_mean": 0.17357879394558273, "reward_min": -0.9563040778132327, "reward_max": 0.6323231734503785, "steps": 100, "unique_actions": 2, "top5_actions": [[1, 59], [2, 41]]}

# ===== EPISODE 16 =====
[ep=16 t=0000] choose_plan=0 action=2 reward=-0.119 info={'t': 1, 'max_steps': 100, 'dominant_type': 'port_scan', 'target_action': 1, 'prev_risk': 0.2844658215830708, 'risk': 0.18197720554080965}
[ep=16 t=0001] choose_plan=2 action=1 reward=-0.068 info={'t': 2, 'max_steps': 100, 'dominant_type': 'outbound_conn', 'target_action': 2, 'prev_risk': 0.18197720554080965, 'risk': 0.13443953998827224}
[ep=16 t=0002] choose_plan=1 action=2 reward=0.136 info={'t': 3, 'max_steps': 100, 'dominant_type': 'auth_fail', 'target_action': 1, 'prev_risk': 0.13443953998827224, 'risk': 0.05198465673515959}
[ep=16 t=0003] choose_plan=2 action=1 reward=0.631 info={'t': 4, 'max_steps': 100, 'dominant_type': 'port_scan', 'target_action': 1, 'prev_risk': 0.05198465673515959, 'risk': 0.024717861700842295}
[ep=16 t=0004] choose_plan=4 action=1 reward=0.028 info={'t': 5, 'max_steps': 100, 'dominant_type': 'proc_spawn', 'target_action': 2, 'prev_risk': 0.024717861700842295, 'risk': 0.014294558033311776}
[ep=16 t=0005] choose_plan=2 action=2 reward=-0.105 info={'t': 6, 'max_steps': 100, 'dominant_type': 'auth_fail', 'target_action': 1, 'prev_risk': 0.014294558033311776, 'risk': 0.0}
[ep=16 t=0006] choose_plan=5 action=1 reward=-0.005 info={'t': 7, 'max_steps': 100, 'dominant_type': 'outbound_conn', 'target_action': 2, 'prev_risk': 0.0, 'risk': 0.0}
[ep=16 t=0007] choose_plan=3 action=2 reward=-0.210 info={'t': 8, 'max_steps': 100, 'dominant_type': 'auth_fail', 'target_action': 1, 'prev_risk': 0.0, 'risk': 0.0}
[ep=16 t=0008] choose_plan=1 action=1 reward=0.505 info={'t': 9, 'max_steps': 100, 'dominant_type': 'auth_fail', 'target_action': 1, 'prev_risk': 0.0, 'risk': 0.0}
[ep=16 t=0009] choose_plan=0 action=1 reward=0.559 info={'t': 10, 'max_steps': 100, 'dominant_type': 'auth_fail', 'target_action': 1, 'prev_risk': 0.0, 'risk': 0.0}
[ep=16 t=0010] choose_plan=1 action=1 reward=0.515 info={'t': 11, 'max_steps': 100, 'dominant_type': 'auth_fail', 'target_action': 1, 'prev_risk': 0.0, 'risk': 0.0}
[ep=16 t=0011] choose_plan=2 action=1 reward=0.042 info={'t': 12, 'max_steps': 100, 'dominant_type': 'outbound_conn', 'target_action': 2, 'prev_risk': 0.0, 'risk': 0.0}
[ep=16 t=0012] choose_plan=1 action=2 reward=-0.215 info={'t': 13, 'max_steps': 100, 'dominant_type': 'auth_fail', 'target_action': 1, 'prev_risk': 0.0, 'risk': 0.0}
[ep=16 t=0013] choose_plan=3 action=1 reward=-0.001 info={'t': 14, 'max_steps': 100, 'dominant_type': 'proc_spawn', 'target_action': 2, 'prev_risk': 0.0, 'risk': 0.0}
[ep=16 t=0014] choose_plan=1 action=2 reward=-0.253 info={'t': 15, 'max_steps': 100, 'dominant_type': 'auth_fail', 'target_action': 1, 'prev_risk': 0.0, 'risk': 0.013089704059904228}
[ep=16 t=0015] choose_plan=4 action=1 reward=0.084 info={'t': 16, 'max_steps': 100, 'dominant_type': 'proc_spawn', 'target_action': 2, 'prev_risk': 0.013089704059904228, 'risk': 0.0}
[ep=16 t=0016] choose_plan=0 action=2 reward=-0.169 info={'t': 17, 'max_steps': 100, 'dominant_type': 'auth_fail', 'target_action': 1, 'prev_risk': 0.0, 'risk': 0.0}
[ep=16 t=0017] choose_plan=5 action=1 reward=0.549 info={'t': 18, 'max_steps': 100, 'dominant_type': 'port_scan', 'target_action': 1, 'prev_risk': 0.0, 'risk': 0.0}
[ep=16 t=0018] choose_plan=3 action=1 reward=0.525 info={'t': 19, 'max_steps': 100, 'dominant_type': 'port_scan', 'target_action': 1, 'prev_risk': 0.0, 'risk': 0.0}
[ep=16 t=0019] choose_plan=1 action=1 reward=0.044 info={'t': 20, 'max_steps': 100, 'dominant_type': 'proc_spawn', 'target_action': 2, 'prev_risk': 0.0, 'risk': 0.0}
[ep=16 t=0020] choose_plan=1 action=2 reward=0.329 info={'t': 21, 'max_steps': 100, 'dominant_type': 'proc_spawn', 'target_action': 2, 'prev_risk': 0.0, 'risk': 0.0}
[ep=16 t=0021] choose_plan=3 action=2 reward=-0.215 info={'t': 22, 'max_steps': 100, 'dominant_type': 'port_scan', 'target_action': 1, 'prev_risk': 0.0, 'risk': 0.0}
[ep=16 t=0022] choose_plan=0 action=1 reward=0.004 info={'t': 23, 'max_steps': 100, 'dominant_type': 'proc_spawn', 'target_action': 2, 'prev_risk': 0.0, 'risk': 0.0}
[ep=16 t=0023] choose_plan=4 action=2 reward=-0.215 info={'t': 24, 'max_steps': 100, 'dominant_type': 'auth_fail', 'target_action': 1, 'prev_risk': 0.0, 'risk': 0.0}
[ep=16 t=0024] choose_plan=5 action=1 reward=0.033 info={'t': 25, 'max_steps': 100, 'dominant_type': 'outbound_conn', 'target_action': 2, 'prev_risk': 0.0, 'risk': 0.0025343871815676003}
[ep=16 t=0025] choose_plan=0 action=2 reward=-0.200 info={'t': 26, 'max_steps': 100, 'dominant_type': 'port_scan', 'target_action': 1, 'prev_risk': 0.0025343871815676003, 'risk': 0.0}
[ep=16 t=0026] choose_plan=2 action=1 reward=0.505 info={'t': 27, 'max_steps': 100, 'dominant_type': 'auth_fail', 'target_action': 1, 'prev_risk': 0.0, 'risk': 0.0}
[ep=16 t=0027] choose_plan=1 action=1 reward=0.545 info={'t': 28, 'max_steps': 100, 'dominant_type': 'port_scan', 'target_action': 1, 'prev_risk': 0.0, 'risk': 0.0}
[ep=16 t=0028] choose_plan=3 action=1 reward=0.556 info={'t': 29, 'max_steps': 100, 'dominant_type': 'port_scan', 'target_action': 1, 'prev_risk': 0.0, 'risk': 0.0}
[ep=16 t=0029] choose_plan=0 action=1 reward=-0.005 info={'t': 30, 'max_steps': 100, 'dominant_type': 'outbound_conn', 'target_action': 2, 'prev_risk': 0.0, 'risk': 0.0}
[ep=16 t=0030] choose_plan=4 action=2 reward=0.315 info={'t': 31, 'max_steps': 100, 'dominant_type': 'outbound_conn', 'target_action': 2, 'prev_risk': 0.0, 'risk': 0.0}
[ep=16 t=0031] choose_plan=4 action=2 reward=-0.176 info={'t': 32, 'max_steps': 100, 'dominant_type': 'port_scan', 'target_action': 1, 'prev_risk': 0.0, 'risk': 0.0}
[ep=16 t=0032] choose_plan=2 action=1 reward=0.527 info={'t': 33, 'max_steps': 100, 'dominant_type': 'port_scan', 'target_action': 1, 'prev_risk': 0.0, 'risk': 0.007660810743465286}
[ep=16 t=0033] choose_plan=1 action=1 reward=0.491 info={'t': 34, 'max_steps': 100, 'dominant_type': 'port_scan', 'target_action': 1, 'prev_risk': 0.007660810743465286, 'risk': 0.02892249290276544}
[ep=16 t=0034] choose_plan=0 action=1 reward=0.559 info={'t': 35, 'max_steps': 100, 'dominant_type': 'port_scan', 'target_action': 1, 'prev_risk': 0.02892249290276544, 'risk': 0.012723251823292786}
[ep=16 t=0035] choose_plan=0 action=1 reward=0.081 info={'t': 36, 'max_steps': 100, 'dominant_type': 'proc_spawn', 'target_action': 2, 'prev_risk': 0.012723251823292786, 'risk': 0.0}
[ep=16 t=0036] choose_plan=5 action=2 reward=0.350 info={'t': 37, 'max_steps': 100, 'dominant_type': 'outbound_conn', 'target_action': 2, 'prev_risk': 0.0, 'risk': 0.0}
[ep=16 t=0037] choose_plan=4 action=2 reward=-0.201 info={'t': 38, 'max_steps': 100, 'dominant_type': 'port_scan', 'target_action': 1, 'prev_risk': 0.0, 'risk': 0.0}
[ep=16 t=0038] choose_plan=3 action=1 reward=0.506 info={'t': 39, 'max_steps': 100, 'dominant_type': 'auth_fail', 'target_action': 1, 'prev_risk': 0.0, 'risk': 0.0}
[ep=16 t=0039] choose_plan=2 action=1 reward=0.559 info={'t': 40, 'max_steps': 100, 'dominant_type': 'auth_fail', 'target_action': 1, 'prev_risk': 0.0, 'risk': 0.0}
[ep=16 t=0040] choose_plan=4 action=1 reward=0.520 info={'t': 41, 'max_steps': 100, 'dominant_type': 'port_scan', 'target_action': 1, 'prev_risk': 0.0, 'risk': 0.0}
[ep=16 t=0041] choose_plan=5 action=1 reward=0.544 info={'t': 42, 'max_steps': 100, 'dominant_type': 'port_scan', 'target_action': 1, 'prev_risk': 0.0, 'risk': 0.0}
[ep=16 t=0042] choose_plan=3 action=1 reward=0.505 info={'t': 43, 'max_steps': 100, 'dominant_type': 'port_scan', 'target_action': 1, 'prev_risk': 0.0, 'risk': 0.0}
[ep=16 t=0043] choose_plan=1 action=1 reward=0.532 info={'t': 44, 'max_steps': 100, 'dominant_type': 'port_scan', 'target_action': 1, 'prev_risk': 0.0, 'risk': 0.0}
[ep=16 t=0044] choose_plan=2 action=1 reward=0.538 info={'t': 45, 'max_steps': 100, 'dominant_type': 'auth_fail', 'target_action': 1, 'prev_risk': 0.0, 'risk': 0.0}
[ep=16 t=0045] choose_plan=0 action=1 reward=0.510 info={'t': 46, 'max_steps': 100, 'dominant_type': 'auth_fail', 'target_action': 1, 'prev_risk': 0.0, 'risk': 0.0}
[ep=16 t=0046] choose_plan=4 action=1 reward=0.420 info={'t': 47, 'max_steps': 100, 'dominant_type': 'port_scan', 'target_action': 1, 'prev_risk': 0.0, 'risk': 0.02937632697440267}
[ep=16 t=0047] choose_plan=1 action=1 reward=0.632 info={'t': 48, 'max_steps': 100, 'dominant_type': 'port_scan', 'target_action': 1, 'prev_risk': 0.02937632697440267, 'risk': 0.005440529853947579}
[ep=16 t=0048] choose_plan=3 action=1 reward=0.573 info={'t': 49, 'max_steps': 100, 'dominant_type': 'port_scan', 'target_action': 1, 'prev_risk': 0.005440529853947579, 'risk': 0.0}
[ep=16 t=0049] choose_plan=3 action=1 reward=0.029 info={'t': 50, 'max_steps': 100, 'dominant_type': 'outbound_conn', 'target_action': 2, 'prev_risk': 0.0, 'risk': 0.005919271867990815}
[ep=16 t=0050] choose_plan=5 action=2 reward=-0.182 info={'t': 51, 'max_steps': 100, 'dominant_type': 'port_scan', 'target_action': 1, 'prev_risk': 0.005919271867990815, 'risk': 0.0}
[ep=16 t=0051] choose_plan=4 action=1 reward=0.404 info={'t': 52, 'max_steps': 100, 'dominant_type': 'port_scan', 'target_action': 1, 'prev_risk': 0.0, 'risk': 0.03488786304533434}
[ep=16 t=0052] choose_plan=4 action=1 reward=0.652 info={'t': 53, 'max_steps': 100, 'dominant_type': 'auth_fail', 'target_action': 1, 'prev_risk': 0.03488786304533434, 'risk': 0.008252123756423861}
[ep=16 t=0053] choose_plan=1 action=1 reward=0.515 info={'t': 54, 'max_steps': 100, 'dominant_type': 'port_scan', 'target_action': 1, 'prev_risk': 0.008252123756423861, 'risk': 0.004259398334684382}
[ep=16 t=0054] choose_plan=0 action=1 reward=0.558 info={'t': 55, 'max_steps': 100, 'dominant_type': 'auth_fail', 'target_action': 1, 'prev_risk': 0.004259398334684382, 'risk': 0.0}
[ep=16 t=0055] choose_plan=5 action=1 reward=0.017 info={'t': 56, 'max_steps': 100, 'dominant_type': 'outbound_conn', 'target_action': 2, 'prev_risk': 0.0, 'risk': 0.0}
[ep=16 t=0056] choose_plan=2 action=2 reward=-0.213 info={'t': 57, 'max_steps': 100, 'dominant_type': 'port_scan', 'target_action': 1, 'prev_risk': 0.0, 'risk': 0.0}
[ep=16 t=0057] choose_plan=5 action=1 reward=0.570 info={'t': 58, 'max_steps': 100, 'dominant_type': 'port_scan', 'target_action': 1, 'prev_risk': 0.0, 'risk': 0.0}
[ep=16 t=0058] choose_plan=4 action=1 reward=0.034 info={'t': 59, 'max_steps': 100, 'dominant_type': 'outbound_conn', 'target_action': 2, 'prev_risk': 0.0, 'risk': 0.0}
[ep=16 t=0059] choose_plan=2 action=2 reward=0.320 info={'t': 60, 'max_steps': 100, 'dominant_type': 'outbound_conn', 'target_action': 2, 'prev_risk': 0.0, 'risk': 0.0}
[ep=16 t=0060] choose_plan=0 action=2 reward=0.314 info={'t': 61, 'max_steps': 100, 'dominant_type': 'proc_spawn', 'target_action': 2, 'prev_risk': 0.0, 'risk': 0.0}
[ep=16 t=0061] choose_plan=2 action=2 reward=-0.215 info={'t': 62, 'max_steps': 100, 'dominant_type': 'port_scan', 'target_action': 1, 'prev_risk': 0.0, 'risk': 0.0}
[ep=16 t=0062] choose_plan=2 action=1 reward=0.576 info={'t': 63, 'max_steps': 100, 'dominant_type': 'port_scan', 'target_action': 1, 'prev_risk': 0.0, 'risk': 0.0}
[ep=16 t=0063] choose_plan=0 action=1 reward=0.014 info={'t': 64, 'max_steps': 100, 'dominant_type': 'proc_spawn', 'target_action': 2, 'prev_risk': 0.0, 'risk': 0.0004486705371201591}
[ep=16 t=0064] choose_plan=0 action=2 reward=-0.186 info={'t': 65, 'max_steps': 100, 'dominant_type': 'port_scan', 'target_action': 1, 'prev_risk': 0.0004486705371201591, 'risk': 0.0}
[ep=16 t=0065] choose_plan=3 action=1 reward=0.019 info={'t': 66, 'max_steps': 100, 'dominant_type': 'proc_spawn', 'target_action': 2, 'prev_risk': 0.0, 'risk': 0.0}
[ep=16 t=0066] choose_plan=0 action=2 reward=0.310 info={'t': 67, 'max_steps': 100, 'dominant_type': 'proc_spawn', 'target_action': 2, 'prev_risk': 0.0, 'risk': 0.0}
[ep=16 t=0067] choose_plan=1 action=2 reward=-0.215 info={'t': 68, 'max_steps': 100, 'dominant_type': 'auth_fail', 'target_action': 1, 'prev_risk': 0.0, 'risk': 0.0}
[ep=16 t=0068] choose_plan=4 action=1 reward=0.517 info={'t': 69, 'max_steps': 100, 'dominant_type': 'port_scan', 'target_action': 1, 'prev_risk': 0.0, 'risk': 0.0}
[ep=16 t=0069] choose_plan=5 action=1 reward=-0.005 info={'t': 70, 'max_steps': 100, 'dominant_type': 'proc_spawn', 'target_action': 2, 'prev_risk': 0.0, 'risk': 0.0}
[ep=16 t=0070] choose_plan=1 action=2 reward=-0.184 info={'t': 71, 'max_steps': 100, 'dominant_type': 'port_scan', 'target_action': 1, 'prev_risk': 0.0, 'risk': 0.0}
[ep=16 t=0071] choose_plan=2 action=1 reward=0.043 info={'t': 72, 'max_steps': 100, 'dominant_type': 'proc_spawn', 'target_action': 2, 'prev_risk': 0.0, 'risk': 0.0}
[ep=16 t=0072] choose_plan=4 action=2 reward=-0.215 info={'t': 73, 'max_steps': 100, 'dominant_type': 'auth_fail', 'target_action': 1, 'prev_risk': 0.0, 'risk': 0.0}
[ep=16 t=0073] choose_plan=3 action=1 reward=0.055 info={'t': 74, 'max_steps': 100, 'dominant_type': 'outbound_conn', 'target_action': 2, 'prev_risk': 0.0, 'risk': 0.0}
[ep=16 t=0074] choose_plan=1 action=2 reward=-0.175 info={'t': 75, 'max_steps': 100, 'dominant_type': 'auth_fail', 'target_action': 1, 'prev_risk': 0.0, 'risk': 0.0}
[ep=16 t=0075] choose_plan=4 action=1 reward=0.043 info={'t': 76, 'max_steps': 100, 'dominant_type': 'proc_spawn', 'target_action': 2, 'prev_risk': 0.0, 'risk': 0.0}
[ep=16 t=0076] choose_plan=0 action=2 reward=-0.201 info={'t': 77, 'max_steps': 100, 'dominant_type': 'auth_fail', 'target_action': 1, 'prev_risk': 0.0, 'risk': 0.0}
[ep=16 t=0077] choose_plan=5 action=1 reward=0.522 info={'t': 78, 'max_steps': 100, 'dominant_type': 'port_scan', 'target_action': 1, 'prev_risk': 0.0, 'risk': 0.0}
[ep=16 t=0078] choose_plan=0 action=1 reward=0.013 info={'t': 79, 'max_steps': 100, 'dominant_type': 'proc_spawn', 'target_action': 2, 'prev_risk': 0.0, 'risk': 0.0}
[ep=16 t=0079] choose_plan=0 action=2 reward=-0.199 info={'t': 80, 'max_steps': 100, 'dominant_type': 'port_scan', 'target_action': 1, 'prev_risk': 0.0, 'risk': 0.0}
[ep=16 t=0080] choose_plan=1 action=1 reward=0.052 info={'t': 81, 'max_steps': 100, 'dominant_type': 'proc_spawn', 'target_action': 2, 'prev_risk': 0.0, 'risk': 0.0}
[ep=16 t=0081] choose_plan=1 action=2 reward=0.295 info={'t': 82, 'max_steps': 100, 'dominant_type': 'outbound_conn', 'target_action': 2, 'prev_risk': 0.0, 'risk': 0.0}
[ep=16 t=0082] choose_plan=3 action=2 reward=-0.173 info={'t': 83, 'max_steps': 100, 'dominant_type': 'port_scan', 'target_action': 1, 'prev_risk': 0.0, 'risk': 0.0}
[ep=16 t=0083] choose_plan=3 action=1 reward=0.526 info={'t': 84, 'max_steps': 100, 'dominant_type': 'port_scan', 'target_action': 1, 'prev_risk': 0.0, 'risk': 0.0}
[ep=16 t=0084] choose_plan=1 action=1 reward=0.513 info={'t': 85, 'max_steps': 100, 'dominant_type': 'auth_fail', 'target_action': 1, 'prev_risk': 0.0, 'risk': 0.0}
[ep=16 t=0085] choose_plan=1 action=1 reward=-0.005 info={'t': 86, 'max_steps': 100, 'dominant_type': 'proc_spawn', 'target_action': 2, 'prev_risk': 0.0, 'risk': 0.0}
[ep=16 t=0086] choose_plan=4 action=2 reward=-0.212 info={'t': 87, 'max_steps': 100, 'dominant_type': 'port_scan', 'target_action': 1, 'prev_risk': 0.0, 'risk': 0.0}
[ep=16 t=0087] choose_plan=3 action=1 reward=0.517 info={'t': 88, 'max_steps': 100, 'dominant_type': 'port_scan', 'target_action': 1, 'prev_risk': 0.0, 'risk': 0.0}
[ep=16 t=0088] choose_plan=4 action=1 reward=0.514 info={'t': 89, 'max_steps': 100, 'dominant_type': 'port_scan', 'target_action': 1, 'prev_risk': 0.0, 'risk': 0.0}
[ep=16 t=0089] choose_plan=0 action=1 reward=0.000 info={'t': 90, 'max_steps': 100, 'dominant_type': 'proc_spawn', 'target_action': 2, 'prev_risk': 0.0, 'risk': 0.0}
[ep=16 t=0090] choose_plan=3 action=2 reward=0.320 info={'t': 91, 'max_steps': 100, 'dominant_type': 'proc_spawn', 'target_action': 2, 'prev_risk': 0.0, 'risk': 0.003162610061846094}
[ep=16 t=0091] choose_plan=1 action=2 reward=0.354 info={'t': 92, 'max_steps': 100, 'dominant_type': 'proc_spawn', 'target_action': 2, 'prev_risk': 0.003162610061846094, 'risk': 0.0}
[ep=16 t=0092] choose_plan=2 action=2 reward=0.377 info={'t': 93, 'max_steps': 100, 'dominant_type': 'outbound_conn', 'target_action': 2, 'prev_risk': 0.0, 'risk': 0.0}
[ep=16 t=0093] choose_plan=2 action=2 reward=0.295 info={'t': 94, 'max_steps': 100, 'dominant_type': 'proc_spawn', 'target_action': 2, 'prev_risk': 0.0, 'risk': 0.0}
[ep=16 t=0094] choose_plan=5 action=2 reward=0.295 info={'t': 95, 'max_steps': 100, 'dominant_type': 'proc_spawn', 'target_action': 2, 'prev_risk': 0.0, 'risk': 0.0}
[ep=16 t=0095] choose_plan=5 action=2 reward=0.328 info={'t': 96, 'max_steps': 100, 'dominant_type': 'outbound_conn', 'target_action': 2, 'prev_risk': 0.0, 'risk': 0.0}
[ep=16 t=0096] choose_plan=4 action=2 reward=-0.175 info={'t': 97, 'max_steps': 100, 'dominant_type': 'port_scan', 'target_action': 1, 'prev_risk': 0.0, 'risk': 0.0}
[ep=16 t=0097] choose_plan=2 action=1 reward=0.517 info={'t': 98, 'max_steps': 100, 'dominant_type': 'port_scan', 'target_action': 1, 'prev_risk': 0.0, 'risk': 0.0}
[ep=16 t=0098] choose_plan=2 action=1 reward=0.527 info={'t': 99, 'max_steps': 100, 'dominant_type': 'port_scan', 'target_action': 1, 'prev_risk': 0.0, 'risk': 0.0}
[ep=16 t=0099] choose_plan=0 action=1 reward=0.505 info={'t': 100, 'max_steps': 100, 'dominant_type': 'auth_fail', 'target_action': 1, 'prev_risk': 0.0, 'risk': 0.0}
# done at t=99
# episode_summary {"episode": 16, "episode_return": 20.504905479106974, "reward_mean": 0.20504905479106975, "reward_min": -0.2529601417737223, "reward_max": 0.6524229559921217, "steps": 100, "unique_actions": 2, "top5_actions": [[1, 62], [2, 38]]}

# ===== EPISODE 17 =====
[ep=17 t=0000] choose_plan=0 action=1 reward=-0.335 info={'t': 1, 'max_steps': 100, 'dominant_type': 'auth_fail', 'target_action': 1, 'prev_risk': 0.2858933000537422, 'risk': 0.2733429213737916}
[ep=17 t=0001] choose_plan=4 action=1 reward=-0.359 info={'t': 2, 'max_steps': 100, 'dominant_type': 'proc_spawn', 'target_action': 2, 'prev_risk': 0.2733429213737916, 'risk': 0.2089611911852475}
[ep=17 t=0002] choose_plan=5 action=2 reward=0.398 info={'t': 3, 'max_steps': 100, 'dominant_type': 'outbound_conn', 'target_action': 2, 'prev_risk': 0.2089611911852475, 'risk': 0.13061314491210255}
[ep=17 t=0003] choose_plan=0 action=2 reward=0.565 info={'t': 4, 'max_steps': 100, 'dominant_type': 'proc_spawn', 'target_action': 2, 'prev_risk': 0.13061314491210255, 'risk': 0.059126863543689345}
[ep=17 t=0004] choose_plan=4 action=2 reward=0.181 info={'t': 5, 'max_steps': 100, 'dominant_type': 'port_scan', 'target_action': 1, 'prev_risk': 0.059126863543689345, 'risk': 0.0}
[ep=17 t=0005] choose_plan=1 action=1 reward=-0.005 info={'t': 6, 'max_steps': 100, 'dominant_type': 'proc_spawn', 'target_action': 2, 'prev_risk': 0.0, 'risk': 0.0}
[ep=17 t=0006] choose_plan=1 action=2 reward=-0.164 info={'t': 7, 'max_steps': 100, 'dominant_type': 'port_scan', 'target_action': 1, 'prev_risk': 0.0, 'risk': 0.0}
[ep=17 t=0007] choose_plan=5 action=1 reward=0.505 info={'t': 8, 'max_steps': 100, 'dominant_type': 'port_scan', 'target_action': 1, 'prev_risk': 0.0, 'risk': 0.0}
[ep=17 t=0008] choose_plan=0 action=1 reward=0.507 info={'t': 9, 'max_steps': 100, 'dominant_type': 'auth_fail', 'target_action': 1, 'prev_risk': 0.0, 'risk': 0.0}
[ep=17 t=0009] choose_plan=1 action=1 reward=0.023 info={'t': 10, 'max_steps': 100, 'dominant_type': 'outbound_conn', 'target_action': 2, 'prev_risk': 0.0, 'risk': 0.0}
[ep=17 t=0010] choose_plan=5 action=2 reward=-0.144 info={'t': 11, 'max_steps': 100, 'dominant_type': 'auth_fail', 'target_action': 1, 'prev_risk': 0.0, 'risk': 0.0}
[ep=17 t=0011] choose_plan=0 action=1 reward=0.029 info={'t': 12, 'max_steps': 100, 'dominant_type': 'outbound_conn', 'target_action': 2, 'prev_risk': 0.0, 'risk': 0.0}
[ep=17 t=0012] choose_plan=4 action=2 reward=0.337 info={'t': 13, 'max_steps': 100, 'dominant_type': 'outbound_conn', 'target_action': 2, 'prev_risk': 0.0, 'risk': 0.0}
[ep=17 t=0013] choose_plan=0 action=2 reward=0.299 info={'t': 14, 'max_steps': 100, 'dominant_type': 'proc_spawn', 'target_action': 2, 'prev_risk': 0.0, 'risk': 0.0}
[ep=17 t=0014] choose_plan=5 action=2 reward=-0.207 info={'t': 15, 'max_steps': 100, 'dominant_type': 'auth_fail', 'target_action': 1, 'prev_risk': 0.0, 'risk': 0.0}
[ep=17 t=0015] choose_plan=3 action=1 reward=0.512 info={'t': 16, 'max_steps': 100, 'dominant_type': 'port_scan', 'target_action': 1, 'prev_risk': 0.0, 'risk': 0.0}
[ep=17 t=0016] choose_plan=2 action=1 reward=0.001 info={'t': 17, 'max_steps': 100, 'dominant_type': 'outbound_conn', 'target_action': 2, 'prev_risk': 0.0, 'risk': 0.0}
[ep=17 t=0017] choose_plan=4 action=2 reward=0.326 info={'t': 18, 'max_steps': 100, 'dominant_type': 'proc_spawn', 'target_action': 2, 'prev_risk': 0.0, 'risk': 0.0}
[ep=17 t=0018] choose_plan=2 action=2 reward=-0.197 info={'t': 19, 'max_steps': 100, 'dominant_type': 'port_scan', 'target_action': 1, 'prev_risk': 0.0, 'risk': 0.0}
[ep=17 t=0019] choose_plan=0 action=1 reward=0.505 info={'t': 20, 'max_steps': 100, 'dominant_type': 'auth_fail', 'target_action': 1, 'prev_risk': 0.0, 'risk': 0.0}
[ep=17 t=0020] choose_plan=1 action=1 reward=0.520 info={'t': 21, 'max_steps': 100, 'dominant_type': 'auth_fail', 'target_action': 1, 'prev_risk': 0.0, 'risk': 0.0}
[ep=17 t=0021] choose_plan=3 action=1 reward=0.529 info={'t': 22, 'max_steps': 100, 'dominant_type': 'port_scan', 'target_action': 1, 'prev_risk': 0.0, 'risk': 0.0}
[ep=17 t=0022] choose_plan=0 action=1 reward=0.539 info={'t': 23, 'max_steps': 100, 'dominant_type': 'port_scan', 'target_action': 1, 'prev_risk': 0.0, 'risk': 0.0012777254850111636}
[ep=17 t=0023] choose_plan=5 action=1 reward=-0.070 info={'t': 24, 'max_steps': 100, 'dominant_type': 'outbound_conn', 'target_action': 2, 'prev_risk': 0.0012777254850111636, 'risk': 0.054234526221866024}
[ep=17 t=0024] choose_plan=1 action=2 reward=0.569 info={'t': 25, 'max_steps': 100, 'dominant_type': 'outbound_conn', 'target_action': 2, 'prev_risk': 0.054234526221866024, 'risk': 0.004523960520247741}
[ep=17 t=0025] choose_plan=4 action=2 reward=-0.142 info={'t': 26, 'max_steps': 100, 'dominant_type': 'port_scan', 'target_action': 1, 'prev_risk': 0.004523960520247741, 'risk': 0.0}
[ep=17 t=0026] choose_plan=2 action=1 reward=0.052 info={'t': 27, 'max_steps': 100, 'dominant_type': 'proc_spawn', 'target_action': 2, 'prev_risk': 0.0, 'risk': 0.0}
[ep=17 t=0027] choose_plan=4 action=2 reward=-0.215 info={'t': 28, 'max_steps': 100, 'dominant_type': 'port_scan', 'target_action': 1, 'prev_risk': 0.0, 'risk': 0.0}
[ep=17 t=0028] choose_plan=1 action=1 reward=0.519 info={'t': 29, 'max_steps': 100, 'dominant_type': 'port_scan', 'target_action': 1, 'prev_risk': 0.0, 'risk': 0.0}
[ep=17 t=0029] choose_plan=0 action=1 reward=0.519 info={'t': 30, 'max_steps': 100, 'dominant_type': 'auth_fail', 'target_action': 1, 'prev_risk': 0.0, 'risk': 0.0}
[ep=17 t=0030] choose_plan=4 action=1 reward=0.513 info={'t': 31, 'max_steps': 100, 'dominant_type': 'port_scan', 'target_action': 1, 'prev_risk': 0.0, 'risk': 0.0}
[ep=17 t=0031] choose_plan=2 action=1 reward=0.549 info={'t': 32, 'max_steps': 100, 'dominant_type': 'port_scan', 'target_action': 1, 'prev_risk': 0.0, 'risk': 0.0}
[ep=17 t=0032] choose_plan=1 action=1 reward=0.531 info={'t': 33, 'max_steps': 100, 'dominant_type': 'auth_fail', 'target_action': 1, 'prev_risk': 0.0, 'risk': 0.0}
[ep=17 t=0033] choose_plan=4 action=1 reward=0.569 info={'t': 34, 'max_steps': 100, 'dominant_type': 'auth_fail', 'target_action': 1, 'prev_risk': 0.0, 'risk': 0.0}
[ep=17 t=0034] choose_plan=1 action=1 reward=0.530 info={'t': 35, 'max_steps': 100, 'dominant_type': 'port_scan', 'target_action': 1, 'prev_risk': 0.0, 'risk': 0.0}
[ep=17 t=0035] choose_plan=2 action=1 reward=0.032 info={'t': 36, 'max_steps': 100, 'dominant_type': 'outbound_conn', 'target_action': 2, 'prev_risk': 0.0, 'risk': 0.0}
[ep=17 t=0036] choose_plan=1 action=2 reward=-0.215 info={'t': 37, 'max_steps': 100, 'dominant_type': 'port_scan', 'target_action': 1, 'prev_risk': 0.0, 'risk': 0.0}
[ep=17 t=0037] choose_plan=4 action=1 reward=-0.005 info={'t': 38, 'max_steps': 100, 'dominant_type': 'proc_spawn', 'target_action': 2, 'prev_risk': 0.0, 'risk': 0.0}
[ep=17 t=0038] choose_plan=4 action=2 reward=0.308 info={'t': 39, 'max_steps': 100, 'dominant_type': 'proc_spawn', 'target_action': 2, 'prev_risk': 0.0, 'risk': 0.0}
[ep=17 t=0039] choose_plan=0 action=2 reward=-0.212 info={'t': 40, 'max_steps': 100, 'dominant_type': 'port_scan', 'target_action': 1, 'prev_risk': 0.0, 'risk': 0.0}
[ep=17 t=0040] choose_plan=1 action=1 reward=0.008 info={'t': 41, 'max_steps': 100, 'dominant_type': 'proc_spawn', 'target_action': 2, 'prev_risk': 0.0, 'risk': 0.0}
[ep=17 t=0041] choose_plan=3 action=2 reward=-0.215 info={'t': 42, 'max_steps': 100, 'dominant_type': 'auth_fail', 'target_action': 1, 'prev_risk': 0.0, 'risk': 0.0}
[ep=17 t=0042] choose_plan=3 action=1 reward=0.539 info={'t': 43, 'max_steps': 100, 'dominant_type': 'auth_fail', 'target_action': 1, 'prev_risk': 0.0, 'risk': 0.0}
[ep=17 t=0043] choose_plan=1 action=1 reward=0.559 info={'t': 44, 'max_steps': 100, 'dominant_type': 'port_scan', 'target_action': 1, 'prev_risk': 0.0, 'risk': 0.0}
[ep=17 t=0044] choose_plan=0 action=1 reward=-0.009 info={'t': 45, 'max_steps': 100, 'dominant_type': 'outbound_conn', 'target_action': 2, 'prev_risk': 0.0, 'risk': 0.001217862931094979}
[ep=17 t=0045] choose_plan=1 action=2 reward=-0.208 info={'t': 46, 'max_steps': 100, 'dominant_type': 'auth_fail', 'target_action': 1, 'prev_risk': 0.001217862931094979, 'risk': 0.0}
[ep=17 t=0046] choose_plan=5 action=1 reward=0.559 info={'t': 47, 'max_steps': 100, 'dominant_type': 'port_scan', 'target_action': 1, 'prev_risk': 0.0, 'risk': 0.0}
[ep=17 t=0047] choose_plan=0 action=1 reward=0.505 info={'t': 48, 'max_steps': 100, 'dominant_type': 'port_scan', 'target_action': 1, 'prev_risk': 0.0, 'risk': 0.0}
[ep=17 t=0048] choose_plan=2 action=1 reward=0.516 info={'t': 49, 'max_steps': 100, 'dominant_type': 'port_scan', 'target_action': 1, 'prev_risk': 0.0, 'risk': 0.0014211747782773634}
[ep=17 t=0049] choose_plan=0 action=1 reward=0.003 info={'t': 50, 'max_steps': 100, 'dominant_type': 'proc_spawn', 'target_action': 2, 'prev_risk': 0.0014211747782773634, 'risk': 0.0}
[ep=17 t=0050] choose_plan=4 action=2 reward=0.313 info={'t': 51, 'max_steps': 100, 'dominant_type': 'proc_spawn', 'target_action': 2, 'prev_risk': 0.0, 'risk': 0.0}
[ep=17 t=0051] choose_plan=0 action=2 reward=-0.170 info={'t': 52, 'max_steps': 100, 'dominant_type': 'port_scan', 'target_action': 1, 'prev_risk': 0.0, 'risk': 0.0}
[ep=17 t=0052] choose_plan=4 action=1 reward=0.548 info={'t': 53, 'max_steps': 100, 'dominant_type': 'port_scan', 'target_action': 1, 'prev_risk': 0.0, 'risk': 0.0}
[ep=17 t=0053] choose_plan=4 action=1 reward=0.505 info={'t': 54, 'max_steps': 100, 'dominant_type': 'auth_fail', 'target_action': 1, 'prev_risk': 0.0, 'risk': 0.0}
[ep=17 t=0054] choose_plan=2 action=1 reward=0.399 info={'t': 55, 'max_steps': 100, 'dominant_type': 'port_scan', 'target_action': 1, 'prev_risk': 0.0, 'risk': 0.05516774773782618}
[ep=17 t=0055] choose_plan=4 action=1 reward=0.832 info={'t': 56, 'max_steps': 100, 'dominant_type': 'port_scan', 'target_action': 1, 'prev_risk': 0.05516774773782618, 'risk': 0.0}
[ep=17 t=0056] choose_plan=2 action=1 reward=-0.005 info={'t': 57, 'max_steps': 100, 'dominant_type': 'outbound_conn', 'target_action': 2, 'prev_risk': 0.0, 'risk': 0.0}
[ep=17 t=0057] choose_plan=3 action=2 reward=0.308 info={'t': 58, 'max_steps': 100, 'dominant_type': 'proc_spawn', 'target_action': 2, 'prev_risk': 0.0, 'risk': 0.0}
[ep=17 t=0058] choose_plan=1 action=2 reward=0.344 info={'t': 59, 'max_steps': 100, 'dominant_type': 'proc_spawn', 'target_action': 2, 'prev_risk': 0.0, 'risk': 0.0}
[ep=17 t=0059] choose_plan=3 action=2 reward=0.321 info={'t': 60, 'max_steps': 100, 'dominant_type': 'proc_spawn', 'target_action': 2, 'prev_risk': 0.0, 'risk': 0.0}
[ep=17 t=0060] choose_plan=0 action=2 reward=0.337 info={'t': 61, 'max_steps': 100, 'dominant_type': 'proc_spawn', 'target_action': 2, 'prev_risk': 0.0, 'risk': 0.0}
[ep=17 t=0061] choose_plan=3 action=2 reward=0.327 info={'t': 62, 'max_steps': 100, 'dominant_type': 'outbound_conn', 'target_action': 2, 'prev_risk': 0.0, 'risk': 0.0}
[ep=17 t=0062] choose_plan=4 action=2 reward=-0.190 info={'t': 63, 'max_steps': 100, 'dominant_type': 'auth_fail', 'target_action': 1, 'prev_risk': 0.0, 'risk': 0.0}
[ep=17 t=0063] choose_plan=3 action=1 reward=0.048 info={'t': 64, 'max_steps': 100, 'dominant_type': 'proc_spawn', 'target_action': 2, 'prev_risk': 0.0, 'risk': 0.0}
[ep=17 t=0064] choose_plan=4 action=2 reward=0.325 info={'t': 65, 'max_steps': 100, 'dominant_type': 'proc_spawn', 'target_action': 2, 'prev_risk': 0.0, 'risk': 0.0}
[ep=17 t=0065] choose_plan=3 action=2 reward=0.348 info={'t': 66, 'max_steps': 100, 'dominant_type': 'outbound_conn', 'target_action': 2, 'prev_risk': 0.0, 'risk': 0.0}
[ep=17 t=0066] choose_plan=1 action=2 reward=0.316 info={'t': 67, 'max_steps': 100, 'dominant_type': 'proc_spawn', 'target_action': 2, 'prev_risk': 0.0, 'risk': 0.0}
[ep=17 t=0067] choose_plan=1 action=2 reward=0.295 info={'t': 68, 'max_steps': 100, 'dominant_type': 'proc_spawn', 'target_action': 2, 'prev_risk': 0.0, 'risk': 0.0}
[ep=17 t=0068] choose_plan=5 action=2 reward=0.359 info={'t': 69, 'max_steps': 100, 'dominant_type': 'outbound_conn', 'target_action': 2, 'prev_risk': 0.0, 'risk': 0.0}
[ep=17 t=0069] choose_plan=5 action=2 reward=0.295 info={'t': 70, 'max_steps': 100, 'dominant_type': 'outbound_conn', 'target_action': 2, 'prev_risk': 0.0, 'risk': 0.0}
[ep=17 t=0070] choose_plan=3 action=2 reward=-0.180 info={'t': 71, 'max_steps': 100, 'dominant_type': 'auth_fail', 'target_action': 1, 'prev_risk': 0.0, 'risk': 0.0}
[ep=17 t=0071] choose_plan=1 action=1 reward=0.505 info={'t': 72, 'max_steps': 100, 'dominant_type': 'port_scan', 'target_action': 1, 'prev_risk': 0.0, 'risk': 0.0}
[ep=17 t=0072] choose_plan=1 action=1 reward=0.553 info={'t': 73, 'max_steps': 100, 'dominant_type': 'auth_fail', 'target_action': 1, 'prev_risk': 0.0, 'risk': 0.0}
[ep=17 t=0073] choose_plan=4 action=1 reward=0.023 info={'t': 74, 'max_steps': 100, 'dominant_type': 'outbound_conn', 'target_action': 2, 'prev_risk': 0.0, 'risk': 0.009684859864797467}
[ep=17 t=0074] choose_plan=0 action=2 reward=0.349 info={'t': 75, 'max_steps': 100, 'dominant_type': 'outbound_conn', 'target_action': 2, 'prev_risk': 0.009684859864797467, 'risk': 0.0}
[ep=17 t=0075] choose_plan=5 action=2 reward=-0.215 info={'t': 76, 'max_steps': 100, 'dominant_type': 'port_scan', 'target_action': 1, 'prev_risk': 0.0, 'risk': 0.0}
[ep=17 t=0076] choose_plan=1 action=1 reward=-0.119 info={'t': 77, 'max_steps': 100, 'dominant_type': 'outbound_conn', 'target_action': 2, 'prev_risk': 0.0, 'risk': 0.057866281068103625}
[ep=17 t=0077] choose_plan=1 action=2 reward=0.109 info={'t': 78, 'max_steps': 100, 'dominant_type': 'port_scan', 'target_action': 1, 'prev_risk': 0.057866281068103625, 'risk': 0.0}
[ep=17 t=0078] choose_plan=0 action=1 reward=0.505 info={'t': 79, 'max_steps': 100, 'dominant_type': 'auth_fail', 'target_action': 1, 'prev_risk': 0.0, 'risk': 0.0}
[ep=17 t=0079] choose_plan=1 action=1 reward=0.056 info={'t': 80, 'max_steps': 100, 'dominant_type': 'proc_spawn', 'target_action': 2, 'prev_risk': 0.0, 'risk': 0.0}
[ep=17 t=0080] choose_plan=2 action=2 reward=-0.215 info={'t': 81, 'max_steps': 100, 'dominant_type': 'port_scan', 'target_action': 1, 'prev_risk': 0.0, 'risk': 0.0}
[ep=17 t=0081] choose_plan=1 action=1 reward=0.022 info={'t': 82, 'max_steps': 100, 'dominant_type': 'proc_spawn', 'target_action': 2, 'prev_risk': 0.0, 'risk': 0.0}
[ep=17 t=0082] choose_plan=3 action=2 reward=-0.190 info={'t': 83, 'max_steps': 100, 'dominant_type': 'port_scan', 'target_action': 1, 'prev_risk': 0.0, 'risk': 0.0}
[ep=17 t=0083] choose_plan=4 action=1 reward=0.424 info={'t': 84, 'max_steps': 100, 'dominant_type': 'auth_fail', 'target_action': 1, 'prev_risk': 0.0, 'risk': 0.027778837983928606}
[ep=17 t=0084] choose_plan=4 action=1 reward=0.313 info={'t': 85, 'max_steps': 100, 'dominant_type': 'port_scan', 'target_action': 1, 'prev_risk': 0.027778837983928606, 'risk': 0.06608962153869986}
[ep=17 t=0085] choose_plan=5 action=1 reward=0.417 info={'t': 86, 'max_steps': 100, 'dominant_type': 'port_scan', 'target_action': 1, 'prev_risk': 0.06608962153869986, 'risk': 0.057598728366601376}
[ep=17 t=0086] choose_plan=5 action=1 reward=0.088 info={'t': 87, 'max_steps': 100, 'dominant_type': 'outbound_conn', 'target_action': 2, 'prev_risk': 0.057598728366601376, 'risk': 0.029995275639591423}
[ep=17 t=0087] choose_plan=5 action=2 reward=-0.047 info={'t': 88, 'max_steps': 100, 'dominant_type': 'port_scan', 'target_action': 1, 'prev_risk': 0.029995275639591423, 'risk': 0.0}
[ep=17 t=0088] choose_plan=0 action=1 reward=0.540 info={'t': 89, 'max_steps': 100, 'dominant_type': 'port_scan', 'target_action': 1, 'prev_risk': 0.0, 'risk': 0.0}
[ep=17 t=0089] choose_plan=5 action=1 reward=0.000 info={'t': 90, 'max_steps': 100, 'dominant_type': 'outbound_conn', 'target_action': 2, 'prev_risk': 0.0, 'risk': 0.0}
[ep=17 t=0090] choose_plan=1 action=2 reward=0.296 info={'t': 91, 'max_steps': 100, 'dominant_type': 'outbound_conn', 'target_action': 2, 'prev_risk': 0.0, 'risk': 0.0}
[ep=17 t=0091] choose_plan=4 action=2 reward=0.314 info={'t': 92, 'max_steps': 100, 'dominant_type': 'outbound_conn', 'target_action': 2, 'prev_risk': 0.0, 'risk': 0.0}
[ep=17 t=0092] choose_plan=4 action=2 reward=0.312 info={'t': 93, 'max_steps': 100, 'dominant_type': 'outbound_conn', 'target_action': 2, 'prev_risk': 0.0, 'risk': 0.0}
[ep=17 t=0093] choose_plan=5 action=2 reward=-0.197 info={'t': 94, 'max_steps': 100, 'dominant_type': 'port_scan', 'target_action': 1, 'prev_risk': 0.0, 'risk': 0.0}
[ep=17 t=0094] choose_plan=5 action=1 reward=-0.005 info={'t': 95, 'max_steps': 100, 'dominant_type': 'proc_spawn', 'target_action': 2, 'prev_risk': 0.0, 'risk': 0.0}
[ep=17 t=0095] choose_plan=4 action=2 reward=-0.215 info={'t': 96, 'max_steps': 100, 'dominant_type': 'auth_fail', 'target_action': 1, 'prev_risk': 0.0, 'risk': 0.0}
[ep=17 t=0096] choose_plan=5 action=1 reward=0.505 info={'t': 97, 'max_steps': 100, 'dominant_type': 'port_scan', 'target_action': 1, 'prev_risk': 0.0, 'risk': 0.0}
[ep=17 t=0097] choose_plan=4 action=1 reward=0.546 info={'t': 98, 'max_steps': 100, 'dominant_type': 'port_scan', 'target_action': 1, 'prev_risk': 0.0, 'risk': 0.0}
[ep=17 t=0098] choose_plan=5 action=1 reward=-0.005 info={'t': 99, 'max_steps': 100, 'dominant_type': 'outbound_conn', 'target_action': 2, 'prev_risk': 0.0, 'risk': 0.0}
[ep=17 t=0099] choose_plan=4 action=2 reward=-0.179 info={'t': 100, 'max_steps': 100, 'dominant_type': 'auth_fail', 'target_action': 1, 'prev_risk': 0.0, 'risk': 0.0}
# done at t=99
# episode_summary {"episode": 17, "episode_return": 20.6195117703093, "reward_mean": 0.20619511770309298, "reward_min": -0.35924126846130494, "reward_max": 0.8324297770440694, "steps": 100, "unique_actions": 2, "top5_actions": [[1, 55], [2, 45]]}

# ===== EPISODE 18 =====
[ep=18 t=0000] choose_plan=5 action=2 reward=-0.044 info={'t': 1, 'max_steps': 100, 'dominant_type': 'port_scan', 'target_action': 1, 'prev_risk': 0.2930074848347919, 'risk': 0.18325934080504763}
[ep=18 t=0001] choose_plan=0 action=1 reward=0.347 info={'t': 2, 'max_steps': 100, 'dominant_type': 'port_scan', 'target_action': 1, 'prev_risk': 0.18325934080504763, 'risk': 0.14990291433630798}
[ep=18 t=0002] choose_plan=3 action=1 reward=0.201 info={'t': 3, 'max_steps': 100, 'dominant_type': 'port_scan', 'target_action': 1, 'prev_risk': 0.14990291433630798, 'risk': 0.14335546721660372}
[ep=18 t=0003] choose_plan=5 action=1 reward=0.051 info={'t': 4, 'max_steps': 100, 'dominant_type': 'proc_spawn', 'target_action': 2, 'prev_risk': 0.14335546721660372, 'risk': 0.09985146176714363}
[ep=18 t=0004] choose_plan=2 action=2 reward=0.265 info={'t': 5, 'max_steps': 100, 'dominant_type': 'port_scan', 'target_action': 1, 'prev_risk': 0.09985146176714363, 'risk': 0.010010825601527745}
[ep=18 t=0005] choose_plan=2 action=1 reward=0.641 info={'t': 6, 'max_steps': 100, 'dominant_type': 'port_scan', 'target_action': 1, 'prev_risk': 0.010010825601527745, 'risk': 0.0}
[ep=18 t=0006] choose_plan=2 action=1 reward=-0.005 info={'t': 7, 'max_steps': 100, 'dominant_type': 'proc_spawn', 'target_action': 2, 'prev_risk': 0.0, 'risk': 0.0}
[ep=18 t=0007] choose_plan=3 action=2 reward=0.311 info={'t': 8, 'max_steps': 100, 'dominant_type': 'outbound_conn', 'target_action': 2, 'prev_risk': 0.0, 'risk': 0.0}
[ep=18 t=0008] choose_plan=2 action=2 reward=0.320 info={'t': 9, 'max_steps': 100, 'dominant_type': 'proc_spawn', 'target_action': 2, 'prev_risk': 0.0, 'risk': 0.0}
[ep=18 t=0009] choose_plan=0 action=2 reward=-0.209 info={'t': 10, 'max_steps': 100, 'dominant_type': 'port_scan', 'target_action': 1, 'prev_risk': 0.0, 'risk': 0.0}
[ep=18 t=0010] choose_plan=2 action=1 reward=0.061 info={'t': 11, 'max_steps': 100, 'dominant_type': 'outbound_conn', 'target_action': 2, 'prev_risk': 0.0, 'risk': 0.0}
[ep=18 t=0011] choose_plan=3 action=2 reward=-0.212 info={'t': 12, 'max_steps': 100, 'dominant_type': 'port_scan', 'target_action': 1, 'prev_risk': 0.0, 'risk': 0.0}
[ep=18 t=0012] choose_plan=0 action=1 reward=0.034 info={'t': 13, 'max_steps': 100, 'dominant_type': 'outbound_conn', 'target_action': 2, 'prev_risk': 0.0, 'risk': 0.0009947586616098}
[ep=18 t=0013] choose_plan=3 action=2 reward=0.319 info={'t': 14, 'max_steps': 100, 'dominant_type': 'proc_spawn', 'target_action': 2, 'prev_risk': 0.0009947586616098, 'risk': 0.0}
[ep=18 t=0014] choose_plan=4 action=2 reward=-0.163 info={'t': 15, 'max_steps': 100, 'dominant_type': 'port_scan', 'target_action': 1, 'prev_risk': 0.0, 'risk': 0.0}
[ep=18 t=0015] choose_plan=3 action=1 reward=-0.001 info={'t': 16, 'max_steps': 100, 'dominant_type': 'proc_spawn', 'target_action': 2, 'prev_risk': 0.0, 'risk': 0.0}
[ep=18 t=0016] choose_plan=2 action=2 reward=-0.199 info={'t': 17, 'max_steps': 100, 'dominant_type': 'auth_fail', 'target_action': 1, 'prev_risk': 0.0, 'risk': 0.0}
[ep=18 t=0017] choose_plan=5 action=1 reward=0.540 info={'t': 18, 'max_steps': 100, 'dominant_type': 'auth_fail', 'target_action': 1, 'prev_risk': 0.0, 'risk': 0.0}
[ep=18 t=0018] choose_plan=0 action=1 reward=0.049 info={'t': 19, 'max_steps': 100, 'dominant_type': 'proc_spawn', 'target_action': 2, 'prev_risk': 0.0, 'risk': 0.0}
[ep=18 t=0019] choose_plan=2 action=2 reward=-0.204 info={'t': 20, 'max_steps': 100, 'dominant_type': 'port_scan', 'target_action': 1, 'prev_risk': 0.0, 'risk': 0.0}
[ep=18 t=0020] choose_plan=0 action=1 reward=-0.005 info={'t': 21, 'max_steps': 100, 'dominant_type': 'proc_spawn', 'target_action': 2, 'prev_risk': 0.0, 'risk': 0.0}
[ep=18 t=0021] choose_plan=4 action=2 reward=0.295 info={'t': 22, 'max_steps': 100, 'dominant_type': 'outbound_conn', 'target_action': 2, 'prev_risk': 0.0, 'risk': 0.0}
[ep=18 t=0022] choose_plan=0 action=2 reward=-0.209 info={'t': 23, 'max_steps': 100, 'dominant_type': 'port_scan', 'target_action': 1, 'prev_risk': 0.0, 'risk': 0.0}
[ep=18 t=0023] choose_plan=2 action=1 reward=0.508 info={'t': 24, 'max_steps': 100, 'dominant_type': 'port_scan', 'target_action': 1, 'prev_risk': 0.0, 'risk': 0.0}
[ep=18 t=0024] choose_plan=5 action=1 reward=0.001 info={'t': 25, 'max_steps': 100, 'dominant_type': 'proc_spawn', 'target_action': 2, 'prev_risk': 0.0, 'risk': 0.0}
[ep=18 t=0025] choose_plan=4 action=2 reward=-0.144 info={'t': 26, 'max_steps': 100, 'dominant_type': 'port_scan', 'target_action': 1, 'prev_risk': 0.0, 'risk': 0.0}
[ep=18 t=0026] choose_plan=4 action=1 reward=0.053 info={'t': 27, 'max_steps': 100, 'dominant_type': 'proc_spawn', 'target_action': 2, 'prev_risk': 0.0, 'risk': 0.0}
[ep=18 t=0027] choose_plan=1 action=2 reward=-0.187 info={'t': 28, 'max_steps': 100, 'dominant_type': 'port_scan', 'target_action': 1, 'prev_risk': 0.0, 'risk': 0.0}
[ep=18 t=0028] choose_plan=2 action=1 reward=0.545 info={'t': 29, 'max_steps': 100, 'dominant_type': 'auth_fail', 'target_action': 1, 'prev_risk': 0.0, 'risk': 0.0}
[ep=18 t=0029] choose_plan=1 action=1 reward=0.514 info={'t': 30, 'max_steps': 100, 'dominant_type': 'auth_fail', 'target_action': 1, 'prev_risk': 0.0, 'risk': 0.0}
[ep=18 t=0030] choose_plan=4 action=1 reward=-0.005 info={'t': 31, 'max_steps': 100, 'dominant_type': 'outbound_conn', 'target_action': 2, 'prev_risk': 0.0, 'risk': 0.0}
[ep=18 t=0031] choose_plan=0 action=2 reward=0.331 info={'t': 32, 'max_steps': 100, 'dominant_type': 'outbound_conn', 'target_action': 2, 'prev_risk': 0.0, 'risk': 0.0}
[ep=18 t=0032] choose_plan=0 action=2 reward=0.310 info={'t': 33, 'max_steps': 100, 'dominant_type': 'proc_spawn', 'target_action': 2, 'prev_risk': 0.0, 'risk': 0.0}
[ep=18 t=0033] choose_plan=4 action=2 reward=0.301 info={'t': 34, 'max_steps': 100, 'dominant_type': 'proc_spawn', 'target_action': 2, 'prev_risk': 0.0, 'risk': 0.0}
[ep=18 t=0034] choose_plan=5 action=2 reward=-0.215 info={'t': 35, 'max_steps': 100, 'dominant_type': 'port_scan', 'target_action': 1, 'prev_risk': 0.0, 'risk': 0.0}
[ep=18 t=0035] choose_plan=2 action=1 reward=0.518 info={'t': 36, 'max_steps': 100, 'dominant_type': 'port_scan', 'target_action': 1, 'prev_risk': 0.0, 'risk': 0.0}
[ep=18 t=0036] choose_plan=3 action=1 reward=0.530 info={'t': 37, 'max_steps': 100, 'dominant_type': 'port_scan', 'target_action': 1, 'prev_risk': 0.0, 'risk': 0.0}
[ep=18 t=0037] choose_plan=1 action=1 reward=0.548 info={'t': 38, 'max_steps': 100, 'dominant_type': 'auth_fail', 'target_action': 1, 'prev_risk': 0.0, 'risk': 0.0}
[ep=18 t=0038] choose_plan=4 action=1 reward=0.592 info={'t': 39, 'max_steps': 100, 'dominant_type': 'auth_fail', 'target_action': 1, 'prev_risk': 0.0, 'risk': 0.0}
[ep=18 t=0039] choose_plan=0 action=1 reward=0.534 info={'t': 40, 'max_steps': 100, 'dominant_type': 'auth_fail', 'target_action': 1, 'prev_risk': 0.0, 'risk': 0.0}
[ep=18 t=0040] choose_plan=1 action=1 reward=0.001 info={'t': 41, 'max_steps': 100, 'dominant_type': 'proc_spawn', 'target_action': 2, 'prev_risk': 0.0, 'risk': 0.0}
[ep=18 t=0041] choose_plan=4 action=2 reward=0.370 info={'t': 42, 'max_steps': 100, 'dominant_type': 'outbound_conn', 'target_action': 2, 'prev_risk': 0.0, 'risk': 0.0}
[ep=18 t=0042] choose_plan=0 action=2 reward=-0.197 info={'t': 43, 'max_steps': 100, 'dominant_type': 'port_scan', 'target_action': 1, 'prev_risk': 0.0, 'risk': 0.0}
[ep=18 t=0043] choose_plan=2 action=1 reward=0.522 info={'t': 44, 'max_steps': 100, 'dominant_type': 'port_scan', 'target_action': 1, 'prev_risk': 0.0, 'risk': 0.0}
[ep=18 t=0044] choose_plan=2 action=1 reward=0.442 info={'t': 45, 'max_steps': 100, 'dominant_type': 'port_scan', 'target_action': 1, 'prev_risk': 0.0, 'risk': 0.033014879035709536}
[ep=18 t=0045] choose_plan=1 action=1 reward=0.083 info={'t': 46, 'max_steps': 100, 'dominant_type': 'proc_spawn', 'target_action': 2, 'prev_risk': 0.033014879035709536, 'risk': 0.014301721958419888}
[ep=18 t=0046] choose_plan=5 action=2 reward=-0.135 info={'t': 47, 'max_steps': 100, 'dominant_type': 'auth_fail', 'target_action': 1, 'prev_risk': 0.014301721958419888, 'risk': 0.0}
[ep=18 t=0047] choose_plan=1 action=1 reward=0.545 info={'t': 48, 'max_steps': 100, 'dominant_type': 'port_scan', 'target_action': 1, 'prev_risk': 0.0, 'risk': 0.0}
[ep=18 t=0048] choose_plan=0 action=1 reward=0.505 info={'t': 49, 'max_steps': 100, 'dominant_type': 'port_scan', 'target_action': 1, 'prev_risk': 0.0, 'risk': 0.0}
[ep=18 t=0049] choose_plan=4 action=1 reward=0.052 info={'t': 50, 'max_steps': 100, 'dominant_type': 'outbound_conn', 'target_action': 2, 'prev_risk': 0.0, 'risk': 0.0}
[ep=18 t=0050] choose_plan=4 action=2 reward=0.295 info={'t': 51, 'max_steps': 100, 'dominant_type': 'proc_spawn', 'target_action': 2, 'prev_risk': 0.0, 'risk': 0.0}
[ep=18 t=0051] choose_plan=4 action=2 reward=0.295 info={'t': 52, 'max_steps': 100, 'dominant_type': 'proc_spawn', 'target_action': 2, 'prev_risk': 0.0, 'risk': 0.0}
[ep=18 t=0052] choose_plan=0 action=2 reward=0.295 info={'t': 53, 'max_steps': 100, 'dominant_type': 'outbound_conn', 'target_action': 2, 'prev_risk': 0.0, 'risk': 0.0}
[ep=18 t=0053] choose_plan=5 action=2 reward=-0.210 info={'t': 54, 'max_steps': 100, 'dominant_type': 'port_scan', 'target_action': 1, 'prev_risk': 0.0, 'risk': 0.0}
[ep=18 t=0054] choose_plan=1 action=1 reward=0.014 info={'t': 55, 'max_steps': 100, 'dominant_type': 'proc_spawn', 'target_action': 2, 'prev_risk': 0.0, 'risk': 0.0}
[ep=18 t=0055] choose_plan=4 action=2 reward=-0.210 info={'t': 56, 'max_steps': 100, 'dominant_type': 'port_scan', 'target_action': 1, 'prev_risk': 0.0, 'risk': 0.0}
[ep=18 t=0056] choose_plan=4 action=1 reward=0.020 info={'t': 57, 'max_steps': 100, 'dominant_type': 'proc_spawn', 'target_action': 2, 'prev_risk': 0.0, 'risk': 0.0}
[ep=18 t=0057] choose_plan=5 action=2 reward=-0.192 info={'t': 58, 'max_steps': 100, 'dominant_type': 'auth_fail', 'target_action': 1, 'prev_risk': 0.0, 'risk': 0.0}
[ep=18 t=0058] choose_plan=3 action=1 reward=0.530 info={'t': 59, 'max_steps': 100, 'dominant_type': 'auth_fail', 'target_action': 1, 'prev_risk': 0.0, 'risk': 0.0}
[ep=18 t=0059] choose_plan=3 action=1 reward=0.083 info={'t': 60, 'max_steps': 100, 'dominant_type': 'proc_spawn', 'target_action': 2, 'prev_risk': 0.0, 'risk': 0.0}
[ep=18 t=0060] choose_plan=2 action=2 reward=-0.215 info={'t': 61, 'max_steps': 100, 'dominant_type': 'auth_fail', 'target_action': 1, 'prev_risk': 0.0, 'risk': 0.0}
[ep=18 t=0061] choose_plan=1 action=1 reward=-0.121 info={'t': 62, 'max_steps': 100, 'dominant_type': 'outbound_conn', 'target_action': 2, 'prev_risk': 0.0, 'risk': 0.055082643617337196}
[ep=18 t=0062] choose_plan=0 action=2 reward=0.614 info={'t': 63, 'max_steps': 100, 'dominant_type': 'outbound_conn', 'target_action': 2, 'prev_risk': 0.055082643617337196, 'risk': 0.0}
[ep=18 t=0063] choose_plan=3 action=2 reward=-0.171 info={'t': 64, 'max_steps': 100, 'dominant_type': 'port_scan', 'target_action': 1, 'prev_risk': 0.0, 'risk': 0.0}
[ep=18 t=0064] choose_plan=2 action=1 reward=0.000 info={'t': 65, 'max_steps': 100, 'dominant_type': 'proc_spawn', 'target_action': 2, 'prev_risk': 0.0, 'risk': 0.0}
[ep=18 t=0065] choose_plan=5 action=2 reward=-0.215 info={'t': 66, 'max_steps': 100, 'dominant_type': 'port_scan', 'target_action': 1, 'prev_risk': 0.0, 'risk': 0.0}
[ep=18 t=0066] choose_plan=4 action=1 reward=-0.005 info={'t': 67, 'max_steps': 100, 'dominant_type': 'outbound_conn', 'target_action': 2, 'prev_risk': 0.0, 'risk': 0.0}
[ep=18 t=0067] choose_plan=0 action=2 reward=-0.215 info={'t': 68, 'max_steps': 100, 'dominant_type': 'auth_fail', 'target_action': 1, 'prev_risk': 0.0, 'risk': 0.0}
[ep=18 t=0068] choose_plan=4 action=1 reward=0.506 info={'t': 69, 'max_steps': 100, 'dominant_type': 'port_scan', 'target_action': 1, 'prev_risk': 0.0, 'risk': 0.0015422686933173266}
[ep=18 t=0069] choose_plan=0 action=1 reward=0.088 info={'t': 70, 'max_steps': 100, 'dominant_type': 'outbound_conn', 'target_action': 2, 'prev_risk': 0.0015422686933173266, 'risk': 0.0}
[ep=18 t=0070] choose_plan=4 action=2 reward=-0.158 info={'t': 71, 'max_steps': 100, 'dominant_type': 'auth_fail', 'target_action': 1, 'prev_risk': 0.0, 'risk': 0.0}
[ep=18 t=0071] choose_plan=0 action=1 reward=0.035 info={'t': 72, 'max_steps': 100, 'dominant_type': 'outbound_conn', 'target_action': 2, 'prev_risk': 0.0, 'risk': 0.0}
[ep=18 t=0072] choose_plan=1 action=2 reward=-0.215 info={'t': 73, 'max_steps': 100, 'dominant_type': 'port_scan', 'target_action': 1, 'prev_risk': 0.0, 'risk': 0.0}
[ep=18 t=0073] choose_plan=5 action=1 reward=0.526 info={'t': 74, 'max_steps': 100, 'dominant_type': 'port_scan', 'target_action': 1, 'prev_risk': 0.0, 'risk': 0.0}
[ep=18 t=0074] choose_plan=0 action=1 reward=0.515 info={'t': 75, 'max_steps': 100, 'dominant_type': 'auth_fail', 'target_action': 1, 'prev_risk': 0.0, 'risk': 0.0}
[ep=18 t=0075] choose_plan=3 action=1 reward=-0.035 info={'t': 76, 'max_steps': 100, 'dominant_type': 'proc_spawn', 'target_action': 2, 'prev_risk': 0.0, 'risk': 0.024687265533979777}
[ep=18 t=0076] choose_plan=4 action=2 reward=-0.077 info={'t': 77, 'max_steps': 100, 'dominant_type': 'port_scan', 'target_action': 1, 'prev_risk': 0.024687265533979777, 'risk': 0.0}
[ep=18 t=0077] choose_plan=3 action=1 reward=0.522 info={'t': 78, 'max_steps': 100, 'dominant_type': 'auth_fail', 'target_action': 1, 'prev_risk': 0.0, 'risk': 0.0}
[ep=18 t=0078] choose_plan=4 action=1 reward=0.062 info={'t': 79, 'max_steps': 100, 'dominant_type': 'proc_spawn', 'target_action': 2, 'prev_risk': 0.0, 'risk': 0.0}
[ep=18 t=0079] choose_plan=2 action=2 reward=0.295 info={'t': 80, 'max_steps': 100, 'dominant_type': 'proc_spawn', 'target_action': 2, 'prev_risk': 0.0, 'risk': 0.0}
[ep=18 t=0080] choose_plan=4 action=2 reward=0.295 info={'t': 81, 'max_steps': 100, 'dominant_type': 'proc_spawn', 'target_action': 2, 'prev_risk': 0.0, 'risk': 0.0}
[ep=18 t=0081] choose_plan=1 action=2 reward=-0.171 info={'t': 82, 'max_steps': 100, 'dominant_type': 'auth_fail', 'target_action': 1, 'prev_risk': 0.0, 'risk': 0.0}
[ep=18 t=0082] choose_plan=2 action=1 reward=0.571 info={'t': 83, 'max_steps': 100, 'dominant_type': 'port_scan', 'target_action': 1, 'prev_risk': 0.0, 'risk': 0.0}
[ep=18 t=0083] choose_plan=2 action=1 reward=0.004 info={'t': 84, 'max_steps': 100, 'dominant_type': 'proc_spawn', 'target_action': 2, 'prev_risk': 0.0, 'risk': 0.0}
[ep=18 t=0084] choose_plan=1 action=2 reward=-0.178 info={'t': 85, 'max_steps': 100, 'dominant_type': 'port_scan', 'target_action': 1, 'prev_risk': 0.0, 'risk': 0.0}
[ep=18 t=0085] choose_plan=0 action=1 reward=0.578 info={'t': 86, 'max_steps': 100, 'dominant_type': 'port_scan', 'target_action': 1, 'prev_risk': 0.0, 'risk': 0.0}
[ep=18 t=0086] choose_plan=0 action=1 reward=-0.001 info={'t': 87, 'max_steps': 100, 'dominant_type': 'proc_spawn', 'target_action': 2, 'prev_risk': 0.0, 'risk': 0.0062683567037945115}
[ep=18 t=0087] choose_plan=3 action=2 reward=-0.180 info={'t': 88, 'max_steps': 100, 'dominant_type': 'port_scan', 'target_action': 1, 'prev_risk': 0.0062683567037945115, 'risk': 0.0}
[ep=18 t=0088] choose_plan=3 action=1 reward=0.505 info={'t': 89, 'max_steps': 100, 'dominant_type': 'port_scan', 'target_action': 1, 'prev_risk': 0.0, 'risk': 0.0}
[ep=18 t=0089] choose_plan=0 action=1 reward=-0.005 info={'t': 90, 'max_steps': 100, 'dominant_type': 'outbound_conn', 'target_action': 2, 'prev_risk': 0.0, 'risk': 0.0}
[ep=18 t=0090] choose_plan=0 action=2 reward=0.296 info={'t': 91, 'max_steps': 100, 'dominant_type': 'proc_spawn', 'target_action': 2, 'prev_risk': 0.0, 'risk': 0.0}
[ep=18 t=0091] choose_plan=3 action=2 reward=-0.166 info={'t': 92, 'max_steps': 100, 'dominant_type': 'auth_fail', 'target_action': 1, 'prev_risk': 0.0, 'risk': 0.0}
[ep=18 t=0092] choose_plan=2 action=1 reward=0.505 info={'t': 93, 'max_steps': 100, 'dominant_type': 'port_scan', 'target_action': 1, 'prev_risk': 0.0, 'risk': 0.0}
[ep=18 t=0093] choose_plan=2 action=1 reward=0.505 info={'t': 94, 'max_steps': 100, 'dominant_type': 'auth_fail', 'target_action': 1, 'prev_risk': 0.0, 'risk': 0.0}
[ep=18 t=0094] choose_plan=1 action=1 reward=0.012 info={'t': 95, 'max_steps': 100, 'dominant_type': 'proc_spawn', 'target_action': 2, 'prev_risk': 0.0, 'risk': 0.0}
[ep=18 t=0095] choose_plan=2 action=2 reward=-0.182 info={'t': 96, 'max_steps': 100, 'dominant_type': 'port_scan', 'target_action': 1, 'prev_risk': 0.0, 'risk': 0.0}
[ep=18 t=0096] choose_plan=0 action=1 reward=-0.005 info={'t': 97, 'max_steps': 100, 'dominant_type': 'outbound_conn', 'target_action': 2, 'prev_risk': 0.0, 'risk': 0.0}
[ep=18 t=0097] choose_plan=1 action=2 reward=-0.161 info={'t': 98, 'max_steps': 100, 'dominant_type': 'port_scan', 'target_action': 1, 'prev_risk': 0.0, 'risk': 0.0}
[ep=18 t=0098] choose_plan=4 action=1 reward=0.525 info={'t': 99, 'max_steps': 100, 'dominant_type': 'auth_fail', 'target_action': 1, 'prev_risk': 0.0, 'risk': 0.0}
[ep=18 t=0099] choose_plan=1 action=1 reward=0.057 info={'t': 100, 'max_steps': 100, 'dominant_type': 'outbound_conn', 'target_action': 2, 'prev_risk': 0.0, 'risk': 0.0}
# done at t=99
# episode_summary {"episode": 18, "episode_return": 14.564877341695102, "reward_mean": 0.145648773416951, "reward_min": -0.21500000000000002, "reward_max": 0.6410489872618157, "steps": 100, "unique_actions": 2, "top5_actions": [[1, 56], [2, 44]]}

# ===== EPISODE 19 =====
[ep=19 t=0000] choose_plan=4 action=2 reward=0.425 info={'t': 1, 'max_steps': 100, 'dominant_type': 'proc_spawn', 'target_action': 2, 'prev_risk': 0.2819506720349891, 'risk': 0.18473830984090664}
[ep=19 t=0001] choose_plan=0 action=2 reward=0.405 info={'t': 2, 'max_steps': 100, 'dominant_type': 'outbound_conn', 'target_action': 2, 'prev_risk': 0.18473830984090664, 'risk': 0.11621711033895747}
[ep=19 t=0002] choose_plan=2 action=2 reward=0.005 info={'t': 3, 'max_steps': 100, 'dominant_type': 'auth_fail', 'target_action': 1, 'prev_risk': 0.11621711033895747, 'risk': 0.05108508800427336}
[ep=19 t=0003] choose_plan=0 action=1 reward=0.545 info={'t': 4, 'max_steps': 100, 'dominant_type': 'port_scan', 'target_action': 1, 'prev_risk': 0.05108508800427336, 'risk': 0.03448570922305999}
[ep=19 t=0004] choose_plan=1 action=1 reward=0.223 info={'t': 5, 'max_steps': 100, 'dominant_type': 'proc_spawn', 'target_action': 2, 'prev_risk': 0.03448570922305999, 'risk': 0.0}
[ep=19 t=0005] choose_plan=1 action=2 reward=0.326 info={'t': 6, 'max_steps': 100, 'dominant_type': 'outbound_conn', 'target_action': 2, 'prev_risk': 0.0, 'risk': 0.0}
[ep=19 t=0006] choose_plan=1 action=2 reward=-0.168 info={'t': 7, 'max_steps': 100, 'dominant_type': 'port_scan', 'target_action': 1, 'prev_risk': 0.0, 'risk': 0.0}
[ep=19 t=0007] choose_plan=1 action=1 reward=0.006 info={'t': 8, 'max_steps': 100, 'dominant_type': 'outbound_conn', 'target_action': 2, 'prev_risk': 0.0, 'risk': 0.0}
[ep=19 t=0008] choose_plan=1 action=2 reward=-0.215 info={'t': 9, 'max_steps': 100, 'dominant_type': 'auth_fail', 'target_action': 1, 'prev_risk': 0.0, 'risk': 0.0}
[ep=19 t=0009] choose_plan=4 action=1 reward=-0.005 info={'t': 10, 'max_steps': 100, 'dominant_type': 'proc_spawn', 'target_action': 2, 'prev_risk': 0.0, 'risk': 0.0}
[ep=19 t=0010] choose_plan=1 action=2 reward=-0.196 info={'t': 11, 'max_steps': 100, 'dominant_type': 'auth_fail', 'target_action': 1, 'prev_risk': 0.0, 'risk': 0.0}
[ep=19 t=0011] choose_plan=5 action=1 reward=0.530 info={'t': 12, 'max_steps': 100, 'dominant_type': 'auth_fail', 'target_action': 1, 'prev_risk': 0.0, 'risk': 0.0}
[ep=19 t=0012] choose_plan=4 action=1 reward=0.501 info={'t': 13, 'max_steps': 100, 'dominant_type': 'port_scan', 'target_action': 1, 'prev_risk': 0.0, 'risk': 0.0013520617213796382}
[ep=19 t=0013] choose_plan=4 action=1 reward=0.472 info={'t': 14, 'max_steps': 100, 'dominant_type': 'auth_fail', 'target_action': 1, 'prev_risk': 0.0013520617213796382, 'risk': 0.011414748500088778}
[ep=19 t=0014] choose_plan=0 action=1 reward=-0.102 info={'t': 15, 'max_steps': 100, 'dominant_type': 'outbound_conn', 'target_action': 2, 'prev_risk': 0.011414748500088778, 'risk': 0.03345341035522284}
[ep=19 t=0015] choose_plan=0 action=2 reward=-0.226 info={'t': 16, 'max_steps': 100, 'dominant_type': 'auth_fail', 'target_action': 1, 'prev_risk': 0.03345341035522284, 'risk': 0.026854238054559887}
[ep=19 t=0016] choose_plan=4 action=1 reward=0.182 info={'t': 17, 'max_steps': 100, 'dominant_type': 'outbound_conn', 'target_action': 2, 'prev_risk': 0.026854238054559887, 'risk': 0.0}
[ep=19 t=0017] choose_plan=4 action=2 reward=-0.215 info={'t': 18, 'max_steps': 100, 'dominant_type': 'port_scan', 'target_action': 1, 'prev_risk': 0.0, 'risk': 0.0}
[ep=19 t=0018] choose_plan=5 action=1 reward=0.587 info={'t': 19, 'max_steps': 100, 'dominant_type': 'port_scan', 'target_action': 1, 'prev_risk': 0.0, 'risk': 0.0}
[ep=19 t=0019] choose_plan=5 action=1 reward=0.505 info={'t': 20, 'max_steps': 100, 'dominant_type': 'port_scan', 'target_action': 1, 'prev_risk': 0.0, 'risk': 0.0}
[ep=19 t=0020] choose_plan=5 action=1 reward=0.531 info={'t': 21, 'max_steps': 100, 'dominant_type': 'auth_fail', 'target_action': 1, 'prev_risk': 0.0, 'risk': 0.0}
[ep=19 t=0021] choose_plan=1 action=1 reward=0.530 info={'t': 22, 'max_steps': 100, 'dominant_type': 'auth_fail', 'target_action': 1, 'prev_risk': 0.0, 'risk': 0.0}
[ep=19 t=0022] choose_plan=0 action=1 reward=0.031 info={'t': 23, 'max_steps': 100, 'dominant_type': 'proc_spawn', 'target_action': 2, 'prev_risk': 0.0, 'risk': 0.0}
[ep=19 t=0023] choose_plan=5 action=2 reward=-0.179 info={'t': 24, 'max_steps': 100, 'dominant_type': 'auth_fail', 'target_action': 1, 'prev_risk': 0.0, 'risk': 0.0}
[ep=19 t=0024] choose_plan=2 action=1 reward=0.512 info={'t': 25, 'max_steps': 100, 'dominant_type': 'port_scan', 'target_action': 1, 'prev_risk': 0.0, 'risk': 0.0}
[ep=19 t=0025] choose_plan=2 action=1 reward=0.011 info={'t': 26, 'max_steps': 100, 'dominant_type': 'outbound_conn', 'target_action': 2, 'prev_risk': 0.0, 'risk': 0.0}
[ep=19 t=0026] choose_plan=0 action=2 reward=-0.177 info={'t': 27, 'max_steps': 100, 'dominant_type': 'port_scan', 'target_action': 1, 'prev_risk': 0.0, 'risk': 0.0}
[ep=19 t=0027] choose_plan=1 action=1 reward=0.027 info={'t': 28, 'max_steps': 100, 'dominant_type': 'outbound_conn', 'target_action': 2, 'prev_risk': 0.0, 'risk': 0.0}
[ep=19 t=0028] choose_plan=0 action=2 reward=-0.215 info={'t': 29, 'max_steps': 100, 'dominant_type': 'auth_fail', 'target_action': 1, 'prev_risk': 0.0, 'risk': 0.0}
[ep=19 t=0029] choose_plan=3 action=1 reward=0.026 info={'t': 30, 'max_steps': 100, 'dominant_type': 'outbound_conn', 'target_action': 2, 'prev_risk': 0.0, 'risk': 0.0}
[ep=19 t=0030] choose_plan=2 action=2 reward=-0.215 info={'t': 31, 'max_steps': 100, 'dominant_type': 'auth_fail', 'target_action': 1, 'prev_risk': 0.0, 'risk': 0.0}
[ep=19 t=0031] choose_plan=1 action=1 reward=0.505 info={'t': 32, 'max_steps': 100, 'dominant_type': 'port_scan', 'target_action': 1, 'prev_risk': 0.0, 'risk': 0.0}
[ep=19 t=0032] choose_plan=3 action=1 reward=0.547 info={'t': 33, 'max_steps': 100, 'dominant_type': 'auth_fail', 'target_action': 1, 'prev_risk': 0.0, 'risk': 4.3659442158977546e-05}
[ep=19 t=0033] choose_plan=1 action=1 reward=0.023 info={'t': 34, 'max_steps': 100, 'dominant_type': 'proc_spawn', 'target_action': 2, 'prev_risk': 4.3659442158977546e-05, 'risk': 0.0}
[ep=19 t=0034] choose_plan=1 action=2 reward=-0.190 info={'t': 35, 'max_steps': 100, 'dominant_type': 'port_scan', 'target_action': 1, 'prev_risk': 0.0, 'risk': 0.0}
[ep=19 t=0035] choose_plan=0 action=1 reward=-0.005 info={'t': 36, 'max_steps': 100, 'dominant_type': 'proc_spawn', 'target_action': 2, 'prev_risk': 0.0, 'risk': 0.0}
[ep=19 t=0036] choose_plan=5 action=2 reward=-0.185 info={'t': 37, 'max_steps': 100, 'dominant_type': 'port_scan', 'target_action': 1, 'prev_risk': 0.0, 'risk': 0.0}
[ep=19 t=0037] choose_plan=0 action=1 reward=0.512 info={'t': 38, 'max_steps': 100, 'dominant_type': 'port_scan', 'target_action': 1, 'prev_risk': 0.0, 'risk': 0.0}
[ep=19 t=0038] choose_plan=3 action=1 reward=0.015 info={'t': 39, 'max_steps': 100, 'dominant_type': 'outbound_conn', 'target_action': 2, 'prev_risk': 0.0, 'risk': 0.0}
[ep=19 t=0039] choose_plan=3 action=2 reward=0.296 info={'t': 40, 'max_steps': 100, 'dominant_type': 'outbound_conn', 'target_action': 2, 'prev_risk': 0.0, 'risk': 0.0}
[ep=19 t=0040] choose_plan=0 action=2 reward=0.298 info={'t': 41, 'max_steps': 100, 'dominant_type': 'outbound_conn', 'target_action': 2, 'prev_risk': 0.0, 'risk': 0.0}
[ep=19 t=0041] choose_plan=2 action=2 reward=0.331 info={'t': 42, 'max_steps': 100, 'dominant_type': 'proc_spawn', 'target_action': 2, 'prev_risk': 0.0, 'risk': 0.0}
[ep=19 t=0042] choose_plan=1 action=2 reward=0.332 info={'t': 43, 'max_steps': 100, 'dominant_type': 'proc_spawn', 'target_action': 2, 'prev_risk': 0.0, 'risk': 0.015863500119685778}
[ep=19 t=0043] choose_plan=4 action=2 reward=-0.087 info={'t': 44, 'max_steps': 100, 'dominant_type': 'port_scan', 'target_action': 1, 'prev_risk': 0.015863500119685778, 'risk': 0.0}
[ep=19 t=0044] choose_plan=5 action=1 reward=0.505 info={'t': 45, 'max_steps': 100, 'dominant_type': 'auth_fail', 'target_action': 1, 'prev_risk': 0.0, 'risk': 0.0}
[ep=19 t=0045] choose_plan=0 action=1 reward=-0.005 info={'t': 46, 'max_steps': 100, 'dominant_type': 'outbound_conn', 'target_action': 2, 'prev_risk': 0.0, 'risk': 0.0}
[ep=19 t=0046] choose_plan=4 action=2 reward=-0.158 info={'t': 47, 'max_steps': 100, 'dominant_type': 'port_scan', 'target_action': 1, 'prev_risk': 0.0, 'risk': 0.0}
[ep=19 t=0047] choose_plan=2 action=1 reward=0.019 info={'t': 48, 'max_steps': 100, 'dominant_type': 'proc_spawn', 'target_action': 2, 'prev_risk': 0.0, 'risk': 0.0}
[ep=19 t=0048] choose_plan=2 action=2 reward=0.334 info={'t': 49, 'max_steps': 100, 'dominant_type': 'proc_spawn', 'target_action': 2, 'prev_risk': 0.0, 'risk': 0.0}
[ep=19 t=0049] choose_plan=5 action=2 reward=0.317 info={'t': 50, 'max_steps': 100, 'dominant_type': 'proc_spawn', 'target_action': 2, 'prev_risk': 0.0, 'risk': 0.0}
[ep=19 t=0050] choose_plan=5 action=2 reward=0.322 info={'t': 51, 'max_steps': 100, 'dominant_type': 'proc_spawn', 'target_action': 2, 'prev_risk': 0.0, 'risk': 0.0}
[ep=19 t=0051] choose_plan=5 action=2 reward=0.305 info={'t': 52, 'max_steps': 100, 'dominant_type': 'outbound_conn', 'target_action': 2, 'prev_risk': 0.0, 'risk': 0.0}
[ep=19 t=0052] choose_plan=0 action=2 reward=-0.215 info={'t': 53, 'max_steps': 100, 'dominant_type': 'port_scan', 'target_action': 1, 'prev_risk': 0.0, 'risk': 0.0}
[ep=19 t=0053] choose_plan=0 action=1 reward=0.546 info={'t': 54, 'max_steps': 100, 'dominant_type': 'port_scan', 'target_action': 1, 'prev_risk': 0.0, 'risk': 0.0}
[ep=19 t=0054] choose_plan=0 action=1 reward=0.558 info={'t': 55, 'max_steps': 100, 'dominant_type': 'auth_fail', 'target_action': 1, 'prev_risk': 0.0, 'risk': 0.0}
[ep=19 t=0055] choose_plan=3 action=1 reward=0.505 info={'t': 56, 'max_steps': 100, 'dominant_type': 'port_scan', 'target_action': 1, 'prev_risk': 0.0, 'risk': 0.0}
[ep=19 t=0056] choose_plan=0 action=1 reward=0.031 info={'t': 57, 'max_steps': 100, 'dominant_type': 'outbound_conn', 'target_action': 2, 'prev_risk': 0.0, 'risk': 0.0}
[ep=19 t=0057] choose_plan=4 action=2 reward=-0.167 info={'t': 58, 'max_steps': 100, 'dominant_type': 'auth_fail', 'target_action': 1, 'prev_risk': 0.0, 'risk': 0.0}
[ep=19 t=0058] choose_plan=3 action=1 reward=0.541 info={'t': 59, 'max_steps': 100, 'dominant_type': 'port_scan', 'target_action': 1, 'prev_risk': 0.0, 'risk': 0.0}
[ep=19 t=0059] choose_plan=4 action=1 reward=-0.005 info={'t': 60, 'max_steps': 100, 'dominant_type': 'outbound_conn', 'target_action': 2, 'prev_risk': 0.0, 'risk': 0.0}
[ep=19 t=0060] choose_plan=2 action=2 reward=0.295 info={'t': 61, 'max_steps': 100, 'dominant_type': 'proc_spawn', 'target_action': 2, 'prev_risk': 0.0, 'risk': 0.0}
[ep=19 t=0061] choose_plan=0 action=2 reward=0.304 info={'t': 62, 'max_steps': 100, 'dominant_type': 'proc_spawn', 'target_action': 2, 'prev_risk': 0.0, 'risk': 0.0}
[ep=19 t=0062] choose_plan=4 action=2 reward=-0.167 info={'t': 63, 'max_steps': 100, 'dominant_type': 'auth_fail', 'target_action': 1, 'prev_risk': 0.0, 'risk': 0.0}
[ep=19 t=0063] choose_plan=4 action=1 reward=0.505 info={'t': 64, 'max_steps': 100, 'dominant_type': 'port_scan', 'target_action': 1, 'prev_risk': 0.0, 'risk': 0.0}
[ep=19 t=0064] choose_plan=2 action=1 reward=0.016 info={'t': 65, 'max_steps': 100, 'dominant_type': 'outbound_conn', 'target_action': 2, 'prev_risk': 0.0, 'risk': 0.0}
[ep=19 t=0065] choose_plan=1 action=2 reward=-0.174 info={'t': 66, 'max_steps': 100, 'dominant_type': 'auth_fail', 'target_action': 1, 'prev_risk': 0.0, 'risk': 0.0}
[ep=19 t=0066] choose_plan=3 action=1 reward=0.026 info={'t': 67, 'max_steps': 100, 'dominant_type': 'proc_spawn', 'target_action': 2, 'prev_risk': 0.0, 'risk': 0.0}
[ep=19 t=0067] choose_plan=5 action=2 reward=-0.215 info={'t': 68, 'max_steps': 100, 'dominant_type': 'port_scan', 'target_action': 1, 'prev_risk': 0.0, 'risk': 0.0}
[ep=19 t=0068] choose_plan=1 action=1 reward=-0.005 info={'t': 69, 'max_steps': 100, 'dominant_type': 'proc_spawn', 'target_action': 2, 'prev_risk': 0.0, 'risk': 0.0}
[ep=19 t=0069] choose_plan=0 action=2 reward=0.304 info={'t': 70, 'max_steps': 100, 'dominant_type': 'proc_spawn', 'target_action': 2, 'prev_risk': 0.0, 'risk': 0.0}
[ep=19 t=0070] choose_plan=1 action=2 reward=-0.190 info={'t': 71, 'max_steps': 100, 'dominant_type': 'port_scan', 'target_action': 1, 'prev_risk': 0.0, 'risk': 0.0}
[ep=19 t=0071] choose_plan=0 action=1 reward=0.027 info={'t': 72, 'max_steps': 100, 'dominant_type': 'outbound_conn', 'target_action': 2, 'prev_risk': 0.0, 'risk': 0.0}
[ep=19 t=0072] choose_plan=0 action=2 reward=-0.215 info={'t': 73, 'max_steps': 100, 'dominant_type': 'port_scan', 'target_action': 1, 'prev_risk': 0.0, 'risk': 0.0}
[ep=19 t=0073] choose_plan=5 action=1 reward=0.026 info={'t': 74, 'max_steps': 100, 'dominant_type': 'outbound_conn', 'target_action': 2, 'prev_risk': 0.0, 'risk': 0.0}
[ep=19 t=0074] choose_plan=5 action=2 reward=0.343 info={'t': 75, 'max_steps': 100, 'dominant_type': 'proc_spawn', 'target_action': 2, 'prev_risk': 0.0, 'risk': 0.0}
[ep=19 t=0075] choose_plan=1 action=2 reward=0.295 info={'t': 76, 'max_steps': 100, 'dominant_type': 'proc_spawn', 'target_action': 2, 'prev_risk': 0.0, 'risk': 0.0}
[ep=19 t=0076] choose_plan=1 action=2 reward=-0.196 info={'t': 77, 'max_steps': 100, 'dominant_type': 'auth_fail', 'target_action': 1, 'prev_risk': 0.0, 'risk': 0.0}
[ep=19 t=0077] choose_plan=2 action=1 reward=-0.015 info={'t': 78, 'max_steps': 100, 'dominant_type': 'outbound_conn', 'target_action': 2, 'prev_risk': 0.0, 'risk': 0.013604322564135261}
[ep=19 t=0078] choose_plan=3 action=2 reward=-0.123 info={'t': 79, 'max_steps': 100, 'dominant_type': 'auth_fail', 'target_action': 1, 'prev_risk': 0.013604322564135261, 'risk': 0.0}
[ep=19 t=0079] choose_plan=2 action=1 reward=0.505 info={'t': 80, 'max_steps': 100, 'dominant_type': 'port_scan', 'target_action': 1, 'prev_risk': 0.0, 'risk': 0.0}
[ep=19 t=0080] choose_plan=5 action=1 reward=-0.005 info={'t': 81, 'max_steps': 100, 'dominant_type': 'proc_spawn', 'target_action': 2, 'prev_risk': 0.0, 'risk': 0.0}
[ep=19 t=0081] choose_plan=4 action=2 reward=-0.201 info={'t': 82, 'max_steps': 100, 'dominant_type': 'port_scan', 'target_action': 1, 'prev_risk': 0.0, 'risk': 0.0}
[ep=19 t=0082] choose_plan=5 action=1 reward=-0.045 info={'t': 83, 'max_steps': 100, 'dominant_type': 'outbound_conn', 'target_action': 2, 'prev_risk': 0.0, 'risk': 0.02174285553513272}
[ep=19 t=0083] choose_plan=2 action=2 reward=-0.039 info={'t': 84, 'max_steps': 100, 'dominant_type': 'port_scan', 'target_action': 1, 'prev_risk': 0.02174285553513272, 'risk': 0.0}
[ep=19 t=0084] choose_plan=3 action=1 reward=0.505 info={'t': 85, 'max_steps': 100, 'dominant_type': 'port_scan', 'target_action': 1, 'prev_risk': 0.0, 'risk': 0.0}
[ep=19 t=0085] choose_plan=0 action=1 reward=0.505 info={'t': 86, 'max_steps': 100, 'dominant_type': 'port_scan', 'target_action': 1, 'prev_risk': 0.0, 'risk': 0.0}
[ep=19 t=0086] choose_plan=4 action=1 reward=0.013 info={'t': 87, 'max_steps': 100, 'dominant_type': 'proc_spawn', 'target_action': 2, 'prev_risk': 0.0, 'risk': 0.0}
[ep=19 t=0087] choose_plan=2 action=2 reward=0.295 info={'t': 88, 'max_steps': 100, 'dominant_type': 'proc_spawn', 'target_action': 2, 'prev_risk': 0.0, 'risk': 0.0}
[ep=19 t=0088] choose_plan=3 action=2 reward=-0.174 info={'t': 89, 'max_steps': 100, 'dominant_type': 'port_scan', 'target_action': 1, 'prev_risk': 0.0, 'risk': 0.0}
[ep=19 t=0089] choose_plan=4 action=1 reward=0.559 info={'t': 90, 'max_steps': 100, 'dominant_type': 'port_scan', 'target_action': 1, 'prev_risk': 0.0, 'risk': 0.0}
[ep=19 t=0090] choose_plan=0 action=1 reward=0.525 info={'t': 91, 'max_steps': 100, 'dominant_type': 'auth_fail', 'target_action': 1, 'prev_risk': 0.0, 'risk': 0.0}
[ep=19 t=0091] choose_plan=4 action=1 reward=0.020 info={'t': 92, 'max_steps': 100, 'dominant_type': 'outbound_conn', 'target_action': 2, 'prev_risk': 0.0, 'risk': 0.0}
[ep=19 t=0092] choose_plan=3 action=2 reward=-0.130 info={'t': 93, 'max_steps': 100, 'dominant_type': 'port_scan', 'target_action': 1, 'prev_risk': 0.0, 'risk': 0.0}
[ep=19 t=0093] choose_plan=2 action=1 reward=0.561 info={'t': 94, 'max_steps': 100, 'dominant_type': 'port_scan', 'target_action': 1, 'prev_risk': 0.0, 'risk': 0.0}
[ep=19 t=0094] choose_plan=0 action=1 reward=0.518 info={'t': 95, 'max_steps': 100, 'dominant_type': 'port_scan', 'target_action': 1, 'prev_risk': 0.0, 'risk': 0.0}
[ep=19 t=0095] choose_plan=1 action=1 reward=0.531 info={'t': 96, 'max_steps': 100, 'dominant_type': 'port_scan', 'target_action': 1, 'prev_risk': 0.0, 'risk': 0.0}
[ep=19 t=0096] choose_plan=0 action=1 reward=0.030 info={'t': 97, 'max_steps': 100, 'dominant_type': 'proc_spawn', 'target_action': 2, 'prev_risk': 0.0, 'risk': 0.0}
[ep=19 t=0097] choose_plan=2 action=2 reward=-0.208 info={'t': 98, 'max_steps': 100, 'dominant_type': 'auth_fail', 'target_action': 1, 'prev_risk': 0.0, 'risk': 0.0}
[ep=19 t=0098] choose_plan=0 action=1 reward=0.437 info={'t': 99, 'max_steps': 100, 'dominant_type': 'auth_fail', 'target_action': 1, 'prev_risk': 0.0, 'risk': 0.02353181227945137}
[ep=19 t=0099] choose_plan=0 action=1 reward=0.138 info={'t': 100, 'max_steps': 100, 'dominant_type': 'outbound_conn', 'target_action': 2, 'prev_risk': 0.02353181227945137, 'risk': 0.0}
# done at t=99
# episode_summary {"episode": 19, "episode_return": 15.471677075177238, "reward_mean": 0.15471677075177237, "reward_min": -0.2262231428099416, "reward_max": 0.5873663228122468, "steps": 100, "unique_actions": 2, "top5_actions": [[1, 55], [2, 45]]}

# ===== OVERALL =====
# overall_summary {"reward_mean": 0.17478728464021975, "reward_min": -0.9563040778132327, "reward_max": 0.8888282450616044, "steps": 2000, "unique_actions": 2, "top5_actions": [[1, 1064], [2, 936]], "unique_choose_plan": 6, "top5_choose_plan": [[0, 393], [1, 380], [2, 331], [3, 316], [4, 299]]}
# cc4_style_summary {"episodes": 20, "steps_per_episode": 100, "mean_reward": 17.47872846402195, "std_reward": 2.473391493993559}
