# {"cfg": "D:\\python1\\chapter2_LLM+RL_region_detection\\configs\\cc4_local_online.yaml", "region_id": 1, "device": "cpu", "steps_per_episode": 100, "episodes": 20, "seed": 0, "deterministic": true, "wm_path": "D:\\python1\\chapter2_LLM+RL_region_detection\\outputs\\cc4\\checkpoints\\world_model_region1.pt", "ppo_path": "D:\\python1\\chapter2_LLM+RL_region_detection\\outputs\\cc4\\checkpoints\\ppo_posterior_region1.pt"}

# ===== EPISODE 0 =====
[ep=00 t=0000] choose_plan=2 action=1 reward=-1.490 info={'t': 1, 'max_steps': 100, 'dominant_type': 'auth_fail', 'target_action': 1, 'prev_risk': 0.35120451678887465, 'risk': 0.3341601072819757}
[ep=00 t=0001] choose_plan=1 action=2 reward=-1.286 info={'t': 2, 'max_steps': 100, 'dominant_type': 'outbound_conn', 'target_action': 2, 'prev_risk': 0.3341601072819757, 'risk': 0.28949091604256527}
[ep=00 t=0002] choose_plan=0 action=0 reward=-1.834 info={'t': 3, 'max_steps': 100, 'dominant_type': 'auth_fail', 'target_action': 1, 'prev_risk': 0.28949091604256527, 'risk': 0.2967278405749352}
[ep=00 t=0003] choose_plan=2 action=0 reward=-2.513 info={'t': 4, 'max_steps': 100, 'dominant_type': 'proc_spawn', 'target_action': 2, 'prev_risk': 0.2967278405749352, 'risk': 0.32030065472012503}
[ep=00 t=0004] choose_plan=3 action=1 reward=-1.932 info={'t': 5, 'max_steps': 100, 'dominant_type': 'outbound_conn', 'target_action': 2, 'prev_risk': 0.32030065472012503, 'risk': 0.3089621951356831}
[ep=00 t=0005] choose_plan=0 action=1 reward=-1.913 info={'t': 6, 'max_steps': 100, 'dominant_type': 'proc_spawn', 'target_action': 2, 'prev_risk': 0.3089621951356831, 'risk': 0.3044903816390732}
[ep=00 t=0006] choose_plan=0 action=2 reward=-1.226 info={'t': 7, 'max_steps': 100, 'dominant_type': 'outbound_conn', 'target_action': 2, 'prev_risk': 0.3044903816390732, 'risk': 0.26740112476931277}
[ep=00 t=0007] choose_plan=3 action=0 reward=-2.544 info={'t': 8, 'max_steps': 100, 'dominant_type': 'outbound_conn', 'target_action': 2, 'prev_risk': 0.26740112476931277, 'risk': 0.3255592005275665}
[ep=00 t=0008] choose_plan=4 action=1 reward=-2.110 info={'t': 9, 'max_steps': 100, 'dominant_type': 'port_scan', 'target_action': 2, 'prev_risk': 0.3255592005275665, 'risk': 0.34098341554219314}
[ep=00 t=0009] choose_plan=4 action=4 reward=-2.937 info={'t': 10, 'max_steps': 100, 'dominant_type': 'auth_fail', 'target_action': 1, 'prev_risk': 0.34098341554219314, 'risk': 0.24937792285531507}
[ep=00 t=0010] choose_plan=3 action=0 reward=-1.733 info={'t': 11, 'max_steps': 100, 'dominant_type': 'port_scan', 'target_action': 1, 'prev_risk': 0.24937792285531507, 'risk': 0.2689917998990745}
[ep=00 t=0011] choose_plan=1 action=0 reward=-2.362 info={'t': 12, 'max_steps': 100, 'dominant_type': 'outbound_conn', 'target_action': 2, 'prev_risk': 0.2689917998990745, 'risk': 0.28999024449667804}
[ep=00 t=0012] choose_plan=0 action=3 reward=-1.563 info={'t': 13, 'max_steps': 100, 'dominant_type': 'outbound_conn', 'target_action': 2, 'prev_risk': 0.28999024449667804, 'risk': 0.2142025653733329}
[ep=00 t=0013] choose_plan=5 action=0 reward=-2.147 info={'t': 14, 'max_steps': 100, 'dominant_type': 'proc_spawn', 'target_action': 2, 'prev_risk': 0.2142025653733329, 'risk': 0.24022046666397023}
[ep=00 t=0014] choose_plan=3 action=0 reward=-1.980 info={'t': 15, 'max_steps': 100, 'dominant_type': 'proc_spawn', 'target_action': 2, 'prev_risk': 0.24022046666397023, 'risk': 0.21451128475812725}
[ep=00 t=0015] choose_plan=2 action=0 reward=-2.222 info={'t': 16, 'max_steps': 100, 'dominant_type': 'proc_spawn', 'target_action': 2, 'prev_risk': 0.21451128475812725, 'risk': 0.2510405799308465}
[ep=00 t=0016] choose_plan=2 action=0 reward=-2.331 info={'t': 17, 'max_steps': 100, 'dominant_type': 'proc_spawn', 'target_action': 2, 'prev_risk': 0.2510405799308465, 'risk': 0.28529482030330283}
[ep=00 t=0017] choose_plan=5 action=0 reward=-1.947 info={'t': 18, 'max_steps': 100, 'dominant_type': 'auth_fail', 'target_action': 1, 'prev_risk': 0.28529482030330283, 'risk': 0.3199525489443108}
[ep=00 t=0018] choose_plan=3 action=3 reward=-2.320 info={'t': 19, 'max_steps': 100, 'dominant_type': 'auth_fail', 'target_action': 1, 'prev_risk': 0.3199525489443108, 'risk': 0.256414918085243}
[ep=00 t=0019] choose_plan=3 action=0 reward=-2.110 info={'t': 20, 'max_steps': 100, 'dominant_type': 'proc_spawn', 'target_action': 2, 'prev_risk': 0.256414918085243, 'risk': 0.24184478478834776}
[ep=00 t=0020] choose_plan=2 action=0 reward=-2.275 info={'t': 21, 'max_steps': 100, 'dominant_type': 'proc_spawn', 'target_action': 2, 'prev_risk': 0.24184478478834776, 'risk': 0.26534077124529154}
[ep=00 t=0021] choose_plan=0 action=0 reward=-1.669 info={'t': 22, 'max_steps': 100, 'dominant_type': 'port_scan', 'target_action': 1, 'prev_risk': 0.26534077124529154, 'risk': 0.25789760300617576}
[ep=00 t=0022] choose_plan=3 action=0 reward=-2.302 info={'t': 23, 'max_steps': 100, 'dominant_type': 'outbound_conn', 'target_action': 2, 'prev_risk': 0.25789760300617576, 'risk': 0.2703427025700861}
[ep=00 t=0023] choose_plan=4 action=0 reward=-2.422 info={'t': 24, 'max_steps': 100, 'dominant_type': 'outbound_conn', 'target_action': 2, 'prev_risk': 0.2703427025700861, 'risk': 0.2981083224775981}
[ep=00 t=0024] choose_plan=2 action=0 reward=-2.533 info={'t': 25, 'max_steps': 100, 'dominant_type': 'port_scan', 'target_action': 2, 'prev_risk': 0.2981083224775981, 'risk': 0.32543776653512024}
[ep=00 t=0025] choose_plan=2 action=2 reward=-1.870 info={'t': 26, 'max_steps': 100, 'dominant_type': 'auth_fail', 'target_action': 1, 'prev_risk': 0.32543776653512024, 'risk': 0.2878682423720135}
[ep=00 t=0026] choose_plan=0 action=0 reward=-2.524 info={'t': 27, 'max_steps': 100, 'dominant_type': 'proc_spawn', 'target_action': 2, 'prev_risk': 0.2878682423720135, 'risk': 0.3202907570929045}
[ep=00 t=0027] choose_plan=0 action=2 reward=-1.831 info={'t': 28, 'max_steps': 100, 'dominant_type': 'port_scan', 'target_action': 1, 'prev_risk': 0.3202907570929045, 'risk': 0.2842103686362224}
[ep=00 t=0028] choose_plan=2 action=0 reward=-1.912 info={'t': 29, 'max_steps': 100, 'dominant_type': 'auth_fail', 'target_action': 1, 'prev_risk': 0.2842103686362224, 'risk': 0.30792111313391424}
[ep=00 t=0029] choose_plan=0 action=2 reward=-1.188 info={'t': 30, 'max_steps': 100, 'dominant_type': 'outbound_conn', 'target_action': 2, 'prev_risk': 0.30792111313391424, 'risk': 0.2603938588851834}
[ep=00 t=0030] choose_plan=2 action=0 reward=-1.705 info={'t': 31, 'max_steps': 100, 'dominant_type': 'auth_fail', 'target_action': 1, 'prev_risk': 0.2603938588851834, 'risk': 0.262771857136313}
[ep=00 t=0031] choose_plan=5 action=0 reward=-2.313 info={'t': 32, 'max_steps': 100, 'dominant_type': 'proc_spawn', 'target_action': 2, 'prev_risk': 0.262771857136313, 'risk': 0.2693725604637783}
[ep=00 t=0032] choose_plan=4 action=0 reward=-2.319 info={'t': 33, 'max_steps': 100, 'dominant_type': 'proc_spawn', 'target_action': 2, 'prev_risk': 0.2693725604637783, 'risk': 0.27801899999622637}
[ep=00 t=0033] choose_plan=1 action=0 reward=-2.443 info={'t': 34, 'max_steps': 100, 'dominant_type': 'port_scan', 'target_action': 2, 'prev_risk': 0.27801899999622637, 'risk': 0.3086704795988978}
[ep=00 t=0034] choose_plan=0 action=1 reward=-2.032 info={'t': 35, 'max_steps': 100, 'dominant_type': 'proc_spawn', 'target_action': 2, 'prev_risk': 0.3086704795988978, 'risk': 0.3274155060449588}
[ep=00 t=0035] choose_plan=1 action=1 reward=-2.047 info={'t': 36, 'max_steps': 100, 'dominant_type': 'proc_spawn', 'target_action': 2, 'prev_risk': 0.3274155060449588, 'risk': 0.33542899254297115}
[ep=00 t=0036] choose_plan=5 action=1 reward=-2.872 info={'t': 37, 'max_steps': 100, 'dominant_type': 'proc_spawn', 'target_action': 3, 'prev_risk': 0.33542899254297115, 'risk': 0.37480513510572877}
[ep=00 t=0037] choose_plan=3 action=4 reward=-2.272 info={'t': 38, 'max_steps': 100, 'dominant_type': 'outbound_conn', 'target_action': 2, 'prev_risk': 0.37480513510572877, 'risk': 0.25632692425543546}
[ep=00 t=0038] choose_plan=1 action=0 reward=-1.751 info={'t': 39, 'max_steps': 100, 'dominant_type': 'auth_fail', 'target_action': 1, 'prev_risk': 0.25632692425543546, 'risk': 0.265766534219212}
[ep=00 t=0039] choose_plan=1 action=0 reward=-1.876 info={'t': 40, 'max_steps': 100, 'dominant_type': 'auth_fail', 'target_action': 1, 'prev_risk': 0.265766534219212, 'risk': 0.295981762755497}
[ep=00 t=0040] choose_plan=2 action=0 reward=-2.002 info={'t': 41, 'max_steps': 100, 'dominant_type': 'auth_fail', 'target_action': 1, 'prev_risk': 0.295981762755497, 'risk': 0.3198608687942396}
[ep=00 t=0041] choose_plan=2 action=1 reward=-1.763 info={'t': 42, 'max_steps': 100, 'dominant_type': 'proc_spawn', 'target_action': 2, 'prev_risk': 0.3198608687942396, 'risk': 0.285018376414728}
[ep=00 t=0042] choose_plan=0 action=0 reward=-2.465 info={'t': 43, 'max_steps': 100, 'dominant_type': 'outbound_conn', 'target_action': 2, 'prev_risk': 0.285018376414728, 'risk': 0.30984829450329476}
[ep=00 t=0043] choose_plan=4 action=2 reward=-1.547 info={'t': 44, 'max_steps': 100, 'dominant_type': 'proc_spawn', 'target_action': 2, 'prev_risk': 0.30984829450329476, 'risk': 0.31013383294302216}
[ep=00 t=0044] choose_plan=1 action=1 reward=-1.358 info={'t': 45, 'max_steps': 100, 'dominant_type': 'auth_fail', 'target_action': 1, 'prev_risk': 0.31013383294302216, 'risk': 0.30092978176685586}
[ep=00 t=0045] choose_plan=1 action=2 reward=-1.724 info={'t': 46, 'max_steps': 100, 'dominant_type': 'port_scan', 'target_action': 1, 'prev_risk': 0.30092978176685586, 'risk': 0.2596752935535633}
[ep=00 t=0046] choose_plan=2 action=0 reward=-1.774 info={'t': 47, 'max_steps': 100, 'dominant_type': 'port_scan', 'target_action': 1, 'prev_risk': 0.2596752935535633, 'risk': 0.28236871449446965}
[ep=00 t=0047] choose_plan=4 action=0 reward=-2.228 info={'t': 48, 'max_steps': 100, 'dominant_type': 'outbound_conn', 'target_action': 2, 'prev_risk': 0.28236871449446965, 'risk': 0.26782512434319367}
[ep=00 t=0048] choose_plan=2 action=4 reward=-3.056 info={'t': 49, 'max_steps': 100, 'dominant_type': 'proc_spawn', 'target_action': 2, 'prev_risk': 0.26782512434319367, 'risk': 0.1710832255058939}
[ep=00 t=0049] choose_plan=5 action=0 reward=-1.938 info={'t': 50, 'max_steps': 100, 'dominant_type': 'outbound_conn', 'target_action': 2, 'prev_risk': 0.1710832255058939, 'risk': 0.18691969153941282}
[ep=00 t=0050] choose_plan=3 action=0 reward=-1.402 info={'t': 51, 'max_steps': 100, 'dominant_type': 'port_scan', 'target_action': 1, 'prev_risk': 0.18691969153941282, 'risk': 0.1918331781705942}
[ep=00 t=0051] choose_plan=0 action=0 reward=-2.050 info={'t': 52, 'max_steps': 100, 'dominant_type': 'outbound_conn', 'target_action': 2, 'prev_risk': 0.1918331781705942, 'risk': 0.21755857517396238}
[ep=00 t=0052] choose_plan=4 action=0 reward=-2.444 info={'t': 53, 'max_steps': 100, 'dominant_type': 'outbound_conn', 'target_action': 2, 'prev_risk': 0.21755857517396238, 'risk': 0.29916058027904846}
[ep=00 t=0053] choose_plan=1 action=0 reward=-1.995 info={'t': 54, 'max_steps': 100, 'dominant_type': 'auth_fail', 'target_action': 1, 'prev_risk': 0.29916058027904846, 'risk': 0.3331056511599626}
[ep=00 t=0054] choose_plan=2 action=2 reward=-2.258 info={'t': 55, 'max_steps': 100, 'dominant_type': 'auth_fail', 'target_action': 1, 'prev_risk': 0.3331056511599626, 'risk': 0.3618905016170816}
[ep=00 t=0055] choose_plan=4 action=1 reward=-2.246 info={'t': 56, 'max_steps': 100, 'dominant_type': 'outbound_conn', 'target_action': 2, 'prev_risk': 0.3618905016170816, 'risk': 0.36955015310594114}
[ep=00 t=0056] choose_plan=0 action=3 reward=-1.946 info={'t': 57, 'max_steps': 100, 'dominant_type': 'port_scan', 'target_action': 2, 'prev_risk': 0.36955015310594114, 'risk': 0.30233675339149196}
[ep=00 t=0057] choose_plan=3 action=2 reward=-1.544 info={'t': 58, 'max_steps': 100, 'dominant_type': 'port_scan', 'target_action': 2, 'prev_risk': 0.30233675339149196, 'risk': 0.31872876848304366}
[ep=00 t=0058] choose_plan=0 action=2 reward=-1.423 info={'t': 59, 'max_steps': 100, 'dominant_type': 'proc_spawn', 'target_action': 2, 'prev_risk': 0.31872876848304366, 'risk': 0.30288025664719553}
[ep=00 t=0059] choose_plan=0 action=3 reward=-2.248 info={'t': 60, 'max_steps': 100, 'dominant_type': 'auth_fail', 'target_action': 1, 'prev_risk': 0.30288025664719553, 'risk': 0.24300246944304582}
[ep=00 t=0060] choose_plan=1 action=0 reward=-2.239 info={'t': 61, 'max_steps': 100, 'dominant_type': 'proc_spawn', 'target_action': 2, 'prev_risk': 0.24300246944304582, 'risk': 0.2564517098723661}
[ep=00 t=0061] choose_plan=2 action=0 reward=-1.750 info={'t': 62, 'max_steps': 100, 'dominant_type': 'auth_fail', 'target_action': 1, 'prev_risk': 0.2564517098723661, 'risk': 0.2732240270179107}
[ep=00 t=0062] choose_plan=1 action=0 reward=-2.404 info={'t': 63, 'max_steps': 100, 'dominant_type': 'outbound_conn', 'target_action': 2, 'prev_risk': 0.2732240270179107, 'risk': 0.29949664797287456}
[ep=00 t=0063] choose_plan=1 action=0 reward=-2.535 info={'t': 64, 'max_steps': 100, 'dominant_type': 'port_scan', 'target_action': 2, 'prev_risk': 0.29949664797287456, 'risk': 0.3289510256911331}
[ep=00 t=0064] choose_plan=1 action=3 reward=-2.159 info={'t': 65, 'max_steps': 100, 'dominant_type': 'port_scan', 'target_action': 1, 'prev_risk': 0.3289510256911331, 'risk': 0.23714430761143807}
[ep=00 t=0065] choose_plan=0 action=0 reward=-1.767 info={'t': 66, 'max_steps': 100, 'dominant_type': 'port_scan', 'target_action': 1, 'prev_risk': 0.23714430761143807, 'risk': 0.27520758276466434}
[ep=00 t=0066] choose_plan=3 action=0 reward=-2.280 info={'t': 67, 'max_steps': 100, 'dominant_type': 'outbound_conn', 'target_action': 2, 'prev_risk': 0.27520758276466434, 'risk': 0.27418874639890445}
[ep=00 t=0067] choose_plan=2 action=0 reward=-1.631 info={'t': 68, 'max_steps': 100, 'dominant_type': 'auth_fail', 'target_action': 1, 'prev_risk': 0.27418874639890445, 'risk': 0.25798344503336623}
[ep=00 t=0068] choose_plan=3 action=0 reward=-2.511 info={'t': 69, 'max_steps': 100, 'dominant_type': 'outbound_conn', 'target_action': 2, 'prev_risk': 0.25798344503336623, 'risk': 0.31629205595540577}
[ep=00 t=0069] choose_plan=4 action=1 reward=-1.895 info={'t': 70, 'max_steps': 100, 'dominant_type': 'port_scan', 'target_action': 2, 'prev_risk': 0.31629205595540577, 'risk': 0.30090778926135364}
[ep=00 t=0070] choose_plan=2 action=1 reward=-2.038 info={'t': 71, 'max_steps': 100, 'dominant_type': 'outbound_conn', 'target_action': 2, 'prev_risk': 0.30090778926135364, 'risk': 0.32383547128917256}
[ep=00 t=0071] choose_plan=0 action=1 reward=-1.350 info={'t': 72, 'max_steps': 100, 'dominant_type': 'auth_fail', 'target_action': 1, 'prev_risk': 0.32383547128917256, 'risk': 0.30702805330574384}
[ep=00 t=0072] choose_plan=5 action=0 reward=-2.558 info={'t': 73, 'max_steps': 100, 'dominant_type': 'port_scan', 'target_action': 2, 'prev_risk': 0.30702805330574384, 'risk': 0.3320277119330178}
[ep=00 t=0073] choose_plan=2 action=1 reward=-2.148 info={'t': 74, 'max_steps': 100, 'dominant_type': 'proc_spawn', 'target_action': 2, 'prev_risk': 0.3320277119330178, 'risk': 0.3364241292255216}
[ep=00 t=0074] choose_plan=1 action=1 reward=-2.016 info={'t': 75, 'max_steps': 100, 'dominant_type': 'outbound_conn', 'target_action': 2, 'prev_risk': 0.3364241292255216, 'risk': 0.3224356101956192}
[ep=00 t=0075] choose_plan=1 action=1 reward=-2.065 info={'t': 76, 'max_steps': 100, 'dominant_type': 'outbound_conn', 'target_action': 2, 'prev_risk': 0.3224356101956192, 'risk': 0.32540959323331853}
[ep=00 t=0076] choose_plan=0 action=3 reward=-2.420 info={'t': 77, 'max_steps': 100, 'dominant_type': 'port_scan', 'target_action': 1, 'prev_risk': 0.32540959323331853, 'risk': 0.2683032760569273}
[ep=00 t=0077] choose_plan=5 action=0 reward=-1.780 info={'t': 78, 'max_steps': 100, 'dominant_type': 'auth_fail', 'target_action': 1, 'prev_risk': 0.2683032760569273, 'risk': 0.2823591982859815}
[ep=00 t=0078] choose_plan=3 action=0 reward=-2.590 info={'t': 79, 'max_steps': 100, 'dominant_type': 'outbound_conn', 'target_action': 2, 'prev_risk': 0.2823591982859815, 'risk': 0.3387767548557202}
[ep=00 t=0079] choose_plan=2 action=3 reward=-2.102 info={'t': 80, 'max_steps': 100, 'dominant_type': 'port_scan', 'target_action': 2, 'prev_risk': 0.3387767548557202, 'risk': 0.30952213078966784}
[ep=00 t=0080] choose_plan=3 action=1 reward=-1.454 info={'t': 81, 'max_steps': 100, 'dominant_type': 'auth_fail', 'target_action': 1, 'prev_risk': 0.30952213078966784, 'risk': 0.3129706711690261}
[ep=00 t=0081] choose_plan=5 action=1 reward=-1.852 info={'t': 82, 'max_steps': 100, 'dominant_type': 'outbound_conn', 'target_action': 2, 'prev_risk': 0.3129706711690261, 'risk': 0.2929662333641502}
[ep=00 t=0082] choose_plan=0 action=0 reward=-2.612 info={'t': 83, 'max_steps': 100, 'dominant_type': 'port_scan', 'target_action': 2, 'prev_risk': 0.2929662333641502, 'risk': 0.33843831238835576}
[ep=00 t=0083] choose_plan=2 action=4 reward=-2.305 info={'t': 84, 'max_steps': 100, 'dominant_type': 'proc_spawn', 'target_action': 2, 'prev_risk': 0.33843831238835576, 'risk': 0.24725383693376343}
[ep=00 t=0084] choose_plan=1 action=0 reward=-2.233 info={'t': 85, 'max_steps': 100, 'dominant_type': 'outbound_conn', 'target_action': 2, 'prev_risk': 0.24725383693376343, 'risk': 0.25429028752344873}
[ep=00 t=0085] choose_plan=2 action=0 reward=-2.382 info={'t': 86, 'max_steps': 100, 'dominant_type': 'proc_spawn', 'target_action': 2, 'prev_risk': 0.25429028752344873, 'risk': 0.29038046392727784}
[ep=00 t=0086] choose_plan=0 action=0 reward=-2.415 info={'t': 87, 'max_steps': 100, 'dominant_type': 'outbound_conn', 'target_action': 2, 'prev_risk': 0.29038046392727784, 'risk': 0.3020279392328598}
[ep=00 t=0087] choose_plan=1 action=2 reward=-1.191 info={'t': 88, 'max_steps': 100, 'dominant_type': 'proc_spawn', 'target_action': 2, 'prev_risk': 0.3020279392328598, 'risk': 0.2617070094046046}
[ep=00 t=0088] choose_plan=0 action=0 reward=-1.839 info={'t': 89, 'max_steps': 100, 'dominant_type': 'auth_fail', 'target_action': 1, 'prev_risk': 0.2617070094046046, 'risk': 0.28733509044227995}
[ep=00 t=0089] choose_plan=5 action=0 reward=-1.935 info={'t': 90, 'max_steps': 100, 'dominant_type': 'auth_fail', 'target_action': 1, 'prev_risk': 0.28733509044227995, 'risk': 0.3183090541807801}
[ep=00 t=0090] choose_plan=2 action=2 reward=-1.886 info={'t': 91, 'max_steps': 100, 'dominant_type': 'auth_fail', 'target_action': 1, 'prev_risk': 0.3183090541807801, 'risk': 0.28977406981100834}
[ep=00 t=0091] choose_plan=3 action=0 reward=-1.863 info={'t': 92, 'max_steps': 100, 'dominant_type': 'auth_fail', 'target_action': 1, 'prev_risk': 0.28977406981100834, 'risk': 0.29686345363089434}
[ep=00 t=0092] choose_plan=4 action=2 reward=-1.252 info={'t': 93, 'max_steps': 100, 'dominant_type': 'outbound_conn', 'target_action': 2, 'prev_risk': 0.29686345363089434, 'risk': 0.2682854766306502}
[ep=00 t=0093] choose_plan=5 action=0 reward=-2.339 info={'t': 94, 'max_steps': 100, 'dominant_type': 'proc_spawn', 'target_action': 2, 'prev_risk': 0.2682854766306502, 'risk': 0.2824050987015282}
[ep=00 t=0094] choose_plan=2 action=0 reward=-1.983 info={'t': 95, 'max_steps': 100, 'dominant_type': 'auth_fail', 'target_action': 1, 'prev_risk': 0.2824050987015282, 'risk': 0.31981723949502366}
[ep=00 t=0095] choose_plan=1 action=3 reward=-2.232 info={'t': 96, 'max_steps': 100, 'dominant_type': 'port_scan', 'target_action': 1, 'prev_risk': 0.31981723949502366, 'risk': 0.24550197864156156}
[ep=00 t=0096] choose_plan=2 action=0 reward=-1.774 info={'t': 97, 'max_steps': 100, 'dominant_type': 'port_scan', 'target_action': 1, 'prev_risk': 0.24550197864156156, 'risk': 0.2717312249371274}
[ep=00 t=0097] choose_plan=1 action=0 reward=-2.395 info={'t': 98, 'max_steps': 100, 'dominant_type': 'outbound_conn', 'target_action': 2, 'prev_risk': 0.2717312249371274, 'risk': 0.2983860235334262}
[ep=00 t=0098] choose_plan=2 action=0 reward=-2.641 info={'t': 99, 'max_steps': 100, 'dominant_type': 'port_scan', 'target_action': 2, 'prev_risk': 0.2983860235334262, 'risk': 0.35406075469382253}
[ep=00 t=0099] choose_plan=1 action=2 reward=-1.476 info={'t': 100, 'max_steps': 100, 'dominant_type': 'proc_spawn', 'target_action': 2, 'prev_risk': 0.35406075469382253, 'risk': 0.32112125022733684}
# done at t=99
# episode_summary {"episode": 0, "episode_return": -204.36523177524052, "reward_mean": -2.043652317752405, "reward_min": -3.056074764278472, "reward_max": -1.1884325936497093, "steps": 100, "unique_actions": 5, "top5_actions": [[0, 56], [1, 18], [2, 14], [3, 8], [4, 4]]}

# ===== EPISODE 1 =====
[ep=01 t=0000] choose_plan=2 action=2 reward=-1.448 info={'t': 1, 'max_steps': 100, 'dominant_type': 'outbound_conn', 'target_action': 2, 'prev_risk': 0.350849039563208, 'risk': 0.31953790478250443}
[ep=01 t=0001] choose_plan=1 action=4 reward=-2.317 info={'t': 2, 'max_steps': 100, 'dominant_type': 'outbound_conn', 'target_action': 2, 'prev_risk': 0.31953790478250443, 'risk': 0.24347702865329893}
[ep=01 t=0002] choose_plan=4 action=0 reward=-2.207 info={'t': 3, 'max_steps': 100, 'dominant_type': 'proc_spawn', 'target_action': 2, 'prev_risk': 0.24347702865329893, 'risk': 0.25468326560822346}
[ep=01 t=0003] choose_plan=0 action=0 reward=-2.346 info={'t': 4, 'max_steps': 100, 'dominant_type': 'proc_spawn', 'target_action': 2, 'prev_risk': 0.25468326560822346, 'risk': 0.2847251171136309}
[ep=01 t=0004] choose_plan=5 action=0 reward=-2.501 info={'t': 5, 'max_steps': 100, 'dominant_type': 'outbound_conn', 'target_action': 2, 'prev_risk': 0.2847251171136309, 'risk': 0.3124750501114793}
[ep=01 t=0005] choose_plan=4 action=3 reward=-1.687 info={'t': 6, 'max_steps': 100, 'dominant_type': 'proc_spawn', 'target_action': 2, 'prev_risk': 0.3124750501114793, 'risk': 0.2423377835244653}
[ep=01 t=0006] choose_plan=5 action=0 reward=-2.308 info={'t': 7, 'max_steps': 100, 'dominant_type': 'outbound_conn', 'target_action': 2, 'prev_risk': 0.2423377835244653, 'risk': 0.2766875625364244}
[ep=01 t=0007] choose_plan=1 action=0 reward=-2.404 info={'t': 8, 'max_steps': 100, 'dominant_type': 'outbound_conn', 'target_action': 2, 'prev_risk': 0.2766875625364244, 'risk': 0.29629049400231333}
[ep=01 t=0008] choose_plan=2 action=2 reward=-1.205 info={'t': 9, 'max_steps': 100, 'dominant_type': 'outbound_conn', 'target_action': 2, 'prev_risk': 0.29629049400231333, 'risk': 0.26109410887325263}
[ep=01 t=0009] choose_plan=1 action=0 reward=-2.019 info={'t': 10, 'max_steps': 100, 'dominant_type': 'auth_fail', 'target_action': 1, 'prev_risk': 0.26109410887325263, 'risk': 0.3315996152113103}
[ep=01 t=0010] choose_plan=0 action=0 reward=-2.709 info={'t': 11, 'max_steps': 100, 'dominant_type': 'port_scan', 'target_action': 2, 'prev_risk': 0.3315996152113103, 'risk': 0.3700154009596369}
[ep=01 t=0011] choose_plan=4 action=0 reward=-3.531 info={'t': 12, 'max_steps': 100, 'dominant_type': 'proc_spawn', 'target_action': 3, 'prev_risk': 0.3700154009596369, 'risk': 0.4274386948077038}
[ep=01 t=0012] choose_plan=2 action=3 reward=-1.876 info={'t': 13, 'max_steps': 100, 'dominant_type': 'outbound_conn', 'target_action': 2, 'prev_risk': 0.4274386948077038, 'risk': 0.31440616788123077}
[ep=01 t=0013] choose_plan=4 action=1 reward=-1.913 info={'t': 14, 'max_steps': 100, 'dominant_type': 'proc_spawn', 'target_action': 2, 'prev_risk': 0.31440616788123077, 'risk': 0.30565153665164124}
[ep=01 t=0014] choose_plan=5 action=3 reward=-2.107 info={'t': 15, 'max_steps': 100, 'dominant_type': 'port_scan', 'target_action': 1, 'prev_risk': 0.30565153665164124, 'risk': 0.21614861780310157}
[ep=01 t=0015] choose_plan=2 action=0 reward=-2.101 info={'t': 16, 'max_steps': 100, 'dominant_type': 'outbound_conn', 'target_action': 2, 'prev_risk': 0.21614861780310157, 'risk': 0.2341881500841968}
[ep=01 t=0016] choose_plan=1 action=0 reward=-2.212 info={'t': 17, 'max_steps': 100, 'dominant_type': 'outbound_conn', 'target_action': 2, 'prev_risk': 0.2341881500841968, 'risk': 0.2574979142793252}
[ep=01 t=0017] choose_plan=5 action=0 reward=-2.380 info={'t': 18, 'max_steps': 100, 'dominant_type': 'outbound_conn', 'target_action': 2, 'prev_risk': 0.2574979142793252, 'risk': 0.2929196109955353}
[ep=01 t=0018] choose_plan=0 action=4 reward=-2.736 info={'t': 19, 'max_steps': 100, 'dominant_type': 'port_scan', 'target_action': 1, 'prev_risk': 0.2929196109955353, 'risk': 0.21122628251529263}
[ep=01 t=0019] choose_plan=3 action=0 reward=-2.219 info={'t': 20, 'max_steps': 100, 'dominant_type': 'outbound_conn', 'target_action': 2, 'prev_risk': 0.21122628251529263, 'risk': 0.2552640708697937}
[ep=01 t=0020] choose_plan=1 action=4 reward=-3.051 info={'t': 21, 'max_steps': 100, 'dominant_type': 'proc_spawn', 'target_action': 2, 'prev_risk': 0.2552640708697937, 'risk': 0.16679944319424744}
[ep=01 t=0021] choose_plan=5 action=0 reward=-1.938 info={'t': 22, 'max_steps': 100, 'dominant_type': 'proc_spawn', 'target_action': 2, 'prev_risk': 0.16679944319424744, 'risk': 0.19083383037028023}
[ep=01 t=0022] choose_plan=0 action=0 reward=-2.077 info={'t': 23, 'max_steps': 100, 'dominant_type': 'proc_spawn', 'target_action': 2, 'prev_risk': 0.19083383037028023, 'risk': 0.21809032599214068}
[ep=01 t=0023] choose_plan=3 action=0 reward=-2.163 info={'t': 24, 'max_steps': 100, 'dominant_type': 'proc_spawn', 'target_action': 2, 'prev_risk': 0.21809032599214068, 'risk': 0.23723472917864952}
[ep=01 t=0024] choose_plan=2 action=0 reward=-2.250 info={'t': 25, 'max_steps': 100, 'dominant_type': 'proc_spawn', 'target_action': 2, 'prev_risk': 0.23723472917864952, 'risk': 0.2655888329260979}
[ep=01 t=0025] choose_plan=0 action=0 reward=-1.906 info={'t': 26, 'max_steps': 100, 'dominant_type': 'auth_fail', 'target_action': 1, 'prev_risk': 0.2655888329260979, 'risk': 0.3045517076061497}
[ep=01 t=0026] choose_plan=0 action=1 reward=-1.323 info={'t': 27, 'max_steps': 100, 'dominant_type': 'port_scan', 'target_action': 1, 'prev_risk': 0.3045517076061497, 'risk': 0.29321383243304017}
[ep=01 t=0027] choose_plan=0 action=0 reward=-2.592 info={'t': 28, 'max_steps': 100, 'dominant_type': 'outbound_conn', 'target_action': 2, 'prev_risk': 0.29321383243304017, 'risk': 0.33716923469540466}
[ep=01 t=0028] choose_plan=3 action=4 reward=-2.989 info={'t': 29, 'max_steps': 100, 'dominant_type': 'port_scan', 'target_action': 1, 'prev_risk': 0.33716923469540466, 'risk': 0.2605416039117752}
[ep=01 t=0029] choose_plan=0 action=0 reward=-2.263 info={'t': 30, 'max_steps': 100, 'dominant_type': 'proc_spawn', 'target_action': 2, 'prev_risk': 0.2605416039117752, 'risk': 0.2601442038404122}
[ep=01 t=0030] choose_plan=2 action=0 reward=-2.369 info={'t': 31, 'max_steps': 100, 'dominant_type': 'outbound_conn', 'target_action': 2, 'prev_risk': 0.2601442038404122, 'risk': 0.2920409532708419}
[ep=01 t=0031] choose_plan=1 action=0 reward=-2.504 info={'t': 32, 'max_steps': 100, 'dominant_type': 'port_scan', 'target_action': 2, 'prev_risk': 0.2920409532708419, 'risk': 0.3170760669568723}
[ep=01 t=0032] choose_plan=1 action=1 reward=-2.035 info={'t': 33, 'max_steps': 100, 'dominant_type': 'outbound_conn', 'target_action': 2, 'prev_risk': 0.3170760669568723, 'risk': 0.3214287004092835}
[ep=01 t=0033] choose_plan=5 action=4 reward=-2.126 info={'t': 34, 'max_steps': 100, 'dominant_type': 'proc_spawn', 'target_action': 2, 'prev_risk': 0.3214287004092835, 'risk': 0.21375549583388048}
[ep=01 t=0034] choose_plan=2 action=0 reward=-1.370 info={'t': 35, 'max_steps': 100, 'dominant_type': 'port_scan', 'target_action': 1, 'prev_risk': 0.21375549583388048, 'risk': 0.19364336832064724}
[ep=01 t=0035] choose_plan=3 action=0 reward=-2.069 info={'t': 36, 'max_steps': 100, 'dominant_type': 'outbound_conn', 'target_action': 2, 'prev_risk': 0.19364336832064724, 'risk': 0.2172470372311927}
[ep=01 t=0036] choose_plan=1 action=0 reward=-2.191 info={'t': 37, 'max_steps': 100, 'dominant_type': 'proc_spawn', 'target_action': 2, 'prev_risk': 0.2172470372311927, 'risk': 0.2515738655579135}
[ep=01 t=0037] choose_plan=2 action=0 reward=-2.332 info={'t': 38, 'max_steps': 100, 'dominant_type': 'outbound_conn', 'target_action': 2, 'prev_risk': 0.2515738655579135, 'risk': 0.2776500666143511}
[ep=01 t=0038] choose_plan=4 action=0 reward=-2.370 info={'t': 39, 'max_steps': 100, 'dominant_type': 'proc_spawn', 'target_action': 2, 'prev_risk': 0.2776500666143511, 'risk': 0.2956775848189415}
[ep=01 t=0039] choose_plan=1 action=0 reward=-2.339 info={'t': 40, 'max_steps': 100, 'dominant_type': 'outbound_conn', 'target_action': 2, 'prev_risk': 0.2956775848189415, 'risk': 0.29080361233700486}
[ep=01 t=0040] choose_plan=0 action=0 reward=-1.959 info={'t': 41, 'max_steps': 100, 'dominant_type': 'auth_fail', 'target_action': 1, 'prev_risk': 0.29080361233700486, 'risk': 0.3159699726533945}
[ep=01 t=0041] choose_plan=3 action=1 reward=-1.945 info={'t': 42, 'max_steps': 100, 'dominant_type': 'port_scan', 'target_action': 2, 'prev_risk': 0.3159699726533945, 'risk': 0.3102460137503306}
[ep=01 t=0042] choose_plan=5 action=4 reward=-2.147 info={'t': 43, 'max_steps': 100, 'dominant_type': 'proc_spawn', 'target_action': 2, 'prev_risk': 0.3102460137503306, 'risk': 0.21116273694152987}
[ep=01 t=0043] choose_plan=3 action=0 reward=-1.549 info={'t': 44, 'max_steps': 100, 'dominant_type': 'auth_fail', 'target_action': 1, 'prev_risk': 0.21116273694152987, 'risk': 0.22515509190253166}
[ep=01 t=0044] choose_plan=1 action=0 reward=-1.650 info={'t': 45, 'max_steps': 100, 'dominant_type': 'port_scan', 'target_action': 1, 'prev_risk': 0.22515509190253166, 'risk': 0.2392980345195635}
[ep=01 t=0045] choose_plan=0 action=0 reward=-1.842 info={'t': 46, 'max_steps': 100, 'dominant_type': 'port_scan', 'target_action': 1, 'prev_risk': 0.2392980345195635, 'risk': 0.291947301398569}
[ep=01 t=0046] choose_plan=0 action=0 reward=-2.175 info={'t': 47, 'max_steps': 100, 'dominant_type': 'auth_fail', 'target_action': 1, 'prev_risk': 0.291947301398569, 'risk': 0.37033205591348367}
[ep=01 t=0047] choose_plan=3 action=4 reward=-2.534 info={'t': 48, 'max_steps': 100, 'dominant_type': 'outbound_conn', 'target_action': 2, 'prev_risk': 0.37033205591348367, 'risk': 0.28638337817375775}
[ep=01 t=0048] choose_plan=2 action=0 reward=-2.519 info={'t': 49, 'max_steps': 100, 'dominant_type': 'port_scan', 'target_action': 2, 'prev_risk': 0.28638337817375775, 'risk': 0.31553137214199956}
[ep=01 t=0049] choose_plan=5 action=2 reward=-1.912 info={'t': 50, 'max_steps': 100, 'dominant_type': 'auth_fail', 'target_action': 1, 'prev_risk': 0.31553137214199956, 'risk': 0.2930872706959318}
[ep=01 t=0050] choose_plan=0 action=0 reward=-2.620 info={'t': 51, 'max_steps': 100, 'dominant_type': 'port_scan', 'target_action': 2, 'prev_risk': 0.2930872706959318, 'risk': 0.344511849362369}
[ep=01 t=0051] choose_plan=0 action=4 reward=-2.155 info={'t': 52, 'max_steps': 100, 'dominant_type': 'proc_spawn', 'target_action': 2, 'prev_risk': 0.344511849362369, 'risk': 0.227871591741455}
[ep=01 t=0052] choose_plan=4 action=0 reward=-1.724 info={'t': 53, 'max_steps': 100, 'dominant_type': 'port_scan', 'target_action': 1, 'prev_risk': 0.227871591741455, 'risk': 0.26367507959555714}
[ep=01 t=0053] choose_plan=1 action=0 reward=-2.572 info={'t': 54, 'max_steps': 100, 'dominant_type': 'port_scan', 'target_action': 2, 'prev_risk': 0.26367507959555714, 'risk': 0.33135030350552813}
[ep=01 t=0054] choose_plan=1 action=4 reward=-2.736 info={'t': 55, 'max_steps': 100, 'dominant_type': 'port_scan', 'target_action': 1, 'prev_risk': 0.33135030350552813, 'risk': 0.22749892195259186}
[ep=01 t=0055] choose_plan=5 action=0 reward=-1.673 info={'t': 56, 'max_steps': 100, 'dominant_type': 'auth_fail', 'target_action': 1, 'prev_risk': 0.22749892195259186, 'risk': 0.2490362678855042}
[ep=01 t=0056] choose_plan=1 action=0 reward=-1.575 info={'t': 57, 'max_steps': 100, 'dominant_type': 'port_scan', 'target_action': 1, 'prev_risk': 0.2490362678855042, 'risk': 0.23711032963196257}
[ep=01 t=0057] choose_plan=3 action=0 reward=-2.275 info={'t': 58, 'max_steps': 100, 'dominant_type': 'outbound_conn', 'target_action': 2, 'prev_risk': 0.23711032963196257, 'risk': 0.2677631300243973}
[ep=01 t=0058] choose_plan=2 action=0 reward=-1.984 info={'t': 59, 'max_steps': 100, 'dominant_type': 'auth_fail', 'target_action': 1, 'prev_risk': 0.2677631300243973, 'risk': 0.32957082692946127}
[ep=01 t=0059] choose_plan=4 action=4 reward=-2.767 info={'t': 60, 'max_steps': 100, 'dominant_type': 'auth_fail', 'target_action': 1, 'prev_risk': 0.32957082692946127, 'risk': 0.23215310289926736}
[ep=01 t=0060] choose_plan=0 action=0 reward=-2.200 info={'t': 61, 'max_steps': 100, 'dominant_type': 'proc_spawn', 'target_action': 2, 'prev_risk': 0.23215310289926736, 'risk': 0.2452562260562271}
[ep=01 t=0061] choose_plan=2 action=0 reward=-1.736 info={'t': 62, 'max_steps': 100, 'dominant_type': 'port_scan', 'target_action': 1, 'prev_risk': 0.2452562260562271, 'risk': 0.26931135689088304}
[ep=01 t=0062] choose_plan=2 action=0 reward=-2.358 info={'t': 63, 'max_steps': 100, 'dominant_type': 'proc_spawn', 'target_action': 2, 'prev_risk': 0.26931135689088304, 'risk': 0.28730804736619836}
[ep=01 t=0063] choose_plan=1 action=0 reward=-2.498 info={'t': 64, 'max_steps': 100, 'dominant_type': 'proc_spawn', 'target_action': 2, 'prev_risk': 0.28730804736619836, 'risk': 0.3172299026116355}
[ep=01 t=0064] choose_plan=3 action=2 reward=-1.054 info={'t': 65, 'max_steps': 100, 'dominant_type': 'outbound_conn', 'target_action': 2, 'prev_risk': 0.3172299026116355, 'risk': 0.24919230189360356}
[ep=01 t=0065] choose_plan=1 action=0 reward=-2.331 info={'t': 66, 'max_steps': 100, 'dominant_type': 'outbound_conn', 'target_action': 2, 'prev_risk': 0.24919230189360356, 'risk': 0.275893500771678}
[ep=01 t=0066] choose_plan=2 action=0 reward=-1.826 info={'t': 67, 'max_steps': 100, 'dominant_type': 'auth_fail', 'target_action': 1, 'prev_risk': 0.275893500771678, 'risk': 0.27682683592292584}
[ep=01 t=0067] choose_plan=5 action=0 reward=-2.488 info={'t': 68, 'max_steps': 100, 'dominant_type': 'outbound_conn', 'target_action': 2, 'prev_risk': 0.27682683592292584, 'risk': 0.3177257644640634}
[ep=01 t=0068] choose_plan=0 action=4 reward=-2.410 info={'t': 69, 'max_steps': 100, 'dominant_type': 'proc_spawn', 'target_action': 2, 'prev_risk': 0.3177257644640634, 'risk': 0.2540615819695956}
[ep=01 t=0069] choose_plan=4 action=0 reward=-1.766 info={'t': 70, 'max_steps': 100, 'dominant_type': 'auth_fail', 'target_action': 1, 'prev_risk': 0.2540615819695956, 'risk': 0.27211022305683175}
[ep=01 t=0070] choose_plan=4 action=0 reward=-2.481 info={'t': 71, 'max_steps': 100, 'dominant_type': 'proc_spawn', 'target_action': 2, 'prev_risk': 0.27211022305683175, 'risk': 0.30564139276332203}
[ep=01 t=0071] choose_plan=1 action=3 reward=-2.034 info={'t': 72, 'max_steps': 100, 'dominant_type': 'port_scan', 'target_action': 1, 'prev_risk': 0.30564139276332203, 'risk': 0.21678327238289763}
[ep=01 t=0072] choose_plan=3 action=0 reward=-2.141 info={'t': 73, 'max_steps': 100, 'dominant_type': 'proc_spawn', 'target_action': 2, 'prev_risk': 0.21678327238289763, 'risk': 0.2364613492519652}
[ep=01 t=0073] choose_plan=3 action=0 reward=-2.344 info={'t': 74, 'max_steps': 100, 'dominant_type': 'proc_spawn', 'target_action': 2, 'prev_risk': 0.2364613492519652, 'risk': 0.2783181813326895}
[ep=01 t=0074] choose_plan=3 action=0 reward=-2.341 info={'t': 75, 'max_steps': 100, 'dominant_type': 'outbound_conn', 'target_action': 2, 'prev_risk': 0.2783181813326895, 'risk': 0.28644170569104405}
[ep=01 t=0075] choose_plan=3 action=0 reward=-1.870 info={'t': 76, 'max_steps': 100, 'dominant_type': 'port_scan', 'target_action': 1, 'prev_risk': 0.28644170569104405, 'risk': 0.2990615267523717}
[ep=01 t=0076] choose_plan=5 action=0 reward=-2.541 info={'t': 77, 'max_steps': 100, 'dominant_type': 'proc_spawn', 'target_action': 2, 'prev_risk': 0.2990615267523717, 'risk': 0.32673459088892914}
[ep=01 t=0077] choose_plan=3 action=1 reward=-2.084 info={'t': 78, 'max_steps': 100, 'dominant_type': 'proc_spawn', 'target_action': 2, 'prev_risk': 0.32673459088892914, 'risk': 0.3320252245752516}
[ep=01 t=0078] choose_plan=4 action=3 reward=-2.198 info={'t': 79, 'max_steps': 100, 'dominant_type': 'port_scan', 'target_action': 1, 'prev_risk': 0.3320252245752516, 'risk': 0.24150023675882365}
[ep=01 t=0079] choose_plan=4 action=0 reward=-2.307 info={'t': 80, 'max_steps': 100, 'dominant_type': 'proc_spawn', 'target_action': 2, 'prev_risk': 0.24150023675882365, 'risk': 0.2743879761051904}
[ep=01 t=0080] choose_plan=2 action=0 reward=-1.681 info={'t': 81, 'max_steps': 100, 'dominant_type': 'port_scan', 'target_action': 1, 'prev_risk': 0.2743879761051904, 'risk': 0.26420148539952737}
[ep=01 t=0081] choose_plan=2 action=0 reward=-2.399 info={'t': 82, 'max_steps': 100, 'dominant_type': 'proc_spawn', 'target_action': 2, 'prev_risk': 0.26420148539952737, 'risk': 0.29507198723702077}
[ep=01 t=0082] choose_plan=0 action=0 reward=-2.630 info={'t': 83, 'max_steps': 100, 'dominant_type': 'proc_spawn', 'target_action': 2, 'prev_risk': 0.29507198723702077, 'risk': 0.3479036085181484}
[ep=01 t=0083] choose_plan=0 action=0 reward=-2.603 info={'t': 84, 'max_steps': 100, 'dominant_type': 'proc_spawn', 'target_action': 2, 'prev_risk': 0.3479036085181484, 'risk': 0.3427011321525104}
[ep=01 t=0084] choose_plan=2 action=4 reward=-2.246 info={'t': 85, 'max_steps': 100, 'dominant_type': 'outbound_conn', 'target_action': 2, 'prev_risk': 0.3427011321525104, 'risk': 0.2371168947175235}
[ep=01 t=0085] choose_plan=5 action=0 reward=-2.090 info={'t': 86, 'max_steps': 100, 'dominant_type': 'proc_spawn', 'target_action': 2, 'prev_risk': 0.2371168947175235, 'risk': 0.22991992501014205}
[ep=01 t=0086] choose_plan=4 action=0 reward=-1.668 info={'t': 87, 'max_steps': 100, 'dominant_type': 'port_scan', 'target_action': 1, 'prev_risk': 0.22991992501014205, 'risk': 0.25210321389132895}
[ep=01 t=0087] choose_plan=0 action=0 reward=-2.320 info={'t': 88, 'max_steps': 100, 'dominant_type': 'outbound_conn', 'target_action': 2, 'prev_risk': 0.25210321389132895, 'risk': 0.27832785843134195}
[ep=01 t=0088] choose_plan=1 action=0 reward=-1.798 info={'t': 89, 'max_steps': 100, 'dominant_type': 'port_scan', 'target_action': 1, 'prev_risk': 0.27832785843134195, 'risk': 0.2879658675794497}
[ep=01 t=0089] choose_plan=3 action=0 reward=-1.766 info={'t': 90, 'max_steps': 100, 'dominant_type': 'auth_fail', 'target_action': 1, 'prev_risk': 0.2879658675794497, 'risk': 0.2839250021673342}
[ep=01 t=0090] choose_plan=2 action=0 reward=-2.703 info={'t': 91, 'max_steps': 100, 'dominant_type': 'outbound_conn', 'target_action': 2, 'prev_risk': 0.2839250021673342, 'risk': 0.36849088737256874}
[ep=01 t=0091] choose_plan=5 action=1 reward=-1.672 info={'t': 92, 'max_steps': 100, 'dominant_type': 'auth_fail', 'target_action': 1, 'prev_risk': 0.36849088737256874, 'risk': 0.3686764952552272}
[ep=01 t=0092] choose_plan=4 action=4 reward=-2.920 info={'t': 93, 'max_steps': 100, 'dominant_type': 'port_scan', 'target_action': 1, 'prev_risk': 0.3686764952552272, 'risk': 0.26070158372274577}
[ep=01 t=0093] choose_plan=4 action=0 reward=-2.625 info={'t': 94, 'max_steps': 100, 'dominant_type': 'outbound_conn', 'target_action': 2, 'prev_risk': 0.26070158372274577, 'risk': 0.3348194569918037}
[ep=01 t=0094] choose_plan=5 action=2 reward=-1.469 info={'t': 95, 'max_steps': 100, 'dominant_type': 'outbound_conn', 'target_action': 2, 'prev_risk': 0.3348194569918037, 'risk': 0.31727136302921366}
[ep=01 t=0095] choose_plan=2 action=3 reward=-1.824 info={'t': 96, 'max_steps': 100, 'dominant_type': 'outbound_conn', 'target_action': 2, 'prev_risk': 0.31727136302921366, 'risk': 0.2657199568666414}
[ep=01 t=0096] choose_plan=3 action=0 reward=-2.279 info={'t': 97, 'max_steps': 100, 'dominant_type': 'outbound_conn', 'target_action': 2, 'prev_risk': 0.2657199568666414, 'risk': 0.26450259693242884}
[ep=01 t=0097] choose_plan=3 action=0 reward=-2.331 info={'t': 98, 'max_steps': 100, 'dominant_type': 'outbound_conn', 'target_action': 2, 'prev_risk': 0.26450259693242884, 'risk': 0.2795836669762131}
[ep=01 t=0098] choose_plan=2 action=0 reward=-2.498 info={'t': 99, 'max_steps': 100, 'dominant_type': 'proc_spawn', 'target_action': 2, 'prev_risk': 0.2795836669762131, 'risk': 0.31188438880892777}
[ep=01 t=0099] choose_plan=3 action=2 reward=-1.650 info={'t': 100, 'max_steps': 100, 'dominant_type': 'proc_spawn', 'target_action': 2, 'prev_risk': 0.31188438880892777, 'risk': 0.3417396840469529}
# done at t=99
# episode_summary {"episode": 1, "episode_return": -216.97718635235623, "reward_mean": -2.1697718635235623, "reward_min": -3.531165066556657, "reward_max": -1.0543413432560271, "steps": 100, "unique_actions": 5, "top5_actions": [[0, 69], [4, 13], [2, 6], [3, 6], [1, 6]]}

# ===== EPISODE 2 =====
[ep=02 t=0000] choose_plan=1 action=1 reward=-2.093 info={'t': 1, 'max_steps': 100, 'dominant_type': 'proc_spawn', 'target_action': 2, 'prev_risk': 0.3685460259142725, 'risk': 0.3479896366036003}
[ep=02 t=0001] choose_plan=4 action=1 reward=-1.641 info={'t': 2, 'max_steps': 100, 'dominant_type': 'auth_fail', 'target_action': 1, 'prev_risk': 0.3479896366036003, 'risk': 0.3563438011249797}
[ep=02 t=0002] choose_plan=0 action=1 reward=-1.838 info={'t': 3, 'max_steps': 100, 'dominant_type': 'auth_fail', 'target_action': 1, 'prev_risk': 0.3563438011249797, 'risk': 0.3979372356952725}
[ep=02 t=0003] choose_plan=1 action=2 reward=-2.123 info={'t': 4, 'max_steps': 100, 'dominant_type': 'proc_spawn', 'target_action': 3, 'prev_risk': 0.3979372356952725, 'risk': 0.35357271851064154}
[ep=02 t=0004] choose_plan=3 action=0 reward=-3.350 info={'t': 5, 'max_steps': 100, 'dominant_type': 'proc_spawn', 'target_action': 3, 'prev_risk': 0.35357271851064154, 'risk': 0.3759365384497005}
[ep=02 t=0005] choose_plan=4 action=4 reward=-2.303 info={'t': 6, 'max_steps': 100, 'dominant_type': 'proc_spawn', 'target_action': 2, 'prev_risk': 0.3759365384497005, 'risk': 0.2601580015007885}
[ep=02 t=0006] choose_plan=1 action=0 reward=-2.281 info={'t': 7, 'max_steps': 100, 'dominant_type': 'proc_spawn', 'target_action': 2, 'prev_risk': 0.2601580015007885, 'risk': 0.2675113189503487}
[ep=02 t=0007] choose_plan=3 action=0 reward=-2.481 info={'t': 8, 'max_steps': 100, 'dominant_type': 'proc_spawn', 'target_action': 2, 'prev_risk': 0.2675113189503487, 'risk': 0.3095994592763491}
[ep=02 t=0008] choose_plan=5 action=4 reward=-2.772 info={'t': 9, 'max_steps': 100, 'dominant_type': 'port_scan', 'target_action': 1, 'prev_risk': 0.3095994592763491, 'risk': 0.22491896406962197}
[ep=02 t=0009] choose_plan=5 action=0 reward=-1.677 info={'t': 10, 'max_steps': 100, 'dominant_type': 'auth_fail', 'target_action': 1, 'prev_risk': 0.22491896406962197, 'risk': 0.25296531177928744}
[ep=02 t=0010] choose_plan=4 action=4 reward=-3.697 info={'t': 11, 'max_steps': 100, 'dominant_type': 'port_scan', 'target_action': 1, 'prev_risk': 0.25296531177928744, 'risk': 0.1806523665737128}
[ep=02 t=0011] choose_plan=1 action=0 reward=-1.323 info={'t': 12, 'max_steps': 100, 'dominant_type': 'port_scan', 'target_action': 1, 'prev_risk': 0.1806523665737128, 'risk': 0.1779624548687114}
[ep=02 t=0012] choose_plan=5 action=0 reward=-1.989 info={'t': 13, 'max_steps': 100, 'dominant_type': 'outbound_conn', 'target_action': 2, 'prev_risk': 0.1779624548687114, 'risk': 0.19421509560431333}
[ep=02 t=0013] choose_plan=5 action=0 reward=-1.958 info={'t': 14, 'max_steps': 100, 'dominant_type': 'outbound_conn', 'target_action': 2, 'prev_risk': 0.19421509560431333, 'risk': 0.19764453175424312}
[ep=02 t=0014] choose_plan=1 action=0 reward=-1.616 info={'t': 15, 'max_steps': 100, 'dominant_type': 'auth_fail', 'target_action': 1, 'prev_risk': 0.19764453175424312, 'risk': 0.23452253367741693}
[ep=02 t=0015] choose_plan=0 action=3 reward=-2.376 info={'t': 16, 'max_steps': 100, 'dominant_type': 'outbound_conn', 'target_action': 2, 'prev_risk': 0.23452253367741693, 'risk': 0.1822842740037544}
[ep=02 t=0016] choose_plan=1 action=0 reward=-1.427 info={'t': 17, 'max_steps': 100, 'dominant_type': 'port_scan', 'target_action': 1, 'prev_risk': 0.1822842740037544, 'risk': 0.19115806490249948}
[ep=02 t=0017] choose_plan=4 action=0 reward=-2.204 info={'t': 18, 'max_steps': 100, 'dominant_type': 'proc_spawn', 'target_action': 2, 'prev_risk': 0.19115806490249948, 'risk': 0.2500900723915842}
[ep=02 t=0018] choose_plan=2 action=0 reward=-2.293 info={'t': 19, 'max_steps': 100, 'dominant_type': 'proc_spawn', 'target_action': 2, 'prev_risk': 0.2500900723915842, 'risk': 0.26756789809655074}
[ep=02 t=0019] choose_plan=2 action=0 reward=-1.754 info={'t': 20, 'max_steps': 100, 'dominant_type': 'port_scan', 'target_action': 1, 'prev_risk': 0.26756789809655074, 'risk': 0.272231674122314}
[ep=02 t=0020] choose_plan=5 action=0 reward=-2.371 info={'t': 21, 'max_steps': 100, 'dominant_type': 'outbound_conn', 'target_action': 2, 'prev_risk': 0.272231674122314, 'risk': 0.2886221645568172}
[ep=02 t=0021] choose_plan=1 action=0 reward=-2.366 info={'t': 22, 'max_steps': 100, 'dominant_type': 'proc_spawn', 'target_action': 2, 'prev_risk': 0.2886221645568172, 'risk': 0.2871839961906481}
[ep=02 t=0022] choose_plan=3 action=0 reward=-2.448 info={'t': 23, 'max_steps': 100, 'dominant_type': 'outbound_conn', 'target_action': 2, 'prev_risk': 0.2871839961906481, 'risk': 0.3054483939850034}
[ep=02 t=0023] choose_plan=2 action=2 reward=-1.272 info={'t': 24, 'max_steps': 100, 'dominant_type': 'proc_spawn', 'target_action': 2, 'prev_risk': 0.3054483939850034, 'risk': 0.2755703725547486}
[ep=02 t=0024] choose_plan=1 action=0 reward=-1.726 info={'t': 25, 'max_steps': 100, 'dominant_type': 'port_scan', 'target_action': 1, 'prev_risk': 0.2755703725547486, 'risk': 0.2721495442275025}
[ep=02 t=0025] choose_plan=0 action=0 reward=-1.820 info={'t': 26, 'max_steps': 100, 'dominant_type': 'port_scan', 'target_action': 1, 'prev_risk': 0.2721495442275025, 'risk': 0.2869888726935369}
[ep=02 t=0026] choose_plan=2 action=4 reward=-2.949 info={'t': 27, 'max_steps': 100, 'dominant_type': 'port_scan', 'target_action': 1, 'prev_risk': 0.2869888726935369, 'risk': 0.2392575990798889}
[ep=02 t=0027] choose_plan=1 action=0 reward=-2.232 info={'t': 28, 'max_steps': 100, 'dominant_type': 'proc_spawn', 'target_action': 2, 'prev_risk': 0.2392575990798889, 'risk': 0.2583429795615492}
[ep=02 t=0028] choose_plan=3 action=0 reward=-1.709 info={'t': 29, 'max_steps': 100, 'dominant_type': 'port_scan', 'target_action': 1, 'prev_risk': 0.2583429795615492, 'risk': 0.26211000641597404}
[ep=02 t=0029] choose_plan=3 action=0 reward=-3.219 info={'t': 30, 'max_steps': 100, 'dominant_type': 'proc_spawn', 'target_action': 3, 'prev_risk': 0.26211000641597404, 'risk': 0.35132691152610585}
[ep=02 t=0030] choose_plan=1 action=4 reward=-3.081 info={'t': 31, 'max_steps': 100, 'dominant_type': 'port_scan', 'target_action': 1, 'prev_risk': 0.35132691152610585, 'risk': 0.2842619066350237}
[ep=02 t=0031] choose_plan=5 action=0 reward=-2.002 info={'t': 32, 'max_steps': 100, 'dominant_type': 'auth_fail', 'target_action': 1, 'prev_risk': 0.2842619066350237, 'risk': 0.32901386094633717}
[ep=02 t=0032] choose_plan=5 action=1 reward=-2.134 info={'t': 33, 'max_steps': 100, 'dominant_type': 'outbound_conn', 'target_action': 2, 'prev_risk': 0.32901386094633717, 'risk': 0.3461021910424089}
[ep=02 t=0033] choose_plan=1 action=0 reward=-2.246 info={'t': 34, 'max_steps': 100, 'dominant_type': 'auth_fail', 'target_action': 1, 'prev_risk': 0.3461021910424089, 'risk': 0.37890555722163255}
[ep=02 t=0034] choose_plan=5 action=4 reward=-2.818 info={'t': 35, 'max_steps': 100, 'dominant_type': 'port_scan', 'target_action': 1, 'prev_risk': 0.37890555722163255, 'risk': 0.25820164187820954}
[ep=02 t=0035] choose_plan=5 action=0 reward=-2.402 info={'t': 36, 'max_steps': 100, 'dominant_type': 'outbound_conn', 'target_action': 2, 'prev_risk': 0.25820164187820954, 'risk': 0.29769693002105097}
[ep=02 t=0036] choose_plan=2 action=0 reward=-2.451 info={'t': 37, 'max_steps': 100, 'dominant_type': 'port_scan', 'target_action': 2, 'prev_risk': 0.29769693002105097, 'risk': 0.3053350261532578}
[ep=02 t=0037] choose_plan=1 action=4 reward=-2.788 info={'t': 38, 'max_steps': 100, 'dominant_type': 'port_scan', 'target_action': 1, 'prev_risk': 0.3053350261532578, 'risk': 0.22419276519878617}
[ep=02 t=0038] choose_plan=3 action=0 reward=-2.157 info={'t': 39, 'max_steps': 100, 'dominant_type': 'outbound_conn', 'target_action': 2, 'prev_risk': 0.22419276519878617, 'risk': 0.2374802057354248}
[ep=02 t=0039] choose_plan=0 action=0 reward=-2.327 info={'t': 40, 'max_steps': 100, 'dominant_type': 'outbound_conn', 'target_action': 2, 'prev_risk': 0.2374802057354248, 'risk': 0.28351385346133245}
[ep=02 t=0040] choose_plan=1 action=0 reward=-2.381 info={'t': 41, 'max_steps': 100, 'dominant_type': 'proc_spawn', 'target_action': 2, 'prev_risk': 0.28351385346133245, 'risk': 0.29290824319099407}
[ep=02 t=0041] choose_plan=2 action=4 reward=-2.171 info={'t': 42, 'max_steps': 100, 'dominant_type': 'outbound_conn', 'target_action': 2, 'prev_risk': 0.29290824319099407, 'risk': 0.20846276999654184}
[ep=02 t=0042] choose_plan=0 action=0 reward=-2.429 info={'t': 43, 'max_steps': 100, 'dominant_type': 'proc_spawn', 'target_action': 2, 'prev_risk': 0.20846276999654184, 'risk': 0.30873608343117626}
[ep=02 t=0043] choose_plan=1 action=1 reward=-1.965 info={'t': 44, 'max_steps': 100, 'dominant_type': 'proc_spawn', 'target_action': 2, 'prev_risk': 0.30873608343117626, 'risk': 0.3089953380265245}
[ep=02 t=0044] choose_plan=0 action=2 reward=-1.093 info={'t': 45, 'max_steps': 100, 'dominant_type': 'proc_spawn', 'target_action': 2, 'prev_risk': 0.3089953380265245, 'risk': 0.2556798931335491}
[ep=02 t=0045] choose_plan=0 action=4 reward=-3.416 info={'t': 46, 'max_steps': 100, 'dominant_type': 'auth_fail', 'target_action': 1, 'prev_risk': 0.2556798931335491, 'risk': 0.14547254883878386}
[ep=02 t=0046] choose_plan=5 action=0 reward=-1.298 info={'t': 47, 'max_steps': 100, 'dominant_type': 'port_scan', 'target_action': 1, 'prev_risk': 0.14547254883878386, 'risk': 0.17500367906731779}
[ep=02 t=0047] choose_plan=1 action=0 reward=-1.967 info={'t': 48, 'max_steps': 100, 'dominant_type': 'outbound_conn', 'target_action': 2, 'prev_risk': 0.17500367906731779, 'risk': 0.18946669884841916}
[ep=02 t=0048] choose_plan=3 action=0 reward=-2.198 info={'t': 49, 'max_steps': 100, 'dominant_type': 'proc_spawn', 'target_action': 2, 'prev_risk': 0.18946669884841916, 'risk': 0.2382935237117842}
[ep=02 t=0049] choose_plan=5 action=0 reward=-2.147 info={'t': 50, 'max_steps': 100, 'dominant_type': 'outbound_conn', 'target_action': 2, 'prev_risk': 0.2382935237117842, 'risk': 0.24415056645404212}
[ep=02 t=0050] choose_plan=4 action=0 reward=-1.783 info={'t': 51, 'max_steps': 100, 'dominant_type': 'port_scan', 'target_action': 1, 'prev_risk': 0.24415056645404212, 'risk': 0.2820769077888635}
[ep=02 t=0051] choose_plan=5 action=0 reward=-1.770 info={'t': 52, 'max_steps': 100, 'dominant_type': 'auth_fail', 'target_action': 1, 'prev_risk': 0.2820769077888635, 'risk': 0.2783925847568143}
[ep=02 t=0052] choose_plan=3 action=0 reward=-2.190 info={'t': 53, 'max_steps': 100, 'dominant_type': 'outbound_conn', 'target_action': 2, 'prev_risk': 0.2783925847568143, 'risk': 0.2589892399675055}
[ep=02 t=0053] choose_plan=4 action=0 reward=-2.573 info={'t': 54, 'max_steps': 100, 'dominant_type': 'outbound_conn', 'target_action': 2, 'prev_risk': 0.2589892399675055, 'risk': 0.3311898207328688}
[ep=02 t=0054] choose_plan=1 action=1 reward=-2.379 info={'t': 55, 'max_steps': 100, 'dominant_type': 'outbound_conn', 'target_action': 2, 'prev_risk': 0.3311898207328688, 'risk': 0.40083829488828715}
[ep=02 t=0055] choose_plan=5 action=2 reward=-2.188 info={'t': 56, 'max_steps': 100, 'dominant_type': 'proc_spawn', 'target_action': 3, 'prev_risk': 0.40083829488828715, 'risk': 0.36727939110581237}
[ep=02 t=0056] choose_plan=3 action=2 reward=-1.380 info={'t': 57, 'max_steps': 100, 'dominant_type': 'proc_spawn', 'target_action': 2, 'prev_risk': 0.36727939110581237, 'risk': 0.3136514476133187}
[ep=02 t=0057] choose_plan=0 action=1 reward=-1.907 info={'t': 58, 'max_steps': 100, 'dominant_type': 'outbound_conn', 'target_action': 2, 'prev_risk': 0.3136514476133187, 'risk': 0.3021833979850458}
[ep=02 t=0058] choose_plan=1 action=1 reward=-2.731 info={'t': 59, 'max_steps': 100, 'dominant_type': 'proc_spawn', 'target_action': 3, 'prev_risk': 0.3021833979850458, 'risk': 0.353488160541661}
[ep=02 t=0059] choose_plan=2 action=4 reward=-2.125 info={'t': 60, 'max_steps': 100, 'dominant_type': 'proc_spawn', 'target_action': 2, 'prev_risk': 0.353488160541661, 'risk': 0.23005553492640568}
[ep=02 t=0060] choose_plan=1 action=0 reward=-2.404 info={'t': 61, 'max_steps': 100, 'dominant_type': 'outbound_conn', 'target_action': 2, 'prev_risk': 0.23005553492640568, 'risk': 0.29546300485603255}
[ep=02 t=0061] choose_plan=5 action=0 reward=-2.479 info={'t': 62, 'max_steps': 100, 'dominant_type': 'port_scan', 'target_action': 2, 'prev_risk': 0.29546300485603255, 'risk': 0.3197886909871646}
[ep=02 t=0062] choose_plan=5 action=4 reward=-2.016 info={'t': 63, 'max_steps': 100, 'dominant_type': 'outbound_conn', 'target_action': 2, 'prev_risk': 0.3197886909871646, 'risk': 0.19480482400791072}
[ep=02 t=0063] choose_plan=5 action=0 reward=-2.072 info={'t': 64, 'max_steps': 100, 'dominant_type': 'outbound_conn', 'target_action': 2, 'prev_risk': 0.19480482400791072, 'risk': 0.21638986138592464}
[ep=02 t=0064] choose_plan=2 action=0 reward=-2.544 info={'t': 65, 'max_steps': 100, 'dominant_type': 'proc_spawn', 'target_action': 2, 'prev_risk': 0.21638986138592464, 'risk': 0.3285753617911116}
[ep=02 t=0065] choose_plan=5 action=1 reward=-2.068 info={'t': 66, 'max_steps': 100, 'dominant_type': 'proc_spawn', 'target_action': 2, 'prev_risk': 0.3285753617911116, 'risk': 0.32785784823352254}
[ep=02 t=0066] choose_plan=5 action=2 reward=-1.902 info={'t': 67, 'max_steps': 100, 'dominant_type': 'auth_fail', 'target_action': 1, 'prev_risk': 0.32785784823352254, 'risk': 0.2922027368624316}
[ep=02 t=0067] choose_plan=0 action=0 reward=-2.715 info={'t': 68, 'max_steps': 100, 'dominant_type': 'outbound_conn', 'target_action': 2, 'prev_risk': 0.2922027368624316, 'risk': 0.36072778181724185}
[ep=02 t=0068] choose_plan=2 action=2 reward=-1.809 info={'t': 69, 'max_steps': 100, 'dominant_type': 'auth_fail', 'target_action': 1, 'prev_risk': 0.36072778181724185, 'risk': 0.29412983380882374}
[ep=02 t=0069] choose_plan=1 action=0 reward=-2.403 info={'t': 70, 'max_steps': 100, 'dominant_type': 'proc_spawn', 'target_action': 2, 'prev_risk': 0.29412983380882374, 'risk': 0.2973533317461016}
[ep=02 t=0070] choose_plan=0 action=0 reward=-2.291 info={'t': 71, 'max_steps': 100, 'dominant_type': 'outbound_conn', 'target_action': 2, 'prev_risk': 0.2973533317461016, 'risk': 0.28082968213594184}
[ep=02 t=0071] choose_plan=0 action=0 reward=-1.873 info={'t': 72, 'max_steps': 100, 'dominant_type': 'auth_fail', 'target_action': 1, 'prev_risk': 0.28082968213594184, 'risk': 0.3039689912473036}
[ep=02 t=0072] choose_plan=0 action=1 reward=-1.955 info={'t': 73, 'max_steps': 100, 'dominant_type': 'proc_spawn', 'target_action': 2, 'prev_risk': 0.3039689912473036, 'risk': 0.30318206727702246}
[ep=02 t=0073] choose_plan=1 action=4 reward=-2.415 info={'t': 74, 'max_steps': 100, 'dominant_type': 'proc_spawn', 'target_action': 2, 'prev_risk': 0.30318206727702246, 'risk': 0.24344840844445556}
[ep=02 t=0074] choose_plan=2 action=4 reward=-3.504 info={'t': 75, 'max_steps': 100, 'dominant_type': 'auth_fail', 'target_action': 1, 'prev_risk': 0.24344840844445556, 'risk': 0.15291437525829743}
[ep=02 t=0075] choose_plan=1 action=0 reward=-1.333 info={'t': 76, 'max_steps': 100, 'dominant_type': 'port_scan', 'target_action': 1, 'prev_risk': 0.15291437525829743, 'risk': 0.17775909085876332}
[ep=02 t=0076] choose_plan=0 action=0 reward=-1.977 info={'t': 77, 'max_steps': 100, 'dominant_type': 'outbound_conn', 'target_action': 2, 'prev_risk': 0.17775909085876332, 'risk': 0.19461929715810602}
[ep=02 t=0077] choose_plan=5 action=0 reward=-1.436 info={'t': 78, 'max_steps': 100, 'dominant_type': 'port_scan', 'target_action': 1, 'prev_risk': 0.19461929715810602, 'risk': 0.20384257415502266}
[ep=02 t=0078] choose_plan=0 action=0 reward=-2.098 info={'t': 79, 'max_steps': 100, 'dominant_type': 'outbound_conn', 'target_action': 2, 'prev_risk': 0.20384257415502266, 'risk': 0.21305047649857858}
[ep=02 t=0079] choose_plan=3 action=0 reward=-1.629 info={'t': 80, 'max_steps': 100, 'dominant_type': 'auth_fail', 'target_action': 1, 'prev_risk': 0.21305047649857858, 'risk': 0.2512198590207089}
[ep=02 t=0080] choose_plan=2 action=0 reward=-2.451 info={'t': 81, 'max_steps': 100, 'dominant_type': 'proc_spawn', 'target_action': 2, 'prev_risk': 0.2512198590207089, 'risk': 0.30431052208424947}
[ep=02 t=0081] choose_plan=5 action=4 reward=-2.801 info={'t': 82, 'max_steps': 100, 'dominant_type': 'auth_fail', 'target_action': 1, 'prev_risk': 0.30431052208424947, 'risk': 0.22393841383836322}
[ep=02 t=0082] choose_plan=4 action=0 reward=-2.278 info={'t': 83, 'max_steps': 100, 'dominant_type': 'outbound_conn', 'target_action': 2, 'prev_risk': 0.22393841383836322, 'risk': 0.26783881812438654}
[ep=02 t=0083] choose_plan=2 action=0 reward=-2.342 info={'t': 84, 'max_steps': 100, 'dominant_type': 'proc_spawn', 'target_action': 2, 'prev_risk': 0.26783881812438654, 'risk': 0.28115582104008735}
[ep=02 t=0084] choose_plan=0 action=4 reward=-2.742 info={'t': 85, 'max_steps': 100, 'dominant_type': 'port_scan', 'target_action': 1, 'prev_risk': 0.28115582104008735, 'risk': 0.20967164011013337}
[ep=02 t=0085] choose_plan=1 action=0 reward=-2.150 info={'t': 86, 'max_steps': 100, 'dominant_type': 'proc_spawn', 'target_action': 2, 'prev_risk': 0.20967164011013337, 'risk': 0.23247752849551237}
[ep=02 t=0086] choose_plan=5 action=4 reward=-3.518 info={'t': 87, 'max_steps': 100, 'dominant_type': 'auth_fail', 'target_action': 1, 'prev_risk': 0.23247752849551237, 'risk': 0.15586425031089024}
[ep=02 t=0087] choose_plan=0 action=3 reward=-1.997 info={'t': 88, 'max_steps': 100, 'dominant_type': 'outbound_conn', 'target_action': 2, 'prev_risk': 0.15586425031089024, 'risk': 0.09700118451410811}
[ep=02 t=0088] choose_plan=2 action=0 reward=-1.023 info={'t': 89, 'max_steps': 100, 'dominant_type': 'auth_fail', 'target_action': 1, 'prev_risk': 0.09700118451410811, 'risk': 0.10927105517901128}
[ep=02 t=0089] choose_plan=0 action=0 reward=-1.296 info={'t': 90, 'max_steps': 100, 'dominant_type': 'port_scan', 'target_action': 1, 'prev_risk': 0.10927105517901128, 'risk': 0.16508322787147012}
[ep=02 t=0090] choose_plan=4 action=0 reward=-1.410 info={'t': 91, 'max_steps': 100, 'dominant_type': 'auth_fail', 'target_action': 1, 'prev_risk': 0.16508322787147012, 'risk': 0.2010568489343671}
[ep=02 t=0091] choose_plan=4 action=0 reward=-1.902 info={'t': 92, 'max_steps': 100, 'dominant_type': 'proc_spawn', 'target_action': 2, 'prev_risk': 0.2010568489343671, 'risk': 0.18652429425878522}
[ep=02 t=0092] choose_plan=3 action=0 reward=-1.492 info={'t': 93, 'max_steps': 100, 'dominant_type': 'port_scan', 'target_action': 1, 'prev_risk': 0.18652429425878522, 'risk': 0.21483447810169537}
[ep=02 t=0093] choose_plan=2 action=0 reward=-2.539 info={'t': 94, 'max_steps': 100, 'dominant_type': 'proc_spawn', 'target_action': 2, 'prev_risk': 0.21483447810169537, 'risk': 0.3234652298344577}
[ep=02 t=0094] choose_plan=0 action=1 reward=-1.997 info={'t': 95, 'max_steps': 100, 'dominant_type': 'proc_spawn', 'target_action': 2, 'prev_risk': 0.3234652298344577, 'risk': 0.3194674485943896}
[ep=02 t=0095] choose_plan=2 action=1 reward=-2.178 info={'t': 96, 'max_steps': 100, 'dominant_type': 'proc_spawn', 'target_action': 2, 'prev_risk': 0.3194674485943896, 'risk': 0.3498858124504148}
[ep=02 t=0096] choose_plan=3 action=4 reward=-2.437 info={'t': 97, 'max_steps': 100, 'dominant_type': 'outbound_conn', 'target_action': 2, 'prev_risk': 0.3498858124504148, 'risk': 0.26472259733089776}
[ep=02 t=0097] choose_plan=4 action=0 reward=-1.758 info={'t': 98, 'max_steps': 100, 'dominant_type': 'port_scan', 'target_action': 1, 'prev_risk': 0.26472259733089776, 'risk': 0.27717516429933015}
[ep=02 t=0098] choose_plan=5 action=3 reward=-2.905 info={'t': 99, 'max_steps': 100, 'dominant_type': 'auth_fail', 'target_action': 1, 'prev_risk': 0.27717516429933015, 'risk': 0.19738705068080592}
[ep=02 t=0099] choose_plan=5 action=0 reward=-2.131 info={'t': 100, 'max_steps': 100, 'dominant_type': 'outbound_conn', 'target_action': 2, 'prev_risk': 0.19738705068080592, 'risk': 0.2316975969209232}
# done at t=99
# episode_summary {"episode": 2, "episode_return": -218.07860117310344, "reward_mean": -2.1807860117310343, "reward_min": -3.6974179768326896, "reward_max": -1.0233510104728671, "steps": 100, "unique_actions": 5, "top5_actions": [[0, 61], [4, 17], [1, 12], [2, 7], [3, 3]]}

# ===== EPISODE 3 =====
[ep=03 t=0000] choose_plan=1 action=4 reward=-2.883 info={'t': 1, 'max_steps': 100, 'dominant_type': 'port_scan', 'target_action': 1, 'prev_risk': 0.35142616240878866, 'risk': 0.2525212508853424}
[ep=03 t=0001] choose_plan=0 action=4 reward=-3.585 info={'t': 2, 'max_steps': 100, 'dominant_type': 'port_scan', 'target_action': 1, 'prev_risk': 0.2525212508853424, 'risk': 0.16266514999751167}
[ep=03 t=0002] choose_plan=1 action=0 reward=-1.404 info={'t': 3, 'max_steps': 100, 'dominant_type': 'port_scan', 'target_action': 1, 'prev_risk': 0.16266514999751167, 'risk': 0.1934434838216584}
[ep=03 t=0003] choose_plan=0 action=0 reward=-2.093 info={'t': 4, 'max_steps': 100, 'dominant_type': 'outbound_conn', 'target_action': 2, 'prev_risk': 0.1934434838216584, 'risk': 0.22963527462753264}
[ep=03 t=0004] choose_plan=1 action=0 reward=-1.704 info={'t': 5, 'max_steps': 100, 'dominant_type': 'auth_fail', 'target_action': 1, 'prev_risk': 0.22963527462753264, 'risk': 0.26283994384232523}
[ep=03 t=0005] choose_plan=2 action=0 reward=-1.708 info={'t': 6, 'max_steps': 100, 'dominant_type': 'port_scan', 'target_action': 1, 'prev_risk': 0.26283994384232523, 'risk': 0.26821540671466765}
[ep=03 t=0006] choose_plan=5 action=4 reward=-3.019 info={'t': 7, 'max_steps': 100, 'dominant_type': 'proc_spawn', 'target_action': 2, 'prev_risk': 0.26821540671466765, 'risk': 0.16918434227043566}
[ep=03 t=0007] choose_plan=3 action=0 reward=-1.465 info={'t': 8, 'max_steps': 100, 'dominant_type': 'port_scan', 'target_action': 1, 'prev_risk': 0.16918434227043566, 'risk': 0.20164915182334434}
[ep=03 t=0008] choose_plan=1 action=0 reward=-2.054 info={'t': 9, 'max_steps': 100, 'dominant_type': 'outbound_conn', 'target_action': 2, 'prev_risk': 0.20164915182334434, 'risk': 0.21386474440016412}
[ep=03 t=0009] choose_plan=2 action=0 reward=-1.641 info={'t': 10, 'max_steps': 100, 'dominant_type': 'port_scan', 'target_action': 1, 'prev_risk': 0.21386474440016412, 'risk': 0.24315857257730403}
[ep=03 t=0010] choose_plan=5 action=0 reward=-2.415 info={'t': 11, 'max_steps': 100, 'dominant_type': 'proc_spawn', 'target_action': 2, 'prev_risk': 0.24315857257730403, 'risk': 0.30350213215701144}
[ep=03 t=0011] choose_plan=3 action=1 reward=-1.705 info={'t': 12, 'max_steps': 100, 'dominant_type': 'outbound_conn', 'target_action': 2, 'prev_risk': 0.30350213215701144, 'risk': 0.27409506619965684}
[ep=03 t=0012] choose_plan=3 action=0 reward=-2.570 info={'t': 13, 'max_steps': 100, 'dominant_type': 'outbound_conn', 'target_action': 2, 'prev_risk': 0.27409506619965684, 'risk': 0.3269319452682278}
[ep=03 t=0013] choose_plan=2 action=1 reward=-2.028 info={'t': 14, 'max_steps': 100, 'dominant_type': 'outbound_conn', 'target_action': 2, 'prev_risk': 0.3269319452682278, 'risk': 0.3198632132439677}
[ep=03 t=0014] choose_plan=1 action=3 reward=-2.063 info={'t': 15, 'max_steps': 100, 'dominant_type': 'outbound_conn', 'target_action': 2, 'prev_risk': 0.3198632132439677, 'risk': 0.2981425373758423}
[ep=03 t=0015] choose_plan=1 action=0 reward=-2.585 info={'t': 16, 'max_steps': 100, 'dominant_type': 'port_scan', 'target_action': 2, 'prev_risk': 0.2981425373758423, 'risk': 0.3403679605365364}
[ep=03 t=0016] choose_plan=1 action=0 reward=-2.666 info={'t': 17, 'max_steps': 100, 'dominant_type': 'proc_spawn', 'target_action': 2, 'prev_risk': 0.3403679605365364, 'risk': 0.3494599033920679}
[ep=03 t=0017] choose_plan=2 action=1 reward=-2.753 info={'t': 18, 'max_steps': 100, 'dominant_type': 'proc_spawn', 'target_action': 3, 'prev_risk': 0.3494599033920679, 'risk': 0.36272649841812565}
[ep=03 t=0018] choose_plan=2 action=4 reward=-2.994 info={'t': 19, 'max_steps': 100, 'dominant_type': 'port_scan', 'target_action': 1, 'prev_risk': 0.36272649841812565, 'risk': 0.2826628698253414}
[ep=03 t=0019] choose_plan=1 action=0 reward=-2.418 info={'t': 20, 'max_steps': 100, 'dominant_type': 'outbound_conn', 'target_action': 2, 'prev_risk': 0.2826628698253414, 'risk': 0.29917440356454933}
[ep=03 t=0020] choose_plan=5 action=0 reward=-2.024 info={'t': 21, 'max_steps': 100, 'dominant_type': 'auth_fail', 'target_action': 1, 'prev_risk': 0.29917440356454933, 'risk': 0.332130157880045}
[ep=03 t=0021] choose_plan=1 action=3 reward=-2.221 info={'t': 22, 'max_steps': 100, 'dominant_type': 'port_scan', 'target_action': 1, 'prev_risk': 0.332130157880045, 'risk': 0.2472956356332185}
[ep=03 t=0022] choose_plan=0 action=0 reward=-2.493 info={'t': 23, 'max_steps': 100, 'dominant_type': 'outbound_conn', 'target_action': 2, 'prev_risk': 0.2472956356332185, 'risk': 0.31093172503881983}
[ep=03 t=0023] choose_plan=4 action=2 reward=-1.203 info={'t': 24, 'max_steps': 100, 'dominant_type': 'outbound_conn', 'target_action': 2, 'prev_risk': 0.31093172503881983, 'risk': 0.2686656605113556}
[ep=03 t=0024] choose_plan=0 action=0 reward=-1.758 info={'t': 25, 'max_steps': 100, 'dominant_type': 'auth_fail', 'target_action': 1, 'prev_risk': 0.2686656605113556, 'risk': 0.27153056466546394}
[ep=03 t=0025] choose_plan=3 action=0 reward=-2.334 info={'t': 26, 'max_steps': 100, 'dominant_type': 'proc_spawn', 'target_action': 2, 'prev_risk': 0.27153056466546394, 'risk': 0.27367280501752644}
[ep=03 t=0026] choose_plan=3 action=0 reward=-1.860 info={'t': 27, 'max_steps': 100, 'dominant_type': 'port_scan', 'target_action': 1, 'prev_risk': 0.27367280501752644, 'risk': 0.29540744272551717}
[ep=03 t=0027] choose_plan=0 action=0 reward=-2.613 info={'t': 28, 'max_steps': 100, 'dominant_type': 'proc_spawn', 'target_action': 2, 'prev_risk': 0.29540744272551717, 'risk': 0.3414215128140315}
[ep=03 t=0028] choose_plan=4 action=3 reward=-2.243 info={'t': 29, 'max_steps': 100, 'dominant_type': 'port_scan', 'target_action': 1, 'prev_risk': 0.3414215128140315, 'risk': 0.2541723903619267}
[ep=03 t=0029] choose_plan=5 action=0 reward=-1.729 info={'t': 30, 'max_steps': 100, 'dominant_type': 'port_scan', 'target_action': 1, 'prev_risk': 0.2541723903619267, 'risk': 0.2654282940290355}
[ep=03 t=0030] choose_plan=3 action=0 reward=-2.098 info={'t': 31, 'max_steps': 100, 'dominant_type': 'auth_fail', 'target_action': 1, 'prev_risk': 0.2654282940290355, 'risk': 0.3525143594035271}
[ep=03 t=0031] choose_plan=3 action=2 reward=-1.898 info={'t': 32, 'max_steps': 100, 'dominant_type': 'auth_fail', 'target_action': 1, 'prev_risk': 0.3525143594035271, 'risk': 0.3047744579267151}
[ep=03 t=0032] choose_plan=5 action=1 reward=-1.310 info={'t': 33, 'max_steps': 100, 'dominant_type': 'port_scan', 'target_action': 1, 'prev_risk': 0.3047744579267151, 'risk': 0.29020361076483975}
[ep=03 t=0033] choose_plan=3 action=0 reward=-1.907 info={'t': 34, 'max_steps': 100, 'dominant_type': 'auth_fail', 'target_action': 1, 'prev_risk': 0.29020361076483975, 'risk': 0.30953543898614044}
[ep=03 t=0034] choose_plan=0 action=1 reward=-1.374 info={'t': 35, 'max_steps': 100, 'dominant_type': 'auth_fail', 'target_action': 1, 'prev_risk': 0.30953543898614044, 'risk': 0.3012446770353077}
[ep=03 t=0035] choose_plan=4 action=1 reward=-1.394 info={'t': 36, 'max_steps': 100, 'dominant_type': 'auth_fail', 'target_action': 1, 'prev_risk': 0.3012446770353077, 'risk': 0.3057292292991822}
[ep=03 t=0036] choose_plan=0 action=1 reward=-1.952 info={'t': 37, 'max_steps': 100, 'dominant_type': 'port_scan', 'target_action': 2, 'prev_risk': 0.3057292292991822, 'risk': 0.30669746811574955}
[ep=03 t=0037] choose_plan=0 action=1 reward=-2.003 info={'t': 38, 'max_steps': 100, 'dominant_type': 'outbound_conn', 'target_action': 2, 'prev_risk': 0.30669746811574955, 'risk': 0.3100124682539091}
[ep=03 t=0038] choose_plan=3 action=2 reward=-1.617 info={'t': 39, 'max_steps': 100, 'dominant_type': 'proc_spawn', 'target_action': 2, 'prev_risk': 0.3100124682539091, 'risk': 0.3329506193901497}
[ep=03 t=0039] choose_plan=5 action=2 reward=-1.752 info={'t': 40, 'max_steps': 100, 'dominant_type': 'outbound_conn', 'target_action': 2, 'prev_risk': 0.3329506193901497, 'risk': 0.3655102520767849}
[ep=03 t=0040] choose_plan=3 action=1 reward=-2.802 info={'t': 41, 'max_steps': 100, 'dominant_type': 'proc_spawn', 'target_action': 3, 'prev_risk': 0.3655102520767849, 'risk': 0.37179512368277706}
[ep=03 t=0041] choose_plan=4 action=0 reward=-2.884 info={'t': 42, 'max_steps': 100, 'dominant_type': 'port_scan', 'target_action': 2, 'prev_risk': 0.37179512368277706, 'risk': 0.4065335567167792}
[ep=03 t=0042] choose_plan=1 action=3 reward=-2.519 info={'t': 43, 'max_steps': 100, 'dominant_type': 'auth_fail', 'target_action': 1, 'prev_risk': 0.4065335567167792, 'risk': 0.32262246333967576}
[ep=03 t=0043] choose_plan=3 action=0 reward=-2.557 info={'t': 44, 'max_steps': 100, 'dominant_type': 'proc_spawn', 'target_action': 2, 'prev_risk': 0.32262246333967576, 'risk': 0.32598588537035755}
[ep=03 t=0044] choose_plan=2 action=3 reward=-2.246 info={'t': 45, 'max_steps': 100, 'dominant_type': 'auth_fail', 'target_action': 1, 'prev_risk': 0.32598588537035755, 'risk': 0.2502830238828573}
[ep=03 t=0045] choose_plan=0 action=0 reward=-2.652 info={'t': 46, 'max_steps': 100, 'dominant_type': 'outbound_conn', 'target_action': 2, 'prev_risk': 0.2502830238828573, 'risk': 0.344310348726871}
[ep=03 t=0046] choose_plan=1 action=4 reward=-2.278 info={'t': 47, 'max_steps': 100, 'dominant_type': 'proc_spawn', 'target_action': 2, 'prev_risk': 0.344310348726871, 'risk': 0.2383021179967643}
[ep=03 t=0047] choose_plan=5 action=0 reward=-1.687 info={'t': 48, 'max_steps': 100, 'dominant_type': 'port_scan', 'target_action': 1, 'prev_risk': 0.2383021179967643, 'risk': 0.26544257909951163}
[ep=03 t=0048] choose_plan=1 action=4 reward=-3.002 info={'t': 49, 'max_steps': 100, 'dominant_type': 'proc_spawn', 'target_action': 2, 'prev_risk': 0.26544257909951163, 'risk': 0.16470004651997266}
[ep=03 t=0049] choose_plan=3 action=0 reward=-1.443 info={'t': 50, 'max_steps': 100, 'dominant_type': 'port_scan', 'target_action': 1, 'prev_risk': 0.16470004651997266, 'risk': 0.20431842430131308}
[ep=03 t=0050] choose_plan=5 action=0 reward=-1.454 info={'t': 51, 'max_steps': 100, 'dominant_type': 'port_scan', 'target_action': 1, 'prev_risk': 0.20431842430131308, 'risk': 0.20207511743150697}
[ep=03 t=0051] choose_plan=0 action=0 reward=-2.084 info={'t': 52, 'max_steps': 100, 'dominant_type': 'proc_spawn', 'target_action': 2, 'prev_risk': 0.20207511743150697, 'risk': 0.2219101875729611}
[ep=03 t=0052] choose_plan=1 action=0 reward=-2.195 info={'t': 53, 'max_steps': 100, 'dominant_type': 'outbound_conn', 'target_action': 2, 'prev_risk': 0.2219101875729611, 'risk': 0.2493236357205783}
[ep=03 t=0053] choose_plan=5 action=0 reward=-1.762 info={'t': 54, 'max_steps': 100, 'dominant_type': 'port_scan', 'target_action': 1, 'prev_risk': 0.2493236357205783, 'risk': 0.2807949484479484}
[ep=03 t=0054] choose_plan=0 action=0 reward=-3.246 info={'t': 55, 'max_steps': 100, 'dominant_type': 'proc_spawn', 'target_action': 3, 'prev_risk': 0.2807949484479484, 'risk': 0.3552196901487401}
[ep=03 t=0055] choose_plan=3 action=4 reward=-2.317 info={'t': 56, 'max_steps': 100, 'dominant_type': 'outbound_conn', 'target_action': 2, 'prev_risk': 0.3552196901487401, 'risk': 0.25069366461633447}
[ep=03 t=0056] choose_plan=1 action=0 reward=-1.801 info={'t': 57, 'max_steps': 100, 'dominant_type': 'auth_fail', 'target_action': 1, 'prev_risk': 0.25069366461633447, 'risk': 0.2874062900209061}
[ep=03 t=0057] choose_plan=3 action=0 reward=-2.546 info={'t': 58, 'max_steps': 100, 'dominant_type': 'proc_spawn', 'target_action': 2, 'prev_risk': 0.2874062900209061, 'risk': 0.3308763491905729}
[ep=03 t=0058] choose_plan=0 action=1 reward=-2.098 info={'t': 59, 'max_steps': 100, 'dominant_type': 'proc_spawn', 'target_action': 2, 'prev_risk': 0.3308763491905729, 'risk': 0.34353613640059333}
[ep=03 t=0059] choose_plan=2 action=1 reward=-1.514 info={'t': 60, 'max_steps': 100, 'dominant_type': 'auth_fail', 'target_action': 1, 'prev_risk': 0.34353613640059333, 'risk': 0.3343851985408374}
[ep=03 t=0060] choose_plan=0 action=2 reward=-1.400 info={'t': 61, 'max_steps': 100, 'dominant_type': 'proc_spawn', 'target_action': 2, 'prev_risk': 0.3343851985408374, 'risk': 0.30623059356584537}
[ep=03 t=0061] choose_plan=4 action=1 reward=-1.381 info={'t': 62, 'max_steps': 100, 'dominant_type': 'port_scan', 'target_action': 1, 'prev_risk': 0.30623059356584537, 'risk': 0.29881507228557846}
[ep=03 t=0062] choose_plan=2 action=4 reward=-2.720 info={'t': 63, 'max_steps': 100, 'dominant_type': 'auth_fail', 'target_action': 1, 'prev_risk': 0.29881507228557846, 'risk': 0.21347537861852856}
[ep=03 t=0063] choose_plan=0 action=0 reward=-1.500 info={'t': 64, 'max_steps': 100, 'dominant_type': 'auth_fail', 'target_action': 1, 'prev_risk': 0.21347537861852856, 'risk': 0.21978458507258736}
[ep=03 t=0064] choose_plan=5 action=0 reward=-2.219 info={'t': 65, 'max_steps': 100, 'dominant_type': 'proc_spawn', 'target_action': 2, 'prev_risk': 0.21978458507258736, 'risk': 0.24909803726134971}
[ep=03 t=0065] choose_plan=1 action=0 reward=-1.703 info={'t': 66, 'max_steps': 100, 'dominant_type': 'port_scan', 'target_action': 1, 'prev_risk': 0.24909803726134971, 'risk': 0.2622640014485878}
[ep=03 t=0066] choose_plan=3 action=0 reward=-1.837 info={'t': 67, 'max_steps': 100, 'dominant_type': 'auth_fail', 'target_action': 1, 'prev_risk': 0.2622640014485878, 'risk': 0.2912236980362698}
[ep=03 t=0067] choose_plan=0 action=0 reward=-2.486 info={'t': 68, 'max_steps': 100, 'dominant_type': 'proc_spawn', 'target_action': 2, 'prev_risk': 0.2912236980362698, 'risk': 0.3114116734232004}
[ep=03 t=0068] choose_plan=0 action=0 reward=-1.796 info={'t': 69, 'max_steps': 100, 'dominant_type': 'port_scan', 'target_action': 1, 'prev_risk': 0.3114116734232004, 'risk': 0.29502655673060907}
[ep=03 t=0069] choose_plan=3 action=4 reward=-2.104 info={'t': 70, 'max_steps': 100, 'dominant_type': 'proc_spawn', 'target_action': 2, 'prev_risk': 0.29502655673060907, 'risk': 0.19988350513647193}
[ep=03 t=0070] choose_plan=3 action=0 reward=-1.450 info={'t': 71, 'max_steps': 100, 'dominant_type': 'port_scan', 'target_action': 1, 'prev_risk': 0.19988350513647193, 'risk': 0.20370689363983702}
[ep=03 t=0071] choose_plan=4 action=0 reward=-2.143 info={'t': 72, 'max_steps': 100, 'dominant_type': 'proc_spawn', 'target_action': 2, 'prev_risk': 0.20370689363983702, 'risk': 0.2383851113339056}
[ep=03 t=0072] choose_plan=4 action=0 reward=-1.816 info={'t': 73, 'max_steps': 100, 'dominant_type': 'port_scan', 'target_action': 1, 'prev_risk': 0.2383851113339056, 'risk': 0.2820013451046956}
[ep=03 t=0073] choose_plan=5 action=0 reward=-2.426 info={'t': 74, 'max_steps': 100, 'dominant_type': 'outbound_conn', 'target_action': 2, 'prev_risk': 0.2820013451046956, 'risk': 0.30207923664020975}
[ep=03 t=0074] choose_plan=1 action=1 reward=-1.647 info={'t': 75, 'max_steps': 100, 'dominant_type': 'auth_fail', 'target_action': 1, 'prev_risk': 0.30207923664020975, 'risk': 0.3584267288081723}
[ep=03 t=0075] choose_plan=3 action=2 reward=-1.541 info={'t': 76, 'max_steps': 100, 'dominant_type': 'outbound_conn', 'target_action': 2, 'prev_risk': 0.3584267288081723, 'risk': 0.3297099977835021}
[ep=03 t=0076] choose_plan=1 action=1 reward=-2.101 info={'t': 77, 'max_steps': 100, 'dominant_type': 'outbound_conn', 'target_action': 2, 'prev_risk': 0.3297099977835021, 'risk': 0.3410391554393294}
[ep=03 t=0077] choose_plan=5 action=1 reward=-2.134 info={'t': 78, 'max_steps': 100, 'dominant_type': 'proc_spawn', 'target_action': 2, 'prev_risk': 0.3410391554393294, 'risk': 0.33995095079803356}
[ep=03 t=0078] choose_plan=1 action=2 reward=-1.355 info={'t': 79, 'max_steps': 100, 'dominant_type': 'proc_spawn', 'target_action': 2, 'prev_risk': 0.33995095079803356, 'risk': 0.3010736626453331}
[ep=03 t=0079] choose_plan=1 action=4 reward=-2.203 info={'t': 80, 'max_steps': 100, 'dominant_type': 'outbound_conn', 'target_action': 2, 'prev_risk': 0.3010736626453331, 'risk': 0.2159109160824615}
[ep=03 t=0080] choose_plan=5 action=0 reward=-2.144 info={'t': 81, 'max_steps': 100, 'dominant_type': 'outbound_conn', 'target_action': 2, 'prev_risk': 0.2159109160824615, 'risk': 0.23723954879604814}
[ep=03 t=0081] choose_plan=5 action=0 reward=-2.251 info={'t': 82, 'max_steps': 100, 'dominant_type': 'outbound_conn', 'target_action': 2, 'prev_risk': 0.23723954879604814, 'risk': 0.2630746261850969}
[ep=03 t=0082] choose_plan=1 action=4 reward=-3.593 info={'t': 83, 'max_steps': 100, 'dominant_type': 'auth_fail', 'target_action': 1, 'prev_risk': 0.2630746261850969, 'risk': 0.1683283563259228}
[ep=03 t=0083] choose_plan=1 action=0 reward=-1.511 info={'t': 84, 'max_steps': 100, 'dominant_type': 'port_scan', 'target_action': 1, 'prev_risk': 0.1683283563259228, 'risk': 0.22125271920993464}
[ep=03 t=0084] choose_plan=4 action=0 reward=-1.743 info={'t': 85, 'max_steps': 100, 'dominant_type': 'port_scan', 'target_action': 1, 'prev_risk': 0.22125271920993464, 'risk': 0.27485309091642135}
[ep=03 t=0085] choose_plan=4 action=0 reward=-1.780 info={'t': 86, 'max_steps': 100, 'dominant_type': 'auth_fail', 'target_action': 1, 'prev_risk': 0.27485309091642135, 'risk': 0.28025568229846143}
[ep=03 t=0086] choose_plan=3 action=0 reward=-2.459 info={'t': 87, 'max_steps': 100, 'dominant_type': 'proc_spawn', 'target_action': 2, 'prev_risk': 0.28025568229846143, 'risk': 0.2978609501077195}
[ep=03 t=0087] choose_plan=0 action=0 reward=-1.867 info={'t': 88, 'max_steps': 100, 'dominant_type': 'auth_fail', 'target_action': 1, 'prev_risk': 0.2978609501077195, 'risk': 0.30008401331708895}
[ep=03 t=0088] choose_plan=5 action=1 reward=-1.432 info={'t': 89, 'max_steps': 100, 'dominant_type': 'auth_fail', 'target_action': 1, 'prev_risk': 0.30008401331708895, 'risk': 0.3020536829946698}
[ep=03 t=0089] choose_plan=4 action=0 reward=-2.594 info={'t': 90, 'max_steps': 100, 'dominant_type': 'proc_spawn', 'target_action': 2, 'prev_risk': 0.3020536829946698, 'risk': 0.3412873673199415}
[ep=03 t=0090] choose_plan=5 action=1 reward=-2.025 info={'t': 91, 'max_steps': 100, 'dominant_type': 'proc_spawn', 'target_action': 2, 'prev_risk': 0.3412873673199415, 'risk': 0.32783317506317305}
[ep=03 t=0091] choose_plan=3 action=1 reward=-2.020 info={'t': 92, 'max_steps': 100, 'dominant_type': 'proc_spawn', 'target_action': 2, 'prev_risk': 0.32783317506317305, 'risk': 0.3213383875431102}
[ep=03 t=0092] choose_plan=4 action=1 reward=-2.062 info={'t': 93, 'max_steps': 100, 'dominant_type': 'outbound_conn', 'target_action': 2, 'prev_risk': 0.3213383875431102, 'risk': 0.32553153964538123}
[ep=03 t=0093] choose_plan=1 action=0 reward=-2.622 info={'t': 94, 'max_steps': 100, 'dominant_type': 'proc_spawn', 'target_action': 2, 'prev_risk': 0.32553153964538123, 'risk': 0.3495519177211161}
[ep=03 t=0094] choose_plan=2 action=3 reward=-1.735 info={'t': 95, 'max_steps': 100, 'dominant_type': 'proc_spawn', 'target_action': 2, 'prev_risk': 0.3495519177211161, 'risk': 0.2615321685441575}
[ep=03 t=0095] choose_plan=1 action=0 reward=-1.760 info={'t': 96, 'max_steps': 100, 'dominant_type': 'port_scan', 'target_action': 1, 'prev_risk': 0.2615321685441575, 'risk': 0.2738038418270026}
[ep=03 t=0096] choose_plan=2 action=0 reward=-2.347 info={'t': 97, 'max_steps': 100, 'dominant_type': 'outbound_conn', 'target_action': 2, 'prev_risk': 0.2738038418270026, 'risk': 0.28291709084320554}
[ep=03 t=0097] choose_plan=4 action=0 reward=-2.342 info={'t': 98, 'max_steps': 100, 'dominant_type': 'proc_spawn', 'target_action': 2, 'prev_risk': 0.28291709084320554, 'risk': 0.28088429191594455}
[ep=03 t=0098] choose_plan=1 action=0 reward=-2.583 info={'t': 99, 'max_steps': 100, 'dominant_type': 'proc_spawn', 'target_action': 2, 'prev_risk': 0.28088429191594455, 'risk': 0.33909899877948974}
[ep=03 t=0099] choose_plan=1 action=1 reward=-1.863 info={'t': 100, 'max_steps': 100, 'dominant_type': 'port_scan', 'target_action': 2, 'prev_risk': 0.33909899877948974, 'risk': 0.3044025950546445}
# done at t=99
# episode_summary {"episode": 3, "episode_return": -209.31795685750123, "reward_mean": -2.093179568575012, "reward_min": -3.59280617635882, "reward_max": -1.2028344994870652, "steps": 100, "unique_actions": 5, "top5_actions": [[0, 56], [1, 20], [4, 11], [2, 7], [3, 6]]}

# ===== EPISODE 4 =====
[ep=04 t=0000] choose_plan=5 action=2 reward=-1.362 info={'t': 1, 'max_steps': 100, 'dominant_type': 'proc_spawn', 'target_action': 2, 'prev_risk': 0.36350896479653444, 'risk': 0.30335243754110097}
[ep=04 t=0001] choose_plan=0 action=1 reward=-1.952 info={'t': 2, 'max_steps': 100, 'dominant_type': 'proc_spawn', 'target_action': 2, 'prev_risk': 0.30335243754110097, 'risk': 0.3014033672271682}
[ep=04 t=0002] choose_plan=1 action=2 reward=-2.227 info={'t': 3, 'max_steps': 100, 'dominant_type': 'auth_fail', 'target_action': 1, 'prev_risk': 0.3014033672271682, 'risk': 0.34427333492547807}
[ep=04 t=0003] choose_plan=0 action=1 reward=-1.938 info={'t': 4, 'max_steps': 100, 'dominant_type': 'port_scan', 'target_action': 2, 'prev_risk': 0.34427333492547807, 'risk': 0.3185745380895092}
[ep=04 t=0004] choose_plan=5 action=1 reward=-1.921 info={'t': 5, 'max_steps': 100, 'dominant_type': 'port_scan', 'target_action': 2, 'prev_risk': 0.3185745380895092, 'risk': 0.30561027701548404}
[ep=04 t=0005] choose_plan=5 action=4 reward=-2.795 info={'t': 6, 'max_steps': 100, 'dominant_type': 'auth_fail', 'target_action': 1, 'prev_risk': 0.30561027701548404, 'risk': 0.22828153902828013}
[ep=04 t=0006] choose_plan=0 action=0 reward=-1.654 info={'t': 7, 'max_steps': 100, 'dominant_type': 'port_scan', 'target_action': 1, 'prev_risk': 0.22828153902828013, 'risk': 0.24499420443944703}
[ep=04 t=0007] choose_plan=0 action=0 reward=-2.297 info={'t': 8, 'max_steps': 100, 'dominant_type': 'proc_spawn', 'target_action': 2, 'prev_risk': 0.24499420443944703, 'risk': 0.2753254943433907}
[ep=04 t=0008] choose_plan=4 action=0 reward=-2.391 info={'t': 9, 'max_steps': 100, 'dominant_type': 'proc_spawn', 'target_action': 2, 'prev_risk': 0.2753254943433907, 'risk': 0.28937727065231117}
[ep=04 t=0009] choose_plan=5 action=0 reward=-2.512 info={'t': 10, 'max_steps': 100, 'dominant_type': 'proc_spawn', 'target_action': 2, 'prev_risk': 0.28937727065231117, 'risk': 0.3211392022534769}
[ep=04 t=0010] choose_plan=3 action=4 reward=-2.055 info={'t': 11, 'max_steps': 100, 'dominant_type': 'outbound_conn', 'target_action': 2, 'prev_risk': 0.3211392022534769, 'risk': 0.19953836252258006}
[ep=04 t=0011] choose_plan=0 action=0 reward=-1.555 info={'t': 12, 'max_steps': 100, 'dominant_type': 'auth_fail', 'target_action': 1, 'prev_risk': 0.19953836252258006, 'risk': 0.2308602349144544}
[ep=04 t=0012] choose_plan=2 action=0 reward=-2.227 info={'t': 13, 'max_steps': 100, 'dominant_type': 'proc_spawn', 'target_action': 2, 'prev_risk': 0.2308602349144544, 'risk': 0.24990717086847716}
[ep=04 t=0013] choose_plan=0 action=0 reward=-2.347 info={'t': 14, 'max_steps': 100, 'dominant_type': 'proc_spawn', 'target_action': 2, 'prev_risk': 0.24990717086847716, 'risk': 0.27654378457826645}
[ep=04 t=0014] choose_plan=3 action=0 reward=-1.833 info={'t': 15, 'max_steps': 100, 'dominant_type': 'port_scan', 'target_action': 1, 'prev_risk': 0.27654378457826645, 'risk': 0.2945086936918074}
[ep=04 t=0015] choose_plan=2 action=0 reward=-2.448 info={'t': 16, 'max_steps': 100, 'dominant_type': 'port_scan', 'target_action': 2, 'prev_risk': 0.2945086936918074, 'risk': 0.30458312447276126}
[ep=04 t=0016] choose_plan=5 action=1 reward=-2.003 info={'t': 17, 'max_steps': 100, 'dominant_type': 'proc_spawn', 'target_action': 2, 'prev_risk': 0.30458312447276126, 'risk': 0.31608404691799724}
[ep=04 t=0017] choose_plan=5 action=0 reward=-2.647 info={'t': 18, 'max_steps': 100, 'dominant_type': 'outbound_conn', 'target_action': 2, 'prev_risk': 0.31608404691799724, 'risk': 0.35662248601894664}
[ep=04 t=0018] choose_plan=5 action=4 reward=-2.780 info={'t': 19, 'max_steps': 100, 'dominant_type': 'port_scan', 'target_action': 1, 'prev_risk': 0.35662248601894664, 'risk': 0.24355930116027497}
[ep=04 t=0019] choose_plan=4 action=0 reward=-2.323 info={'t': 20, 'max_steps': 100, 'dominant_type': 'proc_spawn', 'target_action': 2, 'prev_risk': 0.24355930116027497, 'risk': 0.26931919127687154}
[ep=04 t=0020] choose_plan=5 action=0 reward=-2.431 info={'t': 21, 'max_steps': 100, 'dominant_type': 'port_scan', 'target_action': 2, 'prev_risk': 0.26931919127687154, 'risk': 0.3011810300446181}
[ep=04 t=0021] choose_plan=5 action=3 reward=-2.299 info={'t': 22, 'max_steps': 100, 'dominant_type': 'port_scan', 'target_action': 1, 'prev_risk': 0.3011810300446181, 'risk': 0.2435616631727559}
[ep=04 t=0022] choose_plan=2 action=0 reward=-2.367 info={'t': 23, 'max_steps': 100, 'dominant_type': 'proc_spawn', 'target_action': 2, 'prev_risk': 0.2435616631727559, 'risk': 0.2927240972692706}
[ep=04 t=0023] choose_plan=0 action=0 reward=-2.518 info={'t': 24, 'max_steps': 100, 'dominant_type': 'proc_spawn', 'target_action': 2, 'prev_risk': 0.2927240972692706, 'risk': 0.32019201643697665}
[ep=04 t=0024] choose_plan=4 action=1 reward=-2.009 info={'t': 25, 'max_steps': 100, 'dominant_type': 'proc_spawn', 'target_action': 2, 'prev_risk': 0.32019201643697665, 'risk': 0.3200674362665579}
[ep=04 t=0025] choose_plan=4 action=4 reward=-2.098 info={'t': 26, 'max_steps': 100, 'dominant_type': 'outbound_conn', 'target_action': 2, 'prev_risk': 0.3200674362665579, 'risk': 0.20933375143815997}
[ep=04 t=0026] choose_plan=4 action=0 reward=-2.114 info={'t': 27, 'max_steps': 100, 'dominant_type': 'outbound_conn', 'target_action': 2, 'prev_risk': 0.20933375143815997, 'risk': 0.23927168647474278}
[ep=04 t=0027] choose_plan=1 action=0 reward=-2.276 info={'t': 28, 'max_steps': 100, 'dominant_type': 'proc_spawn', 'target_action': 2, 'prev_risk': 0.23927168647474278, 'risk': 0.2676629433132279}
[ep=04 t=0028] choose_plan=5 action=0 reward=-2.418 info={'t': 29, 'max_steps': 100, 'dominant_type': 'outbound_conn', 'target_action': 2, 'prev_risk': 0.2676629433132279, 'risk': 0.29372155179126}
[ep=04 t=0029] choose_plan=1 action=0 reward=-2.491 info={'t': 30, 'max_steps': 100, 'dominant_type': 'port_scan', 'target_action': 2, 'prev_risk': 0.29372155179126, 'risk': 0.3123903066860298}
[ep=04 t=0030] choose_plan=5 action=3 reward=-1.734 info={'t': 31, 'max_steps': 100, 'dominant_type': 'proc_spawn', 'target_action': 2, 'prev_risk': 0.3123903066860298, 'risk': 0.2510187016775355}
[ep=04 t=0031] choose_plan=3 action=0 reward=-2.292 info={'t': 32, 'max_steps': 100, 'dominant_type': 'proc_spawn', 'target_action': 2, 'prev_risk': 0.2510187016775355, 'risk': 0.2724179890183485}
[ep=04 t=0032] choose_plan=0 action=0 reward=-1.690 info={'t': 33, 'max_steps': 100, 'dominant_type': 'auth_fail', 'target_action': 1, 'prev_risk': 0.2724179890183485, 'risk': 0.2718794840555065}
[ep=04 t=0033] choose_plan=0 action=0 reward=-2.373 info={'t': 34, 'max_steps': 100, 'dominant_type': 'outbound_conn', 'target_action': 2, 'prev_risk': 0.2718794840555065, 'risk': 0.2835686281305107}
[ep=04 t=0034] choose_plan=5 action=2 reward=-1.691 info={'t': 35, 'max_steps': 100, 'dominant_type': 'port_scan', 'target_action': 1, 'prev_risk': 0.2835686281305107, 'risk': 0.2537130403588849}
[ep=04 t=0035] choose_plan=5 action=0 reward=-2.352 info={'t': 36, 'max_steps': 100, 'dominant_type': 'outbound_conn', 'target_action': 2, 'prev_risk': 0.2537130403588849, 'risk': 0.27835176598268585}
[ep=04 t=0036] choose_plan=5 action=0 reward=-2.593 info={'t': 37, 'max_steps': 100, 'dominant_type': 'outbound_conn', 'target_action': 2, 'prev_risk': 0.27835176598268585, 'risk': 0.3349210668153113}
[ep=04 t=0037] choose_plan=2 action=3 reward=-2.173 info={'t': 38, 'max_steps': 100, 'dominant_type': 'port_scan', 'target_action': 1, 'prev_risk': 0.3349210668153113, 'risk': 0.2402110284702058}
[ep=04 t=0038] choose_plan=0 action=0 reward=-1.666 info={'t': 39, 'max_steps': 100, 'dominant_type': 'port_scan', 'target_action': 1, 'prev_risk': 0.2402110284702058, 'risk': 0.24672400625015156}
[ep=04 t=0039] choose_plan=1 action=0 reward=-2.268 info={'t': 40, 'max_steps': 100, 'dominant_type': 'outbound_conn', 'target_action': 2, 'prev_risk': 0.24672400625015156, 'risk': 0.2618462002168972}
[ep=04 t=0040] choose_plan=5 action=0 reward=-2.590 info={'t': 41, 'max_steps': 100, 'dominant_type': 'outbound_conn', 'target_action': 2, 'prev_risk': 0.2618462002168972, 'risk': 0.3333852499339762}
[ep=04 t=0041] choose_plan=3 action=2 reward=-1.911 info={'t': 42, 'max_steps': 100, 'dominant_type': 'auth_fail', 'target_action': 1, 'prev_risk': 0.3333852499339762, 'risk': 0.2979218817511357}
[ep=04 t=0042] choose_plan=2 action=0 reward=-2.317 info={'t': 43, 'max_steps': 100, 'dominant_type': 'auth_fail', 'target_action': 1, 'prev_risk': 0.2979218817511357, 'risk': 0.3958477720040984}
[ep=04 t=0043] choose_plan=1 action=4 reward=-2.431 info={'t': 44, 'max_steps': 100, 'dominant_type': 'outbound_conn', 'target_action': 2, 'prev_risk': 0.3958477720040984, 'risk': 0.2877121031946486}
[ep=04 t=0044] choose_plan=2 action=3 reward=-2.530 info={'t': 45, 'max_steps': 100, 'dominant_type': 'port_scan', 'target_action': 1, 'prev_risk': 0.2877121031946486, 'risk': 0.2691313236343955}
[ep=04 t=0045] choose_plan=4 action=0 reward=-2.402 info={'t': 46, 'max_steps': 100, 'dominant_type': 'outbound_conn', 'target_action': 2, 'prev_risk': 0.2691313236343955, 'risk': 0.29855789722344744}
[ep=04 t=0046] choose_plan=3 action=0 reward=-2.579 info={'t': 47, 'max_steps': 100, 'dominant_type': 'outbound_conn', 'target_action': 2, 'prev_risk': 0.29855789722344744, 'risk': 0.3330892732647037}
[ep=04 t=0047] choose_plan=5 action=4 reward=-2.309 info={'t': 48, 'max_steps': 100, 'dominant_type': 'proc_spawn', 'target_action': 2, 'prev_risk': 0.3330892732647037, 'risk': 0.24325932373090114}
[ep=04 t=0048] choose_plan=1 action=0 reward=-2.320 info={'t': 49, 'max_steps': 100, 'dominant_type': 'proc_spawn', 'target_action': 2, 'prev_risk': 0.24325932373090114, 'risk': 0.2738902682256348}
[ep=04 t=0049] choose_plan=0 action=0 reward=-2.230 info={'t': 50, 'max_steps': 100, 'dominant_type': 'proc_spawn', 'target_action': 2, 'prev_risk': 0.2738902682256348, 'risk': 0.2650511000480535}
[ep=04 t=0050] choose_plan=2 action=0 reward=-2.634 info={'t': 51, 'max_steps': 100, 'dominant_type': 'proc_spawn', 'target_action': 2, 'prev_risk': 0.2650511000480535, 'risk': 0.34175857367588713}
[ep=04 t=0051] choose_plan=4 action=1 reward=-1.932 info={'t': 52, 'max_steps': 100, 'dominant_type': 'port_scan', 'target_action': 2, 'prev_risk': 0.34175857367588713, 'risk': 0.3136733742103201}
[ep=04 t=0052] choose_plan=3 action=3 reward=-2.162 info={'t': 53, 'max_steps': 100, 'dominant_type': 'port_scan', 'target_action': 1, 'prev_risk': 0.3136733742103201, 'risk': 0.23383396295430037}
[ep=04 t=0053] choose_plan=3 action=0 reward=-1.792 info={'t': 54, 'max_steps': 100, 'dominant_type': 'auth_fail', 'target_action': 1, 'prev_risk': 0.23383396295430037, 'risk': 0.2799099915209243}
[ep=04 t=0054] choose_plan=1 action=0 reward=-2.734 info={'t': 55, 'max_steps': 100, 'dominant_type': 'port_scan', 'target_action': 2, 'prev_risk': 0.2799099915209243, 'risk': 0.3710340901268502}
[ep=04 t=0055] choose_plan=4 action=4 reward=-2.971 info={'t': 56, 'max_steps': 100, 'dominant_type': 'auth_fail', 'target_action': 1, 'prev_risk': 0.3710340901268502, 'risk': 0.27304228281300036}
[ep=04 t=0056] choose_plan=0 action=4 reward=-3.209 info={'t': 57, 'max_steps': 100, 'dominant_type': 'proc_spawn', 'target_action': 2, 'prev_risk': 0.27304228281300036, 'risk': 0.19669367379182723}
[ep=04 t=0057] choose_plan=3 action=0 reward=-1.764 info={'t': 58, 'max_steps': 100, 'dominant_type': 'port_scan', 'target_action': 1, 'prev_risk': 0.19669367379182723, 'risk': 0.2810570829722031}
[ep=04 t=0058] choose_plan=3 action=0 reward=-2.463 info={'t': 59, 'max_steps': 100, 'dominant_type': 'proc_spawn', 'target_action': 2, 'prev_risk': 0.2810570829722031, 'risk': 0.31378785752735905}
[ep=04 t=0059] choose_plan=0 action=1 reward=-2.723 info={'t': 60, 'max_steps': 100, 'dominant_type': 'proc_spawn', 'target_action': 3, 'prev_risk': 0.31378785752735905, 'risk': 0.3566181746682832}
[ep=04 t=0060] choose_plan=3 action=4 reward=-2.283 info={'t': 61, 'max_steps': 100, 'dominant_type': 'proc_spawn', 'target_action': 2, 'prev_risk': 0.3566181746682832, 'risk': 0.25296144339039905}
[ep=04 t=0061] choose_plan=1 action=0 reward=-2.498 info={'t': 62, 'max_steps': 100, 'dominant_type': 'outbound_conn', 'target_action': 2, 'prev_risk': 0.25296144339039905, 'risk': 0.3148231047931196}
[ep=04 t=0062] choose_plan=0 action=1 reward=-1.259 info={'t': 63, 'max_steps': 100, 'dominant_type': 'auth_fail', 'target_action': 1, 'prev_risk': 0.3148231047931196, 'risk': 0.2858703258662775}
[ep=04 t=0063] choose_plan=1 action=0 reward=-2.362 info={'t': 64, 'max_steps': 100, 'dominant_type': 'outbound_conn', 'target_action': 2, 'prev_risk': 0.2858703258662775, 'risk': 0.28856674589017295}
[ep=04 t=0064] choose_plan=0 action=0 reward=-2.547 info={'t': 65, 'max_steps': 100, 'dominant_type': 'port_scan', 'target_action': 2, 'prev_risk': 0.28856674589017295, 'risk': 0.32863912388099153}
[ep=04 t=0065] choose_plan=5 action=0 reward=-2.635 info={'t': 66, 'max_steps': 100, 'dominant_type': 'proc_spawn', 'target_action': 2, 'prev_risk': 0.32863912388099153, 'risk': 0.3475461355568435}
[ep=04 t=0066] choose_plan=1 action=1 reward=-3.005 info={'t': 67, 'max_steps': 100, 'dominant_type': 'proc_spawn', 'target_action': 3, 'prev_risk': 0.3475461355568435, 'risk': 0.42064888445714566}
[ep=04 t=0067] choose_plan=5 action=1 reward=-2.385 info={'t': 68, 'max_steps': 100, 'dominant_type': 'outbound_conn', 'target_action': 2, 'prev_risk': 0.42064888445714566, 'risk': 0.41023247336558366}
[ep=04 t=0068] choose_plan=3 action=4 reward=-3.142 info={'t': 69, 'max_steps': 100, 'dominant_type': 'auth_fail', 'target_action': 1, 'prev_risk': 0.41023247336558366, 'risk': 0.31105172917796214}
[ep=04 t=0069] choose_plan=3 action=4 reward=-2.069 info={'t': 70, 'max_steps': 100, 'dominant_type': 'proc_spawn', 'target_action': 2, 'prev_risk': 0.31105172917796214, 'risk': 0.1996044692052653}
[ep=04 t=0070] choose_plan=4 action=0 reward=-2.017 info={'t': 71, 'max_steps': 100, 'dominant_type': 'proc_spawn', 'target_action': 2, 'prev_risk': 0.1996044692052653, 'risk': 0.20279779745249155}
[ep=04 t=0071] choose_plan=4 action=0 reward=-1.468 info={'t': 72, 'max_steps': 100, 'dominant_type': 'port_scan', 'target_action': 1, 'prev_risk': 0.20279779745249155, 'risk': 0.21366470504063934}
[ep=04 t=0072] choose_plan=0 action=0 reward=-1.681 info={'t': 73, 'max_steps': 100, 'dominant_type': 'port_scan', 'target_action': 1, 'prev_risk': 0.21366470504063934, 'risk': 0.2600521284374466}
[ep=04 t=0073] choose_plan=2 action=0 reward=-2.296 info={'t': 74, 'max_steps': 100, 'dominant_type': 'outbound_conn', 'target_action': 2, 'prev_risk': 0.2600521284374466, 'risk': 0.2696671564096788}
[ep=04 t=0074] choose_plan=0 action=0 reward=-1.833 info={'t': 75, 'max_steps': 100, 'dominant_type': 'port_scan', 'target_action': 1, 'prev_risk': 0.2696671564096788, 'risk': 0.28786791656489136}
[ep=04 t=0075] choose_plan=0 action=3 reward=-2.279 info={'t': 76, 'max_steps': 100, 'dominant_type': 'port_scan', 'target_action': 1, 'prev_risk': 0.28786791656489136, 'risk': 0.24016524779200252}
[ep=04 t=0076] choose_plan=0 action=0 reward=-1.636 info={'t': 77, 'max_steps': 100, 'dominant_type': 'auth_fail', 'target_action': 1, 'prev_risk': 0.24016524779200252, 'risk': 0.2491458422007801}
[ep=04 t=0077] choose_plan=2 action=0 reward=-1.789 info={'t': 78, 'max_steps': 100, 'dominant_type': 'port_scan', 'target_action': 1, 'prev_risk': 0.2491458422007801, 'risk': 0.2782889062379148}
[ep=04 t=0078] choose_plan=0 action=0 reward=-1.810 info={'t': 79, 'max_steps': 100, 'dominant_type': 'auth_fail', 'target_action': 1, 'prev_risk': 0.2782889062379148, 'risk': 0.28926310694451657}
[ep=04 t=0079] choose_plan=5 action=0 reward=-1.974 info={'t': 80, 'max_steps': 100, 'dominant_type': 'auth_fail', 'target_action': 1, 'prev_risk': 0.28926310694451657, 'risk': 0.32472064340549456}
[ep=04 t=0080] choose_plan=5 action=4 reward=-2.267 info={'t': 81, 'max_steps': 100, 'dominant_type': 'outbound_conn', 'target_action': 2, 'prev_risk': 0.32472064340549456, 'risk': 0.23694264720491987}
[ep=04 t=0081] choose_plan=4 action=4 reward=-2.984 info={'t': 82, 'max_steps': 100, 'dominant_type': 'outbound_conn', 'target_action': 2, 'prev_risk': 0.23694264720491987, 'risk': 0.15104543821811928}
[ep=04 t=0082] choose_plan=0 action=0 reward=-1.781 info={'t': 83, 'max_steps': 100, 'dominant_type': 'proc_spawn', 'target_action': 2, 'prev_risk': 0.15104543821811928, 'risk': 0.15581476394382288}
[ep=04 t=0083] choose_plan=4 action=0 reward=-1.837 info={'t': 84, 'max_steps': 100, 'dominant_type': 'proc_spawn', 'target_action': 2, 'prev_risk': 0.15581476394382288, 'risk': 0.1715189802677286}
[ep=04 t=0084] choose_plan=2 action=0 reward=-2.051 info={'t': 85, 'max_steps': 100, 'dominant_type': 'outbound_conn', 'target_action': 2, 'prev_risk': 0.1715189802677286, 'risk': 0.21734828403397644}
[ep=04 t=0085] choose_plan=0 action=0 reward=-1.511 info={'t': 86, 'max_steps': 100, 'dominant_type': 'port_scan', 'target_action': 1, 'prev_risk': 0.21734828403397644, 'risk': 0.21750269874986394}
[ep=04 t=0086] choose_plan=2 action=0 reward=-2.136 info={'t': 87, 'max_steps': 100, 'dominant_type': 'outbound_conn', 'target_action': 2, 'prev_risk': 0.21750269874986394, 'risk': 0.23373464115496934}
[ep=04 t=0087] choose_plan=2 action=3 reward=-2.363 info={'t': 88, 'max_steps': 100, 'dominant_type': 'proc_spawn', 'target_action': 2, 'prev_risk': 0.23373464115496934, 'risk': 0.17967070079678532}
[ep=04 t=0088] choose_plan=1 action=0 reward=-2.125 info={'t': 89, 'max_steps': 100, 'dominant_type': 'proc_spawn', 'target_action': 2, 'prev_risk': 0.17967070079678532, 'risk': 0.2289968919392038}
[ep=04 t=0089] choose_plan=2 action=0 reward=-2.112 info={'t': 90, 'max_steps': 100, 'dominant_type': 'proc_spawn', 'target_action': 2, 'prev_risk': 0.2289968919392038, 'risk': 0.2296133010638273}
[ep=04 t=0090] choose_plan=0 action=0 reward=-1.700 info={'t': 91, 'max_steps': 100, 'dominant_type': 'port_scan', 'target_action': 1, 'prev_risk': 0.2296133010638273, 'risk': 0.2634431764926101}
[ep=04 t=0091] choose_plan=2 action=0 reward=-2.433 info={'t': 92, 'max_steps': 100, 'dominant_type': 'proc_spawn', 'target_action': 2, 'prev_risk': 0.2634431764926101, 'risk': 0.29590645995003445}
[ep=04 t=0092] choose_plan=3 action=0 reward=-2.474 info={'t': 93, 'max_steps': 100, 'dominant_type': 'outbound_conn', 'target_action': 2, 'prev_risk': 0.29590645995003445, 'risk': 0.30736231345347953}
[ep=04 t=0093] choose_plan=1 action=2 reward=-1.834 info={'t': 94, 'max_steps': 100, 'dominant_type': 'port_scan', 'target_action': 1, 'prev_risk': 0.30736231345347953, 'risk': 0.27614043609186995}
[ep=04 t=0094] choose_plan=4 action=0 reward=-2.550 info={'t': 95, 'max_steps': 100, 'dominant_type': 'port_scan', 'target_action': 2, 'prev_risk': 0.27614043609186995, 'risk': 0.3282349261980317}
[ep=04 t=0095] choose_plan=0 action=0 reward=-2.645 info={'t': 96, 'max_steps': 100, 'dominant_type': 'outbound_conn', 'target_action': 2, 'prev_risk': 0.3282349261980317, 'risk': 0.3440895885868457}
[ep=04 t=0096] choose_plan=4 action=2 reward=-1.387 info={'t': 97, 'max_steps': 100, 'dominant_type': 'outbound_conn', 'target_action': 2, 'prev_risk': 0.3440895885868457, 'risk': 0.3085328505589536}
[ep=04 t=0097] choose_plan=5 action=1 reward=-1.950 info={'t': 98, 'max_steps': 100, 'dominant_type': 'proc_spawn', 'target_action': 2, 'prev_risk': 0.3085328505589536, 'risk': 0.30665495970160156}
[ep=04 t=0098] choose_plan=0 action=2 reward=-1.788 info={'t': 99, 'max_steps': 100, 'dominant_type': 'port_scan', 'target_action': 1, 'prev_risk': 0.30665495970160156, 'risk': 0.27024993038265477}
[ep=04 t=0099] choose_plan=4 action=0 reward=-1.859 info={'t': 100, 'max_steps': 100, 'dominant_type': 'auth_fail', 'target_action': 1, 'prev_risk': 0.27024993038265477, 'risk': 0.30087476316137507}
# done at t=99
# episode_summary {"episode": 4, "episode_return": -219.8766054461546, "reward_mean": -2.198766054461546, "reward_min": -3.2093747563788266, "reward_max": -1.2585177711762936, "steps": 100, "unique_actions": 5, "top5_actions": [[0, 62], [4, 13], [1, 11], [2, 7], [3, 7]]}

# ===== EPISODE 5 =====
[ep=05 t=0000] choose_plan=0 action=1 reward=-1.648 info={'t': 1, 'max_steps': 100, 'dominant_type': 'auth_fail', 'target_action': 1, 'prev_risk': 0.3537116239339323, 'risk': 0.3592936499745165}
[ep=05 t=0001] choose_plan=2 action=1 reward=-2.687 info={'t': 2, 'max_steps': 100, 'dominant_type': 'proc_spawn', 'target_action': 3, 'prev_risk': 0.3592936499745165, 'risk': 0.35162682252497435}
[ep=05 t=0002] choose_plan=2 action=2 reward=-1.493 info={'t': 3, 'max_steps': 100, 'dominant_type': 'proc_spawn', 'target_action': 2, 'prev_risk': 0.35162682252497435, 'risk': 0.3183094838912038}
[ep=05 t=0003] choose_plan=2 action=1 reward=-1.929 info={'t': 4, 'max_steps': 100, 'dominant_type': 'proc_spawn', 'target_action': 2, 'prev_risk': 0.3183094838912038, 'risk': 0.30609393422627706}
[ep=05 t=0004] choose_plan=2 action=1 reward=-1.978 info={'t': 5, 'max_steps': 100, 'dominant_type': 'proc_spawn', 'target_action': 2, 'prev_risk': 0.30609393422627706, 'risk': 0.31054807778584087}
[ep=05 t=0005] choose_plan=3 action=1 reward=-2.149 info={'t': 6, 'max_steps': 100, 'dominant_type': 'proc_spawn', 'target_action': 2, 'prev_risk': 0.31054807778584087, 'risk': 0.3479361190175633}
[ep=05 t=0006] choose_plan=2 action=0 reward=-2.760 info={'t': 7, 'max_steps': 100, 'dominant_type': 'port_scan', 'target_action': 2, 'prev_risk': 0.3479361190175633, 'risk': 0.36782322891979913}
[ep=05 t=0007] choose_plan=4 action=3 reward=-2.527 info={'t': 8, 'max_steps': 100, 'dominant_type': 'port_scan', 'target_action': 1, 'prev_risk': 0.36782322891979913, 'risk': 0.29978370137886784}
[ep=05 t=0008] choose_plan=5 action=0 reward=-2.584 info={'t': 9, 'max_steps': 100, 'dominant_type': 'proc_spawn', 'target_action': 2, 'prev_risk': 0.29978370137886784, 'risk': 0.32503921258118473}
[ep=05 t=0009] choose_plan=5 action=4 reward=-3.064 info={'t': 10, 'max_steps': 100, 'dominant_type': 'auth_fail', 'target_action': 1, 'prev_risk': 0.32503921258118473, 'risk': 0.26890091884361655}
[ep=05 t=0010] choose_plan=4 action=0 reward=-2.457 info={'t': 11, 'max_steps': 100, 'dominant_type': 'proc_spawn', 'target_action': 2, 'prev_risk': 0.26890091884361655, 'risk': 0.3046608008244422}
[ep=05 t=0011] choose_plan=5 action=1 reward=-1.342 info={'t': 12, 'max_steps': 100, 'dominant_type': 'auth_fail', 'target_action': 1, 'prev_risk': 0.3046608008244422, 'risk': 0.29579576446350025}
[ep=05 t=0012] choose_plan=3 action=0 reward=-2.628 info={'t': 13, 'max_steps': 100, 'dominant_type': 'proc_spawn', 'target_action': 2, 'prev_risk': 0.29579576446350025, 'risk': 0.33929229878927036}
[ep=05 t=0013] choose_plan=2 action=2 reward=-2.132 info={'t': 14, 'max_steps': 100, 'dominant_type': 'auth_fail', 'target_action': 1, 'prev_risk': 0.33929229878927036, 'risk': 0.3305366122564036}
[ep=05 t=0014] choose_plan=1 action=3 reward=-1.814 info={'t': 15, 'max_steps': 100, 'dominant_type': 'outbound_conn', 'target_action': 2, 'prev_risk': 0.3305366122564036, 'risk': 0.2690002773510761}
[ep=05 t=0015] choose_plan=2 action=0 reward=-2.463 info={'t': 16, 'max_steps': 100, 'dominant_type': 'port_scan', 'target_action': 2, 'prev_risk': 0.2690002773510761, 'risk': 0.312056625268137}
[ep=05 t=0016] choose_plan=2 action=4 reward=-2.707 info={'t': 17, 'max_steps': 100, 'dominant_type': 'port_scan', 'target_action': 1, 'prev_risk': 0.312056625268137, 'risk': 0.2142998887280118}
[ep=05 t=0017] choose_plan=2 action=0 reward=-2.027 info={'t': 18, 'max_steps': 100, 'dominant_type': 'outbound_conn', 'target_action': 2, 'prev_risk': 0.2142998887280118, 'risk': 0.2061756821803176}
[ep=05 t=0018] choose_plan=3 action=0 reward=-2.292 info={'t': 19, 'max_steps': 100, 'dominant_type': 'proc_spawn', 'target_action': 2, 'prev_risk': 0.2061756821803176, 'risk': 0.2678977959417546}
[ep=05 t=0019] choose_plan=1 action=0 reward=-1.886 info={'t': 20, 'max_steps': 100, 'dominant_type': 'auth_fail', 'target_action': 1, 'prev_risk': 0.2678977959417546, 'risk': 0.3057039591021169}
[ep=05 t=0020] choose_plan=4 action=2 reward=-1.236 info={'t': 21, 'max_steps': 100, 'dominant_type': 'proc_spawn', 'target_action': 2, 'prev_risk': 0.3057039591021169, 'risk': 0.26894650206560616}
[ep=05 t=0021] choose_plan=2 action=0 reward=-1.807 info={'t': 22, 'max_steps': 100, 'dominant_type': 'auth_fail', 'target_action': 1, 'prev_risk': 0.26894650206560616, 'risk': 0.2865103853935727}
[ep=05 t=0022] choose_plan=3 action=0 reward=-2.450 info={'t': 23, 'max_steps': 100, 'dominant_type': 'port_scan', 'target_action': 2, 'prev_risk': 0.2865103853935727, 'risk': 0.30984304294459486}
[ep=05 t=0023] choose_plan=2 action=3 reward=-1.661 info={'t': 24, 'max_steps': 100, 'dominant_type': 'proc_spawn', 'target_action': 2, 'prev_risk': 0.30984304294459486, 'risk': 0.23866890367705756}
[ep=05 t=0024] choose_plan=1 action=4 reward=-2.828 info={'t': 25, 'max_steps': 100, 'dominant_type': 'proc_spawn', 'target_action': 2, 'prev_risk': 0.23866890367705756, 'risk': 0.13505339590656118}
[ep=05 t=0025] choose_plan=5 action=0 reward=-1.563 info={'t': 26, 'max_steps': 100, 'dominant_type': 'auth_fail', 'target_action': 1, 'prev_risk': 0.13505339590656118, 'risk': 0.23168390145269846}
[ep=05 t=0026] choose_plan=0 action=0 reward=-1.700 info={'t': 27, 'max_steps': 100, 'dominant_type': 'auth_fail', 'target_action': 1, 'prev_risk': 0.23168390145269846, 'risk': 0.2583369162853194}
[ep=05 t=0027] choose_plan=0 action=0 reward=-2.268 info={'t': 28, 'max_steps': 100, 'dominant_type': 'outbound_conn', 'target_action': 2, 'prev_risk': 0.2583369162853194, 'risk': 0.2673562223316743}
[ep=05 t=0028] choose_plan=1 action=0 reward=-2.420 info={'t': 29, 'max_steps': 100, 'dominant_type': 'outbound_conn', 'target_action': 2, 'prev_risk': 0.2673562223316743, 'risk': 0.2998192783445207}
[ep=05 t=0029] choose_plan=5 action=4 reward=-2.633 info={'t': 30, 'max_steps': 100, 'dominant_type': 'port_scan', 'target_action': 1, 'prev_risk': 0.2998192783445207, 'risk': 0.19838965163831712}
[ep=05 t=0030] choose_plan=1 action=4 reward=-3.339 info={'t': 31, 'max_steps': 100, 'dominant_type': 'port_scan', 'target_action': 1, 'prev_risk': 0.19838965163831712, 'risk': 0.11223851097690693}
[ep=05 t=0031] choose_plan=0 action=0 reward=-1.167 info={'t': 32, 'max_steps': 100, 'dominant_type': 'port_scan', 'target_action': 1, 'prev_risk': 0.11223851097690693, 'risk': 0.13943821806026685}
[ep=05 t=0032] choose_plan=1 action=0 reward=-1.452 info={'t': 33, 'max_steps': 100, 'dominant_type': 'auth_fail', 'target_action': 1, 'prev_risk': 0.13943821806026685, 'risk': 0.20937269889682045}
[ep=05 t=0033] choose_plan=0 action=0 reward=-1.627 info={'t': 34, 'max_steps': 100, 'dominant_type': 'port_scan', 'target_action': 1, 'prev_risk': 0.20937269889682045, 'risk': 0.23803808748619643}
[ep=05 t=0034] choose_plan=5 action=0 reward=-2.288 info={'t': 35, 'max_steps': 100, 'dominant_type': 'proc_spawn', 'target_action': 2, 'prev_risk': 0.23803808748619643, 'risk': 0.27806585772898934}
[ep=05 t=0035] choose_plan=2 action=0 reward=-2.420 info={'t': 36, 'max_steps': 100, 'dominant_type': 'outbound_conn', 'target_action': 2, 'prev_risk': 0.27806585772898934, 'risk': 0.29928895618409423}
[ep=05 t=0036] choose_plan=5 action=0 reward=-3.187 info={'t': 37, 'max_steps': 100, 'dominant_type': 'proc_spawn', 'target_action': 3, 'prev_risk': 0.29928895618409423, 'risk': 0.35080941988610626}
[ep=05 t=0037] choose_plan=0 action=0 reward=-2.652 info={'t': 38, 'max_steps': 100, 'dominant_type': 'outbound_conn', 'target_action': 2, 'prev_risk': 0.35080941988610626, 'risk': 0.3540072346560469}
[ep=05 t=0038] choose_plan=1 action=1 reward=-2.246 info={'t': 39, 'max_steps': 100, 'dominant_type': 'outbound_conn', 'target_action': 2, 'prev_risk': 0.3540072346560469, 'risk': 0.36366358634515866}
[ep=05 t=0039] choose_plan=5 action=1 reward=-1.569 info={'t': 40, 'max_steps': 100, 'dominant_type': 'auth_fail', 'target_action': 1, 'prev_risk': 0.36366358634515866, 'risk': 0.34854979961457605}
[ep=05 t=0040] choose_plan=5 action=0 reward=-2.701 info={'t': 41, 'max_steps': 100, 'dominant_type': 'port_scan', 'target_action': 2, 'prev_risk': 0.34854979961457605, 'risk': 0.3681339959240818}
[ep=05 t=0041] choose_plan=3 action=0 reward=-2.766 info={'t': 42, 'max_steps': 100, 'dominant_type': 'port_scan', 'target_action': 2, 'prev_risk': 0.3681339959240818, 'risk': 0.3813685669277507}
[ep=05 t=0042] choose_plan=1 action=2 reward=-1.518 info={'t': 43, 'max_steps': 100, 'dominant_type': 'proc_spawn', 'target_action': 2, 'prev_risk': 0.3813685669277507, 'risk': 0.3383185679241259}
[ep=05 t=0043] choose_plan=3 action=2 reward=-2.003 info={'t': 44, 'max_steps': 100, 'dominant_type': 'auth_fail', 'target_action': 1, 'prev_risk': 0.3383185679241259, 'risk': 0.307315111045297}
[ep=05 t=0044] choose_plan=1 action=4 reward=-2.266 info={'t': 45, 'max_steps': 100, 'dominant_type': 'proc_spawn', 'target_action': 2, 'prev_risk': 0.307315111045297, 'risk': 0.22917522239922178}
[ep=05 t=0045] choose_plan=1 action=0 reward=-2.180 info={'t': 46, 'max_steps': 100, 'dominant_type': 'proc_spawn', 'target_action': 2, 'prev_risk': 0.22917522239922178, 'risk': 0.2524462728541552}
[ep=05 t=0046] choose_plan=0 action=2 reward=-1.332 info={'t': 47, 'max_steps': 100, 'dominant_type': 'proc_spawn', 'target_action': 2, 'prev_risk': 0.2524462728541552, 'risk': 0.26296584741100076}
[ep=05 t=0047] choose_plan=4 action=0 reward=-2.314 info={'t': 48, 'max_steps': 100, 'dominant_type': 'outbound_conn', 'target_action': 2, 'prev_risk': 0.26296584741100076, 'risk': 0.2803978604065264}
[ep=05 t=0048] choose_plan=0 action=0 reward=-2.053 info={'t': 49, 'max_steps': 100, 'dominant_type': 'auth_fail', 'target_action': 1, 'prev_risk': 0.2803978604065264, 'risk': 0.34709921443218966}
[ep=05 t=0049] choose_plan=1 action=1 reward=-1.483 info={'t': 50, 'max_steps': 100, 'dominant_type': 'auth_fail', 'target_action': 1, 'prev_risk': 0.34709921443218966, 'risk': 0.3338346618130766}
[ep=05 t=0050] choose_plan=0 action=1 reward=-2.116 info={'t': 51, 'max_steps': 100, 'dominant_type': 'port_scan', 'target_action': 2, 'prev_risk': 0.3338346618130766, 'risk': 0.33871607408556986}
[ep=05 t=0051] choose_plan=2 action=2 reward=-1.375 info={'t': 52, 'max_steps': 100, 'dominant_type': 'proc_spawn', 'target_action': 2, 'prev_risk': 0.33871607408556986, 'risk': 0.30564732902549774}
[ep=05 t=0052] choose_plan=3 action=1 reward=-1.155 info={'t': 53, 'max_steps': 100, 'dominant_type': 'auth_fail', 'target_action': 1, 'prev_risk': 0.30564732902549774, 'risk': 0.2723555084981443}
[ep=05 t=0053] choose_plan=4 action=0 reward=-2.371 info={'t': 54, 'max_steps': 100, 'dominant_type': 'outbound_conn', 'target_action': 2, 'prev_risk': 0.2723555084981443, 'risk': 0.29466492955129614}
[ep=05 t=0054] choose_plan=1 action=0 reward=-2.651 info={'t': 55, 'max_steps': 100, 'dominant_type': 'port_scan', 'target_action': 2, 'prev_risk': 0.29466492955129614, 'risk': 0.351067396444212}
[ep=05 t=0055] choose_plan=4 action=0 reward=-3.003 info={'t': 56, 'max_steps': 100, 'dominant_type': 'port_scan', 'target_action': 2, 'prev_risk': 0.351067396444212, 'risk': 0.4325547523715493}
[ep=05 t=0056] choose_plan=3 action=1 reward=-3.268 info={'t': 57, 'max_steps': 100, 'dominant_type': 'proc_spawn', 'target_action': 3, 'prev_risk': 0.4325547523715493, 'risk': 0.4729968137939739}
[ep=05 t=0057] choose_plan=1 action=0 reward=-3.270 info={'t': 58, 'max_steps': 100, 'dominant_type': 'port_scan', 'target_action': 2, 'prev_risk': 0.4729968137939739, 'risk': 0.49700895431831205}
[ep=05 t=0058] choose_plan=3 action=4 reward=-2.272 info={'t': 59, 'max_steps': 100, 'dominant_type': 'proc_spawn', 'target_action': 3, 'prev_risk': 0.49700895431831205, 'risk': 0.3762888171217865}
[ep=05 t=0059] choose_plan=0 action=3 reward=-1.799 info={'t': 60, 'max_steps': 100, 'dominant_type': 'outbound_conn', 'target_action': 2, 'prev_risk': 0.3762888171217865, 'risk': 0.28047134973492743}
[ep=05 t=0060] choose_plan=4 action=0 reward=-2.472 info={'t': 61, 'max_steps': 100, 'dominant_type': 'proc_spawn', 'target_action': 2, 'prev_risk': 0.28047134973492743, 'risk': 0.30927808333459145}
[ep=05 t=0061] choose_plan=3 action=4 reward=-2.284 info={'t': 62, 'max_steps': 100, 'dominant_type': 'proc_spawn', 'target_action': 2, 'prev_risk': 0.30927808333459145, 'risk': 0.2253673528638157}
[ep=05 t=0062] choose_plan=0 action=0 reward=-1.689 info={'t': 63, 'max_steps': 100, 'dominant_type': 'auth_fail', 'target_action': 1, 'prev_risk': 0.2253673528638157, 'risk': 0.25736628667658773}
[ep=05 t=0063] choose_plan=2 action=0 reward=-2.253 info={'t': 64, 'max_steps': 100, 'dominant_type': 'proc_spawn', 'target_action': 2, 'prev_risk': 0.25736628667658773, 'risk': 0.2576931244491276}
[ep=05 t=0064] choose_plan=5 action=0 reward=-2.496 info={'t': 65, 'max_steps': 100, 'dominant_type': 'port_scan', 'target_action': 2, 'prev_risk': 0.2576931244491276, 'risk': 0.31618329119571925}
[ep=05 t=0065] choose_plan=2 action=0 reward=-3.489 info={'t': 66, 'max_steps': 100, 'dominant_type': 'proc_spawn', 'target_action': 3, 'prev_risk': 0.31618329119571925, 'risk': 0.41853570307554716}
[ep=05 t=0066] choose_plan=5 action=4 reward=-2.473 info={'t': 67, 'max_steps': 100, 'dominant_type': 'port_scan', 'target_action': 2, 'prev_risk': 0.41853570307554716, 'risk': 0.3047312114195972}
[ep=05 t=0067] choose_plan=3 action=4 reward=-2.837 info={'t': 68, 'max_steps': 100, 'dominant_type': 'auth_fail', 'target_action': 1, 'prev_risk': 0.3047312114195972, 'risk': 0.2307773565324401}
[ep=05 t=0068] choose_plan=1 action=0 reward=-1.762 info={'t': 69, 'max_steps': 100, 'dominant_type': 'port_scan', 'target_action': 1, 'prev_risk': 0.2307773565324401, 'risk': 0.27199460379706697}
[ep=05 t=0069] choose_plan=1 action=0 reward=-2.387 info={'t': 70, 'max_steps': 100, 'dominant_type': 'proc_spawn', 'target_action': 2, 'prev_risk': 0.27199460379706697, 'risk': 0.28955290003690354}
[ep=05 t=0070] choose_plan=2 action=2 reward=-0.992 info={'t': 71, 'max_steps': 100, 'dominant_type': 'proc_spawn', 'target_action': 2, 'prev_risk': 0.28955290003690354, 'risk': 0.2271708147258843}
[ep=05 t=0071] choose_plan=4 action=0 reward=-1.547 info={'t': 72, 'max_steps': 100, 'dominant_type': 'port_scan', 'target_action': 1, 'prev_risk': 0.2271708147258843, 'risk': 0.22977407328631794}
[ep=05 t=0072] choose_plan=5 action=0 reward=-1.535 info={'t': 73, 'max_steps': 100, 'dominant_type': 'port_scan', 'target_action': 1, 'prev_risk': 0.22977407328631794, 'risk': 0.22543347040327108}
[ep=05 t=0073] choose_plan=4 action=0 reward=-1.728 info={'t': 74, 'max_steps': 100, 'dominant_type': 'port_scan', 'target_action': 1, 'prev_risk': 0.22543347040327108, 'risk': 0.26073048235952034}
[ep=05 t=0074] choose_plan=4 action=0 reward=-2.554 info={'t': 75, 'max_steps': 100, 'dominant_type': 'outbound_conn', 'target_action': 2, 'prev_risk': 0.26073048235952034, 'risk': 0.33038678923518877}
[ep=05 t=0075] choose_plan=5 action=2 reward=-1.309 info={'t': 76, 'max_steps': 100, 'dominant_type': 'proc_spawn', 'target_action': 2, 'prev_risk': 0.33038678923518877, 'risk': 0.2866485342387862}
[ep=05 t=0076] choose_plan=2 action=0 reward=-3.381 info={'t': 77, 'max_steps': 100, 'dominant_type': 'proc_spawn', 'target_action': 3, 'prev_risk': 0.2866485342387862, 'risk': 0.39097539769490885}
[ep=05 t=0077] choose_plan=0 action=0 reward=-2.459 info={'t': 78, 'max_steps': 100, 'dominant_type': 'auth_fail', 'target_action': 1, 'prev_risk': 0.39097539769490885, 'risk': 0.429999538734404}
[ep=05 t=0078] choose_plan=5 action=4 reward=-2.890 info={'t': 79, 'max_steps': 100, 'dominant_type': 'port_scan', 'target_action': 2, 'prev_risk': 0.429999538734404, 'risk': 0.3645515687246266}
[ep=05 t=0079] choose_plan=3 action=4 reward=-2.913 info={'t': 80, 'max_steps': 100, 'dominant_type': 'auth_fail', 'target_action': 1, 'prev_risk': 0.3645515687246266, 'risk': 0.26824505400742144}
[ep=05 t=0080] choose_plan=3 action=4 reward=-3.647 info={'t': 81, 'max_steps': 100, 'dominant_type': 'auth_fail', 'target_action': 1, 'prev_risk': 0.26824505400742144, 'risk': 0.18055127713476338}
[ep=05 t=0081] choose_plan=1 action=0 reward=-2.095 info={'t': 82, 'max_steps': 100, 'dominant_type': 'proc_spawn', 'target_action': 2, 'prev_risk': 0.18055127713476338, 'risk': 0.23236703788583776}
[ep=05 t=0082] choose_plan=0 action=0 reward=-2.258 info={'t': 83, 'max_steps': 100, 'dominant_type': 'proc_spawn', 'target_action': 2, 'prev_risk': 0.23236703788583776, 'risk': 0.25749568777625914}
[ep=05 t=0083] choose_plan=5 action=0 reward=-2.391 info={'t': 84, 'max_steps': 100, 'dominant_type': 'proc_spawn', 'target_action': 2, 'prev_risk': 0.25749568777625914, 'risk': 0.2942711327767729}
[ep=05 t=0084] choose_plan=2 action=0 reward=-2.517 info={'t': 85, 'max_steps': 100, 'dominant_type': 'outbound_conn', 'target_action': 2, 'prev_risk': 0.2942711327767729, 'risk': 0.3227742617573932}
[ep=05 t=0085] choose_plan=2 action=0 reward=-2.215 info={'t': 86, 'max_steps': 100, 'dominant_type': 'auth_fail', 'target_action': 1, 'prev_risk': 0.3227742617573932, 'risk': 0.37937216300300486}
[ep=05 t=0086] choose_plan=3 action=2 reward=-1.471 info={'t': 87, 'max_steps': 100, 'dominant_type': 'proc_spawn', 'target_action': 2, 'prev_risk': 0.37937216300300486, 'risk': 0.33005653671862695}
[ep=05 t=0087] choose_plan=3 action=4 reward=-2.189 info={'t': 88, 'max_steps': 100, 'dominant_type': 'proc_spawn', 'target_action': 2, 'prev_risk': 0.33005653671862695, 'risk': 0.22867039521939214}
[ep=05 t=0088] choose_plan=0 action=0 reward=-1.618 info={'t': 89, 'max_steps': 100, 'dominant_type': 'auth_fail', 'target_action': 1, 'prev_risk': 0.22867039521939214, 'risk': 0.24209469358468386}
[ep=05 t=0089] choose_plan=2 action=0 reward=-2.444 info={'t': 90, 'max_steps': 100, 'dominant_type': 'outbound_conn', 'target_action': 2, 'prev_risk': 0.24209469358468386, 'risk': 0.3098455758801476}
[ep=05 t=0090] choose_plan=2 action=3 reward=-2.236 info={'t': 91, 'max_steps': 100, 'dominant_type': 'port_scan', 'target_action': 1, 'prev_risk': 0.3098455758801476, 'risk': 0.2414426856726275}
[ep=05 t=0091] choose_plan=4 action=0 reward=-2.328 info={'t': 92, 'max_steps': 100, 'dominant_type': 'proc_spawn', 'target_action': 2, 'prev_risk': 0.2414426856726275, 'risk': 0.2689967860748399}
[ep=05 t=0092] choose_plan=2 action=0 reward=-2.351 info={'t': 93, 'max_steps': 100, 'dominant_type': 'outbound_conn', 'target_action': 2, 'prev_risk': 0.2689967860748399, 'risk': 0.2824813744381064}
[ep=05 t=0093] choose_plan=3 action=0 reward=-2.741 info={'t': 94, 'max_steps': 100, 'dominant_type': 'port_scan', 'target_action': 2, 'prev_risk': 0.2824813744381064, 'risk': 0.37390412711964155}
[ep=05 t=0094] choose_plan=4 action=4 reward=-3.050 info={'t': 95, 'max_steps': 100, 'dominant_type': 'auth_fail', 'target_action': 1, 'prev_risk': 0.37390412711964155, 'risk': 0.28329819733959083}
[ep=05 t=0095] choose_plan=4 action=0 reward=-2.491 info={'t': 96, 'max_steps': 100, 'dominant_type': 'proc_spawn', 'target_action': 2, 'prev_risk': 0.28329819733959083, 'risk': 0.3070044004993547}
[ep=05 t=0096] choose_plan=4 action=4 reward=-2.165 info={'t': 97, 'max_steps': 100, 'dominant_type': 'outbound_conn', 'target_action': 2, 'prev_risk': 0.3070044004993547, 'risk': 0.21755167077092477}
[ep=05 t=0097] choose_plan=1 action=0 reward=-1.608 info={'t': 98, 'max_steps': 100, 'dominant_type': 'auth_fail', 'target_action': 1, 'prev_risk': 0.21755167077092477, 'risk': 0.24191768653891707}
[ep=05 t=0098] choose_plan=2 action=0 reward=-2.264 info={'t': 99, 'max_steps': 100, 'dominant_type': 'proc_spawn', 'target_action': 2, 'prev_risk': 0.24191768653891707, 'risk': 0.26343814068429855}
[ep=05 t=0099] choose_plan=3 action=0 reward=-1.846 info={'t': 100, 'max_steps': 100, 'dominant_type': 'port_scan', 'target_action': 1, 'prev_risk': 0.26343814068429855, 'risk': 0.2921529296127909}
# done at t=99
# episode_summary {"episode": 5, "episode_return": -222.34849117733052, "reward_mean": -2.2234849117733053, "reward_min": -3.6466913084913575, "reward_max": -0.9915052047363242, "steps": 100, "unique_actions": 5, "top5_actions": [[0, 57], [4, 16], [1, 12], [2, 10], [3, 5]]}

# ===== EPISODE 6 =====
[ep=06 t=0000] choose_plan=0 action=1 reward=-2.191 info={'t': 1, 'max_steps': 100, 'dominant_type': 'outbound_conn', 'target_action': 2, 'prev_risk': 0.36475190455191814, 'risk': 0.3618216092762545}
[ep=06 t=0001] choose_plan=1 action=1 reward=-2.030 info={'t': 2, 'max_steps': 100, 'dominant_type': 'proc_spawn', 'target_action': 2, 'prev_risk': 0.3618216092762545, 'risk': 0.3394339045923878}
[ep=06 t=0002] choose_plan=1 action=1 reward=-1.975 info={'t': 3, 'max_steps': 100, 'dominant_type': 'proc_spawn', 'target_action': 2, 'prev_risk': 0.3394339045923878, 'risk': 0.3201927783850115}
[ep=06 t=0003] choose_plan=3 action=4 reward=-2.197 info={'t': 4, 'max_steps': 100, 'dominant_type': 'outbound_conn', 'target_action': 2, 'prev_risk': 0.3201927783850115, 'risk': 0.22474393904645576}
[ep=06 t=0004] choose_plan=0 action=0 reward=-1.691 info={'t': 5, 'max_steps': 100, 'dominant_type': 'port_scan', 'target_action': 1, 'prev_risk': 0.22474393904645576, 'risk': 0.26221488380012786}
[ep=06 t=0005] choose_plan=4 action=0 reward=-2.284 info={'t': 6, 'max_steps': 100, 'dominant_type': 'proc_spawn', 'target_action': 2, 'prev_risk': 0.26221488380012786, 'risk': 0.2755310142319453}
[ep=06 t=0006] choose_plan=2 action=0 reward=-1.834 info={'t': 7, 'max_steps': 100, 'dominant_type': 'port_scan', 'target_action': 1, 'prev_risk': 0.2755310142319453, 'risk': 0.28855217462328075}
[ep=06 t=0007] choose_plan=3 action=0 reward=-1.895 info={'t': 8, 'max_steps': 100, 'dominant_type': 'auth_fail', 'target_action': 1, 'prev_risk': 0.28855217462328075, 'risk': 0.30719700092206725}
[ep=06 t=0008] choose_plan=4 action=1 reward=-1.888 info={'t': 9, 'max_steps': 100, 'dominant_type': 'outbound_conn', 'target_action': 2, 'prev_risk': 0.30719700092206725, 'risk': 0.29959749379225453}
[ep=06 t=0009] choose_plan=1 action=0 reward=-2.678 info={'t': 10, 'max_steps': 100, 'dominant_type': 'outbound_conn', 'target_action': 2, 'prev_risk': 0.29959749379225453, 'risk': 0.35511982909115114}
[ep=06 t=0010] choose_plan=1 action=3 reward=-1.817 info={'t': 11, 'max_steps': 100, 'dominant_type': 'outbound_conn', 'target_action': 2, 'prev_risk': 0.35511982909115114, 'risk': 0.2766845594028681}
[ep=06 t=0011] choose_plan=4 action=0 reward=-1.991 info={'t': 12, 'max_steps': 100, 'dominant_type': 'auth_fail', 'target_action': 1, 'prev_risk': 0.2766845594028681, 'risk': 0.3232456585167323}
[ep=06 t=0012] choose_plan=2 action=3 reward=-1.859 info={'t': 13, 'max_steps': 100, 'dominant_type': 'outbound_conn', 'target_action': 2, 'prev_risk': 0.3232456585167323, 'risk': 0.2656370823499058}
[ep=06 t=0013] choose_plan=1 action=0 reward=-2.254 info={'t': 14, 'max_steps': 100, 'dominant_type': 'outbound_conn', 'target_action': 2, 'prev_risk': 0.2656370823499058, 'risk': 0.26558295094537643}
[ep=06 t=0014] choose_plan=1 action=0 reward=-2.443 info={'t': 15, 'max_steps': 100, 'dominant_type': 'proc_spawn', 'target_action': 2, 'prev_risk': 0.26558295094537643, 'risk': 0.2987279787513567}
[ep=06 t=0015] choose_plan=3 action=4 reward=-2.501 info={'t': 16, 'max_steps': 100, 'dominant_type': 'auth_fail', 'target_action': 1, 'prev_risk': 0.2987279787513567, 'risk': 0.17894987915077884}
[ep=06 t=0016] choose_plan=2 action=0 reward=-1.441 info={'t': 17, 'max_steps': 100, 'dominant_type': 'auth_fail', 'target_action': 1, 'prev_risk': 0.17894987915077884, 'risk': 0.19381404939084293}
[ep=06 t=0017] choose_plan=2 action=0 reward=-1.540 info={'t': 18, 'max_steps': 100, 'dominant_type': 'auth_fail', 'target_action': 1, 'prev_risk': 0.19381404939084293, 'risk': 0.22965077343815166}
[ep=06 t=0018] choose_plan=2 action=0 reward=-2.172 info={'t': 19, 'max_steps': 100, 'dominant_type': 'proc_spawn', 'target_action': 2, 'prev_risk': 0.22965077343815166, 'risk': 0.24157052941035162}
[ep=06 t=0019] choose_plan=2 action=0 reward=-1.678 info={'t': 20, 'max_steps': 100, 'dominant_type': 'auth_fail', 'target_action': 1, 'prev_risk': 0.24157052941035162, 'risk': 0.24591872149699084}
[ep=06 t=0020] choose_plan=2 action=0 reward=-1.782 info={'t': 21, 'max_steps': 100, 'dominant_type': 'port_scan', 'target_action': 1, 'prev_risk': 0.24591872149699084, 'risk': 0.26597113252079546}
[ep=06 t=0021] choose_plan=3 action=0 reward=-1.738 info={'t': 22, 'max_steps': 100, 'dominant_type': 'auth_fail', 'target_action': 1, 'prev_risk': 0.26597113252079546, 'risk': 0.27907450332207007}
[ep=06 t=0022] choose_plan=3 action=0 reward=-1.998 info={'t': 23, 'max_steps': 100, 'dominant_type': 'auth_fail', 'target_action': 1, 'prev_risk': 0.27907450332207007, 'risk': 0.33443488628911144}
[ep=06 t=0023] choose_plan=0 action=1 reward=-2.009 info={'t': 24, 'max_steps': 100, 'dominant_type': 'port_scan', 'target_action': 2, 'prev_risk': 0.33443488628911144, 'risk': 0.32280982264645564}
[ep=06 t=0024] choose_plan=1 action=3 reward=-1.810 info={'t': 25, 'max_steps': 100, 'dominant_type': 'outbound_conn', 'target_action': 2, 'prev_risk': 0.32280982264645564, 'risk': 0.26065831051879756}
[ep=06 t=0025] choose_plan=0 action=0 reward=-1.826 info={'t': 26, 'max_steps': 100, 'dominant_type': 'port_scan', 'target_action': 1, 'prev_risk': 0.26065831051879756, 'risk': 0.2874787467744877}
[ep=06 t=0026] choose_plan=5 action=0 reward=-1.978 info={'t': 27, 'max_steps': 100, 'dominant_type': 'auth_fail', 'target_action': 1, 'prev_risk': 0.2874787467744877, 'risk': 0.3160140236582204}
[ep=06 t=0027] choose_plan=0 action=0 reward=-2.635 info={'t': 28, 'max_steps': 100, 'dominant_type': 'proc_spawn', 'target_action': 2, 'prev_risk': 0.3160140236582204, 'risk': 0.3463921056064933}
[ep=06 t=0028] choose_plan=2 action=1 reward=-2.039 info={'t': 29, 'max_steps': 100, 'dominant_type': 'outbound_conn', 'target_action': 2, 'prev_risk': 0.3463921056064933, 'risk': 0.33229794177340227}
[ep=06 t=0029] choose_plan=1 action=0 reward=-2.725 info={'t': 30, 'max_steps': 100, 'dominant_type': 'port_scan', 'target_action': 2, 'prev_risk': 0.33229794177340227, 'risk': 0.3676993664287583}
[ep=06 t=0030] choose_plan=1 action=0 reward=-2.725 info={'t': 31, 'max_steps': 100, 'dominant_type': 'port_scan', 'target_action': 2, 'prev_risk': 0.3676993664287583, 'risk': 0.36964189324028063}
[ep=06 t=0031] choose_plan=0 action=1 reward=-2.113 info={'t': 32, 'max_steps': 100, 'dominant_type': 'outbound_conn', 'target_action': 2, 'prev_risk': 0.36964189324028063, 'risk': 0.35476402288684905}
[ep=06 t=0032] choose_plan=4 action=1 reward=-2.031 info={'t': 33, 'max_steps': 100, 'dominant_type': 'proc_spawn', 'target_action': 2, 'prev_risk': 0.35476402288684905, 'risk': 0.33504565630398425}
[ep=06 t=0033] choose_plan=5 action=4 reward=-2.727 info={'t': 34, 'max_steps': 100, 'dominant_type': 'auth_fail', 'target_action': 1, 'prev_risk': 0.33504565630398425, 'risk': 0.22842109168733077}
[ep=06 t=0034] choose_plan=0 action=0 reward=-1.728 info={'t': 35, 'max_steps': 100, 'dominant_type': 'auth_fail', 'target_action': 1, 'prev_risk': 0.22842109168733077, 'risk': 0.26709937363081954}
[ep=06 t=0035] choose_plan=0 action=0 reward=-2.379 info={'t': 36, 'max_steps': 100, 'dominant_type': 'outbound_conn', 'target_action': 2, 'prev_risk': 0.26709937363081954, 'risk': 0.2876973159999229}
[ep=06 t=0036] choose_plan=2 action=0 reward=-1.944 info={'t': 37, 'max_steps': 100, 'dominant_type': 'auth_fail', 'target_action': 1, 'prev_risk': 0.2876973159999229, 'risk': 0.31929533375391594}
[ep=06 t=0037] choose_plan=0 action=2 reward=-1.785 info={'t': 38, 'max_steps': 100, 'dominant_type': 'auth_fail', 'target_action': 1, 'prev_risk': 0.31929533375391594, 'risk': 0.2762759742018455}
[ep=06 t=0038] choose_plan=0 action=0 reward=-1.866 info={'t': 39, 'max_steps': 100, 'dominant_type': 'auth_fail', 'target_action': 1, 'prev_risk': 0.2762759742018455, 'risk': 0.2943599330227849}
[ep=06 t=0039] choose_plan=2 action=0 reward=-2.483 info={'t': 40, 'max_steps': 100, 'dominant_type': 'port_scan', 'target_action': 2, 'prev_risk': 0.2943599330227849, 'risk': 0.31371259679587377}
[ep=06 t=0040] choose_plan=2 action=1 reward=-2.105 info={'t': 41, 'max_steps': 100, 'dominant_type': 'port_scan', 'target_action': 2, 'prev_risk': 0.31371259679587377, 'risk': 0.3364651755990741}
[ep=06 t=0041] choose_plan=1 action=2 reward=-1.854 info={'t': 42, 'max_steps': 100, 'dominant_type': 'port_scan', 'target_action': 1, 'prev_risk': 0.3364651755990741, 'risk': 0.29454992656611123}
[ep=06 t=0042] choose_plan=3 action=0 reward=-2.463 info={'t': 43, 'max_steps': 100, 'dominant_type': 'proc_spawn', 'target_action': 2, 'prev_risk': 0.29454992656611123, 'risk': 0.30470853391958247}
[ep=06 t=0043] choose_plan=0 action=1 reward=-1.995 info={'t': 44, 'max_steps': 100, 'dominant_type': 'outbound_conn', 'target_action': 2, 'prev_risk': 0.30470853391958247, 'risk': 0.30811528172851943}
[ep=06 t=0044] choose_plan=5 action=1 reward=-1.904 info={'t': 45, 'max_steps': 100, 'dominant_type': 'outbound_conn', 'target_action': 2, 'prev_risk': 0.30811528172851943, 'risk': 0.29818077646492736}
[ep=06 t=0045] choose_plan=3 action=0 reward=-2.569 info={'t': 46, 'max_steps': 100, 'dominant_type': 'outbound_conn', 'target_action': 2, 'prev_risk': 0.29818077646492736, 'risk': 0.33480760098770024}
[ep=06 t=0046] choose_plan=4 action=1 reward=-1.706 info={'t': 47, 'max_steps': 100, 'dominant_type': 'auth_fail', 'target_action': 1, 'prev_risk': 0.33480760098770024, 'risk': 0.3714373607551228}
[ep=06 t=0047] choose_plan=0 action=2 reward=-1.191 info={'t': 48, 'max_steps': 100, 'dominant_type': 'outbound_conn', 'target_action': 2, 'prev_risk': 0.3714373607551228, 'risk': 0.2901488020034641}
[ep=06 t=0048] choose_plan=4 action=0 reward=-2.478 info={'t': 49, 'max_steps': 100, 'dominant_type': 'port_scan', 'target_action': 2, 'prev_risk': 0.2901488020034641, 'risk': 0.3125666756534561}
[ep=06 t=0049] choose_plan=5 action=2 reward=-1.246 info={'t': 50, 'max_steps': 100, 'dominant_type': 'proc_spawn', 'target_action': 2, 'prev_risk': 0.3125666756534561, 'risk': 0.27153845021916023}
[ep=06 t=0050] choose_plan=3 action=0 reward=-2.339 info={'t': 51, 'max_steps': 100, 'dominant_type': 'proc_spawn', 'target_action': 2, 'prev_risk': 0.27153845021916023, 'risk': 0.27947732058035196}
[ep=06 t=0051] choose_plan=3 action=0 reward=-1.842 info={'t': 52, 'max_steps': 100, 'dominant_type': 'port_scan', 'target_action': 1, 'prev_risk': 0.27947732058035196, 'risk': 0.29800337676527794}
[ep=06 t=0052] choose_plan=3 action=0 reward=-2.468 info={'t': 53, 'max_steps': 100, 'dominant_type': 'port_scan', 'target_action': 2, 'prev_risk': 0.29800337676527794, 'risk': 0.31438478268030434}
[ep=06 t=0053] choose_plan=1 action=4 reward=-2.117 info={'t': 54, 'max_steps': 100, 'dominant_type': 'outbound_conn', 'target_action': 2, 'prev_risk': 0.31438478268030434, 'risk': 0.2079410369404564}
[ep=06 t=0054] choose_plan=4 action=0 reward=-2.189 info={'t': 55, 'max_steps': 100, 'dominant_type': 'proc_spawn', 'target_action': 2, 'prev_risk': 0.2079410369404564, 'risk': 0.24413502001887266}
[ep=06 t=0055] choose_plan=0 action=0 reward=-2.285 info={'t': 56, 'max_steps': 100, 'dominant_type': 'proc_spawn', 'target_action': 2, 'prev_risk': 0.24413502001887266, 'risk': 0.2681729184947699}
[ep=06 t=0056] choose_plan=2 action=0 reward=-2.428 info={'t': 57, 'max_steps': 100, 'dominant_type': 'outbound_conn', 'target_action': 2, 'prev_risk': 0.2681729184947699, 'risk': 0.30038014059132534}
[ep=06 t=0057] choose_plan=4 action=2 reward=-1.468 info={'t': 58, 'max_steps': 100, 'dominant_type': 'outbound_conn', 'target_action': 2, 'prev_risk': 0.30038014059132534, 'risk': 0.30340311450990576}
[ep=06 t=0058] choose_plan=1 action=3 reward=-1.642 info={'t': 59, 'max_steps': 100, 'dominant_type': 'proc_spawn', 'target_action': 2, 'prev_risk': 0.30340311450990576, 'risk': 0.2339276304910606}
[ep=06 t=0059] choose_plan=2 action=4 reward=-2.952 info={'t': 60, 'max_steps': 100, 'dominant_type': 'outbound_conn', 'target_action': 2, 'prev_risk': 0.2339276304910606, 'risk': 0.14800030854331425}
[ep=06 t=0060] choose_plan=1 action=0 reward=-1.419 info={'t': 61, 'max_steps': 100, 'dominant_type': 'port_scan', 'target_action': 1, 'prev_risk': 0.14800030854331425, 'risk': 0.19619057664443645}
[ep=06 t=0061] choose_plan=4 action=0 reward=-1.949 info={'t': 62, 'max_steps': 100, 'dominant_type': 'proc_spawn', 'target_action': 2, 'prev_risk': 0.19619057664443645, 'risk': 0.1964976904896065}
[ep=06 t=0062] choose_plan=3 action=0 reward=-2.033 info={'t': 63, 'max_steps': 100, 'dominant_type': 'proc_spawn', 'target_action': 2, 'prev_risk': 0.1964976904896065, 'risk': 0.21269983178353452}
[ep=06 t=0063] choose_plan=2 action=0 reward=-2.170 info={'t': 64, 'max_steps': 100, 'dominant_type': 'proc_spawn', 'target_action': 2, 'prev_risk': 0.21269983178353452, 'risk': 0.24743529467674677}
[ep=06 t=0064] choose_plan=4 action=0 reward=-1.724 info={'t': 65, 'max_steps': 100, 'dominant_type': 'port_scan', 'target_action': 1, 'prev_risk': 0.24743529467674677, 'risk': 0.2693495199031584}
[ep=06 t=0065] choose_plan=4 action=0 reward=-2.348 info={'t': 66, 'max_steps': 100, 'dominant_type': 'outbound_conn', 'target_action': 2, 'prev_risk': 0.2693495199031584, 'risk': 0.287507509542024}
[ep=06 t=0066] choose_plan=4 action=0 reward=-2.442 info={'t': 67, 'max_steps': 100, 'dominant_type': 'outbound_conn', 'target_action': 2, 'prev_risk': 0.287507509542024, 'risk': 0.30040538628755575}
[ep=06 t=0067] choose_plan=0 action=1 reward=-1.386 info={'t': 68, 'max_steps': 100, 'dominant_type': 'auth_fail', 'target_action': 1, 'prev_risk': 0.30040538628755575, 'risk': 0.3033256274268688}
[ep=06 t=0068] choose_plan=0 action=4 reward=-2.721 info={'t': 69, 'max_steps': 100, 'dominant_type': 'auth_fail', 'target_action': 1, 'prev_risk': 0.3033256274268688, 'risk': 0.21469751004168675}
[ep=06 t=0069] choose_plan=3 action=0 reward=-2.100 info={'t': 70, 'max_steps': 100, 'dominant_type': 'proc_spawn', 'target_action': 2, 'prev_risk': 0.21469751004168675, 'risk': 0.23203736735206007}
[ep=06 t=0070] choose_plan=0 action=0 reward=-2.309 info={'t': 71, 'max_steps': 100, 'dominant_type': 'proc_spawn', 'target_action': 2, 'prev_risk': 0.23203736735206007, 'risk': 0.2772393475073764}
[ep=06 t=0071] choose_plan=3 action=0 reward=-2.548 info={'t': 72, 'max_steps': 100, 'dominant_type': 'outbound_conn', 'target_action': 2, 'prev_risk': 0.2772393475073764, 'risk': 0.31877573536625736}
[ep=06 t=0072] choose_plan=1 action=2 reward=-1.311 info={'t': 73, 'max_steps': 100, 'dominant_type': 'proc_spawn', 'target_action': 2, 'prev_risk': 0.31877573536625736, 'risk': 0.2834999801152665}
[ep=06 t=0073] choose_plan=0 action=0 reward=-1.890 info={'t': 74, 'max_steps': 100, 'dominant_type': 'auth_fail', 'target_action': 1, 'prev_risk': 0.2834999801152665, 'risk': 0.30125741909836945}
[ep=06 t=0074] choose_plan=3 action=3 reward=-2.329 info={'t': 75, 'max_steps': 100, 'dominant_type': 'port_scan', 'target_action': 1, 'prev_risk': 0.30125741909836945, 'risk': 0.2543565850251772}
[ep=06 t=0075] choose_plan=3 action=0 reward=-2.594 info={'t': 76, 'max_steps': 100, 'dominant_type': 'outbound_conn', 'target_action': 2, 'prev_risk': 0.2543565850251772, 'risk': 0.34171846454480104}
[ep=06 t=0076] choose_plan=1 action=4 reward=-2.841 info={'t': 77, 'max_steps': 100, 'dominant_type': 'port_scan', 'target_action': 1, 'prev_risk': 0.34171846454480104, 'risk': 0.24461856653001113}
[ep=06 t=0077] choose_plan=2 action=0 reward=-1.742 info={'t': 78, 'max_steps': 100, 'dominant_type': 'auth_fail', 'target_action': 1, 'prev_risk': 0.24461856653001113, 'risk': 0.2646756230912678}
[ep=06 t=0078] choose_plan=1 action=0 reward=-1.817 info={'t': 79, 'max_steps': 100, 'dominant_type': 'port_scan', 'target_action': 1, 'prev_risk': 0.2646756230912678, 'risk': 0.29226334769272766}
[ep=06 t=0079] choose_plan=4 action=0 reward=-2.452 info={'t': 80, 'max_steps': 100, 'dominant_type': 'outbound_conn', 'target_action': 2, 'prev_risk': 0.29226334769272766, 'risk': 0.30737713776542364}
[ep=06 t=0080] choose_plan=2 action=1 reward=-1.364 info={'t': 81, 'max_steps': 100, 'dominant_type': 'port_scan', 'target_action': 1, 'prev_risk': 0.30737713776542364, 'risk': 0.29709194259197946}
[ep=06 t=0081] choose_plan=1 action=0 reward=-2.288 info={'t': 82, 'max_steps': 100, 'dominant_type': 'proc_spawn', 'target_action': 2, 'prev_risk': 0.29709194259197946, 'risk': 0.28053842972359805}
[ep=06 t=0082] choose_plan=1 action=0 reward=-1.852 info={'t': 83, 'max_steps': 100, 'dominant_type': 'auth_fail', 'target_action': 1, 'prev_risk': 0.28053842972359805, 'risk': 0.294324656094579}
[ep=06 t=0083] choose_plan=5 action=0 reward=-1.949 info={'t': 84, 'max_steps': 100, 'dominant_type': 'auth_fail', 'target_action': 1, 'prev_risk': 0.294324656094579, 'risk': 0.3244535530374378}
[ep=06 t=0084] choose_plan=0 action=3 reward=-2.047 info={'t': 85, 'max_steps': 100, 'dominant_type': 'auth_fail', 'target_action': 1, 'prev_risk': 0.3244535530374378, 'risk': 0.22350308230589694}
[ep=06 t=0085] choose_plan=1 action=0 reward=-2.168 info={'t': 86, 'max_steps': 100, 'dominant_type': 'outbound_conn', 'target_action': 2, 'prev_risk': 0.22350308230589694, 'risk': 0.24041333103228169}
[ep=06 t=0086] choose_plan=0 action=0 reward=-1.718 info={'t': 87, 'max_steps': 100, 'dominant_type': 'port_scan', 'target_action': 1, 'prev_risk': 0.24041333103228169, 'risk': 0.2631916001857547}
[ep=06 t=0087] choose_plan=3 action=0 reward=-2.455 info={'t': 88, 'max_steps': 100, 'dominant_type': 'outbound_conn', 'target_action': 2, 'prev_risk': 0.2631916001857547, 'risk': 0.3049153058073754}
[ep=06 t=0088] choose_plan=3 action=2 reward=-1.247 info={'t': 89, 'max_steps': 100, 'dominant_type': 'proc_spawn', 'target_action': 2, 'prev_risk': 0.3049153058073754, 'risk': 0.26995961114130673}
[ep=06 t=0089] choose_plan=2 action=0 reward=-2.329 info={'t': 90, 'max_steps': 100, 'dominant_type': 'proc_spawn', 'target_action': 2, 'prev_risk': 0.26995961114130673, 'risk': 0.27933802785611994}
[ep=06 t=0090] choose_plan=4 action=0 reward=-2.401 info={'t': 91, 'max_steps': 100, 'dominant_type': 'proc_spawn', 'target_action': 2, 'prev_risk': 0.27933802785611994, 'risk': 0.29037037324619197}
[ep=06 t=0091] choose_plan=2 action=0 reward=-2.521 info={'t': 92, 'max_steps': 100, 'dominant_type': 'outbound_conn', 'target_action': 2, 'prev_risk': 0.29037037324619197, 'risk': 0.32279314627897765}
[ep=06 t=0092] choose_plan=4 action=3 reward=-2.430 info={'t': 93, 'max_steps': 100, 'dominant_type': 'auth_fail', 'target_action': 1, 'prev_risk': 0.32279314627897765, 'risk': 0.2746125505197627}
[ep=06 t=0093] choose_plan=1 action=0 reward=-2.437 info={'t': 94, 'max_steps': 100, 'dominant_type': 'port_scan', 'target_action': 2, 'prev_risk': 0.2746125505197627, 'risk': 0.3094168147167983}
[ep=06 t=0094] choose_plan=0 action=1 reward=-1.871 info={'t': 95, 'max_steps': 100, 'dominant_type': 'proc_spawn', 'target_action': 2, 'prev_risk': 0.3094168147167983, 'risk': 0.2982834552547781}
[ep=06 t=0095] choose_plan=2 action=0 reward=-2.611 info={'t': 96, 'max_steps': 100, 'dominant_type': 'outbound_conn', 'target_action': 2, 'prev_risk': 0.2982834552547781, 'risk': 0.3412126229235184}
[ep=06 t=0096] choose_plan=4 action=2 reward=-1.454 info={'t': 97, 'max_steps': 100, 'dominant_type': 'port_scan', 'target_action': 2, 'prev_risk': 0.3412126229235184, 'risk': 0.3169868238803693}
[ep=06 t=0097] choose_plan=0 action=4 reward=-2.137 info={'t': 98, 'max_steps': 100, 'dominant_type': 'proc_spawn', 'target_action': 2, 'prev_risk': 0.3169868238803693, 'risk': 0.21535030268044453}
[ep=06 t=0098] choose_plan=2 action=0 reward=-1.364 info={'t': 99, 'max_steps': 100, 'dominant_type': 'port_scan', 'target_action': 1, 'prev_risk': 0.21535030268044453, 'risk': 0.19763554887110568}
[ep=06 t=0099] choose_plan=3 action=0 reward=-1.368 info={'t': 100, 'max_steps': 100, 'dominant_type': 'port_scan', 'target_action': 1, 'prev_risk': 0.19763554887110568, 'risk': 0.19392786503511203}
# done at t=99
# episode_summary {"episode": 6, "episode_return": -206.06042603581594, "reward_mean": -2.0606042603581596, "reward_min": -2.9517251556580764, "reward_max": -1.1909423306962017, "steps": 100, "unique_actions": 5, "top5_actions": [[0, 62], [1, 15], [4, 8], [2, 8], [3, 7]]}

# ===== EPISODE 7 =====
[ep=07 t=0000] choose_plan=0 action=0 reward=-2.883 info={'t': 1, 'max_steps': 100, 'dominant_type': 'port_scan', 'target_action': 2, 'prev_risk': 0.3679341071298869, 'risk': 0.3971177642911132}
[ep=07 t=0001] choose_plan=3 action=1 reward=-2.777 info={'t': 2, 'max_steps': 100, 'dominant_type': 'proc_spawn', 'target_action': 3, 'prev_risk': 0.3971177642911132, 'risk': 0.38111839983264545}
[ep=07 t=0002] choose_plan=2 action=1 reward=-2.139 info={'t': 3, 'max_steps': 100, 'dominant_type': 'port_scan', 'target_action': 2, 'prev_risk': 0.38111839983264545, 'risk': 0.356982345364451}
[ep=07 t=0003] choose_plan=2 action=2 reward=-1.850 info={'t': 4, 'max_steps': 100, 'dominant_type': 'auth_fail', 'target_action': 1, 'prev_risk': 0.356982345364451, 'risk': 0.30178398146004337}
[ep=07 t=0004] choose_plan=5 action=1 reward=-2.025 info={'t': 5, 'max_steps': 100, 'dominant_type': 'port_scan', 'target_action': 2, 'prev_risk': 0.30178398146004337, 'risk': 0.31825156266304166}
[ep=07 t=0005] choose_plan=1 action=1 reward=-1.892 info={'t': 6, 'max_steps': 100, 'dominant_type': 'outbound_conn', 'target_action': 2, 'prev_risk': 0.31825156266304166, 'risk': 0.29943628233622643}
[ep=07 t=0006] choose_plan=4 action=0 reward=-1.992 info={'t': 7, 'max_steps': 100, 'dominant_type': 'auth_fail', 'target_action': 1, 'prev_risk': 0.29943628233622643, 'risk': 0.32045122446591695}
[ep=07 t=0007] choose_plan=3 action=0 reward=-2.543 info={'t': 8, 'max_steps': 100, 'dominant_type': 'outbound_conn', 'target_action': 2, 'prev_risk': 0.32045122446591695, 'risk': 0.3333651140383036}
[ep=07 t=0008] choose_plan=1 action=2 reward=-2.355 info={'t': 9, 'max_steps': 100, 'dominant_type': 'proc_spawn', 'target_action': 3, 'prev_risk': 0.3333651140383036, 'risk': 0.3645948298017977}
[ep=07 t=0009] choose_plan=4 action=1 reward=-2.009 info={'t': 10, 'max_steps': 100, 'dominant_type': 'proc_spawn', 'target_action': 2, 'prev_risk': 0.3645948298017977, 'risk': 0.33985207013055363}
[ep=07 t=0010] choose_plan=3 action=1 reward=-1.594 info={'t': 11, 'max_steps': 100, 'dominant_type': 'auth_fail', 'target_action': 1, 'prev_risk': 0.33985207013055363, 'risk': 0.34601623948198335}
[ep=07 t=0011] choose_plan=5 action=1 reward=-1.442 info={'t': 12, 'max_steps': 100, 'dominant_type': 'auth_fail', 'target_action': 1, 'prev_risk': 0.34601623948198335, 'risk': 0.32357809391224696}
[ep=07 t=0012] choose_plan=1 action=1 reward=-1.963 info={'t': 13, 'max_steps': 100, 'dominant_type': 'port_scan', 'target_action': 2, 'prev_risk': 0.32357809391224696, 'risk': 0.312956297235375}
[ep=07 t=0013] choose_plan=4 action=1 reward=-2.010 info={'t': 14, 'max_steps': 100, 'dominant_type': 'port_scan', 'target_action': 2, 'prev_risk': 0.312956297235375, 'risk': 0.31629866505375376}
[ep=07 t=0014] choose_plan=5 action=2 reward=-1.218 info={'t': 15, 'max_steps': 100, 'dominant_type': 'outbound_conn', 'target_action': 2, 'prev_risk': 0.31629866505375376, 'risk': 0.271278469654336}
[ep=07 t=0015] choose_plan=3 action=0 reward=-2.403 info={'t': 16, 'max_steps': 100, 'dominant_type': 'proc_spawn', 'target_action': 2, 'prev_risk': 0.271278469654336, 'risk': 0.2972216149692534}
[ep=07 t=0016] choose_plan=4 action=0 reward=-2.327 info={'t': 17, 'max_steps': 100, 'dominant_type': 'proc_spawn', 'target_action': 2, 'prev_risk': 0.2972216149692534, 'risk': 0.28828090916099663}
[ep=07 t=0017] choose_plan=2 action=0 reward=-2.403 info={'t': 18, 'max_steps': 100, 'dominant_type': 'proc_spawn', 'target_action': 2, 'prev_risk': 0.28828090916099663, 'risk': 0.29158581971055825}
[ep=07 t=0018] choose_plan=2 action=0 reward=-2.073 info={'t': 19, 'max_steps': 100, 'dominant_type': 'auth_fail', 'target_action': 1, 'prev_risk': 0.29158581971055825, 'risk': 0.34234882617593365}
[ep=07 t=0019] choose_plan=0 action=4 reward=-2.749 info={'t': 20, 'max_steps': 100, 'dominant_type': 'auth_fail', 'target_action': 1, 'prev_risk': 0.34234882617593365, 'risk': 0.2339769931614012}
[ep=07 t=0020] choose_plan=0 action=0 reward=-1.698 info={'t': 21, 'max_steps': 100, 'dominant_type': 'auth_fail', 'target_action': 1, 'prev_risk': 0.2339769931614012, 'risk': 0.25872261428974225}
[ep=07 t=0021] choose_plan=1 action=0 reward=-2.357 info={'t': 22, 'max_steps': 100, 'dominant_type': 'proc_spawn', 'target_action': 2, 'prev_risk': 0.25872261428974225, 'risk': 0.2866000626620369}
[ep=07 t=0022] choose_plan=0 action=0 reward=-2.574 info={'t': 23, 'max_steps': 100, 'dominant_type': 'proc_spawn', 'target_action': 2, 'prev_risk': 0.2866000626620369, 'risk': 0.3352465314190699}
[ep=07 t=0023] choose_plan=1 action=2 reward=-2.153 info={'t': 24, 'max_steps': 100, 'dominant_type': 'auth_fail', 'target_action': 1, 'prev_risk': 0.3352465314190699, 'risk': 0.3308007184132623}
[ep=07 t=0024] choose_plan=2 action=1 reward=-2.156 info={'t': 25, 'max_steps': 100, 'dominant_type': 'outbound_conn', 'target_action': 2, 'prev_risk': 0.3308007184132623, 'risk': 0.35452320675927285}
[ep=07 t=0025] choose_plan=3 action=2 reward=-1.393 info={'t': 26, 'max_steps': 100, 'dominant_type': 'port_scan', 'target_action': 2, 'prev_risk': 0.35452320675927285, 'risk': 0.31266217142485075}
[ep=07 t=0026] choose_plan=5 action=2 reward=-1.090 info={'t': 27, 'max_steps': 100, 'dominant_type': 'proc_spawn', 'target_action': 2, 'prev_risk': 0.31266217142485075, 'risk': 0.25315795120062445}
[ep=07 t=0027] choose_plan=3 action=0 reward=-1.784 info={'t': 28, 'max_steps': 100, 'dominant_type': 'auth_fail', 'target_action': 1, 'prev_risk': 0.25315795120062445, 'risk': 0.27633207300568724}
[ep=07 t=0028] choose_plan=0 action=0 reward=-2.411 info={'t': 29, 'max_steps': 100, 'dominant_type': 'outbound_conn', 'target_action': 2, 'prev_risk': 0.27633207300568724, 'risk': 0.2960399695951362}
[ep=07 t=0029] choose_plan=1 action=0 reward=-2.607 info={'t': 30, 'max_steps': 100, 'dominant_type': 'port_scan', 'target_action': 2, 'prev_risk': 0.2960399695951362, 'risk': 0.33249938660426637}
[ep=07 t=0030] choose_plan=5 action=0 reward=-3.292 info={'t': 31, 'max_steps': 100, 'dominant_type': 'proc_spawn', 'target_action': 3, 'prev_risk': 0.33249938660426637, 'risk': 0.36895273189719596}
[ep=07 t=0031] choose_plan=1 action=3 reward=-2.210 info={'t': 32, 'max_steps': 100, 'dominant_type': 'proc_spawn', 'target_action': 2, 'prev_risk': 0.36895273189719596, 'risk': 0.3377998332345815}
[ep=07 t=0032] choose_plan=1 action=4 reward=-2.364 info={'t': 33, 'max_steps': 100, 'dominant_type': 'outbound_conn', 'target_action': 2, 'prev_risk': 0.3377998332345815, 'risk': 0.2469003501243376}
[ep=07 t=0033] choose_plan=4 action=0 reward=-2.322 info={'t': 34, 'max_steps': 100, 'dominant_type': 'proc_spawn', 'target_action': 2, 'prev_risk': 0.2469003501243376, 'risk': 0.27307745214914425}
[ep=07 t=0034] choose_plan=5 action=0 reward=-2.423 info={'t': 35, 'max_steps': 100, 'dominant_type': 'outbound_conn', 'target_action': 2, 'prev_risk': 0.27307745214914425, 'risk': 0.29949291764354086}
[ep=07 t=0035] choose_plan=2 action=0 reward=-2.454 info={'t': 36, 'max_steps': 100, 'dominant_type': 'proc_spawn', 'target_action': 2, 'prev_risk': 0.29949291764354086, 'risk': 0.30376354203186673}
[ep=07 t=0036] choose_plan=4 action=4 reward=-2.673 info={'t': 37, 'max_steps': 100, 'dominant_type': 'port_scan', 'target_action': 1, 'prev_risk': 0.30376354203186673, 'risk': 0.20501426622343255}
[ep=07 t=0037] choose_plan=0 action=0 reward=-2.169 info={'t': 38, 'max_steps': 100, 'dominant_type': 'proc_spawn', 'target_action': 2, 'prev_risk': 0.20501426622343255, 'risk': 0.24498910173442145}
[ep=07 t=0038] choose_plan=4 action=0 reward=-1.672 info={'t': 39, 'max_steps': 100, 'dominant_type': 'port_scan', 'target_action': 1, 'prev_risk': 0.24498910173442145, 'risk': 0.2551173495839317}
[ep=07 t=0039] choose_plan=5 action=0 reward=-2.279 info={'t': 40, 'max_steps': 100, 'dominant_type': 'outbound_conn', 'target_action': 2, 'prev_risk': 0.2551173495839317, 'risk': 0.27488953154277634}
[ep=07 t=0040] choose_plan=1 action=0 reward=-2.279 info={'t': 41, 'max_steps': 100, 'dominant_type': 'proc_spawn', 'target_action': 2, 'prev_risk': 0.27488953154277634, 'risk': 0.26700952208107737}
[ep=07 t=0041] choose_plan=5 action=0 reward=-2.415 info={'t': 42, 'max_steps': 100, 'dominant_type': 'outbound_conn', 'target_action': 2, 'prev_risk': 0.26700952208107737, 'risk': 0.29745489160772487}
[ep=07 t=0042] choose_plan=1 action=0 reward=-2.523 info={'t': 43, 'max_steps': 100, 'dominant_type': 'port_scan', 'target_action': 2, 'prev_risk': 0.29745489160772487, 'risk': 0.3256385289658442}
[ep=07 t=0043] choose_plan=0 action=0 reward=-2.547 info={'t': 44, 'max_steps': 100, 'dominant_type': 'proc_spawn', 'target_action': 2, 'prev_risk': 0.3256385289658442, 'risk': 0.3306894492094884}
[ep=07 t=0044] choose_plan=2 action=3 reward=-1.853 info={'t': 45, 'max_steps': 100, 'dominant_type': 'proc_spawn', 'target_action': 2, 'prev_risk': 0.3306894492094884, 'risk': 0.26864758519890275}
[ep=07 t=0045] choose_plan=5 action=0 reward=-2.379 info={'t': 46, 'max_steps': 100, 'dominant_type': 'outbound_conn', 'target_action': 2, 'prev_risk': 0.26864758519890275, 'risk': 0.28598086505980486}
[ep=07 t=0046] choose_plan=3 action=0 reward=-2.455 info={'t': 47, 'max_steps': 100, 'dominant_type': 'proc_spawn', 'target_action': 2, 'prev_risk': 0.28598086505980486, 'risk': 0.30636019072123366}
[ep=07 t=0047] choose_plan=2 action=4 reward=-2.187 info={'t': 48, 'max_steps': 100, 'dominant_type': 'outbound_conn', 'target_action': 2, 'prev_risk': 0.30636019072123366, 'risk': 0.21850817730114558}
[ep=07 t=0048] choose_plan=5 action=4 reward=-2.853 info={'t': 49, 'max_steps': 100, 'dominant_type': 'outbound_conn', 'target_action': 2, 'prev_risk': 0.21850817730114558, 'risk': 0.1268002557221523}
[ep=07 t=0049] choose_plan=4 action=0 reward=-1.279 info={'t': 50, 'max_steps': 100, 'dominant_type': 'port_scan', 'target_action': 1, 'prev_risk': 0.1268002557221523, 'risk': 0.16250053158407665}
[ep=07 t=0050] choose_plan=0 action=0 reward=-1.362 info={'t': 51, 'max_steps': 100, 'dominant_type': 'auth_fail', 'target_action': 1, 'prev_risk': 0.16250053158407665, 'risk': 0.1843955306723057}
[ep=07 t=0051] choose_plan=3 action=0 reward=-1.461 info={'t': 52, 'max_steps': 100, 'dominant_type': 'port_scan', 'target_action': 1, 'prev_risk': 0.1843955306723057, 'risk': 0.20687064350348444}
[ep=07 t=0052] choose_plan=2 action=0 reward=-1.561 info={'t': 53, 'max_steps': 100, 'dominant_type': 'port_scan', 'target_action': 1, 'prev_risk': 0.20687064350348444, 'risk': 0.2291788239367087}
[ep=07 t=0053] choose_plan=0 action=0 reward=-2.242 info={'t': 54, 'max_steps': 100, 'dominant_type': 'proc_spawn', 'target_action': 2, 'prev_risk': 0.2291788239367087, 'risk': 0.2639467084909895}
[ep=07 t=0054] choose_plan=5 action=0 reward=-2.401 info={'t': 55, 'max_steps': 100, 'dominant_type': 'port_scan', 'target_action': 2, 'prev_risk': 0.2639467084909895, 'risk': 0.30003618052066366}
[ep=07 t=0055] choose_plan=4 action=1 reward=-1.739 info={'t': 56, 'max_steps': 100, 'dominant_type': 'outbound_conn', 'target_action': 2, 'prev_risk': 0.30003618052066366, 'risk': 0.273163796108717}
[ep=07 t=0056] choose_plan=0 action=0 reward=-2.374 info={'t': 57, 'max_steps': 100, 'dominant_type': 'outbound_conn', 'target_action': 2, 'prev_risk': 0.273163796108717, 'risk': 0.2825161168800768}
[ep=07 t=0057] choose_plan=1 action=0 reward=-2.494 info={'t': 58, 'max_steps': 100, 'dominant_type': 'outbound_conn', 'target_action': 2, 'prev_risk': 0.2825161168800768, 'risk': 0.3173619962539137}
[ep=07 t=0058] choose_plan=0 action=4 reward=-2.213 info={'t': 59, 'max_steps': 100, 'dominant_type': 'outbound_conn', 'target_action': 2, 'prev_risk': 0.3173619962539137, 'risk': 0.22083501859002203}
[ep=07 t=0059] choose_plan=4 action=0 reward=-2.238 info={'t': 60, 'max_steps': 100, 'dominant_type': 'outbound_conn', 'target_action': 2, 'prev_risk': 0.22083501859002203, 'risk': 0.2483005742457291}
[ep=07 t=0060] choose_plan=1 action=0 reward=-2.204 info={'t': 61, 'max_steps': 100, 'dominant_type': 'outbound_conn', 'target_action': 2, 'prev_risk': 0.2483005742457291, 'risk': 0.24672076205411697}
[ep=07 t=0061] choose_plan=1 action=0 reward=-2.294 info={'t': 62, 'max_steps': 100, 'dominant_type': 'proc_spawn', 'target_action': 2, 'prev_risk': 0.24672076205411697, 'risk': 0.271832716388728}
[ep=07 t=0062] choose_plan=2 action=0 reward=-1.820 info={'t': 63, 'max_steps': 100, 'dominant_type': 'auth_fail', 'target_action': 1, 'prev_risk': 0.271832716388728, 'risk': 0.2920380371588572}
[ep=07 t=0063] choose_plan=0 action=0 reward=-2.264 info={'t': 64, 'max_steps': 100, 'dominant_type': 'outbound_conn', 'target_action': 2, 'prev_risk': 0.2920380371588572, 'risk': 0.2771364072639865}
[ep=07 t=0064] choose_plan=3 action=4 reward=-3.159 info={'t': 65, 'max_steps': 100, 'dominant_type': 'outbound_conn', 'target_action': 2, 'prev_risk': 0.2771364072639865, 'risk': 0.19543067787098733}
[ep=07 t=0065] choose_plan=3 action=0 reward=-1.809 info={'t': 66, 'max_steps': 100, 'dominant_type': 'port_scan', 'target_action': 1, 'prev_risk': 0.19543067787098733, 'risk': 0.2854444524734718}
[ep=07 t=0066] choose_plan=4 action=0 reward=-1.857 info={'t': 67, 'max_steps': 100, 'dominant_type': 'auth_fail', 'target_action': 1, 'prev_risk': 0.2854444524734718, 'risk': 0.30254626504702087}
[ep=07 t=0067] choose_plan=4 action=1 reward=-2.049 info={'t': 68, 'max_steps': 100, 'dominant_type': 'proc_spawn', 'target_action': 2, 'prev_risk': 0.30254626504702087, 'risk': 0.33495093007858073}
[ep=07 t=0068] choose_plan=1 action=4 reward=-2.713 info={'t': 69, 'max_steps': 100, 'dominant_type': 'port_scan', 'target_action': 1, 'prev_risk': 0.33495093007858073, 'risk': 0.22324266822100927}
[ep=07 t=0069] choose_plan=1 action=0 reward=-2.096 info={'t': 70, 'max_steps': 100, 'dominant_type': 'outbound_conn', 'target_action': 2, 'prev_risk': 0.22324266822100927, 'risk': 0.22859692478067326}
[ep=07 t=0070] choose_plan=1 action=0 reward=-1.602 info={'t': 71, 'max_steps': 100, 'dominant_type': 'auth_fail', 'target_action': 1, 'prev_risk': 0.22859692478067326, 'risk': 0.2352129178137285}
[ep=07 t=0071] choose_plan=3 action=4 reward=-3.011 info={'t': 72, 'max_steps': 100, 'dominant_type': 'outbound_conn', 'target_action': 2, 'prev_risk': 0.2352129178137285, 'risk': 0.15763377551170654}
[ep=07 t=0072] choose_plan=1 action=0 reward=-1.813 info={'t': 73, 'max_steps': 100, 'dominant_type': 'outbound_conn', 'target_action': 2, 'prev_risk': 0.15763377551170654, 'risk': 0.16834663163188235}
[ep=07 t=0073] choose_plan=2 action=0 reward=-1.905 info={'t': 74, 'max_steps': 100, 'dominant_type': 'proc_spawn', 'target_action': 2, 'prev_risk': 0.16834663163188235, 'risk': 0.18178673600458148}
[ep=07 t=0074] choose_plan=1 action=0 reward=-1.988 info={'t': 75, 'max_steps': 100, 'dominant_type': 'outbound_conn', 'target_action': 2, 'prev_risk': 0.18178673600458148, 'risk': 0.20391979400456503}
[ep=07 t=0075] choose_plan=3 action=0 reward=-2.317 info={'t': 76, 'max_steps': 100, 'dominant_type': 'proc_spawn', 'target_action': 2, 'prev_risk': 0.20391979400456503, 'risk': 0.2737068696318912}
[ep=07 t=0076] choose_plan=3 action=0 reward=-2.586 info={'t': 77, 'max_steps': 100, 'dominant_type': 'proc_spawn', 'target_action': 2, 'prev_risk': 0.2737068696318912, 'risk': 0.33903452534749684}
[ep=07 t=0077] choose_plan=2 action=4 reward=-2.683 info={'t': 78, 'max_steps': 100, 'dominant_type': 'proc_spawn', 'target_action': 2, 'prev_risk': 0.33903452534749684, 'risk': 0.2991061315792938}
[ep=07 t=0078] choose_plan=2 action=0 reward=-2.531 info={'t': 79, 'max_steps': 100, 'dominant_type': 'outbound_conn', 'target_action': 2, 'prev_risk': 0.2991061315792938, 'risk': 0.3289599087136122}
[ep=07 t=0079] choose_plan=4 action=2 reward=-1.354 info={'t': 80, 'max_steps': 100, 'dominant_type': 'outbound_conn', 'target_action': 2, 'prev_risk': 0.3289599087136122, 'risk': 0.2896954831633743}
[ep=07 t=0080] choose_plan=1 action=0 reward=-2.536 info={'t': 81, 'max_steps': 100, 'dominant_type': 'port_scan', 'target_action': 2, 'prev_risk': 0.2896954831633743, 'risk': 0.3272642401471757}
[ep=07 t=0081] choose_plan=2 action=0 reward=-2.547 info={'t': 82, 'max_steps': 100, 'dominant_type': 'outbound_conn', 'target_action': 2, 'prev_risk': 0.3272642401471757, 'risk': 0.3342522168213269}
[ep=07 t=0082] choose_plan=2 action=2 reward=-1.208 info={'t': 83, 'max_steps': 100, 'dominant_type': 'outbound_conn', 'target_action': 2, 'prev_risk': 0.3342522168213269, 'risk': 0.2803422418640985}
[ep=07 t=0083] choose_plan=3 action=0 reward=-2.327 info={'t': 84, 'max_steps': 100, 'dominant_type': 'outbound_conn', 'target_action': 2, 'prev_risk': 0.2803422418640985, 'risk': 0.2776246612170135}
[ep=07 t=0084] choose_plan=0 action=0 reward=-2.730 info={'t': 85, 'max_steps': 100, 'dominant_type': 'outbound_conn', 'target_action': 2, 'prev_risk': 0.2776246612170135, 'risk': 0.369242969795077}
[ep=07 t=0085] choose_plan=0 action=3 reward=-2.829 info={'t': 86, 'max_steps': 100, 'dominant_type': 'auth_fail', 'target_action': 1, 'prev_risk': 0.369242969795077, 'risk': 0.3467322007484587}
[ep=07 t=0086] choose_plan=4 action=0 reward=-2.238 info={'t': 87, 'max_steps': 100, 'dominant_type': 'auth_fail', 'target_action': 1, 'prev_risk': 0.3467322007484587, 'risk': 0.3834827887740081}
[ep=07 t=0087] choose_plan=1 action=2 reward=-1.449 info={'t': 88, 'max_steps': 100, 'dominant_type': 'port_scan', 'target_action': 2, 'prev_risk': 0.3834827887740081, 'risk': 0.32835066996614526}
[ep=07 t=0088] choose_plan=2 action=2 reward=-1.325 info={'t': 89, 'max_steps': 100, 'dominant_type': 'outbound_conn', 'target_action': 2, 'prev_risk': 0.32835066996614526, 'risk': 0.2886819770110691}
[ep=07 t=0089] choose_plan=1 action=0 reward=-2.484 info={'t': 90, 'max_steps': 100, 'dominant_type': 'outbound_conn', 'target_action': 2, 'prev_risk': 0.2886819770110691, 'risk': 0.3141519259631071}
[ep=07 t=0090] choose_plan=0 action=3 reward=-2.186 info={'t': 91, 'max_steps': 100, 'dominant_type': 'port_scan', 'target_action': 1, 'prev_risk': 0.3141519259631071, 'risk': 0.2357986809178821}
[ep=07 t=0091] choose_plan=1 action=0 reward=-2.215 info={'t': 92, 'max_steps': 100, 'dominant_type': 'outbound_conn', 'target_action': 2, 'prev_risk': 0.2357986809178821, 'risk': 0.24940397701663058}
[ep=07 t=0092] choose_plan=0 action=0 reward=-1.799 info={'t': 93, 'max_steps': 100, 'dominant_type': 'port_scan', 'target_action': 1, 'prev_risk': 0.24940397701663058, 'risk': 0.2804319579344836}
[ep=07 t=0093] choose_plan=1 action=0 reward=-1.832 info={'t': 94, 'max_steps': 100, 'dominant_type': 'port_scan', 'target_action': 1, 'prev_risk': 0.2804319579344836, 'risk': 0.29344953809010377}
[ep=07 t=0094] choose_plan=5 action=0 reward=-2.431 info={'t': 95, 'max_steps': 100, 'dominant_type': 'port_scan', 'target_action': 2, 'prev_risk': 0.29344953809010377, 'risk': 0.3044002705373838}
[ep=07 t=0095] choose_plan=4 action=1 reward=-1.263 info={'t': 96, 'max_steps': 100, 'dominant_type': 'auth_fail', 'target_action': 1, 'prev_risk': 0.3044002705373838, 'risk': 0.2873203778469272}
[ep=07 t=0096] choose_plan=0 action=0 reward=-3.299 info={'t': 97, 'max_steps': 100, 'dominant_type': 'proc_spawn', 'target_action': 3, 'prev_risk': 0.2873203778469272, 'risk': 0.3725349764748665}
[ep=07 t=0097] choose_plan=0 action=3 reward=-2.021 info={'t': 98, 'max_steps': 100, 'dominant_type': 'outbound_conn', 'target_action': 2, 'prev_risk': 0.3725349764748665, 'risk': 0.31146927712762934}
[ep=07 t=0098] choose_plan=4 action=3 reward=-2.007 info={'t': 99, 'max_steps': 100, 'dominant_type': 'outbound_conn', 'target_action': 2, 'prev_risk': 0.31146927712762934, 'risk': 0.2856029935569786}
[ep=07 t=0099] choose_plan=0 action=0 reward=-1.969 info={'t': 100, 'max_steps': 100, 'dominant_type': 'auth_fail', 'target_action': 1, 'prev_risk': 0.2856029935569786, 'risk': 0.32003291282819724}
# done at t=99
# episode_summary {"episode": 7, "episode_return": -216.3332896447456, "reward_mean": -2.163332896447456, "reward_min": -3.2991811445095793, "reward_max": -1.0900212716482391, "steps": 100, "unique_actions": 5, "top5_actions": [[0, 61], [1, 13], [2, 10], [4, 10], [3, 6]]}

# ===== EPISODE 8 =====
[ep=08 t=0000] choose_plan=0 action=1 reward=-2.791 info={'t': 1, 'max_steps': 100, 'dominant_type': 'proc_spawn', 'target_action': 3, 'prev_risk': 0.3504192045081223, 'risk': 0.36691766010532617}
[ep=08 t=0001] choose_plan=1 action=1 reward=-2.334 info={'t': 2, 'max_steps': 100, 'dominant_type': 'outbound_conn', 'target_action': 2, 'prev_risk': 0.36691766010532617, 'risk': 0.3877054589619565}
[ep=08 t=0002] choose_plan=2 action=1 reward=-2.877 info={'t': 3, 'max_steps': 100, 'dominant_type': 'proc_spawn', 'target_action': 3, 'prev_risk': 0.3877054589619565, 'risk': 0.3881438885551475}
[ep=08 t=0003] choose_plan=5 action=1 reward=-2.212 info={'t': 4, 'max_steps': 100, 'dominant_type': 'port_scan', 'target_action': 2, 'prev_risk': 0.3881438885551475, 'risk': 0.36965824986018775}
[ep=08 t=0004] choose_plan=5 action=2 reward=-1.610 info={'t': 5, 'max_steps': 100, 'dominant_type': 'port_scan', 'target_action': 2, 'prev_risk': 0.36965824986018775, 'risk': 0.34552590959868407}
[ep=08 t=0005] choose_plan=1 action=1 reward=-2.156 info={'t': 6, 'max_steps': 100, 'dominant_type': 'port_scan', 'target_action': 2, 'prev_risk': 0.34552590959868407, 'risk': 0.3479137451501942}
[ep=08 t=0006] choose_plan=3 action=1 reward=-2.185 info={'t': 7, 'max_steps': 100, 'dominant_type': 'outbound_conn', 'target_action': 2, 'prev_risk': 0.3479137451501942, 'risk': 0.35784314465320594}
[ep=08 t=0007] choose_plan=1 action=4 reward=-2.415 info={'t': 8, 'max_steps': 100, 'dominant_type': 'outbound_conn', 'target_action': 2, 'prev_risk': 0.35784314465320594, 'risk': 0.26366917002119483}
[ep=08 t=0008] choose_plan=1 action=0 reward=-2.327 info={'t': 9, 'max_steps': 100, 'dominant_type': 'outbound_conn', 'target_action': 2, 'prev_risk': 0.26366917002119483, 'risk': 0.2747459100074045}
[ep=08 t=0009] choose_plan=1 action=0 reward=-1.788 info={'t': 10, 'max_steps': 100, 'dominant_type': 'auth_fail', 'target_action': 1, 'prev_risk': 0.2747459100074045, 'risk': 0.28150872975102526}
[ep=08 t=0010] choose_plan=1 action=0 reward=-1.747 info={'t': 11, 'max_steps': 100, 'dominant_type': 'port_scan', 'target_action': 1, 'prev_risk': 0.28150872975102526, 'risk': 0.2766703215179694}
[ep=08 t=0011] choose_plan=1 action=0 reward=-1.883 info={'t': 12, 'max_steps': 100, 'dominant_type': 'auth_fail', 'target_action': 1, 'prev_risk': 0.2766703215179694, 'risk': 0.3075971330632023}
[ep=08 t=0012] choose_plan=4 action=2 reward=-1.611 info={'t': 13, 'max_steps': 100, 'dominant_type': 'port_scan', 'target_action': 2, 'prev_risk': 0.3075971330632023, 'risk': 0.3281814896050941}
[ep=08 t=0013] choose_plan=3 action=1 reward=-2.094 info={'t': 14, 'max_steps': 100, 'dominant_type': 'outbound_conn', 'target_action': 2, 'prev_risk': 0.3281814896050941, 'risk': 0.33032683831583326}
[ep=08 t=0014] choose_plan=2 action=4 reward=-2.267 info={'t': 15, 'max_steps': 100, 'dominant_type': 'proc_spawn', 'target_action': 2, 'prev_risk': 0.33032683831583326, 'risk': 0.2363765537975877}
[ep=08 t=0015] choose_plan=0 action=0 reward=-2.350 info={'t': 16, 'max_steps': 100, 'dominant_type': 'proc_spawn', 'target_action': 2, 'prev_risk': 0.2363765537975877, 'risk': 0.28409134321002505}
[ep=08 t=0016] choose_plan=0 action=0 reward=-3.232 info={'t': 17, 'max_steps': 100, 'dominant_type': 'proc_spawn', 'target_action': 3, 'prev_risk': 0.28409134321002505, 'risk': 0.36082026227753916}
[ep=08 t=0017] choose_plan=2 action=0 reward=-3.596 info={'t': 18, 'max_steps': 100, 'dominant_type': 'proc_spawn', 'target_action': 3, 'prev_risk': 0.36082026227753916, 'risk': 0.44318426467010963}
[ep=08 t=0018] choose_plan=2 action=2 reward=-2.236 info={'t': 19, 'max_steps': 100, 'dominant_type': 'auth_fail', 'target_action': 1, 'prev_risk': 0.44318426467010963, 'risk': 0.3905137809040886}
[ep=08 t=0019] choose_plan=4 action=0 reward=-2.317 info={'t': 20, 'max_steps': 100, 'dominant_type': 'auth_fail', 'target_action': 1, 'prev_risk': 0.3905137809040886, 'risk': 0.39188447277168864}
[ep=08 t=0020] choose_plan=5 action=0 reward=-3.661 info={'t': 21, 'max_steps': 100, 'dominant_type': 'outbound_conn', 'target_action': 3, 'prev_risk': 0.39188447277168864, 'risk': 0.4542669534205918}
[ep=08 t=0021] choose_plan=5 action=4 reward=-2.642 info={'t': 22, 'max_steps': 100, 'dominant_type': 'proc_spawn', 'target_action': 2, 'prev_risk': 0.4542669534205918, 'risk': 0.338627480944637}
[ep=08 t=0022] choose_plan=0 action=4 reward=-2.679 info={'t': 23, 'max_steps': 100, 'dominant_type': 'port_scan', 'target_action': 1, 'prev_risk': 0.338627480944637, 'risk': 0.21838069758867917}
[ep=08 t=0023] choose_plan=0 action=0 reward=-1.577 info={'t': 24, 'max_steps': 100, 'dominant_type': 'port_scan', 'target_action': 1, 'prev_risk': 0.21838069758867917, 'risk': 0.23335847171905796}
[ep=08 t=0024] choose_plan=4 action=0 reward=-2.298 info={'t': 25, 'max_steps': 100, 'dominant_type': 'outbound_conn', 'target_action': 2, 'prev_risk': 0.23335847171905796, 'risk': 0.2753265493268869}
[ep=08 t=0025] choose_plan=2 action=0 reward=-2.664 info={'t': 26, 'max_steps': 100, 'dominant_type': 'outbound_conn', 'target_action': 2, 'prev_risk': 0.2753265493268869, 'risk': 0.3508740340587662}
[ep=08 t=0026] choose_plan=1 action=0 reward=-2.734 info={'t': 27, 'max_steps': 100, 'dominant_type': 'port_scan', 'target_action': 2, 'prev_risk': 0.3508740340587662, 'risk': 0.37345389654847877}
[ep=08 t=0027] choose_plan=3 action=3 reward=-1.893 info={'t': 28, 'max_steps': 100, 'dominant_type': 'outbound_conn', 'target_action': 2, 'prev_risk': 0.37345389654847877, 'risk': 0.29276125758669064}
[ep=08 t=0028] choose_plan=0 action=0 reward=-2.494 info={'t': 29, 'max_steps': 100, 'dominant_type': 'proc_spawn', 'target_action': 2, 'prev_risk': 0.29276125758669064, 'risk': 0.3166716067767748}
[ep=08 t=0029] choose_plan=1 action=1 reward=-2.091 info={'t': 30, 'max_steps': 100, 'dominant_type': 'outbound_conn', 'target_action': 2, 'prev_risk': 0.3166716067767748, 'risk': 0.32906031172148104}
[ep=08 t=0030] choose_plan=4 action=4 reward=-2.560 info={'t': 31, 'max_steps': 100, 'dominant_type': 'auth_fail', 'target_action': 1, 'prev_risk': 0.32906031172148104, 'risk': 0.20096745890199788}
[ep=08 t=0031] choose_plan=2 action=0 reward=-1.981 info={'t': 32, 'max_steps': 100, 'dominant_type': 'outbound_conn', 'target_action': 2, 'prev_risk': 0.20096745890199788, 'risk': 0.1992607707502278}
[ep=08 t=0032] choose_plan=2 action=0 reward=-2.024 info={'t': 33, 'max_steps': 100, 'dominant_type': 'proc_spawn', 'target_action': 2, 'prev_risk': 0.1992607707502278, 'risk': 0.21574129997118063}
[ep=08 t=0033] choose_plan=5 action=0 reward=-2.195 info={'t': 34, 'max_steps': 100, 'dominant_type': 'proc_spawn', 'target_action': 2, 'prev_risk': 0.21574129997118063, 'risk': 0.24700669265852776}
[ep=08 t=0034] choose_plan=5 action=0 reward=-2.318 info={'t': 35, 'max_steps': 100, 'dominant_type': 'proc_spawn', 'target_action': 2, 'prev_risk': 0.24700669265852776, 'risk': 0.26916279511636654}
[ep=08 t=0035] choose_plan=5 action=0 reward=-2.018 info={'t': 36, 'max_steps': 100, 'dominant_type': 'auth_fail', 'target_action': 1, 'prev_risk': 0.26916279511636654, 'risk': 0.33182803489687024}
[ep=08 t=0036] choose_plan=2 action=1 reward=-1.991 info={'t': 37, 'max_steps': 100, 'dominant_type': 'proc_spawn', 'target_action': 2, 'prev_risk': 0.33182803489687024, 'risk': 0.32165047318937434}
[ep=08 t=0037] choose_plan=2 action=2 reward=-1.255 info={'t': 38, 'max_steps': 100, 'dominant_type': 'proc_spawn', 'target_action': 2, 'prev_risk': 0.32165047318937434, 'risk': 0.28632771341342944}
[ep=08 t=0038] choose_plan=5 action=0 reward=-1.928 info={'t': 39, 'max_steps': 100, 'dominant_type': 'auth_fail', 'target_action': 1, 'prev_risk': 0.28632771341342944, 'risk': 0.30661899605385645}
[ep=08 t=0039] choose_plan=0 action=1 reward=-1.988 info={'t': 40, 'max_steps': 100, 'dominant_type': 'outbound_conn', 'target_action': 2, 'prev_risk': 0.30661899605385645, 'risk': 0.3075315511002887}
[ep=08 t=0040] choose_plan=3 action=2 reward=-1.730 info={'t': 41, 'max_steps': 100, 'dominant_type': 'port_scan', 'target_action': 1, 'prev_risk': 0.3075315511002887, 'risk': 0.26696982373310607}
[ep=08 t=0041] choose_plan=5 action=0 reward=-1.785 info={'t': 42, 'max_steps': 100, 'dominant_type': 'port_scan', 'target_action': 1, 'prev_risk': 0.26696982373310607, 'risk': 0.27778906719646773}
[ep=08 t=0042] choose_plan=0 action=0 reward=-2.492 info={'t': 43, 'max_steps': 100, 'dominant_type': 'proc_spawn', 'target_action': 2, 'prev_risk': 0.27778906719646773, 'risk': 0.31154489348138564}
[ep=08 t=0043] choose_plan=5 action=1 reward=-2.188 info={'t': 44, 'max_steps': 100, 'dominant_type': 'outbound_conn', 'target_action': 2, 'prev_risk': 0.31154489348138564, 'risk': 0.3609457778579349}
[ep=08 t=0044] choose_plan=2 action=1 reward=-2.295 info={'t': 45, 'max_steps': 100, 'dominant_type': 'port_scan', 'target_action': 2, 'prev_risk': 0.3609457778579349, 'risk': 0.38408103009938915}
[ep=08 t=0045] choose_plan=2 action=4 reward=-3.026 info={'t': 46, 'max_steps': 100, 'dominant_type': 'port_scan', 'target_action': 1, 'prev_risk': 0.38408103009938915, 'risk': 0.28356410813362276}
[ep=08 t=0046] choose_plan=1 action=0 reward=-2.374 info={'t': 47, 'max_steps': 100, 'dominant_type': 'outbound_conn', 'target_action': 2, 'prev_risk': 0.28356410813362276, 'risk': 0.2907777872346889}
[ep=08 t=0047] choose_plan=5 action=0 reward=-2.419 info={'t': 48, 'max_steps': 100, 'dominant_type': 'proc_spawn', 'target_action': 2, 'prev_risk': 0.2907777872346889, 'risk': 0.2980087242888026}
[ep=08 t=0048] choose_plan=5 action=0 reward=-2.497 info={'t': 49, 'max_steps': 100, 'dominant_type': 'port_scan', 'target_action': 2, 'prev_risk': 0.2980087242888026, 'risk': 0.3219257386090554}
[ep=08 t=0049] choose_plan=0 action=1 reward=-1.868 info={'t': 50, 'max_steps': 100, 'dominant_type': 'outbound_conn', 'target_action': 2, 'prev_risk': 0.3219257386090554, 'risk': 0.29637048018962975}
[ep=08 t=0050] choose_plan=2 action=0 reward=-2.526 info={'t': 51, 'max_steps': 100, 'dominant_type': 'outbound_conn', 'target_action': 2, 'prev_risk': 0.29637048018962975, 'risk': 0.3211392791984726}
[ep=08 t=0051] choose_plan=1 action=2 reward=-1.427 info={'t': 52, 'max_steps': 100, 'dominant_type': 'proc_spawn', 'target_action': 2, 'prev_risk': 0.3211392791984726, 'risk': 0.30213783589439686}
[ep=08 t=0052] choose_plan=2 action=3 reward=-2.304 info={'t': 53, 'max_steps': 100, 'dominant_type': 'auth_fail', 'target_action': 1, 'prev_risk': 0.30213783589439686, 'risk': 0.24655996779213862}
[ep=08 t=0053] choose_plan=4 action=0 reward=-2.334 info={'t': 54, 'max_steps': 100, 'dominant_type': 'outbound_conn', 'target_action': 2, 'prev_risk': 0.24655996779213862, 'risk': 0.27907151285435594}
[ep=08 t=0054] choose_plan=5 action=0 reward=-2.457 info={'t': 55, 'max_steps': 100, 'dominant_type': 'outbound_conn', 'target_action': 2, 'prev_risk': 0.27907151285435594, 'risk': 0.31271218994305067}
[ep=08 t=0055] choose_plan=0 action=4 reward=-2.227 info={'t': 56, 'max_steps': 100, 'dominant_type': 'proc_spawn', 'target_action': 2, 'prev_risk': 0.31271218994305067, 'risk': 0.22457498063033687}
[ep=08 t=0056] choose_plan=2 action=0 reward=-2.206 info={'t': 57, 'max_steps': 100, 'dominant_type': 'proc_spawn', 'target_action': 2, 'prev_risk': 0.22457498063033687, 'risk': 0.24866233521849046}
[ep=08 t=0057] choose_plan=0 action=0 reward=-1.698 info={'t': 58, 'max_steps': 100, 'dominant_type': 'port_scan', 'target_action': 1, 'prev_risk': 0.24866233521849046, 'risk': 0.2641341913279257}
[ep=08 t=0058] choose_plan=0 action=0 reward=-1.767 info={'t': 59, 'max_steps': 100, 'dominant_type': 'auth_fail', 'target_action': 1, 'prev_risk': 0.2641341913279257, 'risk': 0.2738013925950229}
[ep=08 t=0059] choose_plan=2 action=0 reward=-2.401 info={'t': 60, 'max_steps': 100, 'dominant_type': 'outbound_conn', 'target_action': 2, 'prev_risk': 0.2738013925950229, 'risk': 0.2936077072709883}
[ep=08 t=0060] choose_plan=1 action=0 reward=-2.513 info={'t': 61, 'max_steps': 100, 'dominant_type': 'port_scan', 'target_action': 2, 'prev_risk': 0.2936077072709883, 'risk': 0.3212884304267535}
[ep=08 t=0061] choose_plan=2 action=1 reward=-1.418 info={'t': 62, 'max_steps': 100, 'dominant_type': 'auth_fail', 'target_action': 1, 'prev_risk': 0.3212884304267535, 'risk': 0.32058330126902673}
[ep=08 t=0062] choose_plan=5 action=2 reward=-1.369 info={'t': 63, 'max_steps': 100, 'dominant_type': 'proc_spawn', 'target_action': 2, 'prev_risk': 0.32058330126902673, 'risk': 0.29636641731332886}
[ep=08 t=0063] choose_plan=5 action=4 reward=-2.696 info={'t': 64, 'max_steps': 100, 'dominant_type': 'port_scan', 'target_action': 1, 'prev_risk': 0.29636641731332886, 'risk': 0.20505023183490756}
[ep=08 t=0064] choose_plan=3 action=0 reward=-1.624 info={'t': 65, 'max_steps': 100, 'dominant_type': 'port_scan', 'target_action': 1, 'prev_risk': 0.20505023183490756, 'risk': 0.24105486323705744}
[ep=08 t=0065] choose_plan=1 action=0 reward=-1.779 info={'t': 66, 'max_steps': 100, 'dominant_type': 'port_scan', 'target_action': 1, 'prev_risk': 0.24105486323705744, 'risk': 0.27969183683123744}
[ep=08 t=0066] choose_plan=2 action=0 reward=-2.549 info={'t': 67, 'max_steps': 100, 'dominant_type': 'outbound_conn', 'target_action': 2, 'prev_risk': 0.27969183683123744, 'risk': 0.3214444832978486}
[ep=08 t=0067] choose_plan=2 action=2 reward=-1.419 info={'t': 68, 'max_steps': 100, 'dominant_type': 'outbound_conn', 'target_action': 2, 'prev_risk': 0.3214444832978486, 'risk': 0.30139650802395}
[ep=08 t=0068] choose_plan=2 action=4 reward=-2.033 info={'t': 69, 'max_steps': 100, 'dominant_type': 'proc_spawn', 'target_action': 2, 'prev_risk': 0.30139650802395, 'risk': 0.18828621748077418}
[ep=08 t=0069] choose_plan=3 action=0 reward=-1.498 info={'t': 70, 'max_steps': 100, 'dominant_type': 'auth_fail', 'target_action': 1, 'prev_risk': 0.18828621748077418, 'risk': 0.2175076288507627}
[ep=08 t=0070] choose_plan=2 action=0 reward=-2.417 info={'t': 71, 'max_steps': 100, 'dominant_type': 'outbound_conn', 'target_action': 2, 'prev_risk': 0.2175076288507627, 'risk': 0.2978431365124776}
[ep=08 t=0071] choose_plan=4 action=0 reward=-2.733 info={'t': 72, 'max_steps': 100, 'dominant_type': 'outbound_conn', 'target_action': 2, 'prev_risk': 0.2978431365124776, 'risk': 0.3738238706887825}
[ep=08 t=0072] choose_plan=0 action=2 reward=-1.497 info={'t': 73, 'max_steps': 100, 'dominant_type': 'proc_spawn', 'target_action': 2, 'prev_risk': 0.3738238706887825, 'risk': 0.3325849407464683}
[ep=08 t=0073] choose_plan=5 action=0 reward=-2.958 info={'t': 74, 'max_steps': 100, 'dominant_type': 'port_scan', 'target_action': 2, 'prev_risk': 0.3325849407464683, 'risk': 0.42370292706031587}
[ep=08 t=0074] choose_plan=1 action=1 reward=-2.746 info={'t': 75, 'max_steps': 100, 'dominant_type': 'port_scan', 'target_action': 2, 'prev_risk': 0.42370292706031587, 'risk': 0.4871843861834392}
[ep=08 t=0075] choose_plan=3 action=4 reward=-2.731 info={'t': 76, 'max_steps': 100, 'dominant_type': 'port_scan', 'target_action': 2, 'prev_risk': 0.4871843861834392, 'risk': 0.367340444080572}
[ep=08 t=0076] choose_plan=4 action=2 reward=-1.898 info={'t': 77, 'max_steps': 100, 'dominant_type': 'auth_fail', 'target_action': 1, 'prev_risk': 0.367340444080572, 'risk': 0.31067880566868783}
[ep=08 t=0077] choose_plan=2 action=1 reward=-1.876 info={'t': 78, 'max_steps': 100, 'dominant_type': 'proc_spawn', 'target_action': 2, 'prev_risk': 0.31067880566868783, 'risk': 0.2956111565411826}
[ep=08 t=0078] choose_plan=1 action=0 reward=-2.506 info={'t': 79, 'max_steps': 100, 'dominant_type': 'port_scan', 'target_action': 2, 'prev_risk': 0.2956111565411826, 'risk': 0.3155076308446994}
[ep=08 t=0079] choose_plan=3 action=4 reward=-2.799 info={'t': 80, 'max_steps': 100, 'dominant_type': 'port_scan', 'target_action': 1, 'prev_risk': 0.3155076308446994, 'risk': 0.23191540572964825}
[ep=08 t=0080] choose_plan=2 action=0 reward=-2.464 info={'t': 81, 'max_steps': 100, 'dominant_type': 'proc_spawn', 'target_action': 2, 'prev_risk': 0.23191540572964825, 'risk': 0.3102657649883124}
[ep=08 t=0081] choose_plan=1 action=2 reward=-1.276 info={'t': 82, 'max_steps': 100, 'dominant_type': 'proc_spawn', 'target_action': 2, 'prev_risk': 0.3102657649883124, 'risk': 0.2743107027211216}
[ep=08 t=0082] choose_plan=3 action=0 reward=-1.633 info={'t': 83, 'max_steps': 100, 'dominant_type': 'port_scan', 'target_action': 1, 'prev_risk': 0.2743107027211216, 'risk': 0.25780546497127504}
[ep=08 t=0083] choose_plan=0 action=0 reward=-3.199 info={'t': 84, 'max_steps': 100, 'dominant_type': 'proc_spawn', 'target_action': 3, 'prev_risk': 0.25780546497127504, 'risk': 0.35897850821411226}
[ep=08 t=0084] choose_plan=4 action=2 reward=-1.461 info={'t': 85, 'max_steps': 100, 'dominant_type': 'port_scan', 'target_action': 2, 'prev_risk': 0.35897850821411226, 'risk': 0.32119400402348586}
[ep=08 t=0085] choose_plan=1 action=2 reward=-1.330 info={'t': 86, 'max_steps': 100, 'dominant_type': 'outbound_conn', 'target_action': 2, 'prev_risk': 0.32119400402348586, 'risk': 0.29238363340066487}
[ep=08 t=0086] choose_plan=3 action=0 reward=-2.522 info={'t': 87, 'max_steps': 100, 'dominant_type': 'outbound_conn', 'target_action': 2, 'prev_risk': 0.29238363340066487, 'risk': 0.3161848870399866}
[ep=08 t=0087] choose_plan=3 action=0 reward=-2.690 info={'t': 88, 'max_steps': 100, 'dominant_type': 'port_scan', 'target_action': 2, 'prev_risk': 0.3161848870399866, 'risk': 0.3550300535425045}
[ep=08 t=0088] choose_plan=3 action=0 reward=-2.851 info={'t': 89, 'max_steps': 100, 'dominant_type': 'port_scan', 'target_action': 2, 'prev_risk': 0.3550300535425045, 'risk': 0.3991978074423146}
[ep=08 t=0089] choose_plan=5 action=2 reward=-1.624 info={'t': 90, 'max_steps': 100, 'dominant_type': 'port_scan', 'target_action': 2, 'prev_risk': 0.3991978074423146, 'risk': 0.35890473128687705}
[ep=08 t=0090] choose_plan=4 action=4 reward=-2.456 info={'t': 91, 'max_steps': 100, 'dominant_type': 'proc_spawn', 'target_action': 2, 'prev_risk': 0.35890473128687705, 'risk': 0.2685475985812152}
[ep=08 t=0091] choose_plan=2 action=0 reward=-1.783 info={'t': 92, 'max_steps': 100, 'dominant_type': 'port_scan', 'target_action': 1, 'prev_risk': 0.2685475985812152, 'risk': 0.28707826659489594}
[ep=08 t=0092] choose_plan=5 action=0 reward=-2.505 info={'t': 93, 'max_steps': 100, 'dominant_type': 'outbound_conn', 'target_action': 2, 'prev_risk': 0.28707826659489594, 'risk': 0.31706675708807514}
[ep=08 t=0093] choose_plan=2 action=1 reward=-1.866 info={'t': 94, 'max_steps': 100, 'dominant_type': 'proc_spawn', 'target_action': 2, 'prev_risk': 0.31706675708807514, 'risk': 0.29386326963536746}
[ep=08 t=0094] choose_plan=0 action=0 reward=-2.523 info={'t': 95, 'max_steps': 100, 'dominant_type': 'proc_spawn', 'target_action': 2, 'prev_risk': 0.29386326963536746, 'risk': 0.31581132377632537}
[ep=08 t=0095] choose_plan=2 action=3 reward=-2.433 info={'t': 96, 'max_steps': 100, 'dominant_type': 'port_scan', 'target_action': 1, 'prev_risk': 0.31581132377632537, 'risk': 0.2695350354043784}
[ep=08 t=0096] choose_plan=0 action=0 reward=-2.440 info={'t': 97, 'max_steps': 100, 'dominant_type': 'port_scan', 'target_action': 2, 'prev_risk': 0.2695350354043784, 'risk': 0.3037345533016749}
[ep=08 t=0097] choose_plan=4 action=4 reward=-2.728 info={'t': 98, 'max_steps': 100, 'dominant_type': 'proc_spawn', 'target_action': 2, 'prev_risk': 0.3037345533016749, 'risk': 0.29135464723872073}
[ep=08 t=0098] choose_plan=5 action=0 reward=-2.548 info={'t': 99, 'max_steps': 100, 'dominant_type': 'port_scan', 'target_action': 2, 'prev_risk': 0.29135464723872073, 'risk': 0.31703576901778857}
[ep=08 t=0099] choose_plan=4 action=4 reward=-2.798 info={'t': 100, 'max_steps': 100, 'dominant_type': 'auth_fail', 'target_action': 1, 'prev_risk': 0.31703576901778857, 'risk': 0.22698469643303304}
# done at t=99
# episode_summary {"episode": 8, "episode_return": -223.22847839323006, "reward_mean": -2.232284783932301, "reward_min": -3.660753251010481, "reward_max": -1.2545277083861397, "steps": 100, "unique_actions": 5, "top5_actions": [[0, 52], [1, 17], [2, 14], [4, 14], [3, 3]]}

# ===== EPISODE 9 =====
[ep=09 t=0000] choose_plan=0 action=1 reward=-2.402 info={'t': 1, 'max_steps': 100, 'dominant_type': 'port_scan', 'target_action': 2, 'prev_risk': 0.3676469862350789, 'risk': 0.4132646093122979}
[ep=09 t=0001] choose_plan=3 action=4 reward=-2.521 info={'t': 2, 'max_steps': 100, 'dominant_type': 'proc_spawn', 'target_action': 2, 'prev_risk': 0.4132646093122979, 'risk': 0.30832825952440157}
[ep=09 t=0002] choose_plan=2 action=2 reward=-1.223 info={'t': 3, 'max_steps': 100, 'dominant_type': 'outbound_conn', 'target_action': 2, 'prev_risk': 0.30832825952440157, 'risk': 0.27231440472304047}
[ep=09 t=0003] choose_plan=3 action=0 reward=-2.276 info={'t': 4, 'max_steps': 100, 'dominant_type': 'outbound_conn', 'target_action': 2, 'prev_risk': 0.27231440472304047, 'risk': 0.26719252812237587}
[ep=09 t=0004] choose_plan=0 action=0 reward=-2.366 info={'t': 5, 'max_steps': 100, 'dominant_type': 'outbound_conn', 'target_action': 2, 'prev_risk': 0.26719252812237587, 'risk': 0.29233757752545103}
[ep=09 t=0005] choose_plan=0 action=3 reward=-1.635 info={'t': 6, 'max_steps': 100, 'dominant_type': 'proc_spawn', 'target_action': 2, 'prev_risk': 0.29233757752545103, 'risk': 0.22318213966611805}
[ep=09 t=0006] choose_plan=1 action=0 reward=-1.636 info={'t': 7, 'max_steps': 100, 'dominant_type': 'auth_fail', 'target_action': 1, 'prev_risk': 0.22318213966611805, 'risk': 0.2544234812498925}
[ep=09 t=0007] choose_plan=5 action=0 reward=-2.208 info={'t': 8, 'max_steps': 100, 'dominant_type': 'outbound_conn', 'target_action': 2, 'prev_risk': 0.2544234812498925, 'risk': 0.2525665248509806}
[ep=09 t=0008] choose_plan=5 action=0 reward=-1.699 info={'t': 9, 'max_steps': 100, 'dominant_type': 'port_scan', 'target_action': 1, 'prev_risk': 0.2525665248509806, 'risk': 0.2611127779641689}
[ep=09 t=0009] choose_plan=3 action=0 reward=-2.409 info={'t': 10, 'max_steps': 100, 'dominant_type': 'outbound_conn', 'target_action': 2, 'prev_risk': 0.2611127779641689, 'risk': 0.29904397762770557}
[ep=09 t=0010] choose_plan=1 action=0 reward=-2.486 info={'t': 11, 'max_steps': 100, 'dominant_type': 'proc_spawn', 'target_action': 2, 'prev_risk': 0.29904397762770557, 'risk': 0.31683754872513287}
[ep=09 t=0011] choose_plan=5 action=1 reward=-1.467 info={'t': 12, 'max_steps': 100, 'dominant_type': 'auth_fail', 'target_action': 1, 'prev_risk': 0.31683754872513287, 'risk': 0.316059761699651}
[ep=09 t=0012] choose_plan=0 action=1 reward=-1.961 info={'t': 13, 'max_steps': 100, 'dominant_type': 'outbound_conn', 'target_action': 2, 'prev_risk': 0.316059761699651, 'risk': 0.3090322596975365}
[ep=09 t=0013] choose_plan=0 action=1 reward=-2.039 info={'t': 14, 'max_steps': 100, 'dominant_type': 'port_scan', 'target_action': 2, 'prev_risk': 0.3090322596975365, 'risk': 0.32004022323282966}
[ep=09 t=0014] choose_plan=0 action=1 reward=-2.039 info={'t': 15, 'max_steps': 100, 'dominant_type': 'port_scan', 'target_action': 2, 'prev_risk': 0.32004022323282966, 'risk': 0.3228754363559844}
[ep=09 t=0015] choose_plan=5 action=1 reward=-2.114 info={'t': 16, 'max_steps': 100, 'dominant_type': 'proc_spawn', 'target_action': 2, 'prev_risk': 0.3228754363559844, 'risk': 0.3388384137499983}
[ep=09 t=0016] choose_plan=1 action=2 reward=-2.225 info={'t': 17, 'max_steps': 100, 'dominant_type': 'proc_spawn', 'target_action': 3, 'prev_risk': 0.3388384137499983, 'risk': 0.3525299772295813}
[ep=09 t=0017] choose_plan=2 action=1 reward=-2.101 info={'t': 18, 'max_steps': 100, 'dominant_type': 'outbound_conn', 'target_action': 2, 'prev_risk': 0.3525299772295813, 'risk': 0.3446168630274629}
[ep=09 t=0018] choose_plan=2 action=1 reward=-2.048 info={'t': 19, 'max_steps': 100, 'dominant_type': 'proc_spawn', 'target_action': 2, 'prev_risk': 0.3446168630274629, 'risk': 0.336791579995682}
[ep=09 t=0019] choose_plan=0 action=2 reward=-1.156 info={'t': 20, 'max_steps': 100, 'dominant_type': 'outbound_conn', 'target_action': 2, 'prev_risk': 0.336791579995682, 'risk': 0.2744101729204549}
[ep=09 t=0020] choose_plan=5 action=0 reward=-2.399 info={'t': 21, 'max_steps': 100, 'dominant_type': 'outbound_conn', 'target_action': 2, 'prev_risk': 0.2744101729204549, 'risk': 0.2898563756455072}
[ep=09 t=0021] choose_plan=5 action=0 reward=-2.452 info={'t': 22, 'max_steps': 100, 'dominant_type': 'proc_spawn', 'target_action': 2, 'prev_risk': 0.2898563756455072, 'risk': 0.3027012197914766}
[ep=09 t=0022] choose_plan=3 action=3 reward=-2.534 info={'t': 23, 'max_steps': 100, 'dominant_type': 'port_scan', 'target_action': 1, 'prev_risk': 0.3027012197914766, 'risk': 0.2771026826058898}
[ep=09 t=0023] choose_plan=5 action=0 reward=-1.904 info={'t': 24, 'max_steps': 100, 'dominant_type': 'auth_fail', 'target_action': 1, 'prev_risk': 0.2771026826058898, 'risk': 0.30424027569933354}
[ep=09 t=0024] choose_plan=2 action=1 reward=-1.708 info={'t': 25, 'max_steps': 100, 'dominant_type': 'proc_spawn', 'target_action': 2, 'prev_risk': 0.30424027569933354, 'risk': 0.2762707299353294}
[ep=09 t=0025] choose_plan=1 action=0 reward=-2.425 info={'t': 26, 'max_steps': 100, 'dominant_type': 'port_scan', 'target_action': 2, 'prev_risk': 0.2762707299353294, 'risk': 0.3041821880100691}
[ep=09 t=0026] choose_plan=3 action=3 reward=-1.525 info={'t': 27, 'max_steps': 100, 'dominant_type': 'proc_spawn', 'target_action': 2, 'prev_risk': 0.3041821880100691, 'risk': 0.22114565318831844}
[ep=09 t=0027] choose_plan=0 action=0 reward=-1.713 info={'t': 28, 'max_steps': 100, 'dominant_type': 'port_scan', 'target_action': 1, 'prev_risk': 0.22114565318831844, 'risk': 0.2669676888143803}
[ep=09 t=0028] choose_plan=4 action=0 reward=-2.587 info={'t': 29, 'max_steps': 100, 'dominant_type': 'proc_spawn', 'target_action': 2, 'prev_risk': 0.2669676888143803, 'risk': 0.34016098833451547}
[ep=09 t=0029] choose_plan=1 action=2 reward=-1.382 info={'t': 30, 'max_steps': 100, 'dominant_type': 'port_scan', 'target_action': 2, 'prev_risk': 0.34016098833451547, 'risk': 0.3083340303621401}
[ep=09 t=0030] choose_plan=0 action=4 reward=-2.150 info={'t': 31, 'max_steps': 100, 'dominant_type': 'proc_spawn', 'target_action': 2, 'prev_risk': 0.3083340303621401, 'risk': 0.21105167202626024}
[ep=09 t=0031] choose_plan=3 action=0 reward=-2.078 info={'t': 32, 'max_steps': 100, 'dominant_type': 'outbound_conn', 'target_action': 2, 'prev_risk': 0.21105167202626024, 'risk': 0.22089312809978282}
[ep=09 t=0032] choose_plan=4 action=0 reward=-1.507 info={'t': 33, 'max_steps': 100, 'dominant_type': 'auth_fail', 'target_action': 1, 'prev_risk': 0.22089312809978282, 'risk': 0.22006614960890153}
[ep=09 t=0033] choose_plan=1 action=0 reward=-2.285 info={'t': 34, 'max_steps': 100, 'dominant_type': 'proc_spawn', 'target_action': 2, 'prev_risk': 0.22006614960890153, 'risk': 0.2669343277616812}
[ep=09 t=0034] choose_plan=1 action=0 reward=-1.828 info={'t': 35, 'max_steps': 100, 'dominant_type': 'auth_fail', 'target_action': 1, 'prev_risk': 0.2669343277616812, 'risk': 0.28480592978548025}
[ep=09 t=0035] choose_plan=4 action=0 reward=-2.425 info={'t': 36, 'max_steps': 100, 'dominant_type': 'proc_spawn', 'target_action': 2, 'prev_risk': 0.28480592978548025, 'risk': 0.30143077589173495}
[ep=09 t=0036] choose_plan=1 action=1 reward=-1.325 info={'t': 37, 'max_steps': 100, 'dominant_type': 'auth_fail', 'target_action': 1, 'prev_risk': 0.30143077589173495, 'risk': 0.29181963203205136}
[ep=09 t=0037] choose_plan=1 action=0 reward=-2.449 info={'t': 38, 'max_steps': 100, 'dominant_type': 'proc_spawn', 'target_action': 2, 'prev_risk': 0.29181963203205136, 'risk': 0.30598072273976396}
[ep=09 t=0038] choose_plan=2 action=2 reward=-1.826 info={'t': 39, 'max_steps': 100, 'dominant_type': 'auth_fail', 'target_action': 1, 'prev_risk': 0.30598072273976396, 'risk': 0.27689492911856084}
[ep=09 t=0039] choose_plan=3 action=0 reward=-2.510 info={'t': 40, 'max_steps': 100, 'dominant_type': 'outbound_conn', 'target_action': 2, 'prev_risk': 0.27689492911856084, 'risk': 0.3152263956892293}
[ep=09 t=0040] choose_plan=2 action=1 reward=-1.914 info={'t': 41, 'max_steps': 100, 'dominant_type': 'proc_spawn', 'target_action': 2, 'prev_risk': 0.3152263956892293, 'risk': 0.3000256372288715}
[ep=09 t=0041] choose_plan=5 action=0 reward=-1.984 info={'t': 42, 'max_steps': 100, 'dominant_type': 'auth_fail', 'target_action': 1, 'prev_risk': 0.3000256372288715, 'risk': 0.3271495784404688}
[ep=09 t=0042] choose_plan=2 action=2 reward=-1.342 info={'t': 43, 'max_steps': 100, 'dominant_type': 'proc_spawn', 'target_action': 2, 'prev_risk': 0.3271495784404688, 'risk': 0.295080456430296}
[ep=09 t=0043] choose_plan=1 action=0 reward=-2.581 info={'t': 44, 'max_steps': 100, 'dominant_type': 'port_scan', 'target_action': 2, 'prev_risk': 0.295080456430296, 'risk': 0.332131594639468}
[ep=09 t=0044] choose_plan=1 action=2 reward=-1.940 info={'t': 45, 'max_steps': 100, 'dominant_type': 'auth_fail', 'target_action': 1, 'prev_risk': 0.332131594639468, 'risk': 0.2999941058553597}
[ep=09 t=0045] choose_plan=0 action=0 reward=-1.950 info={'t': 46, 'max_steps': 100, 'dominant_type': 'auth_fail', 'target_action': 1, 'prev_risk': 0.2999941058553597, 'risk': 0.31665046352067044}
[ep=09 t=0046] choose_plan=0 action=3 reward=-1.684 info={'t': 47, 'max_steps': 100, 'dominant_type': 'proc_spawn', 'target_action': 2, 'prev_risk': 0.31665046352067044, 'risk': 0.24805087423031988}
[ep=09 t=0047] choose_plan=4 action=4 reward=-3.089 info={'t': 48, 'max_steps': 100, 'dominant_type': 'proc_spawn', 'target_action': 2, 'prev_risk': 0.24805087423031988, 'risk': 0.17125880631011361}
[ep=09 t=0048] choose_plan=1 action=0 reward=-2.004 info={'t': 49, 'max_steps': 100, 'dominant_type': 'outbound_conn', 'target_action': 2, 'prev_risk': 0.17125880631011361, 'risk': 0.20305425383881465}
[ep=09 t=0049] choose_plan=4 action=0 reward=-2.085 info={'t': 50, 'max_steps': 100, 'dominant_type': 'outbound_conn', 'target_action': 2, 'prev_risk': 0.20305425383881465, 'risk': 0.22089998573825426}
[ep=09 t=0050] choose_plan=1 action=0 reward=-1.554 info={'t': 51, 'max_steps': 100, 'dominant_type': 'auth_fail', 'target_action': 1, 'prev_risk': 0.22089998573825426, 'risk': 0.22105226577250486}
[ep=09 t=0051] choose_plan=3 action=0 reward=-2.176 info={'t': 52, 'max_steps': 100, 'dominant_type': 'proc_spawn', 'target_action': 2, 'prev_risk': 0.22105226577250486, 'risk': 0.2388519493757655}
[ep=09 t=0052] choose_plan=2 action=0 reward=-2.261 info={'t': 53, 'max_steps': 100, 'dominant_type': 'outbound_conn', 'target_action': 2, 'prev_risk': 0.2388519493757655, 'risk': 0.26006461038107376}
[ep=09 t=0053] choose_plan=0 action=0 reward=-2.330 info={'t': 54, 'max_steps': 100, 'dominant_type': 'outbound_conn', 'target_action': 2, 'prev_risk': 0.26006461038107376, 'risk': 0.28236715925161077}
[ep=09 t=0054] choose_plan=0 action=0 reward=-2.544 info={'t': 55, 'max_steps': 100, 'dominant_type': 'proc_spawn', 'target_action': 2, 'prev_risk': 0.28236715925161077, 'risk': 0.3351130950863575}
[ep=09 t=0055] choose_plan=5 action=1 reward=-2.203 info={'t': 56, 'max_steps': 100, 'dominant_type': 'outbound_conn', 'target_action': 2, 'prev_risk': 0.3351130950863575, 'risk': 0.36302758832293125}
[ep=09 t=0056] choose_plan=3 action=1 reward=-2.202 info={'t': 57, 'max_steps': 100, 'dominant_type': 'port_scan', 'target_action': 2, 'prev_risk': 0.36302758832293125, 'risk': 0.356075057290349}
[ep=09 t=0057] choose_plan=4 action=2 reward=-1.343 info={'t': 58, 'max_steps': 100, 'dominant_type': 'proc_spawn', 'target_action': 2, 'prev_risk': 0.356075057290349, 'risk': 0.30077378651516157}
[ep=09 t=0058] choose_plan=3 action=1 reward=-1.986 info={'t': 59, 'max_steps': 100, 'dominant_type': 'port_scan', 'target_action': 2, 'prev_risk': 0.30077378651516157, 'risk': 0.3092670417506045}
[ep=09 t=0059] choose_plan=5 action=1 reward=-1.269 info={'t': 60, 'max_steps': 100, 'dominant_type': 'port_scan', 'target_action': 1, 'prev_risk': 0.3092670417506045, 'risk': 0.290619453295043}
[ep=09 t=0060] choose_plan=2 action=0 reward=-1.801 info={'t': 61, 'max_steps': 100, 'dominant_type': 'port_scan', 'target_action': 1, 'prev_risk': 0.290619453295043, 'risk': 0.2884608330088861}
[ep=09 t=0061] choose_plan=4 action=0 reward=-2.443 info={'t': 62, 'max_steps': 100, 'dominant_type': 'outbound_conn', 'target_action': 2, 'prev_risk': 0.2884608330088861, 'risk': 0.3021288074433013}
[ep=09 t=0062] choose_plan=1 action=2 reward=-1.143 info={'t': 63, 'max_steps': 100, 'dominant_type': 'proc_spawn', 'target_action': 2, 'prev_risk': 0.3021288074433013, 'risk': 0.263272077867759}
[ep=09 t=0063] choose_plan=3 action=0 reward=-2.655 info={'t': 64, 'max_steps': 100, 'dominant_type': 'port_scan', 'target_action': 2, 'prev_risk': 0.263272077867759, 'risk': 0.35836310238315805}
[ep=09 t=0064] choose_plan=5 action=2 reward=-1.495 info={'t': 65, 'max_steps': 100, 'dominant_type': 'proc_spawn', 'target_action': 2, 'prev_risk': 0.35836310238315805, 'risk': 0.3301386450292255}
[ep=09 t=0065] choose_plan=3 action=0 reward=-2.809 info={'t': 66, 'max_steps': 100, 'dominant_type': 'outbound_conn', 'target_action': 2, 'prev_risk': 0.3301386450292255, 'risk': 0.3858360716176704}
[ep=09 t=0066] choose_plan=4 action=1 reward=-2.297 info={'t': 67, 'max_steps': 100, 'dominant_type': 'port_scan', 'target_action': 2, 'prev_risk': 0.3858360716176704, 'risk': 0.3823983171772324}
[ep=09 t=0067] choose_plan=5 action=2 reward=-1.505 info={'t': 68, 'max_steps': 100, 'dominant_type': 'proc_spawn', 'target_action': 2, 'prev_risk': 0.3823983171772324, 'risk': 0.34200235183054273}
[ep=09 t=0068] choose_plan=2 action=2 reward=-1.286 info={'t': 69, 'max_steps': 100, 'dominant_type': 'proc_spawn', 'target_action': 2, 'prev_risk': 0.34200235183054273, 'risk': 0.2914325092582422}
[ep=09 t=0069] choose_plan=4 action=0 reward=-2.484 info={'t': 70, 'max_steps': 100, 'dominant_type': 'port_scan', 'target_action': 2, 'prev_risk': 0.2914325092582422, 'risk': 0.31159605241064064}
[ep=09 t=0070] choose_plan=0 action=4 reward=-2.097 info={'t': 71, 'max_steps': 100, 'dominant_type': 'outbound_conn', 'target_action': 2, 'prev_risk': 0.31159605241064064, 'risk': 0.20506331549263127}
[ep=09 t=0071] choose_plan=3 action=0 reward=-2.114 info={'t': 72, 'max_steps': 100, 'dominant_type': 'outbound_conn', 'target_action': 2, 'prev_risk': 0.20506331549263127, 'risk': 0.22389165005789413}
[ep=09 t=0072] choose_plan=4 action=3 reward=-2.336 info={'t': 73, 'max_steps': 100, 'dominant_type': 'proc_spawn', 'target_action': 2, 'prev_risk': 0.22389165005789413, 'risk': 0.17743058572664738}
[ep=09 t=0073] choose_plan=3 action=0 reward=-1.967 info={'t': 74, 'max_steps': 100, 'dominant_type': 'proc_spawn', 'target_action': 2, 'prev_risk': 0.17743058572664738, 'risk': 0.19912599045616347}
[ep=09 t=0074] choose_plan=1 action=0 reward=-1.543 info={'t': 75, 'max_steps': 100, 'dominant_type': 'port_scan', 'target_action': 1, 'prev_risk': 0.19912599045616347, 'risk': 0.22520393841798614}
[ep=09 t=0075] choose_plan=4 action=0 reward=-2.013 info={'t': 76, 'max_steps': 100, 'dominant_type': 'proc_spawn', 'target_action': 2, 'prev_risk': 0.22520393841798614, 'risk': 0.21456812126864855}
[ep=09 t=0076] choose_plan=1 action=2 reward=-1.399 info={'t': 77, 'max_steps': 100, 'dominant_type': 'port_scan', 'target_action': 1, 'prev_risk': 0.21456812126864855, 'risk': 0.18073180156052088}
[ep=09 t=0077] choose_plan=4 action=0 reward=-2.258 info={'t': 78, 'max_steps': 100, 'dominant_type': 'outbound_conn', 'target_action': 2, 'prev_risk': 0.18073180156052088, 'risk': 0.2477149552964839}
[ep=09 t=0078] choose_plan=0 action=4 reward=-2.990 info={'t': 79, 'max_steps': 100, 'dominant_type': 'outbound_conn', 'target_action': 2, 'prev_risk': 0.2477149552964839, 'risk': 0.1552092270579031}
[ep=09 t=0079] choose_plan=3 action=0 reward=-1.323 info={'t': 80, 'max_steps': 100, 'dominant_type': 'auth_fail', 'target_action': 1, 'prev_risk': 0.1552092270579031, 'risk': 0.16889796059168669}
[ep=09 t=0080] choose_plan=3 action=0 reward=-1.426 info={'t': 81, 'max_steps': 100, 'dominant_type': 'port_scan', 'target_action': 1, 'prev_risk': 0.16889796059168669, 'risk': 0.1955317986300648}
[ep=09 t=0081] choose_plan=3 action=0 reward=-2.063 info={'t': 82, 'max_steps': 100, 'dominant_type': 'outbound_conn', 'target_action': 2, 'prev_risk': 0.1955317986300648, 'risk': 0.21405031933231136}
[ep=09 t=0082] choose_plan=4 action=0 reward=-1.397 info={'t': 83, 'max_steps': 100, 'dominant_type': 'auth_fail', 'target_action': 1, 'prev_risk': 0.21405031933231136, 'risk': 0.20398036545473722}
[ep=09 t=0083] choose_plan=3 action=0 reward=-1.521 info={'t': 84, 'max_steps': 100, 'dominant_type': 'port_scan', 'target_action': 1, 'prev_risk': 0.20398036545473722, 'risk': 0.2282396393796418}
[ep=09 t=0084] choose_plan=5 action=0 reward=-1.954 info={'t': 85, 'max_steps': 100, 'dominant_type': 'auth_fail', 'target_action': 1, 'prev_risk': 0.2282396393796418, 'risk': 0.31898618362624565}
[ep=09 t=0085] choose_plan=1 action=4 reward=-2.049 info={'t': 86, 'max_steps': 100, 'dominant_type': 'proc_spawn', 'target_action': 2, 'prev_risk': 0.31898618362624565, 'risk': 0.20102263192759692}
[ep=09 t=0086] choose_plan=0 action=4 reward=-3.390 info={'t': 87, 'max_steps': 100, 'dominant_type': 'port_scan', 'target_action': 1, 'prev_risk': 0.20102263192759692, 'risk': 0.11631907904847953}
[ep=09 t=0087] choose_plan=1 action=0 reward=-1.691 info={'t': 88, 'max_steps': 100, 'dominant_type': 'outbound_conn', 'target_action': 2, 'prev_risk': 0.11631907904847953, 'risk': 0.13601973858800193}
[ep=09 t=0088] choose_plan=5 action=0 reward=-1.817 info={'t': 89, 'max_steps': 100, 'dominant_type': 'outbound_conn', 'target_action': 2, 'prev_risk': 0.13601973858800193, 'risk': 0.16615764621967602}
[ep=09 t=0089] choose_plan=1 action=0 reward=-1.841 info={'t': 90, 'max_steps': 100, 'dominant_type': 'outbound_conn', 'target_action': 2, 'prev_risk': 0.16615764621967602, 'risk': 0.17215248332881378}
[ep=09 t=0090] choose_plan=5 action=0 reward=-1.706 info={'t': 91, 'max_steps': 100, 'dominant_type': 'auth_fail', 'target_action': 1, 'prev_risk': 0.17215248332881378, 'risk': 0.26141204430850923}
[ep=09 t=0091] choose_plan=0 action=0 reward=-1.872 info={'t': 92, 'max_steps': 100, 'dominant_type': 'auth_fail', 'target_action': 1, 'prev_risk': 0.26141204430850923, 'risk': 0.29737113084044264}
[ep=09 t=0092] choose_plan=4 action=0 reward=-1.823 info={'t': 93, 'max_steps': 100, 'dominant_type': 'port_scan', 'target_action': 1, 'prev_risk': 0.29737113084044264, 'risk': 0.29095532356263887}
[ep=09 t=0093] choose_plan=2 action=0 reward=-2.024 info={'t': 94, 'max_steps': 100, 'dominant_type': 'auth_fail', 'target_action': 1, 'prev_risk': 0.29095532356263887, 'risk': 0.3424369838240606}
[ep=09 t=0094] choose_plan=3 action=4 reward=-2.384 info={'t': 95, 'max_steps': 100, 'dominant_type': 'outbound_conn', 'target_action': 2, 'prev_risk': 0.3424369838240606, 'risk': 0.2605263905126425}
[ep=09 t=0095] choose_plan=3 action=0 reward=-2.373 info={'t': 96, 'max_steps': 100, 'dominant_type': 'proc_spawn', 'target_action': 2, 'prev_risk': 0.2605263905126425, 'risk': 0.2907159735093627}
[ep=09 t=0096] choose_plan=5 action=0 reward=-3.332 info={'t': 97, 'max_steps': 100, 'dominant_type': 'proc_spawn', 'target_action': 3, 'prev_risk': 0.2907159735093627, 'risk': 0.3830637018761719}
[ep=09 t=0097] choose_plan=1 action=2 reward=-1.681 info={'t': 98, 'max_steps': 100, 'dominant_type': 'outbound_conn', 'target_action': 2, 'prev_risk': 0.3830637018761719, 'risk': 0.36163411524286854}
[ep=09 t=0098] choose_plan=3 action=4 reward=-2.771 info={'t': 99, 'max_steps': 100, 'dominant_type': 'port_scan', 'target_action': 1, 'prev_risk': 0.36163411524286854, 'risk': 0.24243993651128226}
[ep=09 t=0099] choose_plan=2 action=0 reward=-1.784 info={'t': 100, 'max_steps': 100, 'dominant_type': 'port_scan', 'target_action': 1, 'prev_risk': 0.24243993651128226, 'risk': 0.2781806418219405}
# done at t=99
# episode_summary {"episode": 9, "episode_return": -202.3221124662165, "reward_mean": -2.023221124662165, "reward_min": -3.389519608192153, "reward_max": -1.143077177321522, "steps": 100, "unique_actions": 5, "top5_actions": [[0, 56], [1, 16], [2, 14], [4, 9], [3, 5]]}

# ===== EPISODE 10 =====
[ep=10 t=0000] choose_plan=1 action=0 reward=-1.976 info={'t': 1, 'max_steps': 100, 'dominant_type': 'auth_fail', 'target_action': 1, 'prev_risk': 0.36806964428838546, 'risk': 0.3419940407957893}
[ep=10 t=0001] choose_plan=4 action=2 reward=-1.321 info={'t': 2, 'max_steps': 100, 'dominant_type': 'proc_spawn', 'target_action': 2, 'prev_risk': 0.3419940407957893, 'risk': 0.29623992722313064}
[ep=10 t=0002] choose_plan=3 action=0 reward=-2.084 info={'t': 3, 'max_steps': 100, 'dominant_type': 'auth_fail', 'target_action': 1, 'prev_risk': 0.29623992722313064, 'risk': 0.3405741350578798}
[ep=10 t=0003] choose_plan=0 action=1 reward=-2.167 info={'t': 4, 'max_steps': 100, 'dominant_type': 'outbound_conn', 'target_action': 2, 'prev_risk': 0.3405741350578798, 'risk': 0.34926583298053804}
[ep=10 t=0004] choose_plan=0 action=1 reward=-2.082 info={'t': 5, 'max_steps': 100, 'dominant_type': 'port_scan', 'target_action': 2, 'prev_risk': 0.34926583298053804, 'risk': 0.33290563692258757}
[ep=10 t=0005] choose_plan=3 action=2 reward=-1.151 info={'t': 6, 'max_steps': 100, 'dominant_type': 'proc_spawn', 'target_action': 2, 'prev_risk': 0.33290563692258757, 'risk': 0.27034186405608984}
[ep=10 t=0006] choose_plan=0 action=0 reward=-1.996 info={'t': 7, 'max_steps': 100, 'dominant_type': 'auth_fail', 'target_action': 1, 'prev_risk': 0.27034186405608984, 'risk': 0.32223371028369896}
[ep=10 t=0007] choose_plan=1 action=2 reward=-1.632 info={'t': 8, 'max_steps': 100, 'dominant_type': 'auth_fail', 'target_action': 1, 'prev_risk': 0.32223371028369896, 'risk': 0.25771920210923055}
[ep=10 t=0008] choose_plan=2 action=0 reward=-2.218 info={'t': 9, 'max_steps': 100, 'dominant_type': 'proc_spawn', 'target_action': 2, 'prev_risk': 0.25771920210923055, 'risk': 0.25371147387597737}
[ep=10 t=0009] choose_plan=4 action=0 reward=-2.382 info={'t': 10, 'max_steps': 100, 'dominant_type': 'outbound_conn', 'target_action': 2, 'prev_risk': 0.25371147387597737, 'risk': 0.285132174362203}
[ep=10 t=0010] choose_plan=3 action=0 reward=-2.336 info={'t': 11, 'max_steps': 100, 'dominant_type': 'proc_spawn', 'target_action': 2, 'prev_risk': 0.285132174362203, 'risk': 0.28159341888430744}
[ep=10 t=0011] choose_plan=3 action=0 reward=-1.935 info={'t': 12, 'max_steps': 100, 'dominant_type': 'auth_fail', 'target_action': 1, 'prev_risk': 0.28159341888430744, 'risk': 0.31750678394502996}
[ep=10 t=0012] choose_plan=3 action=1 reward=-1.878 info={'t': 13, 'max_steps': 100, 'dominant_type': 'outbound_conn', 'target_action': 2, 'prev_risk': 0.31750678394502996, 'risk': 0.29927344949156953}
[ep=10 t=0013] choose_plan=4 action=0 reward=-2.618 info={'t': 14, 'max_steps': 100, 'dominant_type': 'port_scan', 'target_action': 2, 'prev_risk': 0.29927344949156953, 'risk': 0.34619675895775204}
[ep=10 t=0014] choose_plan=5 action=1 reward=-2.723 info={'t': 15, 'max_steps': 100, 'dominant_type': 'proc_spawn', 'target_action': 3, 'prev_risk': 0.34619675895775204, 'risk': 0.35102019696971015}
[ep=10 t=0015] choose_plan=4 action=1 reward=-1.664 info={'t': 16, 'max_steps': 100, 'dominant_type': 'auth_fail', 'target_action': 1, 'prev_risk': 0.35102019696971015, 'risk': 0.3611600697875277}
[ep=10 t=0016] choose_plan=2 action=1 reward=-2.688 info={'t': 17, 'max_steps': 100, 'dominant_type': 'proc_spawn', 'target_action': 3, 'prev_risk': 0.3611600697875277, 'risk': 0.35338095392914365}
[ep=10 t=0017] choose_plan=0 action=1 reward=-2.715 info={'t': 18, 'max_steps': 100, 'dominant_type': 'proc_spawn', 'target_action': 3, 'prev_risk': 0.35338095392914365, 'risk': 0.3511430167789564}
[ep=10 t=0018] choose_plan=0 action=1 reward=-1.378 info={'t': 19, 'max_steps': 100, 'dominant_type': 'auth_fail', 'target_action': 1, 'prev_risk': 0.3511430167789564, 'risk': 0.32058498596828927}
[ep=10 t=0019] choose_plan=3 action=1 reward=-2.070 info={'t': 20, 'max_steps': 100, 'dominant_type': 'port_scan', 'target_action': 2, 'prev_risk': 0.32058498596828927, 'risk': 0.33423300605734946}
[ep=10 t=0020] choose_plan=5 action=4 reward=-2.709 info={'t': 21, 'max_steps': 100, 'dominant_type': 'port_scan', 'target_action': 1, 'prev_risk': 0.33423300605734946, 'risk': 0.22126889947662667}
[ep=10 t=0021] choose_plan=3 action=0 reward=-1.642 info={'t': 22, 'max_steps': 100, 'dominant_type': 'port_scan', 'target_action': 1, 'prev_risk': 0.22126889947662667, 'risk': 0.2494205418997899}
[ep=10 t=0022] choose_plan=4 action=0 reward=-2.250 info={'t': 23, 'max_steps': 100, 'dominant_type': 'proc_spawn', 'target_action': 2, 'prev_risk': 0.2494205418997899, 'risk': 0.25800501471081644}
[ep=10 t=0023] choose_plan=5 action=0 reward=-2.621 info={'t': 24, 'max_steps': 100, 'dominant_type': 'outbound_conn', 'target_action': 2, 'prev_risk': 0.25800501471081644, 'risk': 0.34198327872162376}
[ep=10 t=0024] choose_plan=4 action=1 reward=-2.728 info={'t': 25, 'max_steps': 100, 'dominant_type': 'proc_spawn', 'target_action': 3, 'prev_risk': 0.34198327872162376, 'risk': 0.36053060968338624}
[ep=10 t=0025] choose_plan=3 action=1 reward=-2.132 info={'t': 26, 'max_steps': 100, 'dominant_type': 'port_scan', 'target_action': 2, 'prev_risk': 0.36053060968338624, 'risk': 0.35181759853794126}
[ep=10 t=0026] choose_plan=3 action=2 reward=-1.464 info={'t': 27, 'max_steps': 100, 'dominant_type': 'outbound_conn', 'target_action': 2, 'prev_risk': 0.35181759853794126, 'risk': 0.3185243935536532}
[ep=10 t=0027] choose_plan=2 action=2 reward=-1.389 info={'t': 28, 'max_steps': 100, 'dominant_type': 'outbound_conn', 'target_action': 2, 'prev_risk': 0.3185243935536532, 'risk': 0.29523049325612555}
[ep=10 t=0028] choose_plan=5 action=0 reward=-1.984 info={'t': 29, 'max_steps': 100, 'dominant_type': 'auth_fail', 'target_action': 1, 'prev_risk': 0.29523049325612555, 'risk': 0.32672054420255414}
[ep=10 t=0029] choose_plan=5 action=3 reward=-2.102 info={'t': 30, 'max_steps': 100, 'dominant_type': 'proc_spawn', 'target_action': 2, 'prev_risk': 0.32672054420255414, 'risk': 0.30289271680284696}
[ep=10 t=0030] choose_plan=4 action=4 reward=-2.990 info={'t': 31, 'max_steps': 100, 'dominant_type': 'port_scan', 'target_action': 1, 'prev_risk': 0.30289271680284696, 'risk': 0.2522035435265436}
[ep=10 t=0031] choose_plan=5 action=0 reward=-2.292 info={'t': 32, 'max_steps': 100, 'dominant_type': 'outbound_conn', 'target_action': 2, 'prev_risk': 0.2522035435265436, 'risk': 0.2743507976732088}
[ep=10 t=0032] choose_plan=4 action=0 reward=-2.463 info={'t': 33, 'max_steps': 100, 'dominant_type': 'outbound_conn', 'target_action': 2, 'prev_risk': 0.2743507976732088, 'risk': 0.30963841798195163}
[ep=10 t=0033] choose_plan=5 action=1 reward=-1.383 info={'t': 34, 'max_steps': 100, 'dominant_type': 'port_scan', 'target_action': 1, 'prev_risk': 0.30963841798195163, 'risk': 0.2976598985852226}
[ep=10 t=0034] choose_plan=3 action=0 reward=-2.467 info={'t': 35, 'max_steps': 100, 'dominant_type': 'port_scan', 'target_action': 2, 'prev_risk': 0.2976598985852226, 'risk': 0.3096320110929403}
[ep=10 t=0035] choose_plan=1 action=1 reward=-1.600 info={'t': 36, 'max_steps': 100, 'dominant_type': 'auth_fail', 'target_action': 1, 'prev_risk': 0.3096320110929403, 'risk': 0.3413394853693564}
[ep=10 t=0036] choose_plan=5 action=4 reward=-2.746 info={'t': 37, 'max_steps': 100, 'dominant_type': 'auth_fail', 'target_action': 1, 'prev_risk': 0.3413394853693564, 'risk': 0.23660308821866005}
[ep=10 t=0037] choose_plan=1 action=0 reward=-1.611 info={'t': 38, 'max_steps': 100, 'dominant_type': 'auth_fail', 'target_action': 1, 'prev_risk': 0.23660308821866005, 'risk': 0.2448052323931853}
[ep=10 t=0038] choose_plan=5 action=0 reward=-2.593 info={'t': 39, 'max_steps': 100, 'dominant_type': 'proc_spawn', 'target_action': 2, 'prev_risk': 0.2448052323931853, 'risk': 0.3402946154453118}
[ep=10 t=0039] choose_plan=1 action=1 reward=-2.062 info={'t': 40, 'max_steps': 100, 'dominant_type': 'port_scan', 'target_action': 2, 'prev_risk': 0.3402946154453118, 'risk': 0.33029769873529224}
[ep=10 t=0040] choose_plan=3 action=3 reward=-2.204 info={'t': 41, 'max_steps': 100, 'dominant_type': 'port_scan', 'target_action': 1, 'prev_risk': 0.33029769873529224, 'risk': 0.24088662219378648}
[ep=10 t=0041] choose_plan=5 action=0 reward=-2.288 info={'t': 42, 'max_steps': 100, 'dominant_type': 'outbound_conn', 'target_action': 2, 'prev_risk': 0.24088662219378648, 'risk': 0.2638058895775308}
[ep=10 t=0042] choose_plan=2 action=0 reward=-2.350 info={'t': 43, 'max_steps': 100, 'dominant_type': 'proc_spawn', 'target_action': 2, 'prev_risk': 0.2638058895775308, 'risk': 0.2888484763756763}
[ep=10 t=0043] choose_plan=1 action=0 reward=-2.439 info={'t': 44, 'max_steps': 100, 'dominant_type': 'outbound_conn', 'target_action': 2, 'prev_risk': 0.2888484763756763, 'risk': 0.30811092302146015}
[ep=10 t=0044] choose_plan=4 action=1 reward=-1.901 info={'t': 45, 'max_steps': 100, 'dominant_type': 'port_scan', 'target_action': 2, 'prev_risk': 0.30811092302146015, 'risk': 0.3028954212404441}
[ep=10 t=0045] choose_plan=4 action=2 reward=-1.472 info={'t': 46, 'max_steps': 100, 'dominant_type': 'proc_spawn', 'target_action': 2, 'prev_risk': 0.3028954212404441, 'risk': 0.3164224685774448}
[ep=10 t=0046] choose_plan=3 action=1 reward=-1.863 info={'t': 47, 'max_steps': 100, 'dominant_type': 'outbound_conn', 'target_action': 2, 'prev_risk': 0.3164224685774448, 'risk': 0.2960140223307848}
[ep=10 t=0047] choose_plan=1 action=0 reward=-2.421 info={'t': 48, 'max_steps': 100, 'dominant_type': 'port_scan', 'target_action': 2, 'prev_risk': 0.2960140223307848, 'risk': 0.30108672778289797}
[ep=10 t=0048] choose_plan=0 action=0 reward=-2.512 info={'t': 49, 'max_steps': 100, 'dominant_type': 'outbound_conn', 'target_action': 2, 'prev_risk': 0.30108672778289797, 'risk': 0.31999100341017633}
[ep=10 t=0049] choose_plan=0 action=2 reward=-1.638 info={'t': 50, 'max_steps': 100, 'dominant_type': 'port_scan', 'target_action': 1, 'prev_risk': 0.31999100341017633, 'risk': 0.25493283653024923}
[ep=10 t=0050] choose_plan=4 action=0 reward=-2.605 info={'t': 51, 'max_steps': 100, 'dominant_type': 'proc_spawn', 'target_action': 2, 'prev_risk': 0.25493283653024923, 'risk': 0.33404245902421237}
[ep=10 t=0051] choose_plan=0 action=2 reward=-1.411 info={'t': 52, 'max_steps': 100, 'dominant_type': 'proc_spawn', 'target_action': 2, 'prev_risk': 0.33404245902421237, 'risk': 0.3030562485621974}
[ep=10 t=0052] choose_plan=4 action=4 reward=-2.020 info={'t': 53, 'max_steps': 100, 'dominant_type': 'outbound_conn', 'target_action': 2, 'prev_risk': 0.3030562485621974, 'risk': 0.1883369957544933}
[ep=10 t=0053] choose_plan=0 action=0 reward=-1.610 info={'t': 54, 'max_steps': 100, 'dominant_type': 'port_scan', 'target_action': 1, 'prev_risk': 0.1883369957544933, 'risk': 0.2351945549658667}
[ep=10 t=0054] choose_plan=2 action=0 reward=-2.223 info={'t': 55, 'max_steps': 100, 'dominant_type': 'proc_spawn', 'target_action': 2, 'prev_risk': 0.2351945549658667, 'risk': 0.25246449779143143}
[ep=10 t=0055] choose_plan=3 action=0 reward=-1.740 info={'t': 56, 'max_steps': 100, 'dominant_type': 'port_scan', 'target_action': 1, 'prev_risk': 0.25246449779143143, 'risk': 0.27051114364873}
[ep=10 t=0056] choose_plan=0 action=0 reward=-1.826 info={'t': 57, 'max_steps': 100, 'dominant_type': 'auth_fail', 'target_action': 1, 'prev_risk': 0.27051114364873, 'risk': 0.2893836745173741}
[ep=10 t=0057] choose_plan=2 action=0 reward=-2.456 info={'t': 58, 'max_steps': 100, 'dominant_type': 'port_scan', 'target_action': 2, 'prev_risk': 0.2893836745173741, 'risk': 0.303142619993219}
[ep=10 t=0058] choose_plan=5 action=1 reward=-1.973 info={'t': 59, 'max_steps': 100, 'dominant_type': 'port_scan', 'target_action': 2, 'prev_risk': 0.303142619993219, 'risk': 0.30150444687691913}
[ep=10 t=0059] choose_plan=4 action=2 reward=-1.293 info={'t': 60, 'max_steps': 100, 'dominant_type': 'proc_spawn', 'target_action': 2, 'prev_risk': 0.30150444687691913, 'risk': 0.2742291258307296}
[ep=10 t=0060] choose_plan=4 action=0 reward=-2.460 info={'t': 61, 'max_steps': 100, 'dominant_type': 'proc_spawn', 'target_action': 2, 'prev_risk': 0.2742291258307296, 'risk': 0.2986615920923736}
[ep=10 t=0061] choose_plan=2 action=0 reward=-2.557 info={'t': 62, 'max_steps': 100, 'dominant_type': 'outbound_conn', 'target_action': 2, 'prev_risk': 0.2986615920923736, 'risk': 0.3219531737571721}
[ep=10 t=0062] choose_plan=3 action=4 reward=-2.672 info={'t': 63, 'max_steps': 100, 'dominant_type': 'port_scan', 'target_action': 1, 'prev_risk': 0.3219531737571721, 'risk': 0.21920732834209042}
[ep=10 t=0063] choose_plan=0 action=0 reward=-2.250 info={'t': 64, 'max_steps': 100, 'dominant_type': 'proc_spawn', 'target_action': 2, 'prev_risk': 0.21920732834209042, 'risk': 0.2577762480123153}
[ep=10 t=0064] choose_plan=4 action=0 reward=-1.839 info={'t': 65, 'max_steps': 100, 'dominant_type': 'port_scan', 'target_action': 1, 'prev_risk': 0.2577762480123153, 'risk': 0.29423391841381646}
[ep=10 t=0065] choose_plan=1 action=0 reward=-2.489 info={'t': 66, 'max_steps': 100, 'dominant_type': 'port_scan', 'target_action': 2, 'prev_risk': 0.29423391841381646, 'risk': 0.3158651358051146}
[ep=10 t=0066] choose_plan=3 action=0 reward=-2.469 info={'t': 67, 'max_steps': 100, 'dominant_type': 'proc_spawn', 'target_action': 2, 'prev_risk': 0.3158651358051146, 'risk': 0.3125200877901546}
[ep=10 t=0067] choose_plan=1 action=2 reward=-1.298 info={'t': 68, 'max_steps': 100, 'dominant_type': 'outbound_conn', 'target_action': 2, 'prev_risk': 0.3125200877901546, 'risk': 0.28295755746610046}
[ep=10 t=0068] choose_plan=5 action=0 reward=-2.566 info={'t': 69, 'max_steps': 100, 'dominant_type': 'port_scan', 'target_action': 2, 'prev_risk': 0.28295755746610046, 'risk': 0.3182468482904215}
[ep=10 t=0069] choose_plan=2 action=1 reward=-1.995 info={'t': 70, 'max_steps': 100, 'dominant_type': 'outbound_conn', 'target_action': 2, 'prev_risk': 0.3182468482904215, 'risk': 0.3161501980273367}
[ep=10 t=0070] choose_plan=3 action=4 reward=-2.474 info={'t': 71, 'max_steps': 100, 'dominant_type': 'proc_spawn', 'target_action': 2, 'prev_risk': 0.3161501980273367, 'risk': 0.259833902568736}
[ep=10 t=0071] choose_plan=5 action=0 reward=-2.388 info={'t': 72, 'max_steps': 100, 'dominant_type': 'proc_spawn', 'target_action': 2, 'prev_risk': 0.259833902568736, 'risk': 0.28465788381429663}
[ep=10 t=0072] choose_plan=5 action=3 reward=-1.778 info={'t': 73, 'max_steps': 100, 'dominant_type': 'outbound_conn', 'target_action': 2, 'prev_risk': 0.28465788381429663, 'risk': 0.24368596275431256}
[ep=10 t=0073] choose_plan=0 action=4 reward=-3.095 info={'t': 74, 'max_steps': 100, 'dominant_type': 'proc_spawn', 'target_action': 2, 'prev_risk': 0.24368596275431256, 'risk': 0.16878266792877683}
[ep=10 t=0074] choose_plan=2 action=0 reward=-1.377 info={'t': 75, 'max_steps': 100, 'dominant_type': 'auth_fail', 'target_action': 1, 'prev_risk': 0.16878266792877683, 'risk': 0.1897880307988186}
[ep=10 t=0075] choose_plan=2 action=0 reward=-1.383 info={'t': 76, 'max_steps': 100, 'dominant_type': 'auth_fail', 'target_action': 1, 'prev_risk': 0.1897880307988186, 'risk': 0.19125058569316816}
[ep=10 t=0076] choose_plan=0 action=0 reward=-2.022 info={'t': 77, 'max_steps': 100, 'dominant_type': 'outbound_conn', 'target_action': 2, 'prev_risk': 0.19125058569316816, 'risk': 0.20810857618783962}
[ep=10 t=0077] choose_plan=0 action=0 reward=-1.729 info={'t': 78, 'max_steps': 100, 'dominant_type': 'port_scan', 'target_action': 1, 'prev_risk': 0.20810857618783962, 'risk': 0.26907696436826967}
[ep=10 t=0078] choose_plan=2 action=0 reward=-1.818 info={'t': 79, 'max_steps': 100, 'dominant_type': 'port_scan', 'target_action': 1, 'prev_risk': 0.26907696436826967, 'risk': 0.2873790054872397}
[ep=10 t=0079] choose_plan=1 action=0 reward=-2.468 info={'t': 80, 'max_steps': 100, 'dominant_type': 'port_scan', 'target_action': 2, 'prev_risk': 0.2873790054872397, 'risk': 0.308851346466819}
[ep=10 t=0080] choose_plan=3 action=2 reward=-1.794 info={'t': 81, 'max_steps': 100, 'dominant_type': 'port_scan', 'target_action': 1, 'prev_risk': 0.308851346466819, 'risk': 0.27486631807821243}
[ep=10 t=0081] choose_plan=2 action=0 reward=-1.847 info={'t': 82, 'max_steps': 100, 'dominant_type': 'port_scan', 'target_action': 1, 'prev_risk': 0.27486631807821243, 'risk': 0.2900914116782146}
[ep=10 t=0082] choose_plan=5 action=0 reward=-1.876 info={'t': 83, 'max_steps': 100, 'dominant_type': 'auth_fail', 'target_action': 1, 'prev_risk': 0.2900914116782146, 'risk': 0.2998346769107409}
[ep=10 t=0083] choose_plan=0 action=0 reward=-2.591 info={'t': 84, 'max_steps': 100, 'dominant_type': 'port_scan', 'target_action': 2, 'prev_risk': 0.2998346769107409, 'risk': 0.33804680347345156}
[ep=10 t=0084] choose_plan=3 action=0 reward=-2.494 info={'t': 85, 'max_steps': 100, 'dominant_type': 'port_scan', 'target_action': 2, 'prev_risk': 0.33804680347345156, 'risk': 0.32862020944327847}
[ep=10 t=0085] choose_plan=0 action=1 reward=-1.857 info={'t': 86, 'max_steps': 100, 'dominant_type': 'outbound_conn', 'target_action': 2, 'prev_risk': 0.32862020944327847, 'risk': 0.30229630820090436}
[ep=10 t=0086] choose_plan=5 action=2 reward=-1.895 info={'t': 87, 'max_steps': 100, 'dominant_type': 'auth_fail', 'target_action': 1, 'prev_risk': 0.30229630820090436, 'risk': 0.28145289326368794}
[ep=10 t=0087] choose_plan=2 action=0 reward=-2.485 info={'t': 88, 'max_steps': 100, 'dominant_type': 'outbound_conn', 'target_action': 2, 'prev_risk': 0.28145289326368794, 'risk': 0.31485634995091016}
[ep=10 t=0088] choose_plan=5 action=1 reward=-2.091 info={'t': 89, 'max_steps': 100, 'dominant_type': 'proc_spawn', 'target_action': 2, 'prev_risk': 0.31485634995091016, 'risk': 0.3387993890096054}
[ep=10 t=0089] choose_plan=2 action=0 reward=-2.736 info={'t': 90, 'max_steps': 100, 'dominant_type': 'port_scan', 'target_action': 2, 'prev_risk': 0.3387993890096054, 'risk': 0.37542118465391217}
[ep=10 t=0090] choose_plan=5 action=1 reward=-1.640 info={'t': 91, 'max_steps': 100, 'dominant_type': 'auth_fail', 'target_action': 1, 'prev_risk': 0.37542118465391217, 'risk': 0.3620563416196323}
[ep=10 t=0091] choose_plan=5 action=2 reward=-1.379 info={'t': 92, 'max_steps': 100, 'dominant_type': 'outbound_conn', 'target_action': 2, 'prev_risk': 0.3620563416196323, 'risk': 0.3129339743613872}
[ep=10 t=0092] choose_plan=2 action=1 reward=-1.900 info={'t': 93, 'max_steps': 100, 'dominant_type': 'proc_spawn', 'target_action': 2, 'prev_risk': 0.3129339743613872, 'risk': 0.2998878656116072}
[ep=10 t=0093] choose_plan=1 action=0 reward=-2.522 info={'t': 94, 'max_steps': 100, 'dominant_type': 'proc_spawn', 'target_action': 2, 'prev_risk': 0.2998878656116072, 'risk': 0.32662174947669503}
[ep=10 t=0094] choose_plan=1 action=3 reward=-2.104 info={'t': 95, 'max_steps': 100, 'dominant_type': 'port_scan', 'target_action': 1, 'prev_risk': 0.32662174947669503, 'risk': 0.23244407090040467}
[ep=10 t=0095] choose_plan=1 action=0 reward=-2.633 info={'t': 96, 'max_steps': 100, 'dominant_type': 'port_scan', 'target_action': 2, 'prev_risk': 0.23244407090040467, 'risk': 0.3486611392495109}
[ep=10 t=0096] choose_plan=1 action=1 reward=-2.014 info={'t': 97, 'max_steps': 100, 'dominant_type': 'outbound_conn', 'target_action': 2, 'prev_risk': 0.3486611392495109, 'risk': 0.3276935795775414}
[ep=10 t=0097] choose_plan=0 action=1 reward=-1.961 info={'t': 98, 'max_steps': 100, 'dominant_type': 'outbound_conn', 'target_action': 2, 'prev_risk': 0.3276935795775414, 'risk': 0.31621518961319234}
[ep=10 t=0098] choose_plan=4 action=1 reward=-2.120 info={'t': 99, 'max_steps': 100, 'dominant_type': 'proc_spawn', 'target_action': 2, 'prev_risk': 0.31621518961319234, 'risk': 0.34228940031341026}
[ep=10 t=0099] choose_plan=3 action=3 reward=-2.364 info={'t': 100, 'max_steps': 100, 'dominant_type': 'port_scan', 'target_action': 1, 'prev_risk': 0.34228940031341026, 'risk': 0.2747012541989497}
# done at t=99
# episode_summary {"episode": 10, "episode_return": -209.9129633324395, "reward_mean": -2.0991296333243947, "reward_min": -3.094768980532555, "reward_max": -1.1505064398872988, "steps": 100, "unique_actions": 5, "top5_actions": [[0, 50], [1, 25], [2, 13], [4, 7], [3, 5]]}

# ===== EPISODE 11 =====
[ep=11 t=0000] choose_plan=0 action=1 reward=-2.254 info={'t': 1, 'max_steps': 100, 'dominant_type': 'port_scan', 'target_action': 2, 'prev_risk': 0.36972553657723195, 'risk': 0.36939488572626084}
[ep=11 t=0001] choose_plan=3 action=1 reward=-2.163 info={'t': 2, 'max_steps': 100, 'dominant_type': 'outbound_conn', 'target_action': 2, 'prev_risk': 0.36939488572626084, 'risk': 0.35951453145721984}
[ep=11 t=0002] choose_plan=1 action=4 reward=-2.935 info={'t': 3, 'max_steps': 100, 'dominant_type': 'auth_fail', 'target_action': 1, 'prev_risk': 0.35951453145721984, 'risk': 0.2653865669420914}
[ep=11 t=0003] choose_plan=3 action=0 reward=-2.400 info={'t': 4, 'max_steps': 100, 'dominant_type': 'proc_spawn', 'target_action': 2, 'prev_risk': 0.2653865669420914, 'risk': 0.29670511269582567}
[ep=11 t=0004] choose_plan=3 action=0 reward=-1.873 info={'t': 5, 'max_steps': 100, 'dominant_type': 'auth_fail', 'target_action': 1, 'prev_risk': 0.29670511269582567, 'risk': 0.3000040629475352}
[ep=11 t=0005] choose_plan=0 action=3 reward=-2.344 info={'t': 6, 'max_steps': 100, 'dominant_type': 'port_scan', 'target_action': 1, 'prev_risk': 0.3000040629475352, 'risk': 0.25097930809456737}
[ep=11 t=0006] choose_plan=2 action=0 reward=-2.355 info={'t': 7, 'max_steps': 100, 'dominant_type': 'proc_spawn', 'target_action': 2, 'prev_risk': 0.25097930809456737, 'risk': 0.2884970685306277}
[ep=11 t=0007] choose_plan=0 action=0 reward=-2.531 info={'t': 8, 'max_steps': 100, 'dominant_type': 'outbound_conn', 'target_action': 2, 'prev_risk': 0.2884970685306277, 'risk': 0.3259870540905754}
[ep=11 t=0008] choose_plan=2 action=4 reward=-2.845 info={'t': 9, 'max_steps': 100, 'dominant_type': 'auth_fail', 'target_action': 1, 'prev_risk': 0.3259870540905754, 'risk': 0.2411718152928972}
[ep=11 t=0009] choose_plan=5 action=0 reward=-2.625 info={'t': 10, 'max_steps': 100, 'dominant_type': 'port_scan', 'target_action': 2, 'prev_risk': 0.2411718152928972, 'risk': 0.34682914687744626}
[ep=11 t=0010] choose_plan=0 action=2 reward=-1.568 info={'t': 11, 'max_steps': 100, 'dominant_type': 'port_scan', 'target_action': 2, 'prev_risk': 0.34682914687744626, 'risk': 0.33325448722947904}
[ep=11 t=0011] choose_plan=2 action=0 reward=-2.043 info={'t': 12, 'max_steps': 100, 'dominant_type': 'auth_fail', 'target_action': 1, 'prev_risk': 0.33325448722947904, 'risk': 0.3394735992948746}
[ep=11 t=0012] choose_plan=0 action=0 reward=-2.628 info={'t': 13, 'max_steps': 100, 'dominant_type': 'port_scan', 'target_action': 2, 'prev_risk': 0.3394735992948746, 'risk': 0.3591130374805288}
[ep=11 t=0013] choose_plan=2 action=4 reward=-2.600 info={'t': 14, 'max_steps': 100, 'dominant_type': 'outbound_conn', 'target_action': 2, 'prev_risk': 0.3591130374805288, 'risk': 0.29308735942258646}
[ep=11 t=0014] choose_plan=5 action=0 reward=-2.425 info={'t': 15, 'max_steps': 100, 'dominant_type': 'port_scan', 'target_action': 2, 'prev_risk': 0.29308735942258646, 'risk': 0.30849729080341687}
[ep=11 t=0015] choose_plan=0 action=1 reward=-1.756 info={'t': 16, 'max_steps': 100, 'dominant_type': 'proc_spawn', 'target_action': 2, 'prev_risk': 0.30849729080341687, 'risk': 0.27582976737577286}
[ep=11 t=0016] choose_plan=2 action=0 reward=-1.888 info={'t': 17, 'max_steps': 100, 'dominant_type': 'port_scan', 'target_action': 1, 'prev_risk': 0.27582976737577286, 'risk': 0.29884816575268713}
[ep=11 t=0017] choose_plan=0 action=0 reward=-2.436 info={'t': 18, 'max_steps': 100, 'dominant_type': 'proc_spawn', 'target_action': 2, 'prev_risk': 0.29884816575268713, 'risk': 0.30032831735273513}
[ep=11 t=0018] choose_plan=5 action=0 reward=-2.008 info={'t': 19, 'max_steps': 100, 'dominant_type': 'auth_fail', 'target_action': 1, 'prev_risk': 0.30032831735273513, 'risk': 0.33420444095353935}
[ep=11 t=0019] choose_plan=1 action=0 reward=-2.575 info={'t': 20, 'max_steps': 100, 'dominant_type': 'proc_spawn', 'target_action': 2, 'prev_risk': 0.33420444095353935, 'risk': 0.33233681531181447}
[ep=11 t=0020] choose_plan=1 action=0 reward=-2.626 info={'t': 21, 'max_steps': 100, 'dominant_type': 'outbound_conn', 'target_action': 2, 'prev_risk': 0.33233681531181447, 'risk': 0.34414042714172133}
[ep=11 t=0021] choose_plan=0 action=0 reward=-2.702 info={'t': 22, 'max_steps': 100, 'dominant_type': 'outbound_conn', 'target_action': 2, 'prev_risk': 0.34414042714172133, 'risk': 0.36647482516477314}
[ep=11 t=0022] choose_plan=5 action=2 reward=-1.381 info={'t': 23, 'max_steps': 100, 'dominant_type': 'port_scan', 'target_action': 2, 'prev_risk': 0.36647482516477314, 'risk': 0.31678254149752266}
[ep=11 t=0023] choose_plan=1 action=2 reward=-1.136 info={'t': 24, 'max_steps': 100, 'dominant_type': 'proc_spawn', 'target_action': 2, 'prev_risk': 0.31678254149752266, 'risk': 0.2594060758003119}
[ep=11 t=0024] choose_plan=0 action=0 reward=-1.769 info={'t': 25, 'max_steps': 100, 'dominant_type': 'port_scan', 'target_action': 1, 'prev_risk': 0.2594060758003119, 'risk': 0.27396196523906746}
[ep=11 t=0025] choose_plan=4 action=0 reward=-2.394 info={'t': 26, 'max_steps': 100, 'dominant_type': 'outbound_conn', 'target_action': 2, 'prev_risk': 0.27396196523906746, 'risk': 0.2931189200555148}
[ep=11 t=0026] choose_plan=3 action=0 reward=-1.935 info={'t': 27, 'max_steps': 100, 'dominant_type': 'auth_fail', 'target_action': 1, 'prev_risk': 0.2931189200555148, 'risk': 0.3074349227986888}
[ep=11 t=0027] choose_plan=4 action=4 reward=-2.587 info={'t': 28, 'max_steps': 100, 'dominant_type': 'auth_fail', 'target_action': 1, 'prev_risk': 0.3074349227986888, 'risk': 0.19560938560151875}
[ep=11 t=0028] choose_plan=4 action=3 reward=-2.685 info={'t': 29, 'max_steps': 100, 'dominant_type': 'port_scan', 'target_action': 1, 'prev_risk': 0.19560938560151875, 'risk': 0.12956175940498227}
[ep=11 t=0029] choose_plan=5 action=0 reward=-1.287 info={'t': 30, 'max_steps': 100, 'dominant_type': 'port_scan', 'target_action': 1, 'prev_risk': 0.12956175940498227, 'risk': 0.16627443947266138}
[ep=11 t=0030] choose_plan=0 action=0 reward=-1.952 info={'t': 31, 'max_steps': 100, 'dominant_type': 'outbound_conn', 'target_action': 2, 'prev_risk': 0.16627443947266138, 'risk': 0.18480457180864623}
[ep=11 t=0031] choose_plan=0 action=0 reward=-1.984 info={'t': 32, 'max_steps': 100, 'dominant_type': 'proc_spawn', 'target_action': 2, 'prev_risk': 0.18480457180864623, 'risk': 0.1903294441405648}
[ep=11 t=0032] choose_plan=1 action=0 reward=-2.063 info={'t': 33, 'max_steps': 100, 'dominant_type': 'proc_spawn', 'target_action': 2, 'prev_risk': 0.1903294441405648, 'risk': 0.216152970994526}
[ep=11 t=0033] choose_plan=1 action=0 reward=-1.549 info={'t': 34, 'max_steps': 100, 'dominant_type': 'port_scan', 'target_action': 1, 'prev_risk': 0.216152970994526, 'risk': 0.22654052711261574}
[ep=11 t=0034] choose_plan=5 action=0 reward=-2.133 info={'t': 35, 'max_steps': 100, 'dominant_type': 'proc_spawn', 'target_action': 2, 'prev_risk': 0.22654052711261574, 'risk': 0.24448885551555707}
[ep=11 t=0035] choose_plan=0 action=0 reward=-1.752 info={'t': 36, 'max_steps': 100, 'dominant_type': 'port_scan', 'target_action': 1, 'prev_risk': 0.24448885551555707, 'risk': 0.2673565943263311}
[ep=11 t=0036] choose_plan=2 action=0 reward=-2.509 info={'t': 37, 'max_steps': 100, 'dominant_type': 'proc_spawn', 'target_action': 2, 'prev_risk': 0.2673565943263311, 'risk': 0.3132953559211344}
[ep=11 t=0037] choose_plan=1 action=1 reward=-2.031 info={'t': 38, 'max_steps': 100, 'dominant_type': 'port_scan', 'target_action': 2, 'prev_risk': 0.3132953559211344, 'risk': 0.32492976454658756}
[ep=11 t=0038] choose_plan=1 action=1 reward=-1.996 info={'t': 39, 'max_steps': 100, 'dominant_type': 'outbound_conn', 'target_action': 2, 'prev_risk': 0.32492976454658756, 'risk': 0.3197954080689345}
[ep=11 t=0039] choose_plan=4 action=3 reward=-1.988 info={'t': 40, 'max_steps': 100, 'dominant_type': 'auth_fail', 'target_action': 1, 'prev_risk': 0.3197954080689345, 'risk': 0.21277754566601625}
[ep=11 t=0040] choose_plan=3 action=0 reward=-2.153 info={'t': 41, 'max_steps': 100, 'dominant_type': 'proc_spawn', 'target_action': 2, 'prev_risk': 0.21277754566601625, 'risk': 0.23346352250894786}
[ep=11 t=0041] choose_plan=4 action=0 reward=-2.156 info={'t': 42, 'max_steps': 100, 'dominant_type': 'outbound_conn', 'target_action': 2, 'prev_risk': 0.23346352250894786, 'risk': 0.2380788486710824}
[ep=11 t=0042] choose_plan=0 action=0 reward=-2.273 info={'t': 43, 'max_steps': 100, 'dominant_type': 'proc_spawn', 'target_action': 2, 'prev_risk': 0.2380788486710824, 'risk': 0.26076567855742205}
[ep=11 t=0043] choose_plan=0 action=4 reward=-3.600 info={'t': 44, 'max_steps': 100, 'dominant_type': 'port_scan', 'target_action': 1, 'prev_risk': 0.26076567855742205, 'risk': 0.16712303752872232}
[ep=11 t=0044] choose_plan=4 action=0 reward=-1.412 info={'t': 45, 'max_steps': 100, 'dominant_type': 'port_scan', 'target_action': 1, 'prev_risk': 0.16712303752872232, 'risk': 0.19343622547835135}
[ep=11 t=0045] choose_plan=4 action=0 reward=-1.724 info={'t': 46, 'max_steps': 100, 'dominant_type': 'port_scan', 'target_action': 1, 'prev_risk': 0.19343622547835135, 'risk': 0.26414168382517783}
[ep=11 t=0046] choose_plan=2 action=0 reward=-2.357 info={'t': 47, 'max_steps': 100, 'dominant_type': 'proc_spawn', 'target_action': 2, 'prev_risk': 0.26414168382517783, 'risk': 0.281165247169697}
[ep=11 t=0047] choose_plan=2 action=0 reward=-2.477 info={'t': 48, 'max_steps': 100, 'dominant_type': 'port_scan', 'target_action': 2, 'prev_risk': 0.281165247169697, 'risk': 0.30760211063804094}
[ep=11 t=0048] choose_plan=0 action=1 reward=-1.987 info={'t': 49, 'max_steps': 100, 'dominant_type': 'proc_spawn', 'target_action': 2, 'prev_risk': 0.30760211063804094, 'risk': 0.31625765339461503}
[ep=11 t=0049] choose_plan=0 action=1 reward=-1.841 info={'t': 50, 'max_steps': 100, 'dominant_type': 'auth_fail', 'target_action': 1, 'prev_risk': 0.31625765339461503, 'risk': 0.40831598492959625}
[ep=11 t=0050] choose_plan=5 action=2 reward=-1.618 info={'t': 51, 'max_steps': 100, 'dominant_type': 'port_scan', 'target_action': 2, 'prev_risk': 0.40831598492959625, 'risk': 0.3589842182567022}
[ep=11 t=0051] choose_plan=0 action=2 reward=-2.104 info={'t': 52, 'max_steps': 100, 'dominant_type': 'auth_fail', 'target_action': 1, 'prev_risk': 0.3589842182567022, 'risk': 0.33453687427569595}
[ep=11 t=0052] choose_plan=5 action=2 reward=-1.404 info={'t': 53, 'max_steps': 100, 'dominant_type': 'port_scan', 'target_action': 2, 'prev_risk': 0.33453687427569595, 'risk': 0.30283621529436494}
[ep=11 t=0053] choose_plan=5 action=0 reward=-3.201 info={'t': 54, 'max_steps': 100, 'dominant_type': 'proc_spawn', 'target_action': 3, 'prev_risk': 0.30283621529436494, 'risk': 0.35296563163227224}
[ep=11 t=0054] choose_plan=2 action=0 reward=-2.312 info={'t': 55, 'max_steps': 100, 'dominant_type': 'auth_fail', 'target_action': 1, 'prev_risk': 0.35296563163227224, 'risk': 0.3942699288227726}
[ep=11 t=0055] choose_plan=4 action=1 reward=-2.126 info={'t': 56, 'max_steps': 100, 'dominant_type': 'outbound_conn', 'target_action': 2, 'prev_risk': 0.3942699288227726, 'risk': 0.36605959543585587}
[ep=11 t=0056] choose_plan=1 action=4 reward=-2.977 info={'t': 57, 'max_steps': 100, 'dominant_type': 'port_scan', 'target_action': 1, 'prev_risk': 0.36605959543585587, 'risk': 0.2744474902897402}
[ep=11 t=0057] choose_plan=5 action=0 reward=-1.881 info={'t': 58, 'max_steps': 100, 'dominant_type': 'auth_fail', 'target_action': 1, 'prev_risk': 0.2744474902897402, 'risk': 0.30383568379721193}
[ep=11 t=0058] choose_plan=3 action=4 reward=-2.191 info={'t': 59, 'max_steps': 100, 'dominant_type': 'outbound_conn', 'target_action': 2, 'prev_risk': 0.30383568379721193, 'risk': 0.21412684498264473}
[ep=11 t=0059] choose_plan=2 action=0 reward=-2.270 info={'t': 60, 'max_steps': 100, 'dominant_type': 'proc_spawn', 'target_action': 2, 'prev_risk': 0.21412684498264473, 'risk': 0.2635706978606571}
[ep=11 t=0060] choose_plan=3 action=0 reward=-1.853 info={'t': 61, 'max_steps': 100, 'dominant_type': 'port_scan', 'target_action': 1, 'prev_risk': 0.2635706978606571, 'risk': 0.2966724185692702}
[ep=11 t=0061] choose_plan=0 action=0 reward=-2.450 info={'t': 62, 'max_steps': 100, 'dominant_type': 'proc_spawn', 'target_action': 2, 'prev_risk': 0.2966724185692702, 'risk': 0.30583333701358517}
[ep=11 t=0062] choose_plan=3 action=4 reward=-2.012 info={'t': 63, 'max_steps': 100, 'dominant_type': 'outbound_conn', 'target_action': 2, 'prev_risk': 0.30583333701358517, 'risk': 0.19065131353939996}
[ep=11 t=0063] choose_plan=1 action=0 reward=-2.079 info={'t': 64, 'max_steps': 100, 'dominant_type': 'outbound_conn', 'target_action': 2, 'prev_risk': 0.19065131353939996, 'risk': 0.21815248713824476}
[ep=11 t=0064] choose_plan=4 action=0 reward=-2.063 info={'t': 65, 'max_steps': 100, 'dominant_type': 'proc_spawn', 'target_action': 2, 'prev_risk': 0.21815248713824476, 'risk': 0.2142863370600468}
[ep=11 t=0065] choose_plan=4 action=0 reward=-2.053 info={'t': 66, 'max_steps': 100, 'dominant_type': 'proc_spawn', 'target_action': 2, 'prev_risk': 0.2142863370600468, 'risk': 0.21939713187797133}
[ep=11 t=0066] choose_plan=1 action=0 reward=-1.726 info={'t': 67, 'max_steps': 100, 'dominant_type': 'auth_fail', 'target_action': 1, 'prev_risk': 0.21939713187797133, 'risk': 0.2614976987740626}
[ep=11 t=0067] choose_plan=0 action=0 reward=-2.427 info={'t': 68, 'max_steps': 100, 'dominant_type': 'outbound_conn', 'target_action': 2, 'prev_risk': 0.2614976987740626, 'risk': 0.302412228186104}
[ep=11 t=0068] choose_plan=2 action=4 reward=-2.123 info={'t': 69, 'max_steps': 100, 'dominant_type': 'outbound_conn', 'target_action': 2, 'prev_risk': 0.302412228186104, 'risk': 0.20354590245916832}
[ep=11 t=0069] choose_plan=1 action=0 reward=-1.535 info={'t': 70, 'max_steps': 100, 'dominant_type': 'port_scan', 'target_action': 1, 'prev_risk': 0.20354590245916832, 'risk': 0.22080828570266103}
[ep=11 t=0070] choose_plan=2 action=0 reward=-2.225 info={'t': 71, 'max_steps': 100, 'dominant_type': 'proc_spawn', 'target_action': 2, 'prev_risk': 0.22080828570266103, 'risk': 0.25566215870929326}
[ep=11 t=0071] choose_plan=1 action=0 reward=-1.764 info={'t': 72, 'max_steps': 100, 'dominant_type': 'port_scan', 'target_action': 1, 'prev_risk': 0.25566215870929326, 'risk': 0.27666679807473543}
[ep=11 t=0072] choose_plan=1 action=0 reward=-1.772 info={'t': 73, 'max_steps': 100, 'dominant_type': 'port_scan', 'target_action': 1, 'prev_risk': 0.27666679807473543, 'risk': 0.2752512427855656}
[ep=11 t=0073] choose_plan=4 action=0 reward=-2.378 info={'t': 74, 'max_steps': 100, 'dominant_type': 'outbound_conn', 'target_action': 2, 'prev_risk': 0.2752512427855656, 'risk': 0.2754125960400674}
[ep=11 t=0074] choose_plan=5 action=0 reward=-2.322 info={'t': 75, 'max_steps': 100, 'dominant_type': 'proc_spawn', 'target_action': 2, 'prev_risk': 0.2754125960400674, 'risk': 0.2805293739644785}
[ep=11 t=0075] choose_plan=1 action=0 reward=-1.841 info={'t': 76, 'max_steps': 100, 'dominant_type': 'port_scan', 'target_action': 1, 'prev_risk': 0.2805293739644785, 'risk': 0.29128263120392145}
[ep=11 t=0076] choose_plan=4 action=0 reward=-2.467 info={'t': 77, 'max_steps': 100, 'dominant_type': 'port_scan', 'target_action': 2, 'prev_risk': 0.29128263120392145, 'risk': 0.3029843383012942}
[ep=11 t=0077] choose_plan=1 action=3 reward=-2.008 info={'t': 78, 'max_steps': 100, 'dominant_type': 'outbound_conn', 'target_action': 2, 'prev_risk': 0.3029843383012942, 'risk': 0.28266193531637523}
[ep=11 t=0078] choose_plan=0 action=0 reward=-2.238 info={'t': 79, 'max_steps': 100, 'dominant_type': 'proc_spawn', 'target_action': 2, 'prev_risk': 0.28266193531637523, 'risk': 0.2657691260964177}
[ep=11 t=0079] choose_plan=2 action=0 reward=-2.349 info={'t': 80, 'max_steps': 100, 'dominant_type': 'proc_spawn', 'target_action': 2, 'prev_risk': 0.2657691260964177, 'risk': 0.2776966677088705}
[ep=11 t=0080] choose_plan=5 action=0 reward=-2.504 info={'t': 81, 'max_steps': 100, 'dominant_type': 'port_scan', 'target_action': 2, 'prev_risk': 0.2776966677088705, 'risk': 0.31949079321342766}
[ep=11 t=0081] choose_plan=0 action=2 reward=-1.125 info={'t': 82, 'max_steps': 100, 'dominant_type': 'proc_spawn', 'target_action': 2, 'prev_risk': 0.31949079321342766, 'risk': 0.2608024744698288}
[ep=11 t=0082] choose_plan=0 action=0 reward=-2.576 info={'t': 83, 'max_steps': 100, 'dominant_type': 'port_scan', 'target_action': 2, 'prev_risk': 0.2608024744698288, 'risk': 0.3307266603732437}
[ep=11 t=0083] choose_plan=3 action=1 reward=-2.084 info={'t': 84, 'max_steps': 100, 'dominant_type': 'port_scan', 'target_action': 2, 'prev_risk': 0.3307266603732437, 'risk': 0.3362501518945855}
[ep=11 t=0084] choose_plan=3 action=4 reward=-2.658 info={'t': 85, 'max_steps': 100, 'dominant_type': 'auth_fail', 'target_action': 1, 'prev_risk': 0.3362501518945855, 'risk': 0.22267467264563356}
[ep=11 t=0085] choose_plan=1 action=0 reward=-1.692 info={'t': 86, 'max_steps': 100, 'dominant_type': 'auth_fail', 'target_action': 1, 'prev_risk': 0.22267467264563356, 'risk': 0.25734113213892035}
[ep=11 t=0086] choose_plan=5 action=0 reward=-2.483 info={'t': 87, 'max_steps': 100, 'dominant_type': 'proc_spawn', 'target_action': 2, 'prev_risk': 0.25734113213892035, 'risk': 0.30794805238499484}
[ep=11 t=0087] choose_plan=2 action=4 reward=-3.029 info={'t': 88, 'max_steps': 100, 'dominant_type': 'auth_fail', 'target_action': 1, 'prev_risk': 0.30794805238499484, 'risk': 0.2560322641384506}
[ep=11 t=0088] choose_plan=3 action=0 reward=-1.791 info={'t': 89, 'max_steps': 100, 'dominant_type': 'auth_fail', 'target_action': 1, 'prev_risk': 0.2560322641384506, 'risk': 0.27697334522084494}
[ep=11 t=0089] choose_plan=1 action=0 reward=-1.824 info={'t': 90, 'max_steps': 100, 'dominant_type': 'auth_fail', 'target_action': 1, 'prev_risk': 0.27697334522084494, 'risk': 0.29008091601241087}
[ep=11 t=0090] choose_plan=1 action=0 reward=-2.640 info={'t': 91, 'max_steps': 100, 'dominant_type': 'proc_spawn', 'target_action': 2, 'prev_risk': 0.29008091601241087, 'risk': 0.3487061941600753}
[ep=11 t=0091] choose_plan=5 action=3 reward=-1.838 info={'t': 92, 'max_steps': 100, 'dominant_type': 'outbound_conn', 'target_action': 2, 'prev_risk': 0.3487061941600753, 'risk': 0.27708442398338273}
[ep=11 t=0092] choose_plan=3 action=0 reward=-1.807 info={'t': 93, 'max_steps': 100, 'dominant_type': 'port_scan', 'target_action': 1, 'prev_risk': 0.27708442398338273, 'risk': 0.28386414420378403}
[ep=11 t=0093] choose_plan=2 action=0 reward=-1.892 info={'t': 94, 'max_steps': 100, 'dominant_type': 'auth_fail', 'target_action': 1, 'prev_risk': 0.28386414420378403, 'risk': 0.3158064370900024}
[ep=11 t=0094] choose_plan=1 action=1 reward=-1.928 info={'t': 95, 'max_steps': 100, 'dominant_type': 'outbound_conn', 'target_action': 2, 'prev_risk': 0.3158064370900024, 'risk': 0.30818448068494064}
[ep=11 t=0095] choose_plan=0 action=1 reward=-2.020 info={'t': 96, 'max_steps': 100, 'dominant_type': 'port_scan', 'target_action': 2, 'prev_risk': 0.30818448068494064, 'risk': 0.3206607557758153}
[ep=11 t=0096] choose_plan=5 action=1 reward=-2.086 info={'t': 97, 'max_steps': 100, 'dominant_type': 'port_scan', 'target_action': 2, 'prev_risk': 0.3206607557758153, 'risk': 0.32844495917157135}
[ep=11 t=0097] choose_plan=4 action=2 reward=-1.450 info={'t': 98, 'max_steps': 100, 'dominant_type': 'outbound_conn', 'target_action': 2, 'prev_risk': 0.32844495917157135, 'risk': 0.30402236295407487}
[ep=11 t=0098] choose_plan=3 action=1 reward=-1.286 info={'t': 99, 'max_steps': 100, 'dominant_type': 'port_scan', 'target_action': 1, 'prev_risk': 0.30402236295407487, 'risk': 0.29024415731213227}
[ep=11 t=0099] choose_plan=0 action=0 reward=-2.354 info={'t': 100, 'max_steps': 100, 'dominant_type': 'outbound_conn', 'target_action': 2, 'prev_risk': 0.29024415731213227, 'risk': 0.29161922381937205}
# done at t=99
# episode_summary {"episode": 11, "episode_return": -213.5272946265614, "reward_mean": -2.135272946265614, "reward_min": -3.60024353422093, "reward_max": -1.125126400338267, "steps": 100, "unique_actions": 5, "top5_actions": [[0, 63], [1, 13], [4, 11], [2, 8], [3, 5]]}

# ===== EPISODE 12 =====
[ep=12 t=0000] choose_plan=5 action=1 reward=-2.046 info={'t': 1, 'max_steps': 100, 'dominant_type': 'proc_spawn', 'target_action': 2, 'prev_risk': 0.36211956557614805, 'risk': 0.3457095900362808}
[ep=12 t=0001] choose_plan=0 action=1 reward=-2.228 info={'t': 2, 'max_steps': 100, 'dominant_type': 'port_scan', 'target_action': 2, 'prev_risk': 0.3457095900362808, 'risk': 0.3617908131443031}
[ep=12 t=0002] choose_plan=1 action=1 reward=-2.073 info={'t': 3, 'max_steps': 100, 'dominant_type': 'proc_spawn', 'target_action': 2, 'prev_risk': 0.3617908131443031, 'risk': 0.34666119147376234}
[ep=12 t=0003] choose_plan=4 action=1 reward=-1.635 info={'t': 4, 'max_steps': 100, 'dominant_type': 'auth_fail', 'target_action': 1, 'prev_risk': 0.34666119147376234, 'risk': 0.35848393862537853}
[ep=12 t=0004] choose_plan=1 action=2 reward=-1.294 info={'t': 5, 'max_steps': 100, 'dominant_type': 'proc_spawn', 'target_action': 2, 'prev_risk': 0.35848393862537853, 'risk': 0.30464019428690803}
[ep=12 t=0005] choose_plan=1 action=0 reward=-2.484 info={'t': 6, 'max_steps': 100, 'dominant_type': 'proc_spawn', 'target_action': 2, 'prev_risk': 0.30464019428690803, 'risk': 0.3108303122216955}
[ep=12 t=0006] choose_plan=4 action=1 reward=-2.008 info={'t': 7, 'max_steps': 100, 'dominant_type': 'outbound_conn', 'target_action': 2, 'prev_risk': 0.3108303122216955, 'risk': 0.322345648578838}
[ep=12 t=0007] choose_plan=1 action=1 reward=-1.487 info={'t': 8, 'max_steps': 100, 'dominant_type': 'auth_fail', 'target_action': 1, 'prev_risk': 0.322345648578838, 'risk': 0.324499105895472}
[ep=12 t=0008] choose_plan=2 action=4 reward=-2.110 info={'t': 9, 'max_steps': 100, 'dominant_type': 'outbound_conn', 'target_action': 2, 'prev_risk': 0.324499105895472, 'risk': 0.21725009533372225}
[ep=12 t=0009] choose_plan=4 action=0 reward=-2.488 info={'t': 10, 'max_steps': 100, 'dominant_type': 'outbound_conn', 'target_action': 2, 'prev_risk': 0.21725009533372225, 'risk': 0.31526092811035666}
[ep=12 t=0010] choose_plan=5 action=2 reward=-1.754 info={'t': 11, 'max_steps': 100, 'dominant_type': 'auth_fail', 'target_action': 1, 'prev_risk': 0.31526092811035666, 'risk': 0.27241609145447887}
[ep=12 t=0011] choose_plan=0 action=4 reward=-3.260 info={'t': 12, 'max_steps': 100, 'dominant_type': 'outbound_conn', 'target_action': 2, 'prev_risk': 0.27241609145447887, 'risk': 0.2079077250460324}
[ep=12 t=0012] choose_plan=5 action=3 reward=-2.680 info={'t': 13, 'max_steps': 100, 'dominant_type': 'port_scan', 'target_action': 1, 'prev_risk': 0.2079077250460324, 'risk': 0.1408073480068846}
[ep=12 t=0013] choose_plan=5 action=0 reward=-1.880 info={'t': 14, 'max_steps': 100, 'dominant_type': 'proc_spawn', 'target_action': 2, 'prev_risk': 0.1408073480068846, 'risk': 0.17384344606706295}
[ep=12 t=0014] choose_plan=0 action=0 reward=-1.366 info={'t': 15, 'max_steps': 100, 'dominant_type': 'port_scan', 'target_action': 1, 'prev_risk': 0.17384344606706295, 'risk': 0.1764313047682961}
[ep=12 t=0015] choose_plan=5 action=0 reward=-1.364 info={'t': 16, 'max_steps': 100, 'dominant_type': 'auth_fail', 'target_action': 1, 'prev_risk': 0.1764313047682961, 'risk': 0.1828613284811266}
[ep=12 t=0016] choose_plan=1 action=0 reward=-2.019 info={'t': 17, 'max_steps': 100, 'dominant_type': 'outbound_conn', 'target_action': 2, 'prev_risk': 0.1828613284811266, 'risk': 0.20502161776038397}
[ep=12 t=0017] choose_plan=2 action=0 reward=-2.258 info={'t': 18, 'max_steps': 100, 'dominant_type': 'proc_spawn', 'target_action': 2, 'prev_risk': 0.20502161776038397, 'risk': 0.2654698705525917}
[ep=12 t=0018] choose_plan=5 action=0 reward=-2.328 info={'t': 19, 'max_steps': 100, 'dominant_type': 'outbound_conn', 'target_action': 2, 'prev_risk': 0.2654698705525917, 'risk': 0.2815938265401868}
[ep=12 t=0019] choose_plan=1 action=0 reward=-2.314 info={'t': 20, 'max_steps': 100, 'dominant_type': 'outbound_conn', 'target_action': 2, 'prev_risk': 0.2815938265401868, 'risk': 0.275913611866727}
[ep=12 t=0020] choose_plan=0 action=0 reward=-2.442 info={'t': 21, 'max_steps': 100, 'dominant_type': 'proc_spawn', 'target_action': 2, 'prev_risk': 0.275913611866727, 'risk': 0.3074449218483758}
[ep=12 t=0021] choose_plan=2 action=1 reward=-2.167 info={'t': 22, 'max_steps': 100, 'dominant_type': 'port_scan', 'target_action': 2, 'prev_risk': 0.3074449218483758, 'risk': 0.3565242699414614}
[ep=12 t=0022] choose_plan=3 action=2 reward=-1.591 info={'t': 23, 'max_steps': 100, 'dominant_type': 'proc_spawn', 'target_action': 2, 'prev_risk': 0.3565242699414614, 'risk': 0.34080853085729435}
[ep=12 t=0023] choose_plan=3 action=4 reward=-2.278 info={'t': 24, 'max_steps': 100, 'dominant_type': 'outbound_conn', 'target_action': 2, 'prev_risk': 0.34080853085729435, 'risk': 0.23956176353648312}
[ep=12 t=0024] choose_plan=2 action=0 reward=-2.514 info={'t': 25, 'max_steps': 100, 'dominant_type': 'port_scan', 'target_action': 2, 'prev_risk': 0.23956176353648312, 'risk': 0.3230950601535091}
[ep=12 t=0025] choose_plan=2 action=4 reward=-2.619 info={'t': 26, 'max_steps': 100, 'dominant_type': 'port_scan', 'target_action': 1, 'prev_risk': 0.3230950601535091, 'risk': 0.20855700743132324}
[ep=12 t=0026] choose_plan=5 action=0 reward=-2.274 info={'t': 27, 'max_steps': 100, 'dominant_type': 'proc_spawn', 'target_action': 2, 'prev_risk': 0.20855700743132324, 'risk': 0.26297102370878744}
[ep=12 t=0027] choose_plan=0 action=0 reward=-2.576 info={'t': 28, 'max_steps': 100, 'dominant_type': 'outbound_conn', 'target_action': 2, 'prev_risk': 0.26297102370878744, 'risk': 0.33350210460368435}
[ep=12 t=0028] choose_plan=1 action=1 reward=-2.684 info={'t': 29, 'max_steps': 100, 'dominant_type': 'proc_spawn', 'target_action': 3, 'prev_risk': 0.33350210460368435, 'risk': 0.351357404404592}
[ep=12 t=0029] choose_plan=4 action=4 reward=-2.507 info={'t': 30, 'max_steps': 100, 'dominant_type': 'proc_spawn', 'target_action': 2, 'prev_risk': 0.351357404404592, 'risk': 0.28110326127635027}
[ep=12 t=0030] choose_plan=0 action=0 reward=-2.734 info={'t': 31, 'max_steps': 100, 'dominant_type': 'outbound_conn', 'target_action': 2, 'prev_risk': 0.28110326127635027, 'risk': 0.3649000596905964}
[ep=12 t=0031] choose_plan=4 action=2 reward=-1.505 info={'t': 32, 'max_steps': 100, 'dominant_type': 'proc_spawn', 'target_action': 2, 'prev_risk': 0.3649000596905964, 'risk': 0.33455767624796423}
[ep=12 t=0032] choose_plan=1 action=4 reward=-2.313 info={'t': 33, 'max_steps': 100, 'dominant_type': 'proc_spawn', 'target_action': 2, 'prev_risk': 0.33455767624796423, 'risk': 0.24496529096670738}
[ep=12 t=0033] choose_plan=1 action=4 reward=-3.490 info={'t': 34, 'max_steps': 100, 'dominant_type': 'port_scan', 'target_action': 1, 'prev_risk': 0.24496529096670738, 'risk': 0.14676695265704676}
[ep=12 t=0034] choose_plan=1 action=0 reward=-2.061 info={'t': 35, 'max_steps': 100, 'dominant_type': 'proc_spawn', 'target_action': 2, 'prev_risk': 0.14676695265704676, 'risk': 0.2188237734495222}
[ep=12 t=0035] choose_plan=2 action=0 reward=-2.162 info={'t': 36, 'max_steps': 100, 'dominant_type': 'outbound_conn', 'target_action': 2, 'prev_risk': 0.2188237734495222, 'risk': 0.2428339971285177}
[ep=12 t=0036] choose_plan=3 action=0 reward=-1.698 info={'t': 37, 'max_steps': 100, 'dominant_type': 'port_scan', 'target_action': 1, 'prev_risk': 0.2428339971285177, 'risk': 0.2611952035920006}
[ep=12 t=0037] choose_plan=1 action=0 reward=-1.775 info={'t': 38, 'max_steps': 100, 'dominant_type': 'port_scan', 'target_action': 1, 'prev_risk': 0.2611952035920006, 'risk': 0.2782000237301765}
[ep=12 t=0038] choose_plan=1 action=0 reward=-1.975 info={'t': 39, 'max_steps': 100, 'dominant_type': 'auth_fail', 'target_action': 1, 'prev_risk': 0.2782000237301765, 'risk': 0.32054111913110206}
[ep=12 t=0039] choose_plan=2 action=1 reward=-2.056 info={'t': 40, 'max_steps': 100, 'dominant_type': 'port_scan', 'target_action': 2, 'prev_risk': 0.32054111913110206, 'risk': 0.3266883225404982}
[ep=12 t=0040] choose_plan=1 action=1 reward=-1.333 info={'t': 41, 'max_steps': 100, 'dominant_type': 'auth_fail', 'target_action': 1, 'prev_risk': 0.3266883225404982, 'risk': 0.300649108915421}
[ep=12 t=0041] choose_plan=2 action=1 reward=-1.974 info={'t': 42, 'max_steps': 100, 'dominant_type': 'outbound_conn', 'target_action': 2, 'prev_risk': 0.300649108915421, 'risk': 0.3051243727818302}
[ep=12 t=0042] choose_plan=1 action=1 reward=-1.722 info={'t': 43, 'max_steps': 100, 'dominant_type': 'auth_fail', 'target_action': 1, 'prev_risk': 0.3051243727818302, 'risk': 0.3780788748913785}
[ep=12 t=0043] choose_plan=1 action=2 reward=-1.645 info={'t': 44, 'max_steps': 100, 'dominant_type': 'port_scan', 'target_action': 2, 'prev_risk': 0.3780788748913785, 'risk': 0.3606287619284432}
[ep=12 t=0044] choose_plan=0 action=2 reward=-2.007 info={'t': 45, 'max_steps': 100, 'dominant_type': 'auth_fail', 'target_action': 1, 'prev_risk': 0.3606287619284432, 'risk': 0.32438958862987954}
[ep=12 t=0045] choose_plan=5 action=2 reward=-1.895 info={'t': 46, 'max_steps': 100, 'dominant_type': 'port_scan', 'target_action': 1, 'prev_risk': 0.32438958862987954, 'risk': 0.2907485275357623}
[ep=12 t=0046] choose_plan=1 action=0 reward=-3.300 info={'t': 47, 'max_steps': 100, 'dominant_type': 'proc_spawn', 'target_action': 3, 'prev_risk': 0.2907485275357623, 'risk': 0.37365156438559877}
[ep=12 t=0047] choose_plan=5 action=0 reward=-2.242 info={'t': 48, 'max_steps': 100, 'dominant_type': 'auth_fail', 'target_action': 1, 'prev_risk': 0.37365156438559877, 'risk': 0.38122756583694983}
[ep=12 t=0048] choose_plan=2 action=0 reward=-3.677 info={'t': 49, 'max_steps': 100, 'dominant_type': 'outbound_conn', 'target_action': 3, 'prev_risk': 0.38122756583694983, 'risk': 0.4574475556662755}
[ep=12 t=0049] choose_plan=1 action=3 reward=-1.589 info={'t': 50, 'max_steps': 100, 'dominant_type': 'proc_spawn', 'target_action': 3, 'prev_risk': 0.4574475556662755, 'risk': 0.36138107271144326}
[ep=12 t=0050] choose_plan=4 action=2 reward=-1.476 info={'t': 51, 'max_steps': 100, 'dominant_type': 'port_scan', 'target_action': 2, 'prev_risk': 0.36138107271144326, 'risk': 0.32462236386063503}
[ep=12 t=0051] choose_plan=4 action=3 reward=-1.778 info={'t': 52, 'max_steps': 100, 'dominant_type': 'outbound_conn', 'target_action': 2, 'prev_risk': 0.32462236386063503, 'risk': 0.26037482345369495}
[ep=12 t=0052] choose_plan=0 action=0 reward=-1.736 info={'t': 53, 'max_steps': 100, 'dominant_type': 'port_scan', 'target_action': 1, 'prev_risk': 0.26037482345369495, 'risk': 0.2736390912762144}
[ep=12 t=0053] choose_plan=1 action=0 reward=-2.366 info={'t': 54, 'max_steps': 100, 'dominant_type': 'proc_spawn', 'target_action': 2, 'prev_risk': 0.2736390912762144, 'risk': 0.290021851460428}
[ep=12 t=0054] choose_plan=4 action=0 reward=-2.506 info={'t': 55, 'max_steps': 100, 'dominant_type': 'outbound_conn', 'target_action': 2, 'prev_risk': 0.290021851460428, 'risk': 0.315484610448989}
[ep=12 t=0055] choose_plan=3 action=1 reward=-1.149 info={'t': 56, 'max_steps': 100, 'dominant_type': 'auth_fail', 'target_action': 1, 'prev_risk': 0.315484610448989, 'risk': 0.277004079117913}
[ep=12 t=0056] choose_plan=0 action=2 reward=-1.401 info={'t': 57, 'max_steps': 100, 'dominant_type': 'proc_spawn', 'target_action': 2, 'prev_risk': 0.277004079117913, 'risk': 0.28420962277274003}
[ep=12 t=0057] choose_plan=0 action=0 reward=-2.377 info={'t': 58, 'max_steps': 100, 'dominant_type': 'proc_spawn', 'target_action': 2, 'prev_risk': 0.28420962277274003, 'risk': 0.2916177323851643}
[ep=12 t=0058] choose_plan=2 action=0 reward=-2.376 info={'t': 59, 'max_steps': 100, 'dominant_type': 'proc_spawn', 'target_action': 2, 'prev_risk': 0.2916177323851643, 'risk': 0.2923291493764777}
[ep=12 t=0059] choose_plan=2 action=0 reward=-2.445 info={'t': 60, 'max_steps': 100, 'dominant_type': 'proc_spawn', 'target_action': 2, 'prev_risk': 0.2923291493764777, 'risk': 0.3050703493350724}
[ep=12 t=0060] choose_plan=2 action=2 reward=-1.491 info={'t': 61, 'max_steps': 100, 'dominant_type': 'port_scan', 'target_action': 2, 'prev_risk': 0.3050703493350724, 'risk': 0.3030288180787986}
[ep=12 t=0061] choose_plan=4 action=4 reward=-2.609 info={'t': 62, 'max_steps': 100, 'dominant_type': 'port_scan', 'target_action': 1, 'prev_risk': 0.3030288180787986, 'risk': 0.19623416345480937}
[ep=12 t=0062] choose_plan=5 action=0 reward=-2.281 info={'t': 63, 'max_steps': 100, 'dominant_type': 'outbound_conn', 'target_action': 2, 'prev_risk': 0.19623416345480937, 'risk': 0.27418272850857495}
[ep=12 t=0063] choose_plan=1 action=0 reward=-2.428 info={'t': 64, 'max_steps': 100, 'dominant_type': 'proc_spawn', 'target_action': 2, 'prev_risk': 0.27418272850857495, 'risk': 0.30174606373210167}
[ep=12 t=0064] choose_plan=0 action=3 reward=-1.663 info={'t': 65, 'max_steps': 100, 'dominant_type': 'proc_spawn', 'target_action': 2, 'prev_risk': 0.30174606373210167, 'risk': 0.2347317101030026}
[ep=12 t=0065] choose_plan=2 action=0 reward=-2.317 info={'t': 66, 'max_steps': 100, 'dominant_type': 'outbound_conn', 'target_action': 2, 'prev_risk': 0.2347317101030026, 'risk': 0.2745900276378137}
[ep=12 t=0066] choose_plan=0 action=0 reward=-1.733 info={'t': 67, 'max_steps': 100, 'dominant_type': 'port_scan', 'target_action': 1, 'prev_risk': 0.2745900276378137, 'risk': 0.2725779233979106}
[ep=12 t=0067] choose_plan=5 action=4 reward=-3.506 info={'t': 68, 'max_steps': 100, 'dominant_type': 'port_scan', 'target_action': 1, 'prev_risk': 0.2725779233979106, 'risk': 0.16721540400081583}
[ep=12 t=0068] choose_plan=4 action=0 reward=-1.747 info={'t': 69, 'max_steps': 100, 'dominant_type': 'outbound_conn', 'target_action': 2, 'prev_risk': 0.16721540400081583, 'risk': 0.15213272508498032}
[ep=12 t=0069] choose_plan=1 action=0 reward=-1.392 info={'t': 70, 'max_steps': 100, 'dominant_type': 'auth_fail', 'target_action': 1, 'prev_risk': 0.15213272508498032, 'risk': 0.1853048079276198}
[ep=12 t=0070] choose_plan=4 action=0 reward=-2.023 info={'t': 71, 'max_steps': 100, 'dominant_type': 'proc_spawn', 'target_action': 2, 'prev_risk': 0.1853048079276198, 'risk': 0.20074601550734594}
[ep=12 t=0071] choose_plan=2 action=0 reward=-1.502 info={'t': 72, 'max_steps': 100, 'dominant_type': 'port_scan', 'target_action': 1, 'prev_risk': 0.20074601550734594, 'risk': 0.21659032336612966}
[ep=12 t=0072] choose_plan=0 action=4 reward=-3.333 info={'t': 73, 'max_steps': 100, 'dominant_type': 'port_scan', 'target_action': 1, 'prev_risk': 0.21659032336612966, 'risk': 0.11676334475830456}
[ep=12 t=0073] choose_plan=0 action=0 reward=-1.613 info={'t': 74, 'max_steps': 100, 'dominant_type': 'outbound_conn', 'target_action': 2, 'prev_risk': 0.11676334475830456, 'risk': 0.11358457191227729}
[ep=12 t=0074] choose_plan=1 action=0 reward=-1.147 info={'t': 75, 'max_steps': 100, 'dominant_type': 'port_scan', 'target_action': 1, 'prev_risk': 0.11358457191227729, 'risk': 0.13232321914704082}
[ep=12 t=0075] choose_plan=0 action=0 reward=-1.846 info={'t': 76, 'max_steps': 100, 'dominant_type': 'proc_spawn', 'target_action': 2, 'prev_risk': 0.13232321914704082, 'risk': 0.17100873546093576}
[ep=12 t=0076] choose_plan=0 action=0 reward=-1.213 info={'t': 77, 'max_steps': 100, 'dominant_type': 'auth_fail', 'target_action': 1, 'prev_risk': 0.17100873546093576, 'risk': 0.16020269369987786}
[ep=12 t=0077] choose_plan=0 action=0 reward=-1.816 info={'t': 78, 'max_steps': 100, 'dominant_type': 'proc_spawn', 'target_action': 2, 'prev_risk': 0.16020269369987786, 'risk': 0.15807255692781308}
[ep=12 t=0078] choose_plan=0 action=0 reward=-1.335 info={'t': 79, 'max_steps': 100, 'dominant_type': 'port_scan', 'target_action': 1, 'prev_risk': 0.15807255692781308, 'risk': 0.17865460778405537}
[ep=12 t=0079] choose_plan=5 action=0 reward=-1.907 info={'t': 80, 'max_steps': 100, 'dominant_type': 'proc_spawn', 'target_action': 2, 'prev_risk': 0.17865460778405537, 'risk': 0.18575365069272695}
[ep=12 t=0080] choose_plan=5 action=0 reward=-1.767 info={'t': 81, 'max_steps': 100, 'dominant_type': 'auth_fail', 'target_action': 1, 'prev_risk': 0.18575365069272695, 'risk': 0.27684819415819106}
[ep=12 t=0081] choose_plan=3 action=0 reward=-1.793 info={'t': 82, 'max_steps': 100, 'dominant_type': 'port_scan', 'target_action': 1, 'prev_risk': 0.27684819415819106, 'risk': 0.281372975552346}
[ep=12 t=0082] choose_plan=0 action=0 reward=-1.848 info={'t': 83, 'max_steps': 100, 'dominant_type': 'port_scan', 'target_action': 1, 'prev_risk': 0.281372975552346, 'risk': 0.295750816126756}
[ep=12 t=0083] choose_plan=4 action=0 reward=-2.513 info={'t': 84, 'max_steps': 100, 'dominant_type': 'port_scan', 'target_action': 2, 'prev_risk': 0.295750816126756, 'risk': 0.32138815934810905}
[ep=12 t=0084] choose_plan=4 action=4 reward=-2.051 info={'t': 85, 'max_steps': 100, 'dominant_type': 'outbound_conn', 'target_action': 2, 'prev_risk': 0.32138815934810905, 'risk': 0.20595053395054164}
[ep=12 t=0085] choose_plan=3 action=0 reward=-2.433 info={'t': 86, 'max_steps': 100, 'dominant_type': 'proc_spawn', 'target_action': 2, 'prev_risk': 0.20595053395054164, 'risk': 0.30475932190959043}
[ep=12 t=0086] choose_plan=2 action=4 reward=-2.010 info={'t': 87, 'max_steps': 100, 'dominant_type': 'outbound_conn', 'target_action': 2, 'prev_risk': 0.30475932190959043, 'risk': 0.19274439319323733}
[ep=12 t=0087] choose_plan=2 action=0 reward=-2.337 info={'t': 88, 'max_steps': 100, 'dominant_type': 'proc_spawn', 'target_action': 2, 'prev_risk': 0.19274439319323733, 'risk': 0.27643860169465145}
[ep=12 t=0088] choose_plan=3 action=0 reward=-2.128 info={'t': 89, 'max_steps': 100, 'dominant_type': 'auth_fail', 'target_action': 1, 'prev_risk': 0.27643860169465145, 'risk': 0.35522789016982637}
[ep=12 t=0089] choose_plan=5 action=4 reward=-2.756 info={'t': 90, 'max_steps': 100, 'dominant_type': 'auth_fail', 'target_action': 1, 'prev_risk': 0.35522789016982637, 'risk': 0.23746552927957282}
[ep=12 t=0090] choose_plan=1 action=0 reward=-1.678 info={'t': 91, 'max_steps': 100, 'dominant_type': 'port_scan', 'target_action': 1, 'prev_risk': 0.23746552927957282, 'risk': 0.2545615824681165}
[ep=12 t=0091] choose_plan=4 action=0 reward=-1.704 info={'t': 92, 'max_steps': 100, 'dominant_type': 'auth_fail', 'target_action': 1, 'prev_risk': 0.2545615824681165, 'risk': 0.25682112042888877}
[ep=12 t=0092] choose_plan=3 action=0 reward=-2.346 info={'t': 93, 'max_steps': 100, 'dominant_type': 'outbound_conn', 'target_action': 2, 'prev_risk': 0.25682112042888877, 'risk': 0.27126048569626043}
[ep=12 t=0093] choose_plan=4 action=0 reward=-1.878 info={'t': 94, 'max_steps': 100, 'dominant_type': 'auth_fail', 'target_action': 1, 'prev_risk': 0.27126048569626043, 'risk': 0.30391860742670473}
[ep=12 t=0094] choose_plan=2 action=1 reward=-1.981 info={'t': 95, 'max_steps': 100, 'dominant_type': 'port_scan', 'target_action': 2, 'prev_risk': 0.30391860742670473, 'risk': 0.30949350362595685}
[ep=12 t=0095] choose_plan=5 action=4 reward=-2.758 info={'t': 96, 'max_steps': 100, 'dominant_type': 'auth_fail', 'target_action': 1, 'prev_risk': 0.30949350362595685, 'risk': 0.2217814177733081}
[ep=12 t=0096] choose_plan=3 action=0 reward=-2.059 info={'t': 97, 'max_steps': 100, 'dominant_type': 'outbound_conn', 'target_action': 2, 'prev_risk': 0.2217814177733081, 'risk': 0.21801366756478266}
[ep=12 t=0097] choose_plan=1 action=4 reward=-3.200 info={'t': 98, 'max_steps': 100, 'dominant_type': 'auth_fail', 'target_action': 1, 'prev_risk': 0.21801366756478266, 'risk': 0.10184473078922829}
[ep=12 t=0098] choose_plan=1 action=0 reward=-1.627 info={'t': 99, 'max_steps': 100, 'dominant_type': 'proc_spawn', 'target_action': 2, 'prev_risk': 0.10184473078922829, 'risk': 0.1134753769444908}
[ep=12 t=0099] choose_plan=3 action=4 reward=-2.509 info={'t': 100, 'max_steps': 100, 'dominant_type': 'outbound_conn', 'target_action': 2, 'prev_risk': 0.1134753769444908, 'risk': 0.040358671103412735}
# done at t=99
# episode_summary {"episode": 12, "episode_return": -209.7647644569168, "reward_mean": -2.097647644569168, "reward_min": -3.6765116523293067, "reward_max": -1.1470148276445986, "steps": 100, "unique_actions": 5, "top5_actions": [[0, 56], [4, 16], [1, 14], [2, 10], [3, 4]]}

# ===== EPISODE 13 =====
[ep=13 t=0000] choose_plan=4 action=2 reward=-2.362 info={'t': 1, 'max_steps': 100, 'dominant_type': 'proc_spawn', 'target_action': 3, 'prev_risk': 0.35018717227615526, 'risk': 0.3728248925099295}
[ep=13 t=0001] choose_plan=0 action=1 reward=-2.855 info={'t': 2, 'max_steps': 100, 'dominant_type': 'proc_spawn', 'target_action': 3, 'prev_risk': 0.3728248925099295, 'risk': 0.3841309730260215}
[ep=13 t=0002] choose_plan=2 action=3 reward=-2.386 info={'t': 3, 'max_steps': 100, 'dominant_type': 'auth_fail', 'target_action': 1, 'prev_risk': 0.3841309730260215, 'risk': 0.29308404376637026}
[ep=13 t=0003] choose_plan=3 action=0 reward=-2.480 info={'t': 4, 'max_steps': 100, 'dominant_type': 'proc_spawn', 'target_action': 2, 'prev_risk': 0.29308404376637026, 'risk': 0.3146738154468316}
[ep=13 t=0004] choose_plan=3 action=1 reward=-1.943 info={'t': 5, 'max_steps': 100, 'dominant_type': 'port_scan', 'target_action': 2, 'prev_risk': 0.3146738154468316, 'risk': 0.30387993159097165}
[ep=13 t=0005] choose_plan=0 action=4 reward=-2.913 info={'t': 6, 'max_steps': 100, 'dominant_type': 'port_scan', 'target_action': 1, 'prev_risk': 0.30387993159097165, 'risk': 0.23717902709176475}
[ep=13 t=0006] choose_plan=0 action=0 reward=-2.329 info={'t': 7, 'max_steps': 100, 'dominant_type': 'outbound_conn', 'target_action': 2, 'prev_risk': 0.23717902709176475, 'risk': 0.2668317728374289}
[ep=13 t=0007] choose_plan=2 action=0 reward=-1.808 info={'t': 8, 'max_steps': 100, 'dominant_type': 'auth_fail', 'target_action': 1, 'prev_risk': 0.2668317728374289, 'risk': 0.28211411691480365}
[ep=13 t=0008] choose_plan=0 action=4 reward=-2.735 info={'t': 9, 'max_steps': 100, 'dominant_type': 'auth_fail', 'target_action': 1, 'prev_risk': 0.28211411691480365, 'risk': 0.20311260480288032}
[ep=13 t=0009] choose_plan=0 action=0 reward=-1.512 info={'t': 10, 'max_steps': 100, 'dominant_type': 'port_scan', 'target_action': 1, 'prev_risk': 0.20311260480288032, 'risk': 0.221220486515525}
[ep=13 t=0010] choose_plan=2 action=0 reward=-2.135 info={'t': 11, 'max_steps': 100, 'dominant_type': 'proc_spawn', 'target_action': 2, 'prev_risk': 0.221220486515525, 'risk': 0.23141185697128505}
[ep=13 t=0011] choose_plan=1 action=0 reward=-2.115 info={'t': 12, 'max_steps': 100, 'dominant_type': 'outbound_conn', 'target_action': 2, 'prev_risk': 0.23141185697128505, 'risk': 0.23430298581501102}
[ep=13 t=0012] choose_plan=4 action=0 reward=-2.278 info={'t': 13, 'max_steps': 100, 'dominant_type': 'proc_spawn', 'target_action': 2, 'prev_risk': 0.23430298581501102, 'risk': 0.27376212259130195}
[ep=13 t=0013] choose_plan=4 action=0 reward=-2.600 info={'t': 14, 'max_steps': 100, 'dominant_type': 'outbound_conn', 'target_action': 2, 'prev_risk': 0.27376212259130195, 'risk': 0.33955606614485956}
[ep=13 t=0014] choose_plan=0 action=3 reward=-2.227 info={'t': 15, 'max_steps': 100, 'dominant_type': 'port_scan', 'target_action': 1, 'prev_risk': 0.33955606614485956, 'risk': 0.2547881347754843}
[ep=13 t=0015] choose_plan=2 action=0 reward=-1.686 info={'t': 16, 'max_steps': 100, 'dominant_type': 'port_scan', 'target_action': 1, 'prev_risk': 0.2547881347754843, 'risk': 0.26146398473401516}
[ep=13 t=0016] choose_plan=5 action=0 reward=-2.271 info={'t': 17, 'max_steps': 100, 'dominant_type': 'proc_spawn', 'target_action': 2, 'prev_risk': 0.26146398473401516, 'risk': 0.26949364269731535}
[ep=13 t=0017] choose_plan=5 action=0 reward=-2.391 info={'t': 18, 'max_steps': 100, 'dominant_type': 'proc_spawn', 'target_action': 2, 'prev_risk': 0.26949364269731535, 'risk': 0.2912538543311716}
[ep=13 t=0018] choose_plan=4 action=0 reward=-2.603 info={'t': 19, 'max_steps': 100, 'dominant_type': 'outbound_conn', 'target_action': 2, 'prev_risk': 0.2912538543311716, 'risk': 0.33436217372008187}
[ep=13 t=0019] choose_plan=1 action=2 reward=-1.815 info={'t': 20, 'max_steps': 100, 'dominant_type': 'port_scan', 'target_action': 1, 'prev_risk': 0.33436217372008187, 'risk': 0.2882156304182232}
[ep=13 t=0020] choose_plan=1 action=0 reward=-2.388 info={'t': 21, 'max_steps': 100, 'dominant_type': 'outbound_conn', 'target_action': 2, 'prev_risk': 0.2882156304182232, 'risk': 0.2982665932821617}
[ep=13 t=0021] choose_plan=2 action=0 reward=-2.545 info={'t': 22, 'max_steps': 100, 'dominant_type': 'outbound_conn', 'target_action': 2, 'prev_risk': 0.2982665932821617, 'risk': 0.33065118671439714}
[ep=13 t=0022] choose_plan=0 action=1 reward=-1.973 info={'t': 23, 'max_steps': 100, 'dominant_type': 'proc_spawn', 'target_action': 2, 'prev_risk': 0.33065118671439714, 'risk': 0.3183459812380784}
[ep=13 t=0023] choose_plan=2 action=1 reward=-1.989 info={'t': 24, 'max_steps': 100, 'dominant_type': 'outbound_conn', 'target_action': 2, 'prev_risk': 0.3183459812380784, 'risk': 0.31432434310856966}
[ep=13 t=0024] choose_plan=4 action=2 reward=-1.177 info={'t': 25, 'max_steps': 100, 'dominant_type': 'outbound_conn', 'target_action': 2, 'prev_risk': 0.31432434310856966, 'risk': 0.26607917740023346}
[ep=13 t=0025] choose_plan=2 action=0 reward=-2.416 info={'t': 26, 'max_steps': 100, 'dominant_type': 'outbound_conn', 'target_action': 2, 'prev_risk': 0.26607917740023346, 'risk': 0.296278093000721}
[ep=13 t=0026] choose_plan=0 action=0 reward=-2.046 info={'t': 27, 'max_steps': 100, 'dominant_type': 'auth_fail', 'target_action': 1, 'prev_risk': 0.296278093000721, 'risk': 0.32717471957703126}
[ep=13 t=0027] choose_plan=4 action=3 reward=-1.755 info={'t': 28, 'max_steps': 100, 'dominant_type': 'outbound_conn', 'target_action': 2, 'prev_risk': 0.32717471957703126, 'risk': 0.25794588408068514}
[ep=13 t=0028] choose_plan=0 action=0 reward=-2.548 info={'t': 29, 'max_steps': 100, 'dominant_type': 'outbound_conn', 'target_action': 2, 'prev_risk': 0.25794588408068514, 'risk': 0.33096405368542337}
[ep=13 t=0029] choose_plan=4 action=3 reward=-2.301 info={'t': 30, 'max_steps': 100, 'dominant_type': 'port_scan', 'target_action': 1, 'prev_risk': 0.33096405368542337, 'risk': 0.2631024888990423}
[ep=13 t=0030] choose_plan=5 action=0 reward=-2.331 info={'t': 31, 'max_steps': 100, 'dominant_type': 'proc_spawn', 'target_action': 2, 'prev_risk': 0.2631024888990423, 'risk': 0.2830051329794522}
[ep=13 t=0031] choose_plan=2 action=0 reward=-2.470 info={'t': 32, 'max_steps': 100, 'dominant_type': 'outbound_conn', 'target_action': 2, 'prev_risk': 0.2830051329794522, 'risk': 0.3124738855135611}
[ep=13 t=0032] choose_plan=1 action=1 reward=-2.066 info={'t': 33, 'max_steps': 100, 'dominant_type': 'proc_spawn', 'target_action': 2, 'prev_risk': 0.3124738855135611, 'risk': 0.3337022786018021}
[ep=13 t=0033] choose_plan=1 action=1 reward=-2.059 info={'t': 34, 'max_steps': 100, 'dominant_type': 'proc_spawn', 'target_action': 2, 'prev_risk': 0.3337022786018021, 'risk': 0.3332136133673012}
[ep=13 t=0034] choose_plan=0 action=1 reward=-2.134 info={'t': 35, 'max_steps': 100, 'dominant_type': 'proc_spawn', 'target_action': 2, 'prev_risk': 0.3332136133673012, 'risk': 0.34768129573274065}
[ep=13 t=0035] choose_plan=5 action=2 reward=-1.690 info={'t': 36, 'max_steps': 100, 'dominant_type': 'port_scan', 'target_action': 2, 'prev_risk': 0.34768129573274065, 'risk': 0.3482562222744397}
[ep=13 t=0036] choose_plan=3 action=1 reward=-2.139 info={'t': 37, 'max_steps': 100, 'dominant_type': 'proc_spawn', 'target_action': 2, 'prev_risk': 0.3482562222744397, 'risk': 0.34822707948078807}
[ep=13 t=0037] choose_plan=3 action=1 reward=-1.843 info={'t': 38, 'max_steps': 100, 'dominant_type': 'port_scan', 'target_action': 2, 'prev_risk': 0.34822707948078807, 'risk': 0.3085618017680367}
[ep=13 t=0038] choose_plan=2 action=0 reward=-2.060 info={'t': 39, 'max_steps': 100, 'dominant_type': 'auth_fail', 'target_action': 1, 'prev_risk': 0.3085618017680367, 'risk': 0.3387110319705795}
[ep=13 t=0039] choose_plan=5 action=2 reward=-1.911 info={'t': 40, 'max_steps': 100, 'dominant_type': 'auth_fail', 'target_action': 1, 'prev_risk': 0.3387110319705795, 'risk': 0.30150762108302537}
[ep=13 t=0040] choose_plan=2 action=4 reward=-2.049 info={'t': 41, 'max_steps': 100, 'dominant_type': 'proc_spawn', 'target_action': 2, 'prev_risk': 0.30150762108302537, 'risk': 0.19584786170856983}
[ep=13 t=0041] choose_plan=2 action=0 reward=-2.054 info={'t': 42, 'max_steps': 100, 'dominant_type': 'proc_spawn', 'target_action': 2, 'prev_risk': 0.19584786170856983, 'risk': 0.2101749488186837}
[ep=13 t=0042] choose_plan=2 action=0 reward=-2.185 info={'t': 43, 'max_steps': 100, 'dominant_type': 'proc_spawn', 'target_action': 2, 'prev_risk': 0.2101749488186837, 'risk': 0.23907603306019803}
[ep=13 t=0043] choose_plan=0 action=0 reward=-1.665 info={'t': 44, 'max_steps': 100, 'dominant_type': 'port_scan', 'target_action': 1, 'prev_risk': 0.23907603306019803, 'risk': 0.2501443245559383}
[ep=13 t=0044] choose_plan=1 action=0 reward=-1.832 info={'t': 45, 'max_steps': 100, 'dominant_type': 'port_scan', 'target_action': 1, 'prev_risk': 0.2501443245559383, 'risk': 0.2966083503147865}
[ep=13 t=0045] choose_plan=5 action=0 reward=-2.445 info={'t': 46, 'max_steps': 100, 'dominant_type': 'proc_spawn', 'target_action': 2, 'prev_risk': 0.2966083503147865, 'risk': 0.30576183261219386}
[ep=13 t=0046] choose_plan=2 action=0 reward=-2.034 info={'t': 47, 'max_steps': 100, 'dominant_type': 'auth_fail', 'target_action': 1, 'prev_risk': 0.30576183261219386, 'risk': 0.324397435640917}
[ep=13 t=0047] choose_plan=0 action=2 reward=-1.768 info={'t': 48, 'max_steps': 100, 'dominant_type': 'port_scan', 'target_action': 1, 'prev_risk': 0.324397435640917, 'risk': 0.27599650104388385}
[ep=13 t=0048] choose_plan=2 action=0 reward=-2.408 info={'t': 49, 'max_steps': 100, 'dominant_type': 'proc_spawn', 'target_action': 2, 'prev_risk': 0.27599650104388385, 'risk': 0.2974955449345784}
[ep=13 t=0049] choose_plan=2 action=0 reward=-1.852 info={'t': 50, 'max_steps': 100, 'dominant_type': 'auth_fail', 'target_action': 1, 'prev_risk': 0.2974955449345784, 'risk': 0.299504441606235}
[ep=13 t=0050] choose_plan=0 action=0 reward=-2.651 info={'t': 51, 'max_steps': 100, 'dominant_type': 'port_scan', 'target_action': 2, 'prev_risk': 0.299504441606235, 'risk': 0.3541827892824488}
[ep=13 t=0051] choose_plan=2 action=3 reward=-2.345 info={'t': 52, 'max_steps': 100, 'dominant_type': 'auth_fail', 'target_action': 1, 'prev_risk': 0.3541827892824488, 'risk': 0.2750776181218831}
[ep=13 t=0052] choose_plan=2 action=0 reward=-2.363 info={'t': 53, 'max_steps': 100, 'dominant_type': 'outbound_conn', 'target_action': 2, 'prev_risk': 0.2750776181218831, 'risk': 0.28949634964683274}
[ep=13 t=0053] choose_plan=4 action=0 reward=-1.866 info={'t': 54, 'max_steps': 100, 'dominant_type': 'auth_fail', 'target_action': 1, 'prev_risk': 0.28949634964683274, 'risk': 0.30178209022566815}
[ep=13 t=0054] choose_plan=1 action=0 reward=-2.334 info={'t': 55, 'max_steps': 100, 'dominant_type': 'outbound_conn', 'target_action': 2, 'prev_risk': 0.30178209022566815, 'risk': 0.28747623510019527}
[ep=13 t=0055] choose_plan=5 action=0 reward=-2.369 info={'t': 56, 'max_steps': 100, 'dominant_type': 'outbound_conn', 'target_action': 2, 'prev_risk': 0.28747623510019527, 'risk': 0.2850936004678093}
[ep=13 t=0056] choose_plan=2 action=0 reward=-2.489 info={'t': 57, 'max_steps': 100, 'dominant_type': 'outbound_conn', 'target_action': 2, 'prev_risk': 0.2850936004678093, 'risk': 0.316422823097395}
[ep=13 t=0057] choose_plan=4 action=3 reward=-2.161 info={'t': 58, 'max_steps': 100, 'dominant_type': 'proc_spawn', 'target_action': 2, 'prev_risk': 0.316422823097395, 'risk': 0.3134002973941231}
[ep=13 t=0058] choose_plan=4 action=1 reward=-1.972 info={'t': 59, 'max_steps': 100, 'dominant_type': 'proc_spawn', 'target_action': 2, 'prev_risk': 0.3134002973941231, 'risk': 0.30837179470430265}
[ep=13 t=0059] choose_plan=2 action=3 reward=-1.764 info={'t': 60, 'max_steps': 100, 'dominant_type': 'proc_spawn', 'target_action': 2, 'prev_risk': 0.30837179470430265, 'risk': 0.25197085061908736}
[ep=13 t=0060] choose_plan=1 action=0 reward=-2.404 info={'t': 61, 'max_steps': 100, 'dominant_type': 'outbound_conn', 'target_action': 2, 'prev_risk': 0.25197085061908736, 'risk': 0.29564236300942215}
[ep=13 t=0061] choose_plan=1 action=0 reward=-2.580 info={'t': 62, 'max_steps': 100, 'dominant_type': 'port_scan', 'target_action': 2, 'prev_risk': 0.29564236300942215, 'risk': 0.3385772043675077}
[ep=13 t=0062] choose_plan=3 action=1 reward=-2.096 info={'t': 63, 'max_steps': 100, 'dominant_type': 'proc_spawn', 'target_action': 2, 'prev_risk': 0.3385772043675077, 'risk': 0.33955259132793775}
[ep=13 t=0063] choose_plan=4 action=2 reward=-1.828 info={'t': 64, 'max_steps': 100, 'dominant_type': 'port_scan', 'target_action': 1, 'prev_risk': 0.33955259132793775, 'risk': 0.2886544284605938}
[ep=13 t=0064] choose_plan=0 action=0 reward=-1.988 info={'t': 65, 'max_steps': 100, 'dominant_type': 'auth_fail', 'target_action': 1, 'prev_risk': 0.2886544284605938, 'risk': 0.32823773056434896}
[ep=13 t=0065] choose_plan=0 action=4 reward=-2.074 info={'t': 66, 'max_steps': 100, 'dominant_type': 'outbound_conn', 'target_action': 2, 'prev_risk': 0.32823773056434896, 'risk': 0.21219073439997121}
[ep=13 t=0066] choose_plan=5 action=0 reward=-1.670 info={'t': 67, 'max_steps': 100, 'dominant_type': 'port_scan', 'target_action': 1, 'prev_risk': 0.21219073439997121, 'risk': 0.25887839177246114}
[ep=13 t=0067] choose_plan=4 action=0 reward=-2.684 info={'t': 68, 'max_steps': 100, 'dominant_type': 'outbound_conn', 'target_action': 2, 'prev_risk': 0.25887839177246114, 'risk': 0.3547479360197733}
[ep=13 t=0068] choose_plan=1 action=2 reward=-1.355 info={'t': 69, 'max_steps': 100, 'dominant_type': 'outbound_conn', 'target_action': 2, 'prev_risk': 0.3547479360197733, 'risk': 0.3056984800102442}
[ep=13 t=0069] choose_plan=4 action=2 reward=-1.288 info={'t': 70, 'max_steps': 100, 'dominant_type': 'proc_spawn', 'target_action': 2, 'prev_risk': 0.3056984800102442, 'risk': 0.2774360386311183}
[ep=13 t=0070] choose_plan=3 action=0 reward=-1.865 info={'t': 71, 'max_steps': 100, 'dominant_type': 'port_scan', 'target_action': 1, 'prev_risk': 0.2774360386311183, 'risk': 0.2918620231824439}
[ep=13 t=0071] choose_plan=2 action=0 reward=-2.513 info={'t': 72, 'max_steps': 100, 'dominant_type': 'outbound_conn', 'target_action': 2, 'prev_risk': 0.2918620231824439, 'risk': 0.3215218468163953}
[ep=13 t=0072] choose_plan=3 action=1 reward=-2.018 info={'t': 73, 'max_steps': 100, 'dominant_type': 'proc_spawn', 'target_action': 2, 'prev_risk': 0.3215218468163953, 'risk': 0.3209389846591245}
[ep=13 t=0073] choose_plan=0 action=3 reward=-2.216 info={'t': 74, 'max_steps': 100, 'dominant_type': 'auth_fail', 'target_action': 1, 'prev_risk': 0.3209389846591245, 'risk': 0.24765884692597054}
[ep=13 t=0074] choose_plan=4 action=0 reward=-2.408 info={'t': 75, 'max_steps': 100, 'dominant_type': 'proc_spawn', 'target_action': 2, 'prev_risk': 0.24765884692597054, 'risk': 0.2916914315357528}
[ep=13 t=0075] choose_plan=3 action=0 reward=-1.869 info={'t': 76, 'max_steps': 100, 'dominant_type': 'auth_fail', 'target_action': 1, 'prev_risk': 0.2916914315357528, 'risk': 0.29335244139478694}
[ep=13 t=0076] choose_plan=5 action=0 reward=-3.239 info={'t': 77, 'max_steps': 100, 'dominant_type': 'proc_spawn', 'target_action': 3, 'prev_risk': 0.29335244139478694, 'risk': 0.3628439880046783}
[ep=13 t=0077] choose_plan=2 action=1 reward=-2.202 info={'t': 78, 'max_steps': 100, 'dominant_type': 'outbound_conn', 'target_action': 2, 'prev_risk': 0.3628439880046783, 'risk': 0.36363201577734294}
[ep=13 t=0078] choose_plan=0 action=4 reward=-2.409 info={'t': 79, 'max_steps': 100, 'dominant_type': 'outbound_conn', 'target_action': 2, 'prev_risk': 0.36363201577734294, 'risk': 0.26954993470728206}
[ep=13 t=0079] choose_plan=4 action=0 reward=-2.397 info={'t': 80, 'max_steps': 100, 'dominant_type': 'proc_spawn', 'target_action': 2, 'prev_risk': 0.26954993470728206, 'risk': 0.2945758487811469}
[ep=13 t=0080] choose_plan=5 action=0 reward=-2.483 info={'t': 81, 'max_steps': 100, 'dominant_type': 'outbound_conn', 'target_action': 2, 'prev_risk': 0.2945758487811469, 'risk': 0.31164072601445675}
[ep=13 t=0081] choose_plan=3 action=3 reward=-2.318 info={'t': 82, 'max_steps': 100, 'dominant_type': 'port_scan', 'target_action': 1, 'prev_risk': 0.31164072601445675, 'risk': 0.25594577078096076}
[ep=13 t=0082] choose_plan=1 action=0 reward=-2.251 info={'t': 83, 'max_steps': 100, 'dominant_type': 'outbound_conn', 'target_action': 2, 'prev_risk': 0.25594577078096076, 'risk': 0.2622971789403508}
[ep=13 t=0083] choose_plan=4 action=0 reward=-1.747 info={'t': 84, 'max_steps': 100, 'dominant_type': 'auth_fail', 'target_action': 1, 'prev_risk': 0.2622971789403508, 'risk': 0.26555244284019797}
[ep=13 t=0084] choose_plan=5 action=0 reward=-1.925 info={'t': 85, 'max_steps': 100, 'dominant_type': 'auth_fail', 'target_action': 1, 'prev_risk': 0.26555244284019797, 'risk': 0.31808983245340056}
[ep=13 t=0085] choose_plan=5 action=1 reward=-1.836 info={'t': 86, 'max_steps': 100, 'dominant_type': 'outbound_conn', 'target_action': 2, 'prev_risk': 0.31808983245340056, 'risk': 0.29336289529041876}
[ep=13 t=0086] choose_plan=1 action=0 reward=-2.572 info={'t': 87, 'max_steps': 100, 'dominant_type': 'port_scan', 'target_action': 2, 'prev_risk': 0.29336289529041876, 'risk': 0.33194093607431546}
[ep=13 t=0087] choose_plan=4 action=1 reward=-1.973 info={'t': 88, 'max_steps': 100, 'dominant_type': 'proc_spawn', 'target_action': 2, 'prev_risk': 0.33194093607431546, 'risk': 0.32051938153459136}
[ep=13 t=0088] choose_plan=4 action=0 reward=-2.660 info={'t': 89, 'max_steps': 100, 'dominant_type': 'port_scan', 'target_action': 2, 'prev_risk': 0.32051938153459136, 'risk': 0.35121062620035803}
[ep=13 t=0089] choose_plan=2 action=3 reward=-1.820 info={'t': 90, 'max_steps': 100, 'dominant_type': 'outbound_conn', 'target_action': 2, 'prev_risk': 0.35121062620035803, 'risk': 0.2748954925982}
[ep=13 t=0090] choose_plan=1 action=0 reward=-2.456 info={'t': 91, 'max_steps': 100, 'dominant_type': 'outbound_conn', 'target_action': 2, 'prev_risk': 0.2748954925982, 'risk': 0.31117968588145883}
[ep=13 t=0091] choose_plan=2 action=1 reward=-1.853 info={'t': 92, 'max_steps': 100, 'dominant_type': 'outbound_conn', 'target_action': 2, 'prev_risk': 0.31117968588145883, 'risk': 0.29204682088707345}
[ep=13 t=0092] choose_plan=0 action=0 reward=-2.585 info={'t': 93, 'max_steps': 100, 'dominant_type': 'proc_spawn', 'target_action': 2, 'prev_risk': 0.29204682088707345, 'risk': 0.32764690190343426}
[ep=13 t=0093] choose_plan=2 action=4 reward=-2.721 info={'t': 94, 'max_steps': 100, 'dominant_type': 'port_scan', 'target_action': 1, 'prev_risk': 0.32764690190343426, 'risk': 0.22557788956585745}
[ep=13 t=0094] choose_plan=2 action=0 reward=-1.714 info={'t': 95, 'max_steps': 100, 'dominant_type': 'port_scan', 'target_action': 1, 'prev_risk': 0.22557788956585745, 'risk': 0.2579028626817157}
[ep=13 t=0095] choose_plan=3 action=0 reward=-1.768 info={'t': 96, 'max_steps': 100, 'dominant_type': 'auth_fail', 'target_action': 1, 'prev_risk': 0.2579028626817157, 'risk': 0.280824168828254}
[ep=13 t=0096] choose_plan=5 action=0 reward=-2.339 info={'t': 97, 'max_steps': 100, 'dominant_type': 'proc_spawn', 'target_action': 2, 'prev_risk': 0.280824168828254, 'risk': 0.2841566141301118}
[ep=13 t=0097] choose_plan=1 action=0 reward=-2.452 info={'t': 98, 'max_steps': 100, 'dominant_type': 'port_scan', 'target_action': 2, 'prev_risk': 0.2841566141301118, 'risk': 0.3018186516727165}
[ep=13 t=0098] choose_plan=0 action=4 reward=-2.167 info={'t': 99, 'max_steps': 100, 'dominant_type': 'proc_spawn', 'target_action': 2, 'prev_risk': 0.3018186516727165, 'risk': 0.20986146555622784}
[ep=13 t=0099] choose_plan=0 action=0 reward=-1.420 info={'t': 100, 'max_steps': 100, 'dominant_type': 'auth_fail', 'target_action': 1, 'prev_risk': 0.20986146555622784, 'risk': 0.20418467353141992}
# done at t=99
# episode_summary {"episode": 13, "episode_return": -216.0506712301983, "reward_mean": -2.160506712301983, "reward_min": -3.2394748218193024, "reward_max": -1.1771154803181905, "steps": 100, "unique_actions": 5, "top5_actions": [[0, 58], [1, 16], [3, 10], [2, 9], [4, 7]]}

# ===== EPISODE 14 =====
[ep=14 t=0000] choose_plan=5 action=1 reward=-1.455 info={'t': 1, 'max_steps': 100, 'dominant_type': 'auth_fail', 'target_action': 1, 'prev_risk': 0.35643976607983935, 'risk': 0.33053066928266656}
[ep=14 t=0001] choose_plan=4 action=2 reward=-2.133 info={'t': 2, 'max_steps': 100, 'dominant_type': 'auth_fail', 'target_action': 1, 'prev_risk': 0.33053066928266656, 'risk': 0.32710341147935657}
[ep=14 t=0002] choose_plan=3 action=1 reward=-2.047 info={'t': 3, 'max_steps': 100, 'dominant_type': 'proc_spawn', 'target_action': 2, 'prev_risk': 0.32710341147935657, 'risk': 0.32783276812113027}
[ep=14 t=0003] choose_plan=5 action=2 reward=-1.137 info={'t': 4, 'max_steps': 100, 'dominant_type': 'proc_spawn', 'target_action': 2, 'prev_risk': 0.32783276812113027, 'risk': 0.264598315037633}
[ep=14 t=0004] choose_plan=4 action=0 reward=-1.932 info={'t': 5, 'max_steps': 100, 'dominant_type': 'auth_fail', 'target_action': 1, 'prev_risk': 0.264598315037633, 'risk': 0.3180347512935063}
[ep=14 t=0005] choose_plan=2 action=1 reward=-1.922 info={'t': 6, 'max_steps': 100, 'dominant_type': 'outbound_conn', 'target_action': 2, 'prev_risk': 0.3180347512935063, 'risk': 0.30529714163825356}
[ep=14 t=0006] choose_plan=2 action=1 reward=-2.011 info={'t': 7, 'max_steps': 100, 'dominant_type': 'outbound_conn', 'target_action': 2, 'prev_risk': 0.30529714163825356, 'risk': 0.31382329230357886}
[ep=14 t=0007] choose_plan=4 action=1 reward=-1.879 info={'t': 8, 'max_steps': 100, 'dominant_type': 'outbound_conn', 'target_action': 2, 'prev_risk': 0.31382329230357886, 'risk': 0.303020539330509}
[ep=14 t=0008] choose_plan=5 action=1 reward=-1.934 info={'t': 9, 'max_steps': 100, 'dominant_type': 'port_scan', 'target_action': 2, 'prev_risk': 0.303020539330509, 'risk': 0.30085431614238367}
[ep=14 t=0009] choose_plan=4 action=1 reward=-1.975 info={'t': 10, 'max_steps': 100, 'dominant_type': 'proc_spawn', 'target_action': 2, 'prev_risk': 0.30085431614238367, 'risk': 0.3102769462586869}
[ep=14 t=0010] choose_plan=2 action=1 reward=-1.300 info={'t': 11, 'max_steps': 100, 'dominant_type': 'auth_fail', 'target_action': 1, 'prev_risk': 0.3102769462586869, 'risk': 0.2939282899152534}
[ep=14 t=0011] choose_plan=2 action=0 reward=-1.997 info={'t': 12, 'max_steps': 100, 'dominant_type': 'auth_fail', 'target_action': 1, 'prev_risk': 0.2939282899152534, 'risk': 0.3295804868579561}
[ep=14 t=0012] choose_plan=3 action=1 reward=-2.093 info={'t': 13, 'max_steps': 100, 'dominant_type': 'outbound_conn', 'target_action': 2, 'prev_risk': 0.3295804868579561, 'risk': 0.3336346742497943}
[ep=14 t=0013] choose_plan=0 action=1 reward=-2.091 info={'t': 14, 'max_steps': 100, 'dominant_type': 'port_scan', 'target_action': 2, 'prev_risk': 0.3336346742497943, 'risk': 0.3347515513684826}
[ep=14 t=0014] choose_plan=2 action=1 reward=-2.061 info={'t': 15, 'max_steps': 100, 'dominant_type': 'proc_spawn', 'target_action': 2, 'prev_risk': 0.3347515513684826, 'risk': 0.33039078757123147}
[ep=14 t=0015] choose_plan=1 action=4 reward=-2.101 info={'t': 16, 'max_steps': 100, 'dominant_type': 'proc_spawn', 'target_action': 2, 'prev_risk': 0.33039078757123147, 'risk': 0.21417584487168356}
[ep=14 t=0016] choose_plan=3 action=0 reward=-1.529 info={'t': 17, 'max_steps': 100, 'dominant_type': 'port_scan', 'target_action': 1, 'prev_risk': 0.21417584487168356, 'risk': 0.22530265914172415}
[ep=14 t=0017] choose_plan=3 action=0 reward=-2.147 info={'t': 18, 'max_steps': 100, 'dominant_type': 'proc_spawn', 'target_action': 2, 'prev_risk': 0.22530265914172415, 'risk': 0.23718913332114164}
[ep=14 t=0018] choose_plan=1 action=0 reward=-2.099 info={'t': 19, 'max_steps': 100, 'dominant_type': 'outbound_conn', 'target_action': 2, 'prev_risk': 0.23718913332114164, 'risk': 0.22896732124596322}
[ep=14 t=0019] choose_plan=0 action=0 reward=-1.723 info={'t': 20, 'max_steps': 100, 'dominant_type': 'port_scan', 'target_action': 1, 'prev_risk': 0.22896732124596322, 'risk': 0.27353935019422465}
[ep=14 t=0020] choose_plan=1 action=0 reward=-2.390 info={'t': 21, 'max_steps': 100, 'dominant_type': 'proc_spawn', 'target_action': 2, 'prev_risk': 0.27353935019422465, 'risk': 0.28992378950878805}
[ep=14 t=0021] choose_plan=2 action=0 reward=-2.349 info={'t': 22, 'max_steps': 100, 'dominant_type': 'outbound_conn', 'target_action': 2, 'prev_risk': 0.28992378950878805, 'risk': 0.28614973900168567}
[ep=14 t=0022] choose_plan=0 action=4 reward=-2.703 info={'t': 23, 'max_steps': 100, 'dominant_type': 'port_scan', 'target_action': 1, 'prev_risk': 0.28614973900168567, 'risk': 0.20200823031763296}
[ep=14 t=0023] choose_plan=4 action=0 reward=-2.159 info={'t': 24, 'max_steps': 100, 'dominant_type': 'outbound_conn', 'target_action': 2, 'prev_risk': 0.20200823031763296, 'risk': 0.22738661735791782}
[ep=14 t=0024] choose_plan=0 action=0 reward=-2.118 info={'t': 25, 'max_steps': 100, 'dominant_type': 'proc_spawn', 'target_action': 2, 'prev_risk': 0.22738661735791782, 'risk': 0.23677426870144583}
[ep=14 t=0025] choose_plan=5 action=0 reward=-2.259 info={'t': 26, 'max_steps': 100, 'dominant_type': 'outbound_conn', 'target_action': 2, 'prev_risk': 0.23677426870144583, 'risk': 0.267010429191402}
[ep=14 t=0026] choose_plan=5 action=0 reward=-1.739 info={'t': 27, 'max_steps': 100, 'dominant_type': 'port_scan', 'target_action': 1, 'prev_risk': 0.267010429191402, 'risk': 0.2777996579291414}
[ep=14 t=0027] choose_plan=2 action=3 reward=-2.624 info={'t': 28, 'max_steps': 100, 'dominant_type': 'proc_spawn', 'target_action': 2, 'prev_risk': 0.2777996579291414, 'risk': 0.23339463915241287}
[ep=14 t=0028] choose_plan=2 action=0 reward=-2.137 info={'t': 29, 'max_steps': 100, 'dominant_type': 'proc_spawn', 'target_action': 2, 'prev_risk': 0.23339463915241287, 'risk': 0.24049238537976944}
[ep=14 t=0029] choose_plan=1 action=0 reward=-2.338 info={'t': 30, 'max_steps': 100, 'dominant_type': 'proc_spawn', 'target_action': 2, 'prev_risk': 0.24049238537976944, 'risk': 0.28271456638905207}
[ep=14 t=0030] choose_plan=0 action=4 reward=-2.086 info={'t': 31, 'max_steps': 100, 'dominant_type': 'proc_spawn', 'target_action': 2, 'prev_risk': 0.28271456638905207, 'risk': 0.19262473281507247}
[ep=14 t=0031] choose_plan=4 action=4 reward=-3.404 info={'t': 32, 'max_steps': 100, 'dominant_type': 'auth_fail', 'target_action': 1, 'prev_risk': 0.19262473281507247, 'risk': 0.11406644817101834}
[ep=14 t=0032] choose_plan=1 action=0 reward=-1.137 info={'t': 33, 'max_steps': 100, 'dominant_type': 'port_scan', 'target_action': 1, 'prev_risk': 0.11406644817101834, 'risk': 0.13480325508978833}
[ep=14 t=0033] choose_plan=0 action=4 reward=-2.811 info={'t': 34, 'max_steps': 100, 'dominant_type': 'proc_spawn', 'target_action': 2, 'prev_risk': 0.13480325508978833, 'risk': 0.08919841800096034}
[ep=14 t=0034] choose_plan=1 action=4 reward=-2.333 info={'t': 35, 'max_steps': 100, 'dominant_type': 'outbound_conn', 'target_action': 2, 'prev_risk': 0.08919841800096034, 'risk': 0.0037309863501562845}
[ep=14 t=0035] choose_plan=0 action=0 reward=-1.124 info={'t': 36, 'max_steps': 100, 'dominant_type': 'outbound_conn', 'target_action': 2, 'prev_risk': 0.0037309863501562845, 'risk': 0.006204079921277441}
[ep=14 t=0036] choose_plan=3 action=0 reward=-1.209 info={'t': 37, 'max_steps': 100, 'dominant_type': 'proc_spawn', 'target_action': 2, 'prev_risk': 0.006204079921277441, 'risk': 0.024704787887115852}
[ep=14 t=0037] choose_plan=4 action=0 reward=-0.829 info={'t': 38, 'max_steps': 100, 'dominant_type': 'port_scan', 'target_action': 1, 'prev_risk': 0.024704787887115852, 'risk': 0.06137791715755312}
[ep=14 t=0038] choose_plan=4 action=0 reward=-1.538 info={'t': 39, 'max_steps': 100, 'dominant_type': 'outbound_conn', 'target_action': 2, 'prev_risk': 0.06137791715755312, 'risk': 0.09844091610077324}
[ep=14 t=0039] choose_plan=2 action=0 reward=-1.209 info={'t': 40, 'max_steps': 100, 'dominant_type': 'auth_fail', 'target_action': 1, 'prev_risk': 0.09844091610077324, 'risk': 0.15215909361644875}
[ep=14 t=0040] choose_plan=0 action=0 reward=-1.983 info={'t': 41, 'max_steps': 100, 'dominant_type': 'outbound_conn', 'target_action': 2, 'prev_risk': 0.15215909361644875, 'risk': 0.2012554988714717}
[ep=14 t=0041] choose_plan=0 action=0 reward=-1.528 info={'t': 42, 'max_steps': 100, 'dominant_type': 'port_scan', 'target_action': 1, 'prev_risk': 0.2012554988714717, 'risk': 0.22083902296302155}
[ep=14 t=0042] choose_plan=5 action=0 reward=-1.705 info={'t': 43, 'max_steps': 100, 'dominant_type': 'port_scan', 'target_action': 1, 'prev_risk': 0.22083902296302155, 'risk': 0.25883818138129616}
[ep=14 t=0043] choose_plan=1 action=0 reward=-2.468 info={'t': 44, 'max_steps': 100, 'dominant_type': 'port_scan', 'target_action': 2, 'prev_risk': 0.25883818138129616, 'risk': 0.30374054807882034}
[ep=14 t=0044] choose_plan=0 action=1 reward=-1.977 info={'t': 45, 'max_steps': 100, 'dominant_type': 'outbound_conn', 'target_action': 2, 'prev_risk': 0.30374054807882034, 'risk': 0.30371574870841284}
[ep=14 t=0045] choose_plan=4 action=1 reward=-1.962 info={'t': 46, 'max_steps': 100, 'dominant_type': 'proc_spawn', 'target_action': 2, 'prev_risk': 0.30371574870841284, 'risk': 0.3021769250779251}
[ep=14 t=0046] choose_plan=4 action=4 reward=-2.017 info={'t': 47, 'max_steps': 100, 'dominant_type': 'outbound_conn', 'target_action': 2, 'prev_risk': 0.3021769250779251, 'risk': 0.1929756402421744}
[ep=14 t=0047] choose_plan=2 action=0 reward=-2.028 info={'t': 48, 'max_steps': 100, 'dominant_type': 'proc_spawn', 'target_action': 2, 'prev_risk': 0.1929756402421744, 'risk': 0.21082583384810816}
[ep=14 t=0048] choose_plan=0 action=0 reward=-1.644 info={'t': 49, 'max_steps': 100, 'dominant_type': 'port_scan', 'target_action': 1, 'prev_risk': 0.21082583384810816, 'risk': 0.25139676063762983}
[ep=14 t=0049] choose_plan=0 action=0 reward=-2.079 info={'t': 50, 'max_steps': 100, 'dominant_type': 'auth_fail', 'target_action': 1, 'prev_risk': 0.25139676063762983, 'risk': 0.3533344293688485}
[ep=14 t=0050] choose_plan=3 action=0 reward=-2.768 info={'t': 51, 'max_steps': 100, 'dominant_type': 'port_scan', 'target_action': 2, 'prev_risk': 0.3533344293688485, 'risk': 0.37391926220280963}
[ep=14 t=0051] choose_plan=0 action=2 reward=-1.653 info={'t': 52, 'max_steps': 100, 'dominant_type': 'port_scan', 'target_action': 2, 'prev_risk': 0.37391926220280963, 'risk': 0.3566910444323569}
[ep=14 t=0052] choose_plan=3 action=2 reward=-1.498 info={'t': 53, 'max_steps': 100, 'dominant_type': 'outbound_conn', 'target_action': 2, 'prev_risk': 0.3566910444323569, 'risk': 0.327005438720877}
[ep=14 t=0053] choose_plan=1 action=0 reward=-2.644 info={'t': 54, 'max_steps': 100, 'dominant_type': 'port_scan', 'target_action': 2, 'prev_risk': 0.327005438720877, 'risk': 0.3485676999576305}
[ep=14 t=0054] choose_plan=0 action=3 reward=-1.859 info={'t': 55, 'max_steps': 100, 'dominant_type': 'proc_spawn', 'target_action': 2, 'prev_risk': 0.3485676999576305, 'risk': 0.28036157315199023}
[ep=14 t=0055] choose_plan=3 action=0 reward=-2.610 info={'t': 56, 'max_steps': 100, 'dominant_type': 'port_scan', 'target_action': 2, 'prev_risk': 0.28036157315199023, 'risk': 0.34153826002630366}
[ep=14 t=0056] choose_plan=0 action=1 reward=-1.657 info={'t': 57, 'max_steps': 100, 'dominant_type': 'auth_fail', 'target_action': 1, 'prev_risk': 0.34153826002630366, 'risk': 0.3616661093644349}
[ep=14 t=0057] choose_plan=1 action=1 reward=-2.694 info={'t': 58, 'max_steps': 100, 'dominant_type': 'proc_spawn', 'target_action': 3, 'prev_risk': 0.3616661093644349, 'risk': 0.35497132865901593}
[ep=14 t=0058] choose_plan=1 action=2 reward=-1.594 info={'t': 59, 'max_steps': 100, 'dominant_type': 'proc_spawn', 'target_action': 2, 'prev_risk': 0.35497132865901593, 'risk': 0.3357775941959027}
[ep=14 t=0059] choose_plan=5 action=3 reward=-1.950 info={'t': 60, 'max_steps': 100, 'dominant_type': 'outbound_conn', 'target_action': 2, 'prev_risk': 0.3357775941959027, 'risk': 0.2836363376612085}
[ep=14 t=0060] choose_plan=2 action=0 reward=-2.504 info={'t': 61, 'max_steps': 100, 'dominant_type': 'port_scan', 'target_action': 2, 'prev_risk': 0.2836363376612085, 'risk': 0.31438688427469735}
[ep=14 t=0061] choose_plan=3 action=2 reward=-1.052 info={'t': 62, 'max_steps': 100, 'dominant_type': 'outbound_conn', 'target_action': 2, 'prev_risk': 0.31438688427469735, 'risk': 0.25296713041441216}
[ep=14 t=0062] choose_plan=0 action=0 reward=-1.975 info={'t': 63, 'max_steps': 100, 'dominant_type': 'auth_fail', 'target_action': 1, 'prev_risk': 0.25296713041441216, 'risk': 0.3173012583164113}
[ep=14 t=0063] choose_plan=0 action=1 reward=-2.304 info={'t': 64, 'max_steps': 100, 'dominant_type': 'outbound_conn', 'target_action': 2, 'prev_risk': 0.3173012583164113, 'risk': 0.3823823454486267}
[ep=14 t=0064] choose_plan=5 action=1 reward=-1.691 info={'t': 65, 'max_steps': 100, 'dominant_type': 'auth_fail', 'target_action': 1, 'prev_risk': 0.3823823454486267, 'risk': 0.37132369437308776}
[ep=14 t=0065] choose_plan=5 action=4 reward=-2.620 info={'t': 66, 'max_steps': 100, 'dominant_type': 'proc_spawn', 'target_action': 2, 'prev_risk': 0.37132369437308776, 'risk': 0.30386951202429946}
[ep=14 t=0066] choose_plan=0 action=0 reward=-2.569 info={'t': 67, 'max_steps': 100, 'dominant_type': 'port_scan', 'target_action': 2, 'prev_risk': 0.30386951202429946, 'risk': 0.3369772933287699}
[ep=14 t=0067] choose_plan=1 action=2 reward=-1.289 info={'t': 68, 'max_steps': 100, 'dominant_type': 'outbound_conn', 'target_action': 2, 'prev_risk': 0.3369772933287699, 'risk': 0.2888613743493947}
[ep=14 t=0068] choose_plan=3 action=0 reward=-2.421 info={'t': 69, 'max_steps': 100, 'dominant_type': 'outbound_conn', 'target_action': 2, 'prev_risk': 0.2888613743493947, 'risk': 0.3005104291255565}
[ep=14 t=0069] choose_plan=2 action=0 reward=-1.876 info={'t': 70, 'max_steps': 100, 'dominant_type': 'auth_fail', 'target_action': 1, 'prev_risk': 0.3005104291255565, 'risk': 0.30591594876794215}
[ep=14 t=0070] choose_plan=5 action=0 reward=-2.452 info={'t': 71, 'max_steps': 100, 'dominant_type': 'proc_spawn', 'target_action': 2, 'prev_risk': 0.30591594876794215, 'risk': 0.30836203046053273}
[ep=14 t=0071] choose_plan=1 action=2 reward=-1.172 info={'t': 72, 'max_steps': 100, 'dominant_type': 'proc_spawn', 'target_action': 2, 'prev_risk': 0.30836203046053273, 'risk': 0.26130601687382093}
[ep=14 t=0072] choose_plan=3 action=0 reward=-2.385 info={'t': 73, 'max_steps': 100, 'dominant_type': 'proc_spawn', 'target_action': 2, 'prev_risk': 0.26130601687382093, 'risk': 0.28996591417674733}
[ep=14 t=0073] choose_plan=2 action=3 reward=-1.630 info={'t': 74, 'max_steps': 100, 'dominant_type': 'proc_spawn', 'target_action': 2, 'prev_risk': 0.28996591417674733, 'risk': 0.2326858484320678}
[ep=14 t=0074] choose_plan=5 action=0 reward=-1.635 info={'t': 75, 'max_steps': 100, 'dominant_type': 'port_scan', 'target_action': 1, 'prev_risk': 0.2326858484320678, 'risk': 0.24200216884713496}
[ep=14 t=0075] choose_plan=5 action=0 reward=-2.246 info={'t': 76, 'max_steps': 100, 'dominant_type': 'proc_spawn', 'target_action': 2, 'prev_risk': 0.24200216884713496, 'risk': 0.25085590267950625}
[ep=14 t=0076] choose_plan=0 action=0 reward=-1.783 info={'t': 77, 'max_steps': 100, 'dominant_type': 'port_scan', 'target_action': 1, 'prev_risk': 0.25085590267950625, 'risk': 0.2763653533686536}
[ep=14 t=0077] choose_plan=5 action=0 reward=-1.851 info={'t': 78, 'max_steps': 100, 'dominant_type': 'auth_fail', 'target_action': 1, 'prev_risk': 0.2763653533686536, 'risk': 0.2948055373150144}
[ep=14 t=0078] choose_plan=0 action=0 reward=-2.372 info={'t': 79, 'max_steps': 100, 'dominant_type': 'outbound_conn', 'target_action': 2, 'prev_risk': 0.2948055373150144, 'risk': 0.2924646843004446}
[ep=14 t=0079] choose_plan=4 action=0 reward=-2.425 info={'t': 80, 'max_steps': 100, 'dominant_type': 'outbound_conn', 'target_action': 2, 'prev_risk': 0.2924646843004446, 'risk': 0.3010858066343024}
[ep=14 t=0080] choose_plan=0 action=2 reward=-1.679 info={'t': 81, 'max_steps': 100, 'dominant_type': 'auth_fail', 'target_action': 1, 'prev_risk': 0.3010858066343024, 'risk': 0.252557767151005}
[ep=14 t=0081] choose_plan=2 action=4 reward=-3.541 info={'t': 82, 'max_steps': 100, 'dominant_type': 'port_scan', 'target_action': 1, 'prev_risk': 0.252557767151005, 'risk': 0.16295117169361817}
[ep=14 t=0082] choose_plan=2 action=0 reward=-1.912 info={'t': 83, 'max_steps': 100, 'dominant_type': 'outbound_conn', 'target_action': 2, 'prev_risk': 0.16295117169361817, 'risk': 0.17334640029617346}
[ep=14 t=0083] choose_plan=5 action=0 reward=-1.919 info={'t': 84, 'max_steps': 100, 'dominant_type': 'proc_spawn', 'target_action': 2, 'prev_risk': 0.17334640029617346, 'risk': 0.18382309176418107}
[ep=14 t=0084] choose_plan=5 action=0 reward=-2.034 info={'t': 85, 'max_steps': 100, 'dominant_type': 'proc_spawn', 'target_action': 2, 'prev_risk': 0.18382309176418107, 'risk': 0.20061291943528928}
[ep=14 t=0085] choose_plan=0 action=3 reward=-2.212 info={'t': 86, 'max_steps': 100, 'dominant_type': 'proc_spawn', 'target_action': 2, 'prev_risk': 0.20061291943528928, 'risk': 0.14911213251391175}
[ep=14 t=0086] choose_plan=2 action=2 reward=-0.522 info={'t': 87, 'max_steps': 100, 'dominant_type': 'proc_spawn', 'target_action': 2, 'prev_risk': 0.14911213251391175, 'risk': 0.11135633864756392}
[ep=14 t=0087] choose_plan=1 action=0 reward=-1.082 info={'t': 88, 'max_steps': 100, 'dominant_type': 'port_scan', 'target_action': 1, 'prev_risk': 0.11135633864756392, 'risk': 0.11535712787111523}
[ep=14 t=0088] choose_plan=1 action=0 reward=-1.664 info={'t': 89, 'max_steps': 100, 'dominant_type': 'outbound_conn', 'target_action': 2, 'prev_risk': 0.11535712787111523, 'risk': 0.12696372847009063}
[ep=14 t=0089] choose_plan=3 action=0 reward=-1.792 info={'t': 90, 'max_steps': 100, 'dominant_type': 'outbound_conn', 'target_action': 2, 'prev_risk': 0.12696372847009063, 'risk': 0.15429933322998646}
[ep=14 t=0090] choose_plan=0 action=0 reward=-1.343 info={'t': 91, 'max_steps': 100, 'dominant_type': 'port_scan', 'target_action': 1, 'prev_risk': 0.15429933322998646, 'risk': 0.18257679206120145}
[ep=14 t=0091] choose_plan=5 action=0 reward=-2.107 info={'t': 92, 'max_steps': 100, 'dominant_type': 'outbound_conn', 'target_action': 2, 'prev_risk': 0.18257679206120145, 'risk': 0.22805840701653385}
[ep=14 t=0092] choose_plan=1 action=0 reward=-2.106 info={'t': 93, 'max_steps': 100, 'dominant_type': 'proc_spawn', 'target_action': 2, 'prev_risk': 0.22805840701653385, 'risk': 0.22752512761989824}
[ep=14 t=0093] choose_plan=5 action=0 reward=-2.501 info={'t': 94, 'max_steps': 100, 'dominant_type': 'proc_spawn', 'target_action': 2, 'prev_risk': 0.22752512761989824, 'risk': 0.3187564365930513}
[ep=14 t=0094] choose_plan=5 action=3 reward=-2.228 info={'t': 95, 'max_steps': 100, 'dominant_type': 'port_scan', 'target_action': 2, 'prev_risk': 0.3187564365930513, 'risk': 0.323707487727351}
[ep=14 t=0095] choose_plan=1 action=3 reward=-2.262 info={'t': 96, 'max_steps': 100, 'dominant_type': 'port_scan', 'target_action': 1, 'prev_risk': 0.323707487727351, 'risk': 0.252571370921604}
[ep=14 t=0096] choose_plan=3 action=0 reward=-2.684 info={'t': 97, 'max_steps': 100, 'dominant_type': 'port_scan', 'target_action': 2, 'prev_risk': 0.252571370921604, 'risk': 0.3612954103441196}
[ep=14 t=0097] choose_plan=3 action=4 reward=-2.708 info={'t': 98, 'max_steps': 100, 'dominant_type': 'auth_fail', 'target_action': 1, 'prev_risk': 0.3612954103441196, 'risk': 0.23781900659183333}
[ep=14 t=0098] choose_plan=2 action=0 reward=-1.729 info={'t': 99, 'max_steps': 100, 'dominant_type': 'auth_fail', 'target_action': 1, 'prev_risk': 0.23781900659183333, 'risk': 0.26734500242228665}
[ep=14 t=0099] choose_plan=2 action=0 reward=-2.277 info={'t': 100, 'max_steps': 100, 'dominant_type': 'outbound_conn', 'target_action': 2, 'prev_risk': 0.26734500242228665, 'risk': 0.27007359807495124}
# done at t=99
# episode_summary {"episode": 14, "episode_return": -198.93398003866656, "reward_mean": -1.9893398003866656, "reward_min": -3.5414264218729454, "reward_max": -0.5217368686256887, "steps": 100, "unique_actions": 5, "top5_actions": [[0, 56], [1, 17], [2, 10], [4, 10], [3, 7]]}

# ===== EPISODE 15 =====
[ep=15 t=0000] choose_plan=3 action=1 reward=-2.811 info={'t': 1, 'max_steps': 100, 'dominant_type': 'proc_spawn', 'target_action': 3, 'prev_risk': 0.3617602903779079, 'risk': 0.3696879813428415}
[ep=15 t=0001] choose_plan=5 action=1 reward=-1.724 info={'t': 2, 'max_steps': 100, 'dominant_type': 'auth_fail', 'target_action': 1, 'prev_risk': 0.3696879813428415, 'risk': 0.3813958113430102}
[ep=15 t=0002] choose_plan=0 action=0 reward=-3.449 info={'t': 3, 'max_steps': 100, 'dominant_type': 'proc_spawn', 'target_action': 3, 'prev_risk': 0.3813958113430102, 'risk': 0.4083039581308526}
[ep=15 t=0003] choose_plan=4 action=1 reward=-3.086 info={'t': 4, 'max_steps': 100, 'dominant_type': 'outbound_conn', 'target_action': 3, 'prev_risk': 0.4083039581308526, 'risk': 0.4393704599021602}
[ep=15 t=0004] choose_plan=5 action=0 reward=-3.737 info={'t': 5, 'max_steps': 100, 'dominant_type': 'proc_spawn', 'target_action': 3, 'prev_risk': 0.4393704599021602, 'risk': 0.4684938341771213}
[ep=15 t=0005] choose_plan=2 action=1 reward=-3.134 info={'t': 6, 'max_steps': 100, 'dominant_type': 'outbound_conn', 'target_action': 3, 'prev_risk': 0.4684938341771213, 'risk': 0.4575443485430978}
[ep=15 t=0006] choose_plan=5 action=2 reward=-2.314 info={'t': 7, 'max_steps': 100, 'dominant_type': 'proc_spawn', 'target_action': 3, 'prev_risk': 0.4575443485430978, 'risk': 0.4017015573945591}
[ep=15 t=0007] choose_plan=2 action=1 reward=-2.272 info={'t': 8, 'max_steps': 100, 'dominant_type': 'port_scan', 'target_action': 2, 'prev_risk': 0.4017015573945591, 'risk': 0.38629422614747727}
[ep=15 t=0008] choose_plan=2 action=4 reward=-2.685 info={'t': 9, 'max_steps': 100, 'dominant_type': 'outbound_conn', 'target_action': 2, 'prev_risk': 0.38629422614747727, 'risk': 0.3135923986814518}
[ep=15 t=0009] choose_plan=5 action=0 reward=-2.762 info={'t': 10, 'max_steps': 100, 'dominant_type': 'outbound_conn', 'target_action': 2, 'prev_risk': 0.3135923986814518, 'risk': 0.38358358666582903}
[ep=15 t=0010] choose_plan=5 action=4 reward=-2.364 info={'t': 11, 'max_steps': 100, 'dominant_type': 'outbound_conn', 'target_action': 2, 'prev_risk': 0.38358358666582903, 'risk': 0.2724044694440622}
[ep=15 t=0011] choose_plan=5 action=3 reward=-3.138 info={'t': 12, 'max_steps': 100, 'dominant_type': 'auth_fail', 'target_action': 1, 'prev_risk': 0.2724044694440622, 'risk': 0.2240775944955834}
[ep=15 t=0012] choose_plan=1 action=0 reward=-1.571 info={'t': 13, 'max_steps': 100, 'dominant_type': 'port_scan', 'target_action': 1, 'prev_risk': 0.2240775944955834, 'risk': 0.23315992927189533}
[ep=15 t=0013] choose_plan=3 action=0 reward=-1.590 info={'t': 14, 'max_steps': 100, 'dominant_type': 'port_scan', 'target_action': 1, 'prev_risk': 0.23315992927189533, 'risk': 0.24138671641051834}
[ep=15 t=0014] choose_plan=0 action=0 reward=-1.741 info={'t': 15, 'max_steps': 100, 'dominant_type': 'port_scan', 'target_action': 1, 'prev_risk': 0.24138671641051834, 'risk': 0.2628406752110517}
[ep=15 t=0015] choose_plan=1 action=0 reward=-1.840 info={'t': 16, 'max_steps': 100, 'dominant_type': 'auth_fail', 'target_action': 1, 'prev_risk': 0.2628406752110517, 'risk': 0.2876267258583844}
[ep=15 t=0016] choose_plan=0 action=0 reward=-2.113 info={'t': 17, 'max_steps': 100, 'dominant_type': 'auth_fail', 'target_action': 1, 'prev_risk': 0.2876267258583844, 'risk': 0.3555496564668331}
[ep=15 t=0017] choose_plan=0 action=3 reward=-1.983 info={'t': 18, 'max_steps': 100, 'dominant_type': 'outbound_conn', 'target_action': 2, 'prev_risk': 0.3555496564668331, 'risk': 0.3017812483843446}
[ep=15 t=0018] choose_plan=1 action=1 reward=-2.790 info={'t': 19, 'max_steps': 100, 'dominant_type': 'proc_spawn', 'target_action': 3, 'prev_risk': 0.3017812483843446, 'risk': 0.37385022573779064}
[ep=15 t=0019] choose_plan=5 action=1 reward=-1.660 info={'t': 20, 'max_steps': 100, 'dominant_type': 'auth_fail', 'target_action': 1, 'prev_risk': 0.37385022573779064, 'risk': 0.36651623229403596}
[ep=15 t=0020] choose_plan=2 action=3 reward=-2.870 info={'t': 21, 'max_steps': 100, 'dominant_type': 'auth_fail', 'target_action': 1, 'prev_risk': 0.36651623229403596, 'risk': 0.3534448674897424}
[ep=15 t=0021] choose_plan=0 action=1 reward=-2.127 info={'t': 22, 'max_steps': 100, 'dominant_type': 'outbound_conn', 'target_action': 2, 'prev_risk': 0.3534448674897424, 'risk': 0.3437315977640101}
[ep=15 t=0022] choose_plan=3 action=1 reward=-2.808 info={'t': 23, 'max_steps': 100, 'dominant_type': 'proc_spawn', 'target_action': 3, 'prev_risk': 0.3437315977640101, 'risk': 0.37386494440371837}
[ep=15 t=0023] choose_plan=1 action=2 reward=-2.195 info={'t': 24, 'max_steps': 100, 'dominant_type': 'proc_spawn', 'target_action': 3, 'prev_risk': 0.37386494440371837, 'risk': 0.3545625450350382}
[ep=15 t=0024] choose_plan=5 action=3 reward=-2.424 info={'t': 25, 'max_steps': 100, 'dominant_type': 'port_scan', 'target_action': 1, 'prev_risk': 0.3545625450350382, 'risk': 0.2910040668486864}
[ep=15 t=0025] choose_plan=0 action=0 reward=-2.436 info={'t': 26, 'max_steps': 100, 'dominant_type': 'port_scan', 'target_action': 2, 'prev_risk': 0.2910040668486864, 'risk': 0.30783091693008435}
[ep=15 t=0026] choose_plan=0 action=0 reward=-2.517 info={'t': 27, 'max_steps': 100, 'dominant_type': 'outbound_conn', 'target_action': 2, 'prev_risk': 0.30783091693008435, 'risk': 0.3221651432880078}
[ep=15 t=0027] choose_plan=0 action=4 reward=-2.273 info={'t': 28, 'max_steps': 100, 'dominant_type': 'proc_spawn', 'target_action': 2, 'prev_risk': 0.3221651432880078, 'risk': 0.23560625427765522}
[ep=15 t=0028] choose_plan=0 action=0 reward=-1.735 info={'t': 29, 'max_steps': 100, 'dominant_type': 'port_scan', 'target_action': 1, 'prev_risk': 0.23560625427765522, 'risk': 0.26945825593684536}
[ep=15 t=0029] choose_plan=4 action=0 reward=-2.373 info={'t': 30, 'max_steps': 100, 'dominant_type': 'outbound_conn', 'target_action': 2, 'prev_risk': 0.26945825593684536, 'risk': 0.28317919576386336}
[ep=15 t=0030] choose_plan=0 action=0 reward=-2.484 info={'t': 31, 'max_steps': 100, 'dominant_type': 'port_scan', 'target_action': 2, 'prev_risk': 0.28317919576386336, 'risk': 0.3137088715923553}
[ep=15 t=0031] choose_plan=2 action=1 reward=-1.421 info={'t': 32, 'max_steps': 100, 'dominant_type': 'auth_fail', 'target_action': 1, 'prev_risk': 0.3137088715923553, 'risk': 0.3101719701484102}
[ep=15 t=0032] choose_plan=1 action=1 reward=-2.211 info={'t': 33, 'max_steps': 100, 'dominant_type': 'outbound_conn', 'target_action': 2, 'prev_risk': 0.3101719701484102, 'risk': 0.3590710664519061}
[ep=15 t=0033] choose_plan=5 action=0 reward=-2.570 info={'t': 34, 'max_steps': 100, 'dominant_type': 'port_scan', 'target_action': 2, 'prev_risk': 0.3590710664519061, 'risk': 0.34596641599503963}
[ep=15 t=0034] choose_plan=0 action=2 reward=-1.810 info={'t': 35, 'max_steps': 100, 'dominant_type': 'port_scan', 'target_action': 1, 'prev_risk': 0.34596641599503963, 'risk': 0.2866602953199847}
[ep=15 t=0035] choose_plan=3 action=0 reward=-2.413 info={'t': 36, 'max_steps': 100, 'dominant_type': 'proc_spawn', 'target_action': 2, 'prev_risk': 0.2866602953199847, 'risk': 0.2967701647481138}
[ep=15 t=0036] choose_plan=3 action=0 reward=-2.761 info={'t': 37, 'max_steps': 100, 'dominant_type': 'port_scan', 'target_action': 2, 'prev_risk': 0.2967701647481138, 'risk': 0.3814915572013938}
[ep=15 t=0037] choose_plan=4 action=2 reward=-1.351 info={'t': 38, 'max_steps': 100, 'dominant_type': 'port_scan', 'target_action': 2, 'prev_risk': 0.3814915572013938, 'risk': 0.315954015115372}
[ep=15 t=0038] choose_plan=1 action=1 reward=-1.767 info={'t': 39, 'max_steps': 100, 'dominant_type': 'outbound_conn', 'target_action': 2, 'prev_risk': 0.315954015115372, 'risk': 0.2873916561585358}
[ep=15 t=0039] choose_plan=4 action=0 reward=-2.059 info={'t': 40, 'max_steps': 100, 'dominant_type': 'auth_fail', 'target_action': 1, 'prev_risk': 0.2873916561585358, 'risk': 0.3358928749377435}
[ep=15 t=0040] choose_plan=0 action=1 reward=-1.791 info={'t': 41, 'max_steps': 100, 'dominant_type': 'auth_fail', 'target_action': 1, 'prev_risk': 0.3358928749377435, 'risk': 0.39393937405922846}
[ep=15 t=0041] choose_plan=4 action=1 reward=-2.387 info={'t': 42, 'max_steps': 100, 'dominant_type': 'outbound_conn', 'target_action': 2, 'prev_risk': 0.39393937405922846, 'risk': 0.4009949580098319}
[ep=15 t=0042] choose_plan=1 action=2 reward=-1.565 info={'t': 43, 'max_steps': 100, 'dominant_type': 'outbound_conn', 'target_action': 2, 'prev_risk': 0.4009949580098319, 'risk': 0.34491484100106484}
[ep=15 t=0043] choose_plan=1 action=1 reward=-2.089 info={'t': 44, 'max_steps': 100, 'dominant_type': 'proc_spawn', 'target_action': 2, 'prev_risk': 0.34491484100106484, 'risk': 0.33764385712372835}
[ep=15 t=0044] choose_plan=4 action=0 reward=-2.698 info={'t': 45, 'max_steps': 100, 'dominant_type': 'port_scan', 'target_action': 2, 'prev_risk': 0.33764385712372835, 'risk': 0.3627718029248116}
[ep=15 t=0045] choose_plan=3 action=1 reward=-2.106 info={'t': 46, 'max_steps': 100, 'dominant_type': 'port_scan', 'target_action': 2, 'prev_risk': 0.3627718029248116, 'risk': 0.3484860257893922}
[ep=15 t=0046] choose_plan=0 action=4 reward=-2.548 info={'t': 47, 'max_steps': 100, 'dominant_type': 'proc_spawn', 'target_action': 2, 'prev_risk': 0.3484860257893922, 'risk': 0.2799181003101706}
[ep=15 t=0047] choose_plan=1 action=0 reward=-1.880 info={'t': 48, 'max_steps': 100, 'dominant_type': 'port_scan', 'target_action': 1, 'prev_risk': 0.2799181003101706, 'risk': 0.29594044101431405}
[ep=15 t=0048] choose_plan=3 action=0 reward=-2.580 info={'t': 49, 'max_steps': 100, 'dominant_type': 'port_scan', 'target_action': 2, 'prev_risk': 0.29594044101431405, 'risk': 0.329714451808519}
[ep=15 t=0049] choose_plan=0 action=4 reward=-2.842 info={'t': 50, 'max_steps': 100, 'dominant_type': 'port_scan', 'target_action': 1, 'prev_risk': 0.329714451808519, 'risk': 0.2406315980930834}
[ep=15 t=0050] choose_plan=5 action=0 reward=-2.425 info={'t': 51, 'max_steps': 100, 'dominant_type': 'outbound_conn', 'target_action': 2, 'prev_risk': 0.2406315980930834, 'risk': 0.3016757168303879}
[ep=15 t=0051] choose_plan=3 action=0 reward=-1.960 info={'t': 52, 'max_steps': 100, 'dominant_type': 'auth_fail', 'target_action': 1, 'prev_risk': 0.3016757168303879, 'risk': 0.32428468901226565}
[ep=15 t=0052] choose_plan=2 action=2 reward=-1.643 info={'t': 53, 'max_steps': 100, 'dominant_type': 'proc_spawn', 'target_action': 2, 'prev_risk': 0.32428468901226565, 'risk': 0.33811378519279306}
[ep=15 t=0053] choose_plan=1 action=4 reward=-2.126 info={'t': 54, 'max_steps': 100, 'dominant_type': 'outbound_conn', 'target_action': 2, 'prev_risk': 0.33811378519279306, 'risk': 0.2177307486121414}
[ep=15 t=0054] choose_plan=0 action=0 reward=-1.523 info={'t': 55, 'max_steps': 100, 'dominant_type': 'auth_fail', 'target_action': 1, 'prev_risk': 0.2177307486121414, 'risk': 0.22115301259141135}
[ep=15 t=0055] choose_plan=0 action=0 reward=-2.262 info={'t': 56, 'max_steps': 100, 'dominant_type': 'proc_spawn', 'target_action': 2, 'prev_risk': 0.22115301259141135, 'risk': 0.25946738052794016}
[ep=15 t=0056] choose_plan=2 action=0 reward=-2.623 info={'t': 57, 'max_steps': 100, 'dominant_type': 'proc_spawn', 'target_action': 2, 'prev_risk': 0.25946738052794016, 'risk': 0.3467970101763302}
[ep=15 t=0057] choose_plan=1 action=0 reward=-2.708 info={'t': 58, 'max_steps': 100, 'dominant_type': 'port_scan', 'target_action': 2, 'prev_risk': 0.3467970101763302, 'risk': 0.35619029302944194}
[ep=15 t=0058] choose_plan=5 action=0 reward=-2.916 info={'t': 59, 'max_steps': 100, 'dominant_type': 'outbound_conn', 'target_action': 2, 'prev_risk': 0.35619029302944194, 'risk': 0.4158034426933554}
[ep=15 t=0059] choose_plan=2 action=4 reward=-2.369 info={'t': 60, 'max_steps': 100, 'dominant_type': 'outbound_conn', 'target_action': 2, 'prev_risk': 0.4158034426933554, 'risk': 0.2859784147629818}
[ep=15 t=0060] choose_plan=1 action=0 reward=-2.531 info={'t': 61, 'max_steps': 100, 'dominant_type': 'proc_spawn', 'target_action': 2, 'prev_risk': 0.2859784147629818, 'risk': 0.32499799500483506}
[ep=15 t=0061] choose_plan=5 action=2 reward=-1.391 info={'t': 62, 'max_steps': 100, 'dominant_type': 'port_scan', 'target_action': 2, 'prev_risk': 0.32499799500483506, 'risk': 0.30198751790194245}
[ep=15 t=0062] choose_plan=4 action=2 reward=-1.643 info={'t': 63, 'max_steps': 100, 'dominant_type': 'outbound_conn', 'target_action': 2, 'prev_risk': 0.30198751790194245, 'risk': 0.3380836561022026}
[ep=15 t=0063] choose_plan=1 action=1 reward=-1.351 info={'t': 64, 'max_steps': 100, 'dominant_type': 'auth_fail', 'target_action': 1, 'prev_risk': 0.3380836561022026, 'risk': 0.30672764384667}
[ep=15 t=0064] choose_plan=4 action=4 reward=-2.140 info={'t': 65, 'max_steps': 100, 'dominant_type': 'proc_spawn', 'target_action': 2, 'prev_risk': 0.30672764384667, 'risk': 0.209386266135775}
[ep=15 t=0065] choose_plan=0 action=0 reward=-2.274 info={'t': 66, 'max_steps': 100, 'dominant_type': 'outbound_conn', 'target_action': 2, 'prev_risk': 0.209386266135775, 'risk': 0.2711120531907095}
[ep=15 t=0066] choose_plan=3 action=0 reward=-2.581 info={'t': 67, 'max_steps': 100, 'dominant_type': 'outbound_conn', 'target_action': 2, 'prev_risk': 0.2711120531907095, 'risk': 0.34034661427229107}
[ep=15 t=0067] choose_plan=1 action=4 reward=-2.732 info={'t': 68, 'max_steps': 100, 'dominant_type': 'port_scan', 'target_action': 1, 'prev_risk': 0.34034661427229107, 'risk': 0.2340971272839631}
[ep=15 t=0068] choose_plan=4 action=0 reward=-2.159 info={'t': 69, 'max_steps': 100, 'dominant_type': 'proc_spawn', 'target_action': 2, 'prev_risk': 0.2340971272839631, 'risk': 0.24477164095691478}
[ep=15 t=0069] choose_plan=1 action=0 reward=-2.300 info={'t': 70, 'max_steps': 100, 'dominant_type': 'proc_spawn', 'target_action': 2, 'prev_risk': 0.24477164095691478, 'risk': 0.27810203411303996}
[ep=15 t=0070] choose_plan=5 action=0 reward=-2.469 info={'t': 71, 'max_steps': 100, 'dominant_type': 'outbound_conn', 'target_action': 2, 'prev_risk': 0.27810203411303996, 'risk': 0.30652999827667743}
[ep=15 t=0071] choose_plan=0 action=0 reward=-2.459 info={'t': 72, 'max_steps': 100, 'dominant_type': 'outbound_conn', 'target_action': 2, 'prev_risk': 0.30652999827667743, 'risk': 0.3101901125645013}
[ep=15 t=0072] choose_plan=4 action=0 reward=-2.535 info={'t': 73, 'max_steps': 100, 'dominant_type': 'outbound_conn', 'target_action': 2, 'prev_risk': 0.3101901125645013, 'risk': 0.32553231416228595}
[ep=15 t=0073] choose_plan=0 action=1 reward=-2.109 info={'t': 74, 'max_steps': 100, 'dominant_type': 'proc_spawn', 'target_action': 2, 'prev_risk': 0.32553231416228595, 'risk': 0.3404243054809472}
[ep=15 t=0074] choose_plan=0 action=4 reward=-2.122 info={'t': 75, 'max_steps': 100, 'dominant_type': 'outbound_conn', 'target_action': 2, 'prev_risk': 0.3404243054809472, 'risk': 0.22469769320586344}
[ep=15 t=0075] choose_plan=1 action=0 reward=-2.218 info={'t': 76, 'max_steps': 100, 'dominant_type': 'outbound_conn', 'target_action': 2, 'prev_risk': 0.22469769320586344, 'risk': 0.25467641582896805}
[ep=15 t=0076] choose_plan=5 action=0 reward=-1.700 info={'t': 77, 'max_steps': 100, 'dominant_type': 'auth_fail', 'target_action': 1, 'prev_risk': 0.25467641582896805, 'risk': 0.2628821003347952}
[ep=15 t=0077] choose_plan=3 action=0 reward=-1.821 info={'t': 78, 'max_steps': 100, 'dominant_type': 'auth_fail', 'target_action': 1, 'prev_risk': 0.2628821003347952, 'risk': 0.2850365258432591}
[ep=15 t=0078] choose_plan=2 action=0 reward=-2.447 info={'t': 79, 'max_steps': 100, 'dominant_type': 'port_scan', 'target_action': 2, 'prev_risk': 0.2850365258432591, 'risk': 0.3034503653637345}
[ep=15 t=0079] choose_plan=5 action=2 reward=-1.684 info={'t': 80, 'max_steps': 100, 'dominant_type': 'auth_fail', 'target_action': 1, 'prev_risk': 0.3034503653637345, 'risk': 0.2559387871114087}
[ep=15 t=0080] choose_plan=4 action=0 reward=-2.667 info={'t': 81, 'max_steps': 100, 'dominant_type': 'outbound_conn', 'target_action': 2, 'prev_risk': 0.2559387871114087, 'risk': 0.353078825357421}
[ep=15 t=0081] choose_plan=2 action=3 reward=-2.316 info={'t': 82, 'max_steps': 100, 'dominant_type': 'port_scan', 'target_action': 1, 'prev_risk': 0.353078825357421, 'risk': 0.2704113076582086}
[ep=15 t=0082] choose_plan=5 action=0 reward=-1.957 info={'t': 83, 'max_steps': 100, 'dominant_type': 'auth_fail', 'target_action': 1, 'prev_risk': 0.2704113076582086, 'risk': 0.31377047620094206}
[ep=15 t=0083] choose_plan=4 action=2 reward=-1.817 info={'t': 84, 'max_steps': 100, 'dominant_type': 'port_scan', 'target_action': 1, 'prev_risk': 0.31377047620094206, 'risk': 0.28302775802260244}
[ep=15 t=0084] choose_plan=4 action=0 reward=-2.465 info={'t': 85, 'max_steps': 100, 'dominant_type': 'port_scan', 'target_action': 2, 'prev_risk': 0.28302775802260244, 'risk': 0.3132457955900762}
[ep=15 t=0085] choose_plan=5 action=1 reward=-2.147 info={'t': 86, 'max_steps': 100, 'dominant_type': 'port_scan', 'target_action': 2, 'prev_risk': 0.3132457955900762, 'risk': 0.3456279670758768}
[ep=15 t=0086] choose_plan=5 action=1 reward=-1.529 info={'t': 87, 'max_steps': 100, 'dominant_type': 'auth_fail', 'target_action': 1, 'prev_risk': 0.3456279670758768, 'risk': 0.3366728476418508}
[ep=15 t=0087] choose_plan=0 action=0 reward=-2.793 info={'t': 88, 'max_steps': 100, 'dominant_type': 'port_scan', 'target_action': 2, 'prev_risk': 0.3366728476418508, 'risk': 0.3790922442104796}
[ep=15 t=0088] choose_plan=5 action=3 reward=-2.160 info={'t': 89, 'max_steps': 100, 'dominant_type': 'port_scan', 'target_action': 2, 'prev_risk': 0.3790922442104796, 'risk': 0.33073027938459937}
[ep=15 t=0089] choose_plan=5 action=0 reward=-2.121 info={'t': 90, 'max_steps': 100, 'dominant_type': 'auth_fail', 'target_action': 1, 'prev_risk': 0.33073027938459937, 'risk': 0.3572193990271715}
[ep=15 t=0090] choose_plan=2 action=4 reward=-2.292 info={'t': 91, 'max_steps': 100, 'dominant_type': 'outbound_conn', 'target_action': 2, 'prev_risk': 0.3572193990271715, 'risk': 0.2521533828137511}
[ep=15 t=0091] choose_plan=1 action=0 reward=-2.338 info={'t': 92, 'max_steps': 100, 'dominant_type': 'proc_spawn', 'target_action': 2, 'prev_risk': 0.2521533828137511, 'risk': 0.27521010949543845}
[ep=15 t=0092] choose_plan=5 action=0 reward=-1.921 info={'t': 93, 'max_steps': 100, 'dominant_type': 'auth_fail', 'target_action': 1, 'prev_risk': 0.27521010949543845, 'risk': 0.3107826986124293}
[ep=15 t=0093] choose_plan=4 action=1 reward=-1.977 info={'t': 94, 'max_steps': 100, 'dominant_type': 'outbound_conn', 'target_action': 2, 'prev_risk': 0.3107826986124293, 'risk': 0.3068289006536261}
[ep=15 t=0094] choose_plan=4 action=1 reward=-1.307 info={'t': 95, 'max_steps': 100, 'dominant_type': 'auth_fail', 'target_action': 1, 'prev_risk': 0.3068289006536261, 'risk': 0.292706004506775}
[ep=15 t=0095] choose_plan=3 action=0 reward=-2.453 info={'t': 96, 'max_steps': 100, 'dominant_type': 'proc_spawn', 'target_action': 2, 'prev_risk': 0.292706004506775, 'risk': 0.3058483820279311}
[ep=15 t=0096] choose_plan=2 action=4 reward=-2.194 info={'t': 97, 'max_steps': 100, 'dominant_type': 'outbound_conn', 'target_action': 2, 'prev_risk': 0.3058483820279311, 'risk': 0.21529184661792963}
[ep=15 t=0097] choose_plan=2 action=0 reward=-2.216 info={'t': 98, 'max_steps': 100, 'dominant_type': 'proc_spawn', 'target_action': 2, 'prev_risk': 0.21529184661792963, 'risk': 0.2514166011328846}
[ep=15 t=0098] choose_plan=3 action=0 reward=-2.439 info={'t': 99, 'max_steps': 100, 'dominant_type': 'proc_spawn', 'target_action': 2, 'prev_risk': 0.2514166011328846, 'risk': 0.29953118753059765}
[ep=15 t=0099] choose_plan=2 action=0 reward=-2.498 info={'t': 100, 'max_steps': 100, 'dominant_type': 'port_scan', 'target_action': 2, 'prev_risk': 0.29953118753059765, 'risk': 0.31727350132438353}
# done at t=99
# episode_summary {"episode": 15, "episode_return": -224.67997777499303, "reward_mean": -2.2467997777499304, "reward_min": -3.7374159914885188, "reward_max": -1.3070322122371647, "steps": 100, "unique_actions": 5, "top5_actions": [[0, 50], [1, 22], [4, 12], [2, 10], [3, 6]]}

# ===== EPISODE 16 =====
[ep=16 t=0000] choose_plan=0 action=1 reward=-2.158 info={'t': 1, 'max_steps': 100, 'dominant_type': 'outbound_conn', 'target_action': 2, 'prev_risk': 0.35270976327355924, 'risk': 0.3493801804703382}
[ep=16 t=0001] choose_plan=1 action=1 reward=-2.223 info={'t': 2, 'max_steps': 100, 'dominant_type': 'outbound_conn', 'target_action': 2, 'prev_risk': 0.3493801804703382, 'risk': 0.35954767113685737}
[ep=16 t=0002] choose_plan=2 action=4 reward=-2.716 info={'t': 3, 'max_steps': 100, 'dominant_type': 'auth_fail', 'target_action': 1, 'prev_risk': 0.35954767113685737, 'risk': 0.2376806393818925}
[ep=16 t=0003] choose_plan=4 action=3 reward=-2.447 info={'t': 4, 'max_steps': 100, 'dominant_type': 'outbound_conn', 'target_action': 2, 'prev_risk': 0.2376806393818925, 'risk': 0.19202108057432998}
[ep=16 t=0004] choose_plan=4 action=0 reward=-2.010 info={'t': 5, 'max_steps': 100, 'dominant_type': 'proc_spawn', 'target_action': 2, 'prev_risk': 0.19202108057432998, 'risk': 0.20970172681347463}
[ep=16 t=0005] choose_plan=2 action=0 reward=-2.079 info={'t': 6, 'max_steps': 100, 'dominant_type': 'proc_spawn', 'target_action': 2, 'prev_risk': 0.20970172681347463, 'risk': 0.2232693601906054}
[ep=16 t=0006] choose_plan=5 action=0 reward=-1.674 info={'t': 7, 'max_steps': 100, 'dominant_type': 'port_scan', 'target_action': 1, 'prev_risk': 0.2232693601906054, 'risk': 0.2545188558925558}
[ep=16 t=0007] choose_plan=3 action=0 reward=-2.233 info={'t': 8, 'max_steps': 100, 'dominant_type': 'outbound_conn', 'target_action': 2, 'prev_risk': 0.2545188558925558, 'risk': 0.2602235943417839}
[ep=16 t=0008] choose_plan=1 action=3 reward=-2.533 info={'t': 9, 'max_steps': 100, 'dominant_type': 'outbound_conn', 'target_action': 2, 'prev_risk': 0.2602235943417839, 'risk': 0.2142462986331684}
[ep=16 t=0009] choose_plan=1 action=2 reward=-0.771 info={'t': 10, 'max_steps': 100, 'dominant_type': 'proc_spawn', 'target_action': 2, 'prev_risk': 0.2142462986331684, 'risk': 0.17099084881226956}
[ep=16 t=0010] choose_plan=1 action=0 reward=-1.644 info={'t': 11, 'max_steps': 100, 'dominant_type': 'auth_fail', 'target_action': 1, 'prev_risk': 0.17099084881226956, 'risk': 0.2516291212195243}
[ep=16 t=0011] choose_plan=2 action=0 reward=-2.361 info={'t': 12, 'max_steps': 100, 'dominant_type': 'proc_spawn', 'target_action': 2, 'prev_risk': 0.2516291212195243, 'risk': 0.28150919248126227}
[ep=16 t=0012] choose_plan=1 action=0 reward=-2.537 info={'t': 13, 'max_steps': 100, 'dominant_type': 'proc_spawn', 'target_action': 2, 'prev_risk': 0.28150919248126227, 'risk': 0.32492403347816823}
[ep=16 t=0013] choose_plan=4 action=0 reward=-2.618 info={'t': 14, 'max_steps': 100, 'dominant_type': 'proc_spawn', 'target_action': 2, 'prev_risk': 0.32492403347816823, 'risk': 0.34690679351689907}
[ep=16 t=0014] choose_plan=3 action=2 reward=-1.421 info={'t': 15, 'max_steps': 100, 'dominant_type': 'outbound_conn', 'target_action': 2, 'prev_risk': 0.34690679351689907, 'risk': 0.31082209212773493}
[ep=16 t=0015] choose_plan=1 action=1 reward=-1.967 info={'t': 16, 'max_steps': 100, 'dominant_type': 'port_scan', 'target_action': 2, 'prev_risk': 0.31082209212773493, 'risk': 0.31143360394207203}
[ep=16 t=0016] choose_plan=1 action=4 reward=-2.049 info={'t': 17, 'max_steps': 100, 'dominant_type': 'outbound_conn', 'target_action': 2, 'prev_risk': 0.31143360394207203, 'risk': 0.19813077004887628}
[ep=16 t=0017] choose_plan=1 action=4 reward=-3.420 info={'t': 18, 'max_steps': 100, 'dominant_type': 'port_scan', 'target_action': 1, 'prev_risk': 0.19813077004887628, 'risk': 0.11793273290024711}
[ep=16 t=0018] choose_plan=3 action=0 reward=-1.209 info={'t': 19, 'max_steps': 100, 'dominant_type': 'auth_fail', 'target_action': 1, 'prev_risk': 0.11793273290024711, 'risk': 0.1500846256122385}
[ep=16 t=0019] choose_plan=1 action=0 reward=-1.866 info={'t': 20, 'max_steps': 100, 'dominant_type': 'outbound_conn', 'target_action': 2, 'prev_risk': 0.1500846256122385, 'risk': 0.16724238811165082}
[ep=16 t=0020] choose_plan=1 action=0 reward=-1.437 info={'t': 21, 'max_steps': 100, 'dominant_type': 'port_scan', 'target_action': 1, 'prev_risk': 0.16724238811165082, 'risk': 0.1989741491710945}
[ep=16 t=0021] choose_plan=1 action=2 reward=-1.494 info={'t': 22, 'max_steps': 100, 'dominant_type': 'auth_fail', 'target_action': 1, 'prev_risk': 0.1989741491710945, 'risk': 0.18773071024839233}
[ep=16 t=0022] choose_plan=0 action=0 reward=-1.991 info={'t': 23, 'max_steps': 100, 'dominant_type': 'outbound_conn', 'target_action': 2, 'prev_risk': 0.18773071024839233, 'risk': 0.203830375607714}
[ep=16 t=0023] choose_plan=4 action=0 reward=-1.657 info={'t': 24, 'max_steps': 100, 'dominant_type': 'port_scan', 'target_action': 1, 'prev_risk': 0.203830375607714, 'risk': 0.24864576927346094}
[ep=16 t=0024] choose_plan=5 action=0 reward=-2.340 info={'t': 25, 'max_steps': 100, 'dominant_type': 'outbound_conn', 'target_action': 2, 'prev_risk': 0.24864576927346094, 'risk': 0.27910677874608547}
[ep=16 t=0025] choose_plan=5 action=3 reward=-2.345 info={'t': 26, 'max_steps': 100, 'dominant_type': 'proc_spawn', 'target_action': 2, 'prev_risk': 0.27910677874608547, 'risk': 0.20143872700404125}
[ep=16 t=0026] choose_plan=0 action=0 reward=-2.141 info={'t': 27, 'max_steps': 100, 'dominant_type': 'outbound_conn', 'target_action': 2, 'prev_risk': 0.20143872700404125, 'risk': 0.23856679688382532}
[ep=16 t=0027] choose_plan=1 action=0 reward=-2.210 info={'t': 28, 'max_steps': 100, 'dominant_type': 'outbound_conn', 'target_action': 2, 'prev_risk': 0.23856679688382532, 'risk': 0.2542511116075526}
[ep=16 t=0028] choose_plan=3 action=0 reward=-1.737 info={'t': 29, 'max_steps': 100, 'dominant_type': 'auth_fail', 'target_action': 1, 'prev_risk': 0.2542511116075526, 'risk': 0.26638832710603655}
[ep=16 t=0029] choose_plan=5 action=0 reward=-2.314 info={'t': 30, 'max_steps': 100, 'dominant_type': 'outbound_conn', 'target_action': 2, 'prev_risk': 0.26638832710603655, 'risk': 0.27098031007928725}
[ep=16 t=0030] choose_plan=4 action=0 reward=-3.241 info={'t': 31, 'max_steps': 100, 'dominant_type': 'proc_spawn', 'target_action': 3, 'prev_risk': 0.27098031007928725, 'risk': 0.3595084801450222}
[ep=16 t=0031] choose_plan=0 action=3 reward=-2.501 info={'t': 32, 'max_steps': 100, 'dominant_type': 'port_scan', 'target_action': 1, 'prev_risk': 0.3595084801450222, 'risk': 0.2946733713617197}
[ep=16 t=0032] choose_plan=2 action=0 reward=-2.513 info={'t': 33, 'max_steps': 100, 'dominant_type': 'port_scan', 'target_action': 2, 'prev_risk': 0.2946733713617197, 'risk': 0.3179080232461939}
[ep=16 t=0033] choose_plan=5 action=4 reward=-2.640 info={'t': 34, 'max_steps': 100, 'dominant_type': 'port_scan', 'target_action': 1, 'prev_risk': 0.3179080232461939, 'risk': 0.20611905369471495}
[ep=16 t=0034] choose_plan=0 action=0 reward=-2.062 info={'t': 35, 'max_steps': 100, 'dominant_type': 'outbound_conn', 'target_action': 2, 'prev_risk': 0.20611905369471495, 'risk': 0.22157482997618375}
[ep=16 t=0035] choose_plan=0 action=0 reward=-2.129 info={'t': 36, 'max_steps': 100, 'dominant_type': 'outbound_conn', 'target_action': 2, 'prev_risk': 0.22157482997618375, 'risk': 0.2363534248314967}
[ep=16 t=0036] choose_plan=5 action=0 reward=-1.639 info={'t': 37, 'max_steps': 100, 'dominant_type': 'port_scan', 'target_action': 1, 'prev_risk': 0.2363534248314967, 'risk': 0.2449121166289073}
[ep=16 t=0037] choose_plan=4 action=0 reward=-2.466 info={'t': 38, 'max_steps': 100, 'dominant_type': 'outbound_conn', 'target_action': 2, 'prev_risk': 0.2449121166289073, 'risk': 0.3031167350741894}
[ep=16 t=0038] choose_plan=1 action=3 reward=-2.506 info={'t': 39, 'max_steps': 100, 'dominant_type': 'auth_fail', 'target_action': 1, 'prev_risk': 0.3031167350741894, 'risk': 0.28044006413349354}
[ep=16 t=0039] choose_plan=2 action=0 reward=-2.464 info={'t': 40, 'max_steps': 100, 'dominant_type': 'outbound_conn', 'target_action': 2, 'prev_risk': 0.28044006413349354, 'risk': 0.30783133824404874}
[ep=16 t=0040] choose_plan=1 action=2 reward=-1.290 info={'t': 41, 'max_steps': 100, 'dominant_type': 'outbound_conn', 'target_action': 2, 'prev_risk': 0.30783133824404874, 'risk': 0.2755125103652743}
[ep=16 t=0041] choose_plan=5 action=0 reward=-2.496 info={'t': 42, 'max_steps': 100, 'dominant_type': 'outbound_conn', 'target_action': 2, 'prev_risk': 0.2755125103652743, 'risk': 0.31379301861065906}
[ep=16 t=0042] choose_plan=3 action=0 reward=-2.566 info={'t': 43, 'max_steps': 100, 'dominant_type': 'proc_spawn', 'target_action': 2, 'prev_risk': 0.31379301861065906, 'risk': 0.3214590676334781}
[ep=16 t=0043] choose_plan=2 action=0 reward=-2.672 info={'t': 44, 'max_steps': 100, 'dominant_type': 'outbound_conn', 'target_action': 2, 'prev_risk': 0.3214590676334781, 'risk': 0.35448690866411575}
[ep=16 t=0044] choose_plan=4 action=2 reward=-1.772 info={'t': 45, 'max_steps': 100, 'dominant_type': 'auth_fail', 'target_action': 1, 'prev_risk': 0.35448690866411575, 'risk': 0.2860911912206299}
[ep=16 t=0045] choose_plan=0 action=0 reward=-2.444 info={'t': 46, 'max_steps': 100, 'dominant_type': 'proc_spawn', 'target_action': 2, 'prev_risk': 0.2860911912206299, 'risk': 0.30529578576217825}
[ep=16 t=0046] choose_plan=3 action=2 reward=-1.170 info={'t': 47, 'max_steps': 100, 'dominant_type': 'proc_spawn', 'target_action': 2, 'prev_risk': 0.30529578576217825, 'risk': 0.2594544411962206}
[ep=16 t=0047] choose_plan=0 action=2 reward=-1.597 info={'t': 48, 'max_steps': 100, 'dominant_type': 'port_scan', 'target_action': 1, 'prev_risk': 0.2594544411962206, 'risk': 0.22609420242018272}
[ep=16 t=0048] choose_plan=3 action=0 reward=-1.629 info={'t': 49, 'max_steps': 100, 'dominant_type': 'port_scan', 'target_action': 1, 'prev_risk': 0.22609420242018272, 'risk': 0.24746264983522073}
[ep=16 t=0049] choose_plan=0 action=4 reward=-2.961 info={'t': 50, 'max_steps': 100, 'dominant_type': 'proc_spawn', 'target_action': 2, 'prev_risk': 0.24746264983522073, 'risk': 0.15054242378237415}
[ep=16 t=0050] choose_plan=1 action=4 reward=-3.157 info={'t': 51, 'max_steps': 100, 'dominant_type': 'port_scan', 'target_action': 1, 'prev_risk': 0.15054242378237415, 'risk': 0.07293661691513187}
[ep=16 t=0051] choose_plan=4 action=0 reward=-0.908 info={'t': 52, 'max_steps': 100, 'dominant_type': 'port_scan', 'target_action': 1, 'prev_risk': 0.07293661691513187, 'risk': 0.07802314755133971}
[ep=16 t=0052] choose_plan=4 action=0 reward=-1.028 info={'t': 53, 'max_steps': 100, 'dominant_type': 'auth_fail', 'target_action': 1, 'prev_risk': 0.07802314755133971, 'risk': 0.10821021149609245}
[ep=16 t=0053] choose_plan=3 action=0 reward=-0.935 info={'t': 54, 'max_steps': 100, 'dominant_type': 'port_scan', 'target_action': 1, 'prev_risk': 0.10821021149609245, 'risk': 0.09106312783079148}
[ep=16 t=0054] choose_plan=1 action=0 reward=-1.582 info={'t': 55, 'max_steps': 100, 'dominant_type': 'proc_spawn', 'target_action': 2, 'prev_risk': 0.09106312783079148, 'risk': 0.1067392669625882}
[ep=16 t=0055] choose_plan=5 action=0 reward=-1.712 info={'t': 56, 'max_steps': 100, 'dominant_type': 'outbound_conn', 'target_action': 2, 'prev_risk': 0.1067392669625882, 'risk': 0.13148893478162657}
[ep=16 t=0056] choose_plan=4 action=3 reward=-1.913 info={'t': 57, 'max_steps': 100, 'dominant_type': 'proc_spawn', 'target_action': 2, 'prev_risk': 0.13148893478162657, 'risk': 0.07792458032461158}
[ep=16 t=0057] choose_plan=5 action=0 reward=-1.571 info={'t': 58, 'max_steps': 100, 'dominant_type': 'proc_spawn', 'target_action': 2, 'prev_risk': 0.07792458032461158, 'risk': 0.10700119497319557}
[ep=16 t=0058] choose_plan=4 action=0 reward=-1.593 info={'t': 59, 'max_steps': 100, 'dominant_type': 'outbound_conn', 'target_action': 2, 'prev_risk': 0.10700119497319557, 'risk': 0.1085345672431121}
[ep=16 t=0059] choose_plan=2 action=0 reward=-1.736 info={'t': 60, 'max_steps': 100, 'dominant_type': 'proc_spawn', 'target_action': 2, 'prev_risk': 0.1085345672431121, 'risk': 0.1362976610748956}
[ep=16 t=0060] choose_plan=0 action=0 reward=-1.279 info={'t': 61, 'max_steps': 100, 'dominant_type': 'auth_fail', 'target_action': 1, 'prev_risk': 0.1362976610748956, 'risk': 0.16504689330431915}
[ep=16 t=0061] choose_plan=0 action=4 reward=-2.802 info={'t': 62, 'max_steps': 100, 'dominant_type': 'outbound_conn', 'target_action': 2, 'prev_risk': 0.16504689330431915, 'risk': 0.10502656880898315}
[ep=16 t=0062] choose_plan=2 action=0 reward=-1.609 info={'t': 63, 'max_steps': 100, 'dominant_type': 'outbound_conn', 'target_action': 2, 'prev_risk': 0.10502656880898315, 'risk': 0.10920055157247233}
[ep=16 t=0063] choose_plan=0 action=0 reward=-1.101 info={'t': 64, 'max_steps': 100, 'dominant_type': 'port_scan', 'target_action': 1, 'prev_risk': 0.10920055157247233, 'risk': 0.12753691806511486}
[ep=16 t=0064] choose_plan=1 action=0 reward=-1.820 info={'t': 65, 'max_steps': 100, 'dominant_type': 'proc_spawn', 'target_action': 2, 'prev_risk': 0.12753691806511486, 'risk': 0.16376875891882878}
[ep=16 t=0065] choose_plan=3 action=0 reward=-1.991 info={'t': 66, 'max_steps': 100, 'dominant_type': 'proc_spawn', 'target_action': 2, 'prev_risk': 0.16376875891882878, 'risk': 0.19429811626052834}
[ep=16 t=0066] choose_plan=0 action=0 reward=-2.089 info={'t': 67, 'max_steps': 100, 'dominant_type': 'outbound_conn', 'target_action': 2, 'prev_risk': 0.19429811626052834, 'risk': 0.21370593191101994}
[ep=16 t=0067] choose_plan=1 action=0 reward=-1.478 info={'t': 68, 'max_steps': 100, 'dominant_type': 'auth_fail', 'target_action': 1, 'prev_risk': 0.21370593191101994, 'risk': 0.20953591841085714}
[ep=16 t=0068] choose_plan=0 action=2 reward=-1.283 info={'t': 69, 'max_steps': 100, 'dominant_type': 'port_scan', 'target_action': 1, 'prev_risk': 0.20953591841085714, 'risk': 0.160770480671675}
[ep=16 t=0069] choose_plan=5 action=0 reward=-1.958 info={'t': 70, 'max_steps': 100, 'dominant_type': 'proc_spawn', 'target_action': 2, 'prev_risk': 0.160770480671675, 'risk': 0.1953787402082643}
[ep=16 t=0070] choose_plan=0 action=4 reward=-3.355 info={'t': 71, 'max_steps': 100, 'dominant_type': 'port_scan', 'target_action': 1, 'prev_risk': 0.1953787402082643, 'risk': 0.10941396437193153}
[ep=16 t=0071] choose_plan=2 action=0 reward=-1.755 info={'t': 72, 'max_steps': 100, 'dominant_type': 'proc_spawn', 'target_action': 2, 'prev_risk': 0.10941396437193153, 'risk': 0.14140051606881138}
[ep=16 t=0072] choose_plan=4 action=0 reward=-1.259 info={'t': 73, 'max_steps': 100, 'dominant_type': 'port_scan', 'target_action': 1, 'prev_risk': 0.14140051606881138, 'risk': 0.16102442125426605}
[ep=16 t=0073] choose_plan=2 action=0 reward=-1.375 info={'t': 74, 'max_steps': 100, 'dominant_type': 'port_scan', 'target_action': 1, 'prev_risk': 0.16102442125426605, 'risk': 0.185201356561997}
[ep=16 t=0074] choose_plan=1 action=0 reward=-1.997 info={'t': 75, 'max_steps': 100, 'dominant_type': 'outbound_conn', 'target_action': 2, 'prev_risk': 0.185201356561997, 'risk': 0.20873400731338096}
[ep=16 t=0075] choose_plan=4 action=0 reward=-2.160 info={'t': 76, 'max_steps': 100, 'dominant_type': 'proc_spawn', 'target_action': 2, 'prev_risk': 0.20873400731338096, 'risk': 0.233090196662111}
[ep=16 t=0076] choose_plan=0 action=0 reward=-2.105 info={'t': 77, 'max_steps': 100, 'dominant_type': 'outbound_conn', 'target_action': 2, 'prev_risk': 0.233090196662111, 'risk': 0.2344513362789784}
[ep=16 t=0077] choose_plan=5 action=0 reward=-1.604 info={'t': 78, 'max_steps': 100, 'dominant_type': 'port_scan', 'target_action': 1, 'prev_risk': 0.2344513362789784, 'risk': 0.23679854901183425}
[ep=16 t=0078] choose_plan=4 action=0 reward=-1.703 info={'t': 79, 'max_steps': 100, 'dominant_type': 'port_scan', 'target_action': 1, 'prev_risk': 0.23679854901183425, 'risk': 0.25950240976481903}
[ep=16 t=0079] choose_plan=0 action=0 reward=-1.884 info={'t': 80, 'max_steps': 100, 'dominant_type': 'port_scan', 'target_action': 1, 'prev_risk': 0.25950240976481903, 'risk': 0.2977058654974963}
[ep=16 t=0080] choose_plan=1 action=0 reward=-2.492 info={'t': 81, 'max_steps': 100, 'dominant_type': 'proc_spawn', 'target_action': 2, 'prev_risk': 0.2977058654974963, 'risk': 0.316083167550735}
[ep=16 t=0081] choose_plan=5 action=4 reward=-2.693 info={'t': 82, 'max_steps': 100, 'dominant_type': 'port_scan', 'target_action': 1, 'prev_risk': 0.316083167550735, 'risk': 0.21360419829018354}
[ep=16 t=0082] choose_plan=1 action=0 reward=-2.173 info={'t': 83, 'max_steps': 100, 'dominant_type': 'proc_spawn', 'target_action': 2, 'prev_risk': 0.21360419829018354, 'risk': 0.23339496519544128}
[ep=16 t=0083] choose_plan=4 action=0 reward=-1.636 info={'t': 84, 'max_steps': 100, 'dominant_type': 'auth_fail', 'target_action': 1, 'prev_risk': 0.23339496519544128, 'risk': 0.24922873457962558}
[ep=16 t=0084] choose_plan=1 action=0 reward=-2.373 info={'t': 85, 'max_steps': 100, 'dominant_type': 'proc_spawn', 'target_action': 2, 'prev_risk': 0.24922873457962558, 'risk': 0.28624267145205606}
[ep=16 t=0085] choose_plan=1 action=0 reward=-2.225 info={'t': 86, 'max_steps': 100, 'dominant_type': 'auth_fail', 'target_action': 1, 'prev_risk': 0.28624267145205606, 'risk': 0.38242191854774354}
[ep=16 t=0086] choose_plan=4 action=0 reward=-2.339 info={'t': 87, 'max_steps': 100, 'dominant_type': 'auth_fail', 'target_action': 1, 'prev_risk': 0.38242191854774354, 'risk': 0.4006785058357004}
[ep=16 t=0087] choose_plan=5 action=4 reward=-2.926 info={'t': 88, 'max_steps': 100, 'dominant_type': 'port_scan', 'target_action': 1, 'prev_risk': 0.4006785058357004, 'risk': 0.27584350785691325}
[ep=16 t=0088] choose_plan=4 action=0 reward=-1.869 info={'t': 89, 'max_steps': 100, 'dominant_type': 'auth_fail', 'target_action': 1, 'prev_risk': 0.27584350785691325, 'risk': 0.2997636237501512}
[ep=16 t=0089] choose_plan=0 action=0 reward=-2.552 info={'t': 90, 'max_steps': 100, 'dominant_type': 'port_scan', 'target_action': 2, 'prev_risk': 0.2997636237501512, 'risk': 0.3266767028469259}
[ep=16 t=0090] choose_plan=2 action=4 reward=-2.799 info={'t': 91, 'max_steps': 100, 'dominant_type': 'port_scan', 'target_action': 1, 'prev_risk': 0.3266767028469259, 'risk': 0.23147521478173047}
[ep=16 t=0091] choose_plan=1 action=0 reward=-2.241 info={'t': 92, 'max_steps': 100, 'dominant_type': 'proc_spawn', 'target_action': 2, 'prev_risk': 0.23147521478173047, 'risk': 0.2597494809002043}
[ep=16 t=0092] choose_plan=2 action=0 reward=-2.464 info={'t': 93, 'max_steps': 100, 'dominant_type': 'proc_spawn', 'target_action': 2, 'prev_risk': 0.2597494809002043, 'risk': 0.310322277173555}
[ep=16 t=0093] choose_plan=5 action=4 reward=-2.758 info={'t': 94, 'max_steps': 100, 'dominant_type': 'port_scan', 'target_action': 1, 'prev_risk': 0.310322277173555, 'risk': 0.22279686051164505}
[ep=16 t=0094] choose_plan=5 action=0 reward=-1.539 info={'t': 95, 'max_steps': 100, 'dominant_type': 'port_scan', 'target_action': 1, 'prev_risk': 0.22279686051164505, 'risk': 0.2267149083899617}
[ep=16 t=0095] choose_plan=3 action=0 reward=-1.674 info={'t': 96, 'max_steps': 100, 'dominant_type': 'port_scan', 'target_action': 1, 'prev_risk': 0.2267149083899617, 'risk': 0.2590385823002536}
[ep=16 t=0096] choose_plan=2 action=4 reward=-3.090 info={'t': 97, 'max_steps': 100, 'dominant_type': 'proc_spawn', 'target_action': 2, 'prev_risk': 0.2590385823002536, 'risk': 0.1775900788417798}
[ep=16 t=0097] choose_plan=4 action=0 reward=-1.994 info={'t': 98, 'max_steps': 100, 'dominant_type': 'outbound_conn', 'target_action': 2, 'prev_risk': 0.1775900788417798, 'risk': 0.2040843952419431}
[ep=16 t=0098] choose_plan=2 action=0 reward=-2.161 info={'t': 99, 'max_steps': 100, 'dominant_type': 'proc_spawn', 'target_action': 2, 'prev_risk': 0.2040843952419431, 'risk': 0.2258881076408887}
[ep=16 t=0099] choose_plan=5 action=4 reward=-3.353 info={'t': 100, 'max_steps': 100, 'dominant_type': 'port_scan', 'target_action': 1, 'prev_risk': 0.2258881076408887, 'risk': 0.12500282119097877}
# done at t=99
# episode_summary {"episode": 16, "episode_return": -206.45714569408034, "reward_mean": -2.0645714569408034, "reward_min": -3.419556491992708, "reward_max": -0.7710438124565709, "steps": 100, "unique_actions": 5, "top5_actions": [[0, 69], [4, 14], [2, 8], [3, 6], [1, 3]]}

# ===== EPISODE 17 =====
[ep=17 t=0000] choose_plan=0 action=1 reward=-2.271 info={'t': 1, 'max_steps': 100, 'dominant_type': 'port_scan', 'target_action': 2, 'prev_risk': 0.35438691269853845, 'risk': 0.3774909122842546}
[ep=17 t=0001] choose_plan=0 action=1 reward=-2.231 info={'t': 2, 'max_steps': 100, 'dominant_type': 'port_scan', 'target_action': 2, 'prev_risk': 0.3774909122842546, 'risk': 0.3700912969103239}
[ep=17 t=0002] choose_plan=0 action=4 reward=-2.280 info={'t': 3, 'max_steps': 100, 'dominant_type': 'proc_spawn', 'target_action': 2, 'prev_risk': 0.3700912969103239, 'risk': 0.2566499291184097}
[ep=17 t=0003] choose_plan=0 action=0 reward=-2.340 info={'t': 4, 'max_steps': 100, 'dominant_type': 'proc_spawn', 'target_action': 2, 'prev_risk': 0.2566499291184097, 'risk': 0.27715397203018927}
[ep=17 t=0004] choose_plan=4 action=0 reward=-2.604 info={'t': 5, 'max_steps': 100, 'dominant_type': 'outbound_conn', 'target_action': 2, 'prev_risk': 0.27715397203018927, 'risk': 0.33965945940138376}
[ep=17 t=0005] choose_plan=2 action=2 reward=-1.402 info={'t': 6, 'max_steps': 100, 'dominant_type': 'port_scan', 'target_action': 2, 'prev_risk': 0.33965945940138376, 'risk': 0.30608486597197404}
[ep=17 t=0006] choose_plan=3 action=3 reward=-1.558 info={'t': 7, 'max_steps': 100, 'dominant_type': 'proc_spawn', 'target_action': 2, 'prev_risk': 0.30608486597197404, 'risk': 0.2252211095744816}
[ep=17 t=0007] choose_plan=5 action=0 reward=-2.109 info={'t': 8, 'max_steps': 100, 'dominant_type': 'outbound_conn', 'target_action': 2, 'prev_risk': 0.2252211095744816, 'risk': 0.22968193672381804}
[ep=17 t=0008] choose_plan=0 action=0 reward=-1.701 info={'t': 9, 'max_steps': 100, 'dominant_type': 'port_scan', 'target_action': 1, 'prev_risk': 0.22968193672381804, 'risk': 0.2659010090616349}
[ep=17 t=0009] choose_plan=1 action=0 reward=-2.287 info={'t': 10, 'max_steps': 100, 'dominant_type': 'outbound_conn', 'target_action': 2, 'prev_risk': 0.2659010090616349, 'risk': 0.2713900279926649}
[ep=17 t=0010] choose_plan=5 action=0 reward=-1.865 info={'t': 11, 'max_steps': 100, 'dominant_type': 'port_scan', 'target_action': 1, 'prev_risk': 0.2713900279926649, 'risk': 0.29948277739841134}
[ep=17 t=0011] choose_plan=0 action=0 reward=-2.517 info={'t': 12, 'max_steps': 100, 'dominant_type': 'port_scan', 'target_action': 2, 'prev_risk': 0.29948277739841134, 'risk': 0.3203788221073061}
[ep=17 t=0012] choose_plan=5 action=2 reward=-1.259 info={'t': 13, 'max_steps': 100, 'dominant_type': 'proc_spawn', 'target_action': 2, 'prev_risk': 0.3203788221073061, 'risk': 0.2778462845066443}
[ep=17 t=0013] choose_plan=0 action=0 reward=-2.466 info={'t': 14, 'max_steps': 100, 'dominant_type': 'proc_spawn', 'target_action': 2, 'prev_risk': 0.2778462845066443, 'risk': 0.30558673041865075}
[ep=17 t=0014] choose_plan=1 action=2 reward=-1.862 info={'t': 15, 'max_steps': 100, 'dominant_type': 'port_scan', 'target_action': 1, 'prev_risk': 0.30558673041865075, 'risk': 0.2766177429537107}
[ep=17 t=0015] choose_plan=3 action=0 reward=-2.410 info={'t': 16, 'max_steps': 100, 'dominant_type': 'outbound_conn', 'target_action': 2, 'prev_risk': 0.2766177429537107, 'risk': 0.2934769493615429}
[ep=17 t=0016] choose_plan=2 action=0 reward=-2.448 info={'t': 17, 'max_steps': 100, 'dominant_type': 'port_scan', 'target_action': 2, 'prev_risk': 0.2934769493615429, 'risk': 0.31124332982339387}
[ep=17 t=0017] choose_plan=2 action=3 reward=-2.330 info={'t': 18, 'max_steps': 100, 'dominant_type': 'port_scan', 'target_action': 1, 'prev_risk': 0.31124332982339387, 'risk': 0.2536155872650159}
[ep=17 t=0018] choose_plan=4 action=4 reward=-2.951 info={'t': 19, 'max_steps': 100, 'dominant_type': 'proc_spawn', 'target_action': 2, 'prev_risk': 0.2536155872650159, 'risk': 0.15488273969315353}
[ep=17 t=0019] choose_plan=0 action=0 reward=-1.757 info={'t': 20, 'max_steps': 100, 'dominant_type': 'outbound_conn', 'target_action': 2, 'prev_risk': 0.15488273969315353, 'risk': 0.15033637678119272}
[ep=17 t=0020] choose_plan=1 action=0 reward=-1.386 info={'t': 21, 'max_steps': 100, 'dominant_type': 'auth_fail', 'target_action': 1, 'prev_risk': 0.15033637678119272, 'risk': 0.19143186165916137}
[ep=17 t=0021] choose_plan=3 action=0 reward=-1.988 info={'t': 22, 'max_steps': 100, 'dominant_type': 'proc_spawn', 'target_action': 2, 'prev_risk': 0.19143186165916137, 'risk': 0.2012564858629907}
[ep=17 t=0022] choose_plan=0 action=0 reward=-1.540 info={'t': 23, 'max_steps': 100, 'dominant_type': 'auth_fail', 'target_action': 1, 'prev_risk': 0.2012564858629907, 'risk': 0.2227640890383739}
[ep=17 t=0023] choose_plan=5 action=0 reward=-2.096 info={'t': 24, 'max_steps': 100, 'dominant_type': 'proc_spawn', 'target_action': 2, 'prev_risk': 0.2227640890383739, 'risk': 0.22401559390913078}
[ep=17 t=0024] choose_plan=1 action=0 reward=-2.244 info={'t': 25, 'max_steps': 100, 'dominant_type': 'proc_spawn', 'target_action': 2, 'prev_risk': 0.22401559390913078, 'risk': 0.26341327420083155}
[ep=17 t=0025] choose_plan=4 action=0 reward=-2.663 info={'t': 26, 'max_steps': 100, 'dominant_type': 'port_scan', 'target_action': 2, 'prev_risk': 0.26341327420083155, 'risk': 0.3553978831301467}
[ep=17 t=0026] choose_plan=5 action=4 reward=-2.853 info={'t': 27, 'max_steps': 100, 'dominant_type': 'port_scan', 'target_action': 1, 'prev_risk': 0.3553978831301467, 'risk': 0.24899112639762983}
[ep=17 t=0027] choose_plan=1 action=0 reward=-1.752 info={'t': 28, 'max_steps': 100, 'dominant_type': 'port_scan', 'target_action': 1, 'prev_risk': 0.24899112639762983, 'risk': 0.2729502126435344}
[ep=17 t=0028] choose_plan=1 action=0 reward=-2.490 info={'t': 29, 'max_steps': 100, 'dominant_type': 'port_scan', 'target_action': 2, 'prev_risk': 0.2729502126435344, 'risk': 0.3145863414702046}
[ep=17 t=0029] choose_plan=4 action=4 reward=-3.117 info={'t': 30, 'max_steps': 100, 'dominant_type': 'port_scan', 'target_action': 1, 'prev_risk': 0.3145863414702046, 'risk': 0.2698706999526641}
[ep=17 t=0030] choose_plan=4 action=0 reward=-2.359 info={'t': 31, 'max_steps': 100, 'dominant_type': 'outbound_conn', 'target_action': 2, 'prev_risk': 0.2698706999526641, 'risk': 0.2809211041216869}
[ep=17 t=0031] choose_plan=4 action=4 reward=-2.701 info={'t': 32, 'max_steps': 100, 'dominant_type': 'port_scan', 'target_action': 1, 'prev_risk': 0.2809211041216869, 'risk': 0.1984953873323646}
[ep=17 t=0032] choose_plan=1 action=0 reward=-1.547 info={'t': 33, 'max_steps': 100, 'dominant_type': 'auth_fail', 'target_action': 1, 'prev_risk': 0.1984953873323646, 'risk': 0.22944962708529634}
[ep=17 t=0033] choose_plan=4 action=0 reward=-1.720 info={'t': 34, 'max_steps': 100, 'dominant_type': 'port_scan', 'target_action': 1, 'prev_risk': 0.22944962708529634, 'risk': 0.26309342589616985}
[ep=17 t=0034] choose_plan=1 action=0 reward=-2.368 info={'t': 35, 'max_steps': 100, 'dominant_type': 'proc_spawn', 'target_action': 2, 'prev_risk': 0.26309342589616985, 'risk': 0.28971093443967355}
[ep=17 t=0035] choose_plan=2 action=0 reward=-2.447 info={'t': 36, 'max_steps': 100, 'dominant_type': 'port_scan', 'target_action': 2, 'prev_risk': 0.28971093443967355, 'risk': 0.3098988194579837}
[ep=17 t=0036] choose_plan=2 action=3 reward=-1.701 info={'t': 37, 'max_steps': 100, 'dominant_type': 'proc_spawn', 'target_action': 2, 'prev_risk': 0.3098988194579837, 'risk': 0.24338984215735748}
[ep=17 t=0037] choose_plan=4 action=0 reward=-2.167 info={'t': 38, 'max_steps': 100, 'dominant_type': 'proc_spawn', 'target_action': 2, 'prev_risk': 0.24338984215735748, 'risk': 0.24215880901375328}
[ep=17 t=0038] choose_plan=4 action=0 reward=-1.629 info={'t': 39, 'max_steps': 100, 'dominant_type': 'port_scan', 'target_action': 1, 'prev_risk': 0.24215880901375328, 'risk': 0.24360576459182742}
[ep=17 t=0039] choose_plan=3 action=0 reward=-2.389 info={'t': 40, 'max_steps': 100, 'dominant_type': 'proc_spawn', 'target_action': 2, 'prev_risk': 0.24360576459182742, 'risk': 0.2896272156830827}
[ep=17 t=0040] choose_plan=1 action=0 reward=-2.466 info={'t': 41, 'max_steps': 100, 'dominant_type': 'port_scan', 'target_action': 2, 'prev_risk': 0.2896272156830827, 'risk': 0.30882767927803223}
[ep=17 t=0041] choose_plan=0 action=4 reward=-2.168 info={'t': 42, 'max_steps': 100, 'dominant_type': 'outbound_conn', 'target_action': 2, 'prev_risk': 0.30882767927803223, 'risk': 0.20956945348521516}
[ep=17 t=0042] choose_plan=3 action=0 reward=-1.997 info={'t': 43, 'max_steps': 100, 'dominant_type': 'outbound_conn', 'target_action': 2, 'prev_risk': 0.20956945348521516, 'risk': 0.2066835650362725}
[ep=17 t=0043] choose_plan=1 action=0 reward=-1.562 info={'t': 44, 'max_steps': 100, 'dominant_type': 'port_scan', 'target_action': 1, 'prev_risk': 0.2066835650362725, 'risk': 0.22674727014223314}
[ep=17 t=0044] choose_plan=2 action=0 reward=-1.701 info={'t': 45, 'max_steps': 100, 'dominant_type': 'auth_fail', 'target_action': 1, 'prev_risk': 0.22674727014223314, 'risk': 0.26090963175255244}
[ep=17 t=0045] choose_plan=2 action=0 reward=-2.369 info={'t': 46, 'max_steps': 100, 'dominant_type': 'outbound_conn', 'target_action': 2, 'prev_risk': 0.26090963175255244, 'risk': 0.29036271776219535}
[ep=17 t=0046] choose_plan=2 action=0 reward=-1.919 info={'t': 47, 'max_steps': 100, 'dominant_type': 'auth_fail', 'target_action': 1, 'prev_risk': 0.29036271776219535, 'risk': 0.32054277391196173}
[ep=17 t=0047] choose_plan=2 action=3 reward=-1.619 info={'t': 48, 'max_steps': 100, 'dominant_type': 'proc_spawn', 'target_action': 2, 'prev_risk': 0.32054277391196173, 'risk': 0.2374550614351196}
[ep=17 t=0048] choose_plan=2 action=0 reward=-2.196 info={'t': 49, 'max_steps': 100, 'dominant_type': 'outbound_conn', 'target_action': 2, 'prev_risk': 0.2374550614351196, 'risk': 0.24830220109474185}
[ep=17 t=0049] choose_plan=4 action=0 reward=-1.858 info={'t': 50, 'max_steps': 100, 'dominant_type': 'port_scan', 'target_action': 1, 'prev_risk': 0.24830220109474185, 'risk': 0.29388567107477503}
[ep=17 t=0050] choose_plan=4 action=0 reward=-2.536 info={'t': 51, 'max_steps': 100, 'dominant_type': 'outbound_conn', 'target_action': 2, 'prev_risk': 0.29388567107477503, 'risk': 0.3259290297298262}
[ep=17 t=0051] choose_plan=5 action=4 reward=-2.247 info={'t': 52, 'max_steps': 100, 'dominant_type': 'proc_spawn', 'target_action': 2, 'prev_risk': 0.3259290297298262, 'risk': 0.23342786019988568}
[ep=17 t=0052] choose_plan=4 action=0 reward=-2.477 info={'t': 53, 'max_steps': 100, 'dominant_type': 'outbound_conn', 'target_action': 2, 'prev_risk': 0.23342786019988568, 'risk': 0.30882421751744593}
[ep=17 t=0053] choose_plan=3 action=1 reward=-2.028 info={'t': 54, 'max_steps': 100, 'dominant_type': 'port_scan', 'target_action': 2, 'prev_risk': 0.30882421751744593, 'risk': 0.3172242781633565}
[ep=17 t=0054] choose_plan=4 action=2 reward=-1.367 info={'t': 55, 'max_steps': 100, 'dominant_type': 'proc_spawn', 'target_action': 2, 'prev_risk': 0.3172242781633565, 'risk': 0.29428883024493674}
[ep=17 t=0055] choose_plan=4 action=0 reward=-1.963 info={'t': 56, 'max_steps': 100, 'dominant_type': 'auth_fail', 'target_action': 1, 'prev_risk': 0.29428883024493674, 'risk': 0.3172417754373738}
[ep=17 t=0056] choose_plan=5 action=0 reward=-3.356 info={'t': 57, 'max_steps': 100, 'dominant_type': 'proc_spawn', 'target_action': 3, 'prev_risk': 0.3172417754373738, 'risk': 0.3870518556810343}
[ep=17 t=0057] choose_plan=1 action=1 reward=-2.319 info={'t': 58, 'max_steps': 100, 'dominant_type': 'outbound_conn', 'target_action': 2, 'prev_risk': 0.3870518556810343, 'risk': 0.38765779174715154}
[ep=17 t=0058] choose_plan=4 action=2 reward=-1.598 info={'t': 59, 'max_steps': 100, 'dominant_type': 'outbound_conn', 'target_action': 2, 'prev_risk': 0.38765779174715154, 'risk': 0.354473573942778}
[ep=17 t=0059] choose_plan=3 action=1 reward=-2.739 info={'t': 60, 'max_steps': 100, 'dominant_type': 'proc_spawn', 'target_action': 3, 'prev_risk': 0.354473573942778, 'risk': 0.3639470169704792}
[ep=17 t=0060] choose_plan=5 action=0 reward=-3.352 info={'t': 61, 'max_steps': 100, 'dominant_type': 'proc_spawn', 'target_action': 3, 'prev_risk': 0.3639470169704792, 'risk': 0.37897947654383607}
[ep=17 t=0061] choose_plan=0 action=2 reward=-1.358 info={'t': 62, 'max_steps': 100, 'dominant_type': 'proc_spawn', 'target_action': 2, 'prev_risk': 0.37897947654383607, 'risk': 0.31714314922623155}
[ep=17 t=0062] choose_plan=3 action=4 reward=-2.528 info={'t': 63, 'max_steps': 100, 'dominant_type': 'auth_fail', 'target_action': 1, 'prev_risk': 0.31714314922623155, 'risk': 0.19193051218862228}
[ep=17 t=0063] choose_plan=2 action=0 reward=-1.651 info={'t': 64, 'max_steps': 100, 'dominant_type': 'port_scan', 'target_action': 1, 'prev_risk': 0.19193051218862228, 'risk': 0.2544460206185893}
[ep=17 t=0064] choose_plan=4 action=0 reward=-2.289 info={'t': 65, 'max_steps': 100, 'dominant_type': 'proc_spawn', 'target_action': 2, 'prev_risk': 0.2544460206185893, 'risk': 0.26705552428621165}
[ep=17 t=0065] choose_plan=3 action=0 reward=-2.438 info={'t': 66, 'max_steps': 100, 'dominant_type': 'port_scan', 'target_action': 2, 'prev_risk': 0.26705552428621165, 'risk': 0.30434609563270454}
[ep=17 t=0066] choose_plan=0 action=3 reward=-2.172 info={'t': 67, 'max_steps': 100, 'dominant_type': 'port_scan', 'target_action': 1, 'prev_risk': 0.30434609563270454, 'risk': 0.23156365596627115}
[ep=17 t=0067] choose_plan=1 action=0 reward=-1.735 info={'t': 68, 'max_steps': 100, 'dominant_type': 'port_scan', 'target_action': 1, 'prev_risk': 0.23156365596627115, 'risk': 0.2698541730199789}
[ep=17 t=0068] choose_plan=5 action=0 reward=-2.486 info={'t': 69, 'max_steps': 100, 'dominant_type': 'proc_spawn', 'target_action': 2, 'prev_risk': 0.2698541730199789, 'risk': 0.3077423923716214}
[ep=17 t=0069] choose_plan=0 action=3 reward=-2.165 info={'t': 70, 'max_steps': 100, 'dominant_type': 'proc_spawn', 'target_action': 2, 'prev_risk': 0.3077423923716214, 'risk': 0.29922441953922446}
[ep=17 t=0070] choose_plan=3 action=0 reward=-2.089 info={'t': 71, 'max_steps': 100, 'dominant_type': 'auth_fail', 'target_action': 1, 'prev_risk': 0.29922441953922446, 'risk': 0.3495454989868232}
[ep=17 t=0071] choose_plan=0 action=3 reward=-1.920 info={'t': 72, 'max_steps': 100, 'dominant_type': 'proc_spawn', 'target_action': 2, 'prev_risk': 0.3495454989868232, 'risk': 0.29046393710938023}
[ep=17 t=0072] choose_plan=1 action=0 reward=-2.644 info={'t': 73, 'max_steps': 100, 'dominant_type': 'port_scan', 'target_action': 2, 'prev_risk': 0.29046393710938023, 'risk': 0.3523802784913278}
[ep=17 t=0073] choose_plan=2 action=4 reward=-2.343 info={'t': 74, 'max_steps': 100, 'dominant_type': 'outbound_conn', 'target_action': 2, 'prev_risk': 0.3523802784913278, 'risk': 0.2599593498831701}
[ep=17 t=0074] choose_plan=0 action=0 reward=-1.696 info={'t': 75, 'max_steps': 100, 'dominant_type': 'auth_fail', 'target_action': 1, 'prev_risk': 0.2599593498831701, 'risk': 0.26198452439906567}
[ep=17 t=0075] choose_plan=5 action=0 reward=-2.736 info={'t': 76, 'max_steps': 100, 'dominant_type': 'port_scan', 'target_action': 2, 'prev_risk': 0.26198452439906567, 'risk': 0.37166240955416485}
[ep=17 t=0076] choose_plan=5 action=4 reward=-2.311 info={'t': 77, 'max_steps': 100, 'dominant_type': 'outbound_conn', 'target_action': 2, 'prev_risk': 0.37166240955416485, 'risk': 0.2638943678607264}
[ep=17 t=0077] choose_plan=1 action=0 reward=-2.278 info={'t': 78, 'max_steps': 100, 'dominant_type': 'outbound_conn', 'target_action': 2, 'prev_risk': 0.2638943678607264, 'risk': 0.2625125320838039}
[ep=17 t=0078] choose_plan=0 action=0 reward=-2.457 info={'t': 79, 'max_steps': 100, 'dominant_type': 'port_scan', 'target_action': 2, 'prev_risk': 0.2625125320838039, 'risk': 0.31420010339020354}
[ep=17 t=0079] choose_plan=2 action=4 reward=-2.584 info={'t': 80, 'max_steps': 100, 'dominant_type': 'port_scan', 'target_action': 1, 'prev_risk': 0.31420010339020354, 'risk': 0.1990169296023692}
[ep=17 t=0080] choose_plan=2 action=0 reward=-2.042 info={'t': 81, 'max_steps': 100, 'dominant_type': 'outbound_conn', 'target_action': 2, 'prev_risk': 0.1990169296023692, 'risk': 0.20681958346923227}
[ep=17 t=0081] choose_plan=1 action=0 reward=-2.147 info={'t': 82, 'max_steps': 100, 'dominant_type': 'outbound_conn', 'target_action': 2, 'prev_risk': 0.20681958346923227, 'risk': 0.23848217348043155}
[ep=17 t=0082] choose_plan=3 action=0 reward=-1.574 info={'t': 83, 'max_steps': 100, 'dominant_type': 'port_scan', 'target_action': 1, 'prev_risk': 0.23848217348043155, 'risk': 0.23993600307114946}
[ep=17 t=0083] choose_plan=4 action=0 reward=-2.407 info={'t': 84, 'max_steps': 100, 'dominant_type': 'proc_spawn', 'target_action': 2, 'prev_risk': 0.23993600307114946, 'risk': 0.2886234587541354}
[ep=17 t=0084] choose_plan=4 action=0 reward=-2.750 info={'t': 85, 'max_steps': 100, 'dominant_type': 'outbound_conn', 'target_action': 2, 'prev_risk': 0.2886234587541354, 'risk': 0.38035483470082765}
[ep=17 t=0085] choose_plan=4 action=4 reward=-2.238 info={'t': 86, 'max_steps': 100, 'dominant_type': 'proc_spawn', 'target_action': 2, 'prev_risk': 0.38035483470082765, 'risk': 0.254540073196867}
[ep=17 t=0086] choose_plan=5 action=0 reward=-2.187 info={'t': 87, 'max_steps': 100, 'dominant_type': 'outbound_conn', 'target_action': 2, 'prev_risk': 0.254540073196867, 'risk': 0.25049843426210294}
[ep=17 t=0087] choose_plan=5 action=0 reward=-2.254 info={'t': 88, 'max_steps': 100, 'dominant_type': 'proc_spawn', 'target_action': 2, 'prev_risk': 0.25049843426210294, 'risk': 0.26255014309459773}
[ep=17 t=0088] choose_plan=0 action=0 reward=-1.782 info={'t': 89, 'max_steps': 100, 'dominant_type': 'auth_fail', 'target_action': 1, 'prev_risk': 0.26255014309459773, 'risk': 0.2748492977833106}
[ep=17 t=0089] choose_plan=5 action=0 reward=-1.872 info={'t': 90, 'max_steps': 100, 'dominant_type': 'auth_fail', 'target_action': 1, 'prev_risk': 0.2748492977833106, 'risk': 0.29774504630564763}
[ep=17 t=0090] choose_plan=1 action=0 reward=-2.456 info={'t': 91, 'max_steps': 100, 'dominant_type': 'proc_spawn', 'target_action': 2, 'prev_risk': 0.29774504630564763, 'risk': 0.30715803098113775}
[ep=17 t=0091] choose_plan=2 action=1 reward=-1.164 info={'t': 92, 'max_steps': 100, 'dominant_type': 'port_scan', 'target_action': 1, 'prev_risk': 0.30715803098113775, 'risk': 0.27950635717894556}
[ep=17 t=0092] choose_plan=4 action=0 reward=-2.381 info={'t': 93, 'max_steps': 100, 'dominant_type': 'proc_spawn', 'target_action': 2, 'prev_risk': 0.27950635717894556, 'risk': 0.2925544769233969}
[ep=17 t=0093] choose_plan=5 action=0 reward=-2.730 info={'t': 94, 'max_steps': 100, 'dominant_type': 'port_scan', 'target_action': 2, 'prev_risk': 0.2925544769233969, 'risk': 0.3732781277936358}
[ep=17 t=0094] choose_plan=0 action=0 reward=-2.851 info={'t': 95, 'max_steps': 100, 'dominant_type': 'port_scan', 'target_action': 2, 'prev_risk': 0.3732781277936358, 'risk': 0.3999325461560906}
[ep=17 t=0095] choose_plan=1 action=3 reward=-1.999 info={'t': 96, 'max_steps': 100, 'dominant_type': 'outbound_conn', 'target_action': 2, 'prev_risk': 0.3999325461560906, 'risk': 0.3144549257972657}
[ep=17 t=0096] choose_plan=5 action=0 reward=-2.542 info={'t': 97, 'max_steps': 100, 'dominant_type': 'proc_spawn', 'target_action': 2, 'prev_risk': 0.3144549257972657, 'risk': 0.3297440591087302}
[ep=17 t=0097] choose_plan=4 action=1 reward=-2.096 info={'t': 98, 'max_steps': 100, 'dominant_type': 'port_scan', 'target_action': 2, 'prev_risk': 0.3297440591087302, 'risk': 0.33590916141442495}
[ep=17 t=0098] choose_plan=1 action=2 reward=-1.469 info={'t': 99, 'max_steps': 100, 'dominant_type': 'outbound_conn', 'target_action': 2, 'prev_risk': 0.33590916141442495, 'risk': 0.31465262646730985}
[ep=17 t=0099] choose_plan=2 action=3 reward=-1.716 info={'t': 100, 'max_steps': 100, 'dominant_type': 'proc_spawn', 'target_action': 2, 'prev_risk': 0.31465262646730985, 'risk': 0.25250865460292043}
# done at t=99
# episode_summary {"episode": 17, "episode_return": -216.17635517129779, "reward_mean": -2.161763551712978, "reward_min": -3.356111028661652, "reward_max": -1.1640269274987596, "steps": 100, "unique_actions": 5, "top5_actions": [[0, 65], [4, 12], [3, 9], [1, 7], [2, 7]]}

# ===== EPISODE 18 =====
[ep=18 t=0000] choose_plan=4 action=3 reward=-1.833 info={'t': 1, 'max_steps': 100, 'dominant_type': 'outbound_conn', 'target_action': 2, 'prev_risk': 0.3660313451683537, 'risk': 0.2810055028444038}
[ep=18 t=0001] choose_plan=0 action=0 reward=-2.465 info={'t': 2, 'max_steps': 100, 'dominant_type': 'outbound_conn', 'target_action': 2, 'prev_risk': 0.2810055028444038, 'risk': 0.3054521092093392}
[ep=18 t=0002] choose_plan=3 action=1 reward=-1.983 info={'t': 3, 'max_steps': 100, 'dominant_type': 'outbound_conn', 'target_action': 2, 'prev_risk': 0.3054521092093392, 'risk': 0.304859195177804}
[ep=18 t=0003] choose_plan=0 action=0 reward=-2.677 info={'t': 4, 'max_steps': 100, 'dominant_type': 'outbound_conn', 'target_action': 2, 'prev_risk': 0.304859195177804, 'risk': 0.3534965484581566}
[ep=18 t=0004] choose_plan=0 action=1 reward=-2.214 info={'t': 5, 'max_steps': 100, 'dominant_type': 'port_scan', 'target_action': 2, 'prev_risk': 0.3534965484581566, 'risk': 0.3586464003402765}
[ep=18 t=0005] choose_plan=2 action=4 reward=-2.519 info={'t': 6, 'max_steps': 100, 'dominant_type': 'outbound_conn', 'target_action': 2, 'prev_risk': 0.3586464003402765, 'risk': 0.27937232935103906}
[ep=18 t=0006] choose_plan=2 action=0 reward=-2.437 info={'t': 7, 'max_steps': 100, 'dominant_type': 'outbound_conn', 'target_action': 2, 'prev_risk': 0.27937232935103906, 'risk': 0.3054204991067204}
[ep=18 t=0007] choose_plan=0 action=3 reward=-1.570 info={'t': 8, 'max_steps': 100, 'dominant_type': 'proc_spawn', 'target_action': 2, 'prev_risk': 0.3054204991067204, 'risk': 0.22519169100097725}
[ep=18 t=0008] choose_plan=2 action=0 reward=-1.728 info={'t': 9, 'max_steps': 100, 'dominant_type': 'port_scan', 'target_action': 1, 'prev_risk': 0.22519169100097725, 'risk': 0.2643158993495615}
[ep=18 t=0009] choose_plan=5 action=0 reward=-2.304 info={'t': 10, 'max_steps': 100, 'dominant_type': 'outbound_conn', 'target_action': 2, 'prev_risk': 0.2643158993495615, 'risk': 0.2807501206572315}
[ep=18 t=0010] choose_plan=2 action=0 reward=-2.497 info={'t': 11, 'max_steps': 100, 'dominant_type': 'port_scan', 'target_action': 2, 'prev_risk': 0.2807501206572315, 'risk': 0.3202375510528308}
[ep=18 t=0011] choose_plan=2 action=0 reward=-2.613 info={'t': 12, 'max_steps': 100, 'dominant_type': 'port_scan', 'target_action': 2, 'prev_risk': 0.3202375510528308, 'risk': 0.34166392535310003}
[ep=18 t=0012] choose_plan=3 action=2 reward=-1.441 info={'t': 13, 'max_steps': 100, 'dominant_type': 'port_scan', 'target_action': 2, 'prev_risk': 0.34166392535310003, 'risk': 0.30996397166264905}
[ep=18 t=0013] choose_plan=3 action=1 reward=-1.487 info={'t': 14, 'max_steps': 100, 'dominant_type': 'auth_fail', 'target_action': 1, 'prev_risk': 0.30996397166264905, 'risk': 0.32392628258279776}
[ep=18 t=0014] choose_plan=4 action=1 reward=-1.981 info={'t': 15, 'max_steps': 100, 'dominant_type': 'port_scan', 'target_action': 2, 'prev_risk': 0.32392628258279776, 'risk': 0.31497706747541127}
[ep=18 t=0015] choose_plan=4 action=2 reward=-2.242 info={'t': 16, 'max_steps': 100, 'dominant_type': 'proc_spawn', 'target_action': 3, 'prev_risk': 0.31497706747541127, 'risk': 0.3512189971693066}
[ep=18 t=0016] choose_plan=4 action=2 reward=-1.488 info={'t': 17, 'max_steps': 100, 'dominant_type': 'outbound_conn', 'target_action': 2, 'prev_risk': 0.3512189971693066, 'risk': 0.3251412115347356}
[ep=18 t=0017] choose_plan=4 action=2 reward=-1.771 info={'t': 18, 'max_steps': 100, 'dominant_type': 'auth_fail', 'target_action': 1, 'prev_risk': 0.3251412115347356, 'risk': 0.26814034436505885}
[ep=18 t=0018] choose_plan=0 action=0 reward=-1.862 info={'t': 19, 'max_steps': 100, 'dominant_type': 'port_scan', 'target_action': 1, 'prev_risk': 0.26814034436505885, 'risk': 0.2970749101636949}
[ep=18 t=0019] choose_plan=0 action=3 reward=-1.730 info={'t': 20, 'max_steps': 100, 'dominant_type': 'proc_spawn', 'target_action': 2, 'prev_risk': 0.2970749101636949, 'risk': 0.23976875506399103}
[ep=18 t=0020] choose_plan=0 action=0 reward=-2.516 info={'t': 21, 'max_steps': 100, 'dominant_type': 'outbound_conn', 'target_action': 2, 'prev_risk': 0.23976875506399103, 'risk': 0.3235603408840261}
[ep=18 t=0021] choose_plan=3 action=0 reward=-2.588 info={'t': 22, 'max_steps': 100, 'dominant_type': 'outbound_conn', 'target_action': 2, 'prev_risk': 0.3235603408840261, 'risk': 0.338548701064691}
[ep=18 t=0022] choose_plan=5 action=2 reward=-1.957 info={'t': 23, 'max_steps': 100, 'dominant_type': 'auth_fail', 'target_action': 1, 'prev_risk': 0.338548701064691, 'risk': 0.31221569664319154}
[ep=18 t=0023] choose_plan=5 action=1 reward=-2.081 info={'t': 24, 'max_steps': 100, 'dominant_type': 'proc_spawn', 'target_action': 2, 'prev_risk': 0.31221569664319154, 'risk': 0.3275909101360899}
[ep=18 t=0024] choose_plan=4 action=3 reward=-1.741 info={'t': 25, 'max_steps': 100, 'dominant_type': 'proc_spawn', 'target_action': 2, 'prev_risk': 0.3275909101360899, 'risk': 0.25925590268509613}
[ep=18 t=0025] choose_plan=4 action=0 reward=-2.327 info={'t': 26, 'max_steps': 100, 'dominant_type': 'outbound_conn', 'target_action': 2, 'prev_risk': 0.25925590268509613, 'risk': 0.27858959260048743}
[ep=18 t=0026] choose_plan=4 action=0 reward=-2.434 info={'t': 27, 'max_steps': 100, 'dominant_type': 'proc_spawn', 'target_action': 2, 'prev_risk': 0.27858959260048743, 'risk': 0.3023166625292825}
[ep=18 t=0027] choose_plan=0 action=1 reward=-1.381 info={'t': 28, 'max_steps': 100, 'dominant_type': 'port_scan', 'target_action': 1, 'prev_risk': 0.3023166625292825, 'risk': 0.29809685695289706}
[ep=18 t=0028] choose_plan=2 action=0 reward=-2.020 info={'t': 29, 'max_steps': 100, 'dominant_type': 'auth_fail', 'target_action': 1, 'prev_risk': 0.29809685695289706, 'risk': 0.33327673836997507}
[ep=18 t=0029] choose_plan=2 action=2 reward=-1.885 info={'t': 30, 'max_steps': 100, 'dominant_type': 'port_scan', 'target_action': 1, 'prev_risk': 0.33327673836997507, 'risk': 0.29481555661558223}
[ep=18 t=0030] choose_plan=4 action=0 reward=-2.153 info={'t': 31, 'max_steps': 100, 'dominant_type': 'auth_fail', 'target_action': 1, 'prev_risk': 0.29481555661558223, 'risk': 0.36401306125854876}
[ep=18 t=0031] choose_plan=5 action=0 reward=-2.879 info={'t': 32, 'max_steps': 100, 'dominant_type': 'outbound_conn', 'target_action': 2, 'prev_risk': 0.36401306125854876, 'risk': 0.40525606567028294}
[ep=18 t=0032] choose_plan=4 action=1 reward=-2.844 info={'t': 33, 'max_steps': 100, 'dominant_type': 'proc_spawn', 'target_action': 3, 'prev_risk': 0.40525606567028294, 'risk': 0.3870017294026472}
[ep=18 t=0033] choose_plan=4 action=1 reward=-2.228 info={'t': 34, 'max_steps': 100, 'dominant_type': 'port_scan', 'target_action': 2, 'prev_risk': 0.3870017294026472, 'risk': 0.3724135973749366}
[ep=18 t=0034] choose_plan=2 action=2 reward=-1.867 info={'t': 35, 'max_steps': 100, 'dominant_type': 'port_scan', 'target_action': 2, 'prev_risk': 0.3724135973749366, 'risk': 0.39073126460760077}
[ep=18 t=0035] choose_plan=1 action=4 reward=-2.790 info={'t': 36, 'max_steps': 100, 'dominant_type': 'port_scan', 'target_action': 1, 'prev_risk': 0.39073126460760077, 'risk': 0.25616731480439137}
[ep=18 t=0036] choose_plan=3 action=0 reward=-1.779 info={'t': 37, 'max_steps': 100, 'dominant_type': 'port_scan', 'target_action': 1, 'prev_risk': 0.25616731480439137, 'risk': 0.27857453054372977}
[ep=18 t=0037] choose_plan=1 action=0 reward=-2.618 info={'t': 38, 'max_steps': 100, 'dominant_type': 'port_scan', 'target_action': 2, 'prev_risk': 0.27857453054372977, 'risk': 0.3470365279045771}
[ep=18 t=0038] choose_plan=5 action=1 reward=-2.825 info={'t': 39, 'max_steps': 100, 'dominant_type': 'proc_spawn', 'target_action': 3, 'prev_risk': 0.3470365279045771, 'risk': 0.3818417540416732}
[ep=18 t=0039] choose_plan=1 action=2 reward=-1.370 info={'t': 40, 'max_steps': 100, 'dominant_type': 'proc_spawn', 'target_action': 2, 'prev_risk': 0.3818417540416732, 'risk': 0.31651608838378364}
[ep=18 t=0040] choose_plan=1 action=1 reward=-1.931 info={'t': 41, 'max_steps': 100, 'dominant_type': 'proc_spawn', 'target_action': 2, 'prev_risk': 0.31651608838378364, 'risk': 0.3049494119055783}
[ep=18 t=0041] choose_plan=1 action=4 reward=-2.182 info={'t': 42, 'max_steps': 100, 'dominant_type': 'proc_spawn', 'target_action': 2, 'prev_risk': 0.3049494119055783, 'risk': 0.21104839646992424}
[ep=18 t=0042] choose_plan=0 action=0 reward=-1.940 info={'t': 43, 'max_steps': 100, 'dominant_type': 'auth_fail', 'target_action': 1, 'prev_risk': 0.21104839646992424, 'risk': 0.3149768257033831}
[ep=18 t=0043] choose_plan=3 action=3 reward=-1.595 info={'t': 44, 'max_steps': 100, 'dominant_type': 'proc_spawn', 'target_action': 2, 'prev_risk': 0.3149768257033831, 'risk': 0.23099485306504902}
[ep=18 t=0044] choose_plan=0 action=3 reward=-2.374 info={'t': 45, 'max_steps': 100, 'dominant_type': 'proc_spawn', 'target_action': 2, 'prev_risk': 0.23099485306504902, 'risk': 0.1806553417101045}
[ep=18 t=0045] choose_plan=1 action=0 reward=-1.299 info={'t': 46, 'max_steps': 100, 'dominant_type': 'auth_fail', 'target_action': 1, 'prev_risk': 0.1806553417101045, 'risk': 0.1718306480466758}
[ep=18 t=0046] choose_plan=5 action=0 reward=-1.352 info={'t': 47, 'max_steps': 100, 'dominant_type': 'auth_fail', 'target_action': 1, 'prev_risk': 0.1718306480466758, 'risk': 0.18555584967118266}
[ep=18 t=0047] choose_plan=1 action=0 reward=-2.174 info={'t': 48, 'max_steps': 100, 'dominant_type': 'proc_spawn', 'target_action': 2, 'prev_risk': 0.18555584967118266, 'risk': 0.2417187411622515}
[ep=18 t=0048] choose_plan=0 action=0 reward=-2.273 info={'t': 49, 'max_steps': 100, 'dominant_type': 'proc_spawn', 'target_action': 2, 'prev_risk': 0.2417187411622515, 'risk': 0.2705708595399199}
[ep=18 t=0049] choose_plan=4 action=0 reward=-2.395 info={'t': 50, 'max_steps': 100, 'dominant_type': 'proc_spawn', 'target_action': 2, 'prev_risk': 0.2705708595399199, 'risk': 0.29760478351869846}
[ep=18 t=0050] choose_plan=4 action=0 reward=-2.890 info={'t': 51, 'max_steps': 100, 'dominant_type': 'outbound_conn', 'target_action': 2, 'prev_risk': 0.29760478351869846, 'risk': 0.40565581019692665}
[ep=18 t=0051] choose_plan=1 action=2 reward=-2.509 info={'t': 52, 'max_steps': 100, 'dominant_type': 'proc_spawn', 'target_action': 3, 'prev_risk': 0.40565581019692665, 'risk': 0.40963075585193875}
[ep=18 t=0052] choose_plan=0 action=1 reward=-2.483 info={'t': 53, 'max_steps': 100, 'dominant_type': 'port_scan', 'target_action': 2, 'prev_risk': 0.40963075585193875, 'risk': 0.4263891901872786}
[ep=18 t=0053] choose_plan=3 action=3 reward=-2.068 info={'t': 54, 'max_steps': 100, 'dominant_type': 'outbound_conn', 'target_action': 2, 'prev_risk': 0.4263891901872786, 'risk': 0.334702590808975}
[ep=18 t=0054] choose_plan=1 action=0 reward=-2.515 info={'t': 55, 'max_steps': 100, 'dominant_type': 'port_scan', 'target_action': 2, 'prev_risk': 0.334702590808975, 'risk': 0.3259888177487815}
[ep=18 t=0055] choose_plan=2 action=2 reward=-1.404 info={'t': 56, 'max_steps': 100, 'dominant_type': 'proc_spawn', 'target_action': 2, 'prev_risk': 0.3259888177487815, 'risk': 0.3039603226627744}
[ep=18 t=0056] choose_plan=5 action=3 reward=-1.683 info={'t': 57, 'max_steps': 100, 'dominant_type': 'outbound_conn', 'target_action': 2, 'prev_risk': 0.3039603226627744, 'risk': 0.24195120301826573}
[ep=18 t=0057] choose_plan=5 action=0 reward=-1.642 info={'t': 58, 'max_steps': 100, 'dominant_type': 'port_scan', 'target_action': 1, 'prev_risk': 0.24195120301826573, 'risk': 0.2535996418181145}
[ep=18 t=0058] choose_plan=3 action=0 reward=-1.877 info={'t': 59, 'max_steps': 100, 'dominant_type': 'port_scan', 'target_action': 1, 'prev_risk': 0.2535996418181145, 'risk': 0.2986476244117262}
[ep=18 t=0059] choose_plan=3 action=0 reward=-2.549 info={'t': 60, 'max_steps': 100, 'dominant_type': 'port_scan', 'target_action': 2, 'prev_risk': 0.2986476244117262, 'risk': 0.3212309068027331}
[ep=18 t=0060] choose_plan=0 action=2 reward=-1.805 info={'t': 61, 'max_steps': 100, 'dominant_type': 'port_scan', 'target_action': 1, 'prev_risk': 0.3212309068027331, 'risk': 0.2803244048748948}
[ep=18 t=0061] choose_plan=1 action=0 reward=-2.593 info={'t': 62, 'max_steps': 100, 'dominant_type': 'port_scan', 'target_action': 2, 'prev_risk': 0.2803244048748948, 'risk': 0.3345269110394196}
[ep=18 t=0062] choose_plan=5 action=4 reward=-2.704 info={'t': 63, 'max_steps': 100, 'dominant_type': 'port_scan', 'target_action': 1, 'prev_risk': 0.3345269110394196, 'risk': 0.22232719752650204}
[ep=18 t=0063] choose_plan=2 action=0 reward=-1.657 info={'t': 64, 'max_steps': 100, 'dominant_type': 'port_scan', 'target_action': 1, 'prev_risk': 0.22232719752650204, 'risk': 0.25168725492431027}
[ep=18 t=0064] choose_plan=2 action=0 reward=-2.443 info={'t': 65, 'max_steps': 100, 'dominant_type': 'outbound_conn', 'target_action': 2, 'prev_risk': 0.25168725492431027, 'risk': 0.30438004176473815}
[ep=18 t=0065] choose_plan=2 action=2 reward=-1.242 info={'t': 66, 'max_steps': 100, 'dominant_type': 'outbound_conn', 'target_action': 2, 'prev_risk': 0.30438004176473815, 'risk': 0.27046318110895884}
[ep=18 t=0066] choose_plan=2 action=2 reward=-1.221 info={'t': 67, 'max_steps': 100, 'dominant_type': 'proc_spawn', 'target_action': 2, 'prev_risk': 0.27046318110895884, 'risk': 0.25781626953666414}
[ep=18 t=0067] choose_plan=0 action=0 reward=-2.389 info={'t': 68, 'max_steps': 100, 'dominant_type': 'proc_spawn', 'target_action': 2, 'prev_risk': 0.25781626953666414, 'risk': 0.2895558761283694}
[ep=18 t=0068] choose_plan=4 action=0 reward=-2.533 info={'t': 69, 'max_steps': 100, 'dominant_type': 'proc_spawn', 'target_action': 2, 'prev_risk': 0.2895558761283694, 'risk': 0.3219439603398623}
[ep=18 t=0069] choose_plan=3 action=3 reward=-2.266 info={'t': 70, 'max_steps': 100, 'dominant_type': 'auth_fail', 'target_action': 1, 'prev_risk': 0.3219439603398623, 'risk': 0.24941491211829528}
[ep=18 t=0070] choose_plan=4 action=0 reward=-2.331 info={'t': 71, 'max_steps': 100, 'dominant_type': 'outbound_conn', 'target_action': 2, 'prev_risk': 0.24941491211829528, 'risk': 0.28059266098630675}
[ep=18 t=0071] choose_plan=2 action=2 reward=-1.671 info={'t': 72, 'max_steps': 100, 'dominant_type': 'port_scan', 'target_action': 1, 'prev_risk': 0.28059266098630675, 'risk': 0.24483675109074285}
[ep=18 t=0072] choose_plan=1 action=0 reward=-2.228 info={'t': 73, 'max_steps': 100, 'dominant_type': 'outbound_conn', 'target_action': 2, 'prev_risk': 0.24483675109074285, 'risk': 0.25660184907603406}
[ep=18 t=0073] choose_plan=5 action=0 reward=-2.498 info={'t': 74, 'max_steps': 100, 'dominant_type': 'port_scan', 'target_action': 2, 'prev_risk': 0.25660184907603406, 'risk': 0.3183218690341129}
[ep=18 t=0074] choose_plan=1 action=2 reward=-2.132 info={'t': 75, 'max_steps': 100, 'dominant_type': 'auth_fail', 'target_action': 1, 'prev_risk': 0.3183218690341129, 'risk': 0.33053632757066637}
[ep=18 t=0075] choose_plan=2 action=4 reward=-2.229 info={'t': 76, 'max_steps': 100, 'dominant_type': 'proc_spawn', 'target_action': 2, 'prev_risk': 0.33053632757066637, 'risk': 0.23086066510360023}
[ep=18 t=0076] choose_plan=4 action=0 reward=-2.181 info={'t': 77, 'max_steps': 100, 'dominant_type': 'outbound_conn', 'target_action': 2, 'prev_risk': 0.23086066510360023, 'risk': 0.24819828998192062}
[ep=18 t=0077] choose_plan=3 action=0 reward=-2.238 info={'t': 78, 'max_steps': 100, 'dominant_type': 'proc_spawn', 'target_action': 2, 'prev_risk': 0.24819828998192062, 'risk': 0.2589222941059097}
[ep=18 t=0078] choose_plan=4 action=0 reward=-1.807 info={'t': 79, 'max_steps': 100, 'dominant_type': 'port_scan', 'target_action': 1, 'prev_risk': 0.2589222941059097, 'risk': 0.2844759960935174}
[ep=18 t=0079] choose_plan=2 action=0 reward=-1.821 info={'t': 80, 'max_steps': 100, 'dominant_type': 'port_scan', 'target_action': 1, 'prev_risk': 0.2844759960935174, 'risk': 0.2897587445642213}
[ep=18 t=0080] choose_plan=4 action=0 reward=-2.420 info={'t': 81, 'max_steps': 100, 'dominant_type': 'outbound_conn', 'target_action': 2, 'prev_risk': 0.2897587445642213, 'risk': 0.30038099824092884}
[ep=18 t=0081] choose_plan=3 action=4 reward=-2.085 info={'t': 82, 'max_steps': 100, 'dominant_type': 'outbound_conn', 'target_action': 2, 'prev_risk': 0.30038099824092884, 'risk': 0.19742772975577916}
[ep=18 t=0082] choose_plan=2 action=0 reward=-1.548 info={'t': 83, 'max_steps': 100, 'dominant_type': 'auth_fail', 'target_action': 1, 'prev_risk': 0.19742772975577916, 'risk': 0.22702605575547138}
[ep=18 t=0083] choose_plan=2 action=0 reward=-1.704 info={'t': 84, 'max_steps': 100, 'dominant_type': 'port_scan', 'target_action': 1, 'prev_risk': 0.22702605575547138, 'risk': 0.2622922550730403}
[ep=18 t=0084] choose_plan=1 action=4 reward=-3.103 info={'t': 85, 'max_steps': 100, 'dominant_type': 'proc_spawn', 'target_action': 2, 'prev_risk': 0.2622922550730403, 'risk': 0.17674436071238608}
[ep=18 t=0085] choose_plan=0 action=0 reward=-1.922 info={'t': 86, 'max_steps': 100, 'dominant_type': 'outbound_conn', 'target_action': 2, 'prev_risk': 0.17674436071238608, 'risk': 0.1868685896512357}
[ep=18 t=0086] choose_plan=0 action=4 reward=-3.733 info={'t': 87, 'max_steps': 100, 'dominant_type': 'auth_fail', 'target_action': 1, 'prev_risk': 0.1868685896512357, 'risk': 0.16059997097190976}
[ep=18 t=0087] choose_plan=3 action=0 reward=-1.851 info={'t': 88, 'max_steps': 100, 'dominant_type': 'outbound_conn', 'target_action': 2, 'prev_risk': 0.16059997097190976, 'risk': 0.16932538944902986}
[ep=18 t=0088] choose_plan=5 action=0 reward=-2.072 info={'t': 89, 'max_steps': 100, 'dominant_type': 'proc_spawn', 'target_action': 2, 'prev_risk': 0.16932538944902986, 'risk': 0.224785579814091}
[ep=18 t=0089] choose_plan=0 action=0 reward=-2.262 info={'t': 90, 'max_steps': 100, 'dominant_type': 'outbound_conn', 'target_action': 2, 'prev_risk': 0.224785579814091, 'risk': 0.25605462571657567}
[ep=18 t=0090] choose_plan=5 action=0 reward=-2.405 info={'t': 91, 'max_steps': 100, 'dominant_type': 'proc_spawn', 'target_action': 2, 'prev_risk': 0.25605462571657567, 'risk': 0.2908643895046716}
[ep=18 t=0091] choose_plan=3 action=0 reward=-2.510 info={'t': 92, 'max_steps': 100, 'dominant_type': 'proc_spawn', 'target_action': 2, 'prev_risk': 0.2908643895046716, 'risk': 0.31714949251134}
[ep=18 t=0092] choose_plan=3 action=4 reward=-2.199 info={'t': 93, 'max_steps': 100, 'dominant_type': 'outbound_conn', 'target_action': 2, 'prev_risk': 0.31714949251134, 'risk': 0.2232882249350404}
[ep=18 t=0093] choose_plan=2 action=0 reward=-2.141 info={'t': 94, 'max_steps': 100, 'dominant_type': 'proc_spawn', 'target_action': 2, 'prev_risk': 0.2232882249350404, 'risk': 0.23607739524418592}
[ep=18 t=0094] choose_plan=1 action=0 reward=-2.080 info={'t': 95, 'max_steps': 100, 'dominant_type': 'proc_spawn', 'target_action': 2, 'prev_risk': 0.23607739524418592, 'risk': 0.23130879165232193}
[ep=18 t=0095] choose_plan=2 action=0 reward=-1.654 info={'t': 96, 'max_steps': 100, 'dominant_type': 'port_scan', 'target_action': 1, 'prev_risk': 0.23130879165232193, 'risk': 0.24967555254570525}
[ep=18 t=0096] choose_plan=0 action=0 reward=-2.220 info={'t': 97, 'max_steps': 100, 'dominant_type': 'proc_spawn', 'target_action': 2, 'prev_risk': 0.24967555254570525, 'risk': 0.2530174166426158}
[ep=18 t=0097] choose_plan=1 action=0 reward=-1.552 info={'t': 98, 'max_steps': 100, 'dominant_type': 'port_scan', 'target_action': 1, 'prev_risk': 0.2530174166426158, 'risk': 0.23924951633722813}
[ep=18 t=0098] choose_plan=4 action=0 reward=-1.673 info={'t': 99, 'max_steps': 100, 'dominant_type': 'port_scan', 'target_action': 1, 'prev_risk': 0.23924951633722813, 'risk': 0.25379043416932184}
[ep=18 t=0099] choose_plan=1 action=0 reward=-1.829 info={'t': 100, 'max_steps': 100, 'dominant_type': 'auth_fail', 'target_action': 1, 'prev_risk': 0.25379043416932184, 'risk': 0.282449048162023}
# done at t=99
# episode_summary {"episode": 18, "episode_return": -211.21335087452036, "reward_mean": -2.112133508745204, "reward_min": -3.7331056798183737, "reward_max": -1.2205361029894408, "steps": 100, "unique_actions": 5, "top5_actions": [[0, 56], [2, 15], [1, 11], [3, 9], [4, 9]]}

# ===== EPISODE 19 =====
[ep=19 t=0000] choose_plan=4 action=1 reward=-1.315 info={'t': 1, 'max_steps': 100, 'dominant_type': 'auth_fail', 'target_action': 1, 'prev_risk': 0.35169124375013167, 'risk': 0.31257637857203174}
[ep=19 t=0001] choose_plan=0 action=1 reward=-2.828 info={'t': 2, 'max_steps': 100, 'dominant_type': 'proc_spawn', 'target_action': 3, 'prev_risk': 0.31257637857203174, 'risk': 0.3761896218319266}
[ep=19 t=0002] choose_plan=1 action=2 reward=-1.487 info={'t': 3, 'max_steps': 100, 'dominant_type': 'port_scan', 'target_action': 2, 'prev_risk': 0.3761896218319266, 'risk': 0.333382836170942}
[ep=19 t=0003] choose_plan=5 action=3 reward=-1.814 info={'t': 4, 'max_steps': 100, 'dominant_type': 'proc_spawn', 'target_action': 2, 'prev_risk': 0.333382836170942, 'risk': 0.2737900372839628}
[ep=19 t=0004] choose_plan=1 action=0 reward=-2.484 info={'t': 5, 'max_steps': 100, 'dominant_type': 'proc_spawn', 'target_action': 2, 'prev_risk': 0.2737900372839628, 'risk': 0.3134900749883433}
[ep=19 t=0005] choose_plan=2 action=3 reward=-2.132 info={'t': 6, 'max_steps': 100, 'dominant_type': 'port_scan', 'target_action': 1, 'prev_risk': 0.3134900749883433, 'risk': 0.22955721281807884}
[ep=19 t=0006] choose_plan=4 action=0 reward=-2.167 info={'t': 7, 'max_steps': 100, 'dominant_type': 'proc_spawn', 'target_action': 2, 'prev_risk': 0.22955721281807884, 'risk': 0.2406722274566371}
[ep=19 t=0007] choose_plan=0 action=4 reward=-3.029 info={'t': 8, 'max_steps': 100, 'dominant_type': 'proc_spawn', 'target_action': 2, 'prev_risk': 0.2406722274566371, 'risk': 0.16518022952843775}
[ep=19 t=0008] choose_plan=1 action=0 reward=-1.417 info={'t': 9, 'max_steps': 100, 'dominant_type': 'port_scan', 'target_action': 1, 'prev_risk': 0.16518022952843775, 'risk': 0.19373797539152882}
[ep=19 t=0009] choose_plan=4 action=4 reward=-2.722 info={'t': 10, 'max_steps': 100, 'dominant_type': 'proc_spawn', 'target_action': 2, 'prev_risk': 0.19373797539152882, 'risk': 0.09633591806618677}
[ep=19 t=0010] choose_plan=1 action=0 reward=-0.867 info={'t': 11, 'max_steps': 100, 'dominant_type': 'auth_fail', 'target_action': 1, 'prev_risk': 0.09633591806618677, 'risk': 0.08151535765486978}
[ep=19 t=0011] choose_plan=5 action=0 reward=-1.553 info={'t': 12, 'max_steps': 100, 'dominant_type': 'outbound_conn', 'target_action': 2, 'prev_risk': 0.08151535765486978, 'risk': 0.10896859827029884}
[ep=19 t=0012] choose_plan=4 action=0 reward=-1.587 info={'t': 13, 'max_steps': 100, 'dominant_type': 'proc_spawn', 'target_action': 2, 'prev_risk': 0.10896859827029884, 'risk': 0.11050296952064355}
[ep=19 t=0013] choose_plan=4 action=0 reward=-1.094 info={'t': 14, 'max_steps': 100, 'dominant_type': 'port_scan', 'target_action': 1, 'prev_risk': 0.11050296952064355, 'risk': 0.1304922724344128}
[ep=19 t=0014] choose_plan=0 action=0 reward=-1.327 info={'t': 15, 'max_steps': 100, 'dominant_type': 'port_scan', 'target_action': 1, 'prev_risk': 0.1304922724344128, 'risk': 0.1800903679652773}
[ep=19 t=0015] choose_plan=0 action=0 reward=-1.514 info={'t': 16, 'max_steps': 100, 'dominant_type': 'port_scan', 'target_action': 1, 'prev_risk': 0.1800903679652773, 'risk': 0.21696269096525905}
[ep=19 t=0016] choose_plan=4 action=0 reward=-1.606 info={'t': 17, 'max_steps': 100, 'dominant_type': 'auth_fail', 'target_action': 1, 'prev_risk': 0.21696269096525905, 'risk': 0.24254540504874914}
[ep=19 t=0017] choose_plan=5 action=0 reward=-2.159 info={'t': 18, 'max_steps': 100, 'dominant_type': 'proc_spawn', 'target_action': 2, 'prev_risk': 0.24254540504874914, 'risk': 0.24384966849811984}
[ep=19 t=0018] choose_plan=5 action=0 reward=-2.342 info={'t': 19, 'max_steps': 100, 'dominant_type': 'proc_spawn', 'target_action': 2, 'prev_risk': 0.24384966849811984, 'risk': 0.28193756737820336}
[ep=19 t=0019] choose_plan=5 action=0 reward=-2.509 info={'t': 20, 'max_steps': 100, 'dominant_type': 'proc_spawn', 'target_action': 2, 'prev_risk': 0.28193756737820336, 'risk': 0.3133526358471401}
[ep=19 t=0020] choose_plan=4 action=4 reward=-2.821 info={'t': 21, 'max_steps': 100, 'dominant_type': 'port_scan', 'target_action': 1, 'prev_risk': 0.3133526358471401, 'risk': 0.22849820562824377}
[ep=19 t=0021] choose_plan=1 action=0 reward=-2.182 info={'t': 22, 'max_steps': 100, 'dominant_type': 'proc_spawn', 'target_action': 2, 'prev_risk': 0.22849820562824377, 'risk': 0.24505872240068963}
[ep=19 t=0022] choose_plan=0 action=0 reward=-2.352 info={'t': 23, 'max_steps': 100, 'dominant_type': 'outbound_conn', 'target_action': 2, 'prev_risk': 0.24505872240068963, 'risk': 0.2786719694601523}
[ep=19 t=0023] choose_plan=2 action=4 reward=-3.674 info={'t': 24, 'max_steps': 100, 'dominant_type': 'port_scan', 'target_action': 1, 'prev_risk': 0.2786719694601523, 'risk': 0.18936694634791118}
[ep=19 t=0024] choose_plan=2 action=0 reward=-2.053 info={'t': 25, 'max_steps': 100, 'dominant_type': 'outbound_conn', 'target_action': 2, 'prev_risk': 0.18936694634791118, 'risk': 0.22471679053846}
[ep=19 t=0025] choose_plan=0 action=0 reward=-1.824 info={'t': 26, 'max_steps': 100, 'dominant_type': 'auth_fail', 'target_action': 1, 'prev_risk': 0.22471679053846, 'risk': 0.2866386638458942}
[ep=19 t=0026] choose_plan=0 action=0 reward=-2.101 info={'t': 27, 'max_steps': 100, 'dominant_type': 'auth_fail', 'target_action': 1, 'prev_risk': 0.2866386638458942, 'risk': 0.3503477680788254}
[ep=19 t=0027] choose_plan=2 action=2 reward=-1.511 info={'t': 28, 'max_steps': 100, 'dominant_type': 'port_scan', 'target_action': 2, 'prev_risk': 0.3503477680788254, 'risk': 0.3276529553894481}
[ep=19 t=0028] choose_plan=1 action=1 reward=-1.975 info={'t': 29, 'max_steps': 100, 'dominant_type': 'port_scan', 'target_action': 2, 'prev_risk': 0.3276529553894481, 'risk': 0.3172867909303495}
[ep=19 t=0029] choose_plan=3 action=1 reward=-2.086 info={'t': 30, 'max_steps': 100, 'dominant_type': 'port_scan', 'target_action': 2, 'prev_risk': 0.3172867909303495, 'risk': 0.34029017674360834}
[ep=19 t=0030] choose_plan=3 action=2 reward=-1.927 info={'t': 31, 'max_steps': 100, 'dominant_type': 'auth_fail', 'target_action': 1, 'prev_risk': 0.34029017674360834, 'risk': 0.30007177372016797}
[ep=19 t=0031] choose_plan=5 action=2 reward=-1.846 info={'t': 32, 'max_steps': 100, 'dominant_type': 'port_scan', 'target_action': 1, 'prev_risk': 0.30007177372016797, 'risk': 0.27463217613972435}
[ep=19 t=0032] choose_plan=4 action=0 reward=-1.988 info={'t': 33, 'max_steps': 100, 'dominant_type': 'auth_fail', 'target_action': 1, 'prev_risk': 0.27463217613972435, 'risk': 0.3211033143566135}
[ep=19 t=0033] choose_plan=1 action=1 reward=-2.055 info={'t': 34, 'max_steps': 100, 'dominant_type': 'port_scan', 'target_action': 2, 'prev_risk': 0.3211033143566135, 'risk': 0.3305940459553457}
[ep=19 t=0034] choose_plan=5 action=1 reward=-2.135 info={'t': 35, 'max_steps': 100, 'dominant_type': 'proc_spawn', 'target_action': 2, 'prev_risk': 0.3305940459553457, 'risk': 0.3476748145964296}
[ep=19 t=0035] choose_plan=5 action=1 reward=-2.066 info={'t': 36, 'max_steps': 100, 'dominant_type': 'port_scan', 'target_action': 2, 'prev_risk': 0.3476748145964296, 'risk': 0.33980959715777315}
[ep=19 t=0036] choose_plan=1 action=4 reward=-2.201 info={'t': 37, 'max_steps': 100, 'dominant_type': 'outbound_conn', 'target_action': 2, 'prev_risk': 0.33980959715777315, 'risk': 0.2307884499595238}
[ep=19 t=0037] choose_plan=2 action=0 reward=-2.159 info={'t': 38, 'max_steps': 100, 'dominant_type': 'proc_spawn', 'target_action': 2, 'prev_risk': 0.2307884499595238, 'risk': 0.23743447386538516}
[ep=19 t=0038] choose_plan=0 action=0 reward=-2.466 info={'t': 39, 'max_steps': 100, 'dominant_type': 'outbound_conn', 'target_action': 2, 'prev_risk': 0.23743447386538516, 'risk': 0.30749828639133014}
[ep=19 t=0039] choose_plan=2 action=4 reward=-2.727 info={'t': 40, 'max_steps': 100, 'dominant_type': 'auth_fail', 'target_action': 1, 'prev_risk': 0.30749828639133014, 'risk': 0.21585127594778974}
[ep=19 t=0040] choose_plan=0 action=0 reward=-2.183 info={'t': 41, 'max_steps': 100, 'dominant_type': 'outbound_conn', 'target_action': 2, 'prev_risk': 0.21585127594778974, 'risk': 0.2464361235752229}
[ep=19 t=0041] choose_plan=2 action=0 reward=-1.631 info={'t': 42, 'max_steps': 100, 'dominant_type': 'port_scan', 'target_action': 1, 'prev_risk': 0.2464361235752229, 'risk': 0.24367032684989862}
[ep=19 t=0042] choose_plan=3 action=4 reward=-2.830 info={'t': 43, 'max_steps': 100, 'dominant_type': 'proc_spawn', 'target_action': 2, 'prev_risk': 0.24367032684989862, 'risk': 0.12931118165752842}
[ep=19 t=0043] choose_plan=4 action=0 reward=-1.691 info={'t': 44, 'max_steps': 100, 'dominant_type': 'proc_spawn', 'target_action': 2, 'prev_risk': 0.12931118165752842, 'risk': 0.14467812066473018}
[ep=19 t=0044] choose_plan=5 action=0 reward=-1.676 info={'t': 45, 'max_steps': 100, 'dominant_type': 'proc_spawn', 'target_action': 2, 'prev_risk': 0.14467812066473018, 'risk': 0.13570691708144592}
[ep=19 t=0045] choose_plan=0 action=0 reward=-1.852 info={'t': 46, 'max_steps': 100, 'dominant_type': 'proc_spawn', 'target_action': 2, 'prev_risk': 0.13570691708144592, 'risk': 0.1734390709488266}
[ep=19 t=0046] choose_plan=4 action=0 reward=-1.865 info={'t': 47, 'max_steps': 100, 'dominant_type': 'outbound_conn', 'target_action': 2, 'prev_risk': 0.1734390709488266, 'risk': 0.17497536784722972}
[ep=19 t=0047] choose_plan=4 action=0 reward=-1.948 info={'t': 48, 'max_steps': 100, 'dominant_type': 'outbound_conn', 'target_action': 2, 'prev_risk': 0.17497536784722972, 'risk': 0.18424592279432955}
[ep=19 t=0048] choose_plan=2 action=0 reward=-2.000 info={'t': 49, 'max_steps': 100, 'dominant_type': 'outbound_conn', 'target_action': 2, 'prev_risk': 0.18424592279432955, 'risk': 0.2024418511584166}
[ep=19 t=0049] choose_plan=3 action=4 reward=-3.407 info={'t': 50, 'max_steps': 100, 'dominant_type': 'port_scan', 'target_action': 1, 'prev_risk': 0.2024418511584166, 'risk': 0.12268641412256001}
[ep=19 t=0050] choose_plan=5 action=0 reward=-1.128 info={'t': 51, 'max_steps': 100, 'dominant_type': 'port_scan', 'target_action': 1, 'prev_risk': 0.12268641412256001, 'risk': 0.12771381253581285}
[ep=19 t=0051] choose_plan=5 action=0 reward=-1.787 info={'t': 52, 'max_steps': 100, 'dominant_type': 'proc_spawn', 'target_action': 2, 'prev_risk': 0.12771381253581285, 'risk': 0.15859205502885587}
[ep=19 t=0052] choose_plan=0 action=0 reward=-1.988 info={'t': 53, 'max_steps': 100, 'dominant_type': 'outbound_conn', 'target_action': 2, 'prev_risk': 0.15859205502885587, 'risk': 0.1917566537107878}
[ep=19 t=0053] choose_plan=0 action=0 reward=-1.727 info={'t': 54, 'max_steps': 100, 'dominant_type': 'port_scan', 'target_action': 1, 'prev_risk': 0.1917566537107878, 'risk': 0.2717720963125612}
[ep=19 t=0054] choose_plan=0 action=0 reward=-2.371 info={'t': 55, 'max_steps': 100, 'dominant_type': 'outbound_conn', 'target_action': 2, 'prev_risk': 0.2717720963125612, 'risk': 0.28793520252363014}
[ep=19 t=0055] choose_plan=3 action=0 reward=-1.862 info={'t': 56, 'max_steps': 100, 'dominant_type': 'auth_fail', 'target_action': 1, 'prev_risk': 0.28793520252363014, 'risk': 0.29841967939065495}
[ep=19 t=0056] choose_plan=0 action=0 reward=-1.963 info={'t': 57, 'max_steps': 100, 'dominant_type': 'auth_fail', 'target_action': 1, 'prev_risk': 0.29841967939065495, 'risk': 0.3137699058458976}
[ep=19 t=0057] choose_plan=3 action=2 reward=-1.898 info={'t': 58, 'max_steps': 100, 'dominant_type': 'port_scan', 'target_action': 1, 'prev_risk': 0.3137699058458976, 'risk': 0.2888163473801477}
[ep=19 t=0058] choose_plan=1 action=0 reward=-2.460 info={'t': 59, 'max_steps': 100, 'dominant_type': 'port_scan', 'target_action': 2, 'prev_risk': 0.2888163473801477, 'risk': 0.3054486663112302}
[ep=19 t=0059] choose_plan=5 action=4 reward=-2.504 info={'t': 60, 'max_steps': 100, 'dominant_type': 'outbound_conn', 'target_action': 2, 'prev_risk': 0.3054486663112302, 'risk': 0.25939466160223573}
[ep=19 t=0060] choose_plan=3 action=4 reward=-3.014 info={'t': 61, 'max_steps': 100, 'dominant_type': 'proc_spawn', 'target_action': 2, 'prev_risk': 0.25939466160223573, 'risk': 0.16536287669182548}
[ep=19 t=0061] choose_plan=0 action=0 reward=-1.938 info={'t': 62, 'max_steps': 100, 'dominant_type': 'outbound_conn', 'target_action': 2, 'prev_risk': 0.16536287669182548, 'risk': 0.18710407341606644}
[ep=19 t=0062] choose_plan=4 action=0 reward=-1.949 info={'t': 63, 'max_steps': 100, 'dominant_type': 'outbound_conn', 'target_action': 2, 'prev_risk': 0.18710407341606644, 'risk': 0.19632716364685474}
[ep=19 t=0063] choose_plan=4 action=0 reward=-2.020 info={'t': 64, 'max_steps': 100, 'dominant_type': 'proc_spawn', 'target_action': 2, 'prev_risk': 0.19632716364685474, 'risk': 0.209494425465215}
[ep=19 t=0064] choose_plan=2 action=0 reward=-2.172 info={'t': 65, 'max_steps': 100, 'dominant_type': 'proc_spawn', 'target_action': 2, 'prev_risk': 0.209494425465215, 'risk': 0.23664731453902665}
[ep=19 t=0065] choose_plan=2 action=4 reward=-3.457 info={'t': 66, 'max_steps': 100, 'dominant_type': 'port_scan', 'target_action': 1, 'prev_risk': 0.23664731453902665, 'risk': 0.14308126044535863}
[ep=19 t=0066] choose_plan=3 action=0 reward=-1.419 info={'t': 67, 'max_steps': 100, 'dominant_type': 'port_scan', 'target_action': 1, 'prev_risk': 0.14308126044535863, 'risk': 0.1980939870781535}
[ep=19 t=0067] choose_plan=5 action=0 reward=-1.505 info={'t': 68, 'max_steps': 100, 'dominant_type': 'port_scan', 'target_action': 1, 'prev_risk': 0.1980939870781535, 'risk': 0.2124658765932524}
[ep=19 t=0068] choose_plan=3 action=0 reward=-1.570 info={'t': 69, 'max_steps': 100, 'dominant_type': 'port_scan', 'target_action': 1, 'prev_risk': 0.2124658765932524, 'risk': 0.22336699052197648}
[ep=19 t=0069] choose_plan=0 action=0 reward=-2.411 info={'t': 70, 'max_steps': 100, 'dominant_type': 'outbound_conn', 'target_action': 2, 'prev_risk': 0.22336699052197648, 'risk': 0.3004996146707808}
[ep=19 t=0070] choose_plan=3 action=1 reward=-1.950 info={'t': 71, 'max_steps': 100, 'dominant_type': 'outbound_conn', 'target_action': 2, 'prev_risk': 0.3004996146707808, 'risk': 0.29807904762161086}
[ep=19 t=0071] choose_plan=0 action=0 reward=-2.643 info={'t': 72, 'max_steps': 100, 'dominant_type': 'outbound_conn', 'target_action': 2, 'prev_risk': 0.29807904762161086, 'risk': 0.346981282833721}
[ep=19 t=0072] choose_plan=2 action=3 reward=-1.749 info={'t': 73, 'max_steps': 100, 'dominant_type': 'outbound_conn', 'target_action': 2, 'prev_risk': 0.346981282833721, 'risk': 0.2654089262370646}
[ep=19 t=0073] choose_plan=5 action=0 reward=-2.165 info={'t': 74, 'max_steps': 100, 'dominant_type': 'auth_fail', 'target_action': 1, 'prev_risk': 0.2654089262370646, 'risk': 0.36371131955079417}
[ep=19 t=0074] choose_plan=2 action=4 reward=-2.896 info={'t': 75, 'max_steps': 100, 'dominant_type': 'port_scan', 'target_action': 1, 'prev_risk': 0.36371131955079417, 'risk': 0.25853103402808086}
[ep=19 t=0075] choose_plan=1 action=0 reward=-1.827 info={'t': 76, 'max_steps': 100, 'dominant_type': 'port_scan', 'target_action': 1, 'prev_risk': 0.25853103402808086, 'risk': 0.2881996891114743}
[ep=19 t=0076] choose_plan=1 action=0 reward=-2.419 info={'t': 77, 'max_steps': 100, 'dominant_type': 'outbound_conn', 'target_action': 2, 'prev_risk': 0.2881996891114743, 'risk': 0.2894247221711136}
[ep=19 t=0077] choose_plan=2 action=0 reward=-2.595 info={'t': 78, 'max_steps': 100, 'dominant_type': 'port_scan', 'target_action': 2, 'prev_risk': 0.2894247221711136, 'risk': 0.33746361993527807}
[ep=19 t=0078] choose_plan=4 action=3 reward=-1.801 info={'t': 79, 'max_steps': 100, 'dominant_type': 'outbound_conn', 'target_action': 2, 'prev_risk': 0.33746361993527807, 'risk': 0.2644019739682932}
[ep=19 t=0079] choose_plan=2 action=0 reward=-2.258 info={'t': 80, 'max_steps': 100, 'dominant_type': 'proc_spawn', 'target_action': 2, 'prev_risk': 0.2644019739682932, 'risk': 0.26381454566931695}
[ep=19 t=0080] choose_plan=5 action=0 reward=-1.754 info={'t': 81, 'max_steps': 100, 'dominant_type': 'port_scan', 'target_action': 1, 'prev_risk': 0.26381454566931695, 'risk': 0.2753162620391643}
[ep=19 t=0081] choose_plan=5 action=4 reward=-2.963 info={'t': 82, 'max_steps': 100, 'dominant_type': 'outbound_conn', 'target_action': 2, 'prev_risk': 0.2753162620391643, 'risk': 0.16927908375756717}
[ep=19 t=0082] choose_plan=5 action=0 reward=-1.407 info={'t': 83, 'max_steps': 100, 'dominant_type': 'port_scan', 'target_action': 1, 'prev_risk': 0.16927908375756717, 'risk': 0.18841908518179384}
[ep=19 t=0083] choose_plan=2 action=0 reward=-2.015 info={'t': 84, 'max_steps': 100, 'dominant_type': 'proc_spawn', 'target_action': 2, 'prev_risk': 0.18841908518179384, 'risk': 0.20168492442518648}
[ep=19 t=0084] choose_plan=3 action=0 reward=-1.496 info={'t': 85, 'max_steps': 100, 'dominant_type': 'auth_fail', 'target_action': 1, 'prev_risk': 0.20168492442518648, 'risk': 0.21300198790673947}
[ep=19 t=0085] choose_plan=3 action=2 reward=-0.999 info={'t': 86, 'max_steps': 100, 'dominant_type': 'proc_spawn', 'target_action': 2, 'prev_risk': 0.21300198790673947, 'risk': 0.19840668086766616}
[ep=19 t=0086] choose_plan=3 action=0 reward=-1.429 info={'t': 87, 'max_steps': 100, 'dominant_type': 'auth_fail', 'target_action': 1, 'prev_risk': 0.19840668086766616, 'risk': 0.1942928374160891}
[ep=19 t=0087] choose_plan=3 action=0 reward=-1.509 info={'t': 88, 'max_steps': 100, 'dominant_type': 'auth_fail', 'target_action': 1, 'prev_risk': 0.1942928374160891, 'risk': 0.2181001281941917}
[ep=19 t=0088] choose_plan=5 action=4 reward=-3.316 info={'t': 89, 'max_steps': 100, 'dominant_type': 'port_scan', 'target_action': 1, 'prev_risk': 0.2181001281941917, 'risk': 0.11637539857631565}
[ep=19 t=0089] choose_plan=4 action=0 reward=-1.719 info={'t': 90, 'max_steps': 100, 'dominant_type': 'proc_spawn', 'target_action': 2, 'prev_risk': 0.11637539857631565, 'risk': 0.14869293421951957}
[ep=19 t=0090] choose_plan=0 action=0 reward=-1.284 info={'t': 91, 'max_steps': 100, 'dominant_type': 'port_scan', 'target_action': 1, 'prev_risk': 0.14869293421951957, 'risk': 0.16150204378220173}
[ep=19 t=0091] choose_plan=0 action=0 reward=-1.931 info={'t': 92, 'max_steps': 100, 'dominant_type': 'proc_spawn', 'target_action': 2, 'prev_risk': 0.16150204378220173, 'risk': 0.18801994041043854}
[ep=19 t=0092] choose_plan=3 action=0 reward=-1.671 info={'t': 93, 'max_steps': 100, 'dominant_type': 'port_scan', 'target_action': 1, 'prev_risk': 0.18801994041043854, 'risk': 0.25227324896851905}
[ep=19 t=0093] choose_plan=2 action=0 reward=-1.793 info={'t': 94, 'max_steps': 100, 'dominant_type': 'port_scan', 'target_action': 1, 'prev_risk': 0.25227324896851905, 'risk': 0.279895333938837}
[ep=19 t=0094] choose_plan=0 action=0 reward=-1.897 info={'t': 95, 'max_steps': 100, 'dominant_type': 'auth_fail', 'target_action': 1, 'prev_risk': 0.279895333938837, 'risk': 0.3081285961715825}
[ep=19 t=0095] choose_plan=5 action=0 reward=-3.331 info={'t': 96, 'max_steps': 100, 'dominant_type': 'proc_spawn', 'target_action': 3, 'prev_risk': 0.3081285961715825, 'risk': 0.37931425776977107}
[ep=19 t=0096] choose_plan=2 action=1 reward=-2.289 info={'t': 97, 'max_steps': 100, 'dominant_type': 'outbound_conn', 'target_action': 2, 'prev_risk': 0.37931425776977107, 'risk': 0.37904206617053515}
[ep=19 t=0097] choose_plan=1 action=4 reward=-2.899 info={'t': 98, 'max_steps': 100, 'dominant_type': 'auth_fail', 'target_action': 1, 'prev_risk': 0.37904206617053515, 'risk': 0.26502218967489216}
[ep=19 t=0098] choose_plan=0 action=0 reward=-1.764 info={'t': 99, 'max_steps': 100, 'dominant_type': 'auth_fail', 'target_action': 1, 'prev_risk': 0.26502218967489216, 'risk': 0.2708992079517158}
[ep=19 t=0099] choose_plan=0 action=0 reward=-2.401 info={'t': 100, 'max_steps': 100, 'dominant_type': 'proc_spawn', 'target_action': 2, 'prev_risk': 0.2708992079517158, 'risk': 0.2938999894231262}
# done at t=99
# episode_summary {"episode": 19, "episode_return": -206.4884303790343, "reward_mean": -2.064884303790343, "reward_min": -3.6738112133702208, "reward_max": -0.8669282793868991, "steps": 100, "unique_actions": 5, "top5_actions": [[0, 66], [4, 15], [1, 9], [2, 6], [3, 4]]}

# ===== OVERALL =====
# overall_summary {"reward_mean": -2.126056656450202, "reward_min": -3.7374159914885188, "reward_max": -0.5217368686256887, "steps": 2000, "unique_actions": 5, "top5_actions": [[0, 1181], [1, 277], [4, 228], [2, 193], [3, 121]], "unique_choose_plan": 6, "top5_choose_plan": [[0, 385], [1, 368], [2, 350], [5, 315], [4, 293]]}
# cc4_style_summary {"episodes": 20, "steps_per_episode": 100, "mean_reward": -212.60566564502014, "std_reward": 7.076557172646758}
